scenario	status	pattern	replicate	seed	n_variants	true_a	true_b	true_lambda	true_q	PP_XM	PP_global_MY	PP_nonaligned_P	PP_two_path	PP_two_path_plus_P	pattern_correct	high_two_path	elapsed_seconds
matched_null	matched	null	1	20263001	180	0	0	0	0	0.132231404958676	0.0483383685800581	0.0483405495770565	0.00639185039075231	0.000308985560703305	TRUE	FALSE	0.138
matched_null	matched	null	2	20263002	180	0	0	0	0	0.132231404958679	0.0483383685800621	0.048405731206275	0.00639185039075284	0.000309402191925864	TRUE	FALSE	0.108
matched_null	matched	null	3	20263003	180	0	0	0	0	0.132231404958681	0.04833836858006	0.0483481648016758	0.00639185039075256	0.000309034236079764	TRUE	FALSE	0.116
matched_null	matched	null	4	20263004	180	0	0	0	0	0.13223140495868	0.0483383685800592	0.0483425552312296	0.00639185039075245	0.000308998380544682	TRUE	FALSE	0.118
matched_null	matched	null	5	20263005	180	0	0	0	0	0.132231404958678	0.0483383685800592	0.0483509000152434	0.00639185039075245	0.000309051719155708	TRUE	FALSE	0.124
matched_null	matched	null	6	20263006	180	0	0	0	0	0.132231404958681	0.0483383685800597	0.0483422466804075	0.00639185039075252	0.000308996408333989	TRUE	FALSE	0.115
matched_null	matched	null	7	20263007	180	0	0	0	0	0.132231404958689	0.0483383685800626	0.0483411487226969	0.00639185039075291	0.000308989390352567	TRUE	FALSE	0.12
matched_null	matched	null	8	20263008	180	0	0	0	0	0.13223140495869	0.0483383685800635	0.0483464539560277	0.00639185039075303	0.000309023300610373	TRUE	FALSE	0.118
matched_null	matched	null	9	20263009	180	0	0	0	0	0.132231404958689	0.0483383685800629	0.0483396272990579	0.00639185039075295	0.000308979665640319	TRUE	FALSE	0.104
matched_null	matched	null	10	20263010	180	0	0	0	0	0.132231404958682	0.0483383685800908	0.0484512613941153	0.00639185039075664	0.000309693214078454	TRUE	FALSE	0.111
matched_null	matched	null	11	20263011	180	0	0	0	0	0.132231404958688	0.0483383685800624	0.0483472733349812	0.00639185039075288	0.00030902853795799	TRUE	FALSE	0.101
matched_null	matched	null	12	20263012	180	0	0	0	0	0.132231404958688	0.0483383685800625	0.0483440988443947	0.00639185039075289	0.000309008247089128	TRUE	FALSE	0.11
matched_null	matched	null	13	20263013	180	0	0	0	0	0.132231404958679	0.0483383685800591	0.0483457949131744	0.00639185039075245	0.00030901908810702	TRUE	FALSE	0.116
matched_null	matched	null	14	20263014	180	0	0	0	0	0.132231404958687	0.0483383685800669	0.0483725853653419	0.00639185039075347	0.000309190328669811	TRUE	FALSE	0.118
matched_null	matched	null	15	20263015	180	0	0	0	0	0.132231404958679	0.0483383685800629	0.0483549913318201	0.00639185039075294	0.000309077870239602	TRUE	FALSE	0.103
matched_null	matched	null	16	20263016	180	0	0	0	0	0.132231404958689	0.0483383685800628	0.048340472459583	0.00639185039075293	0.000308985067779918	TRUE	FALSE	0.111
matched_null	matched	null	17	20263017	180	0	0	0	0	0.132231404958688	0.0483383685800624	0.0483399151500744	0.00639185039075288	0.000308981505540919	TRUE	FALSE	0.106
matched_null	matched	null	18	20263018	180	0	0	0	0	0.132231404958677	0.0483383685800581	0.0483400414286118	0.00639185039075231	0.000308982312694437	TRUE	FALSE	0.118
matched_null	matched	null	19	20263019	180	0	0	0	0	0.132231404958688	0.0483383685800625	0.0483435528529111	0.00639185039075289	0.00030900475719325	TRUE	FALSE	0.122
matched_null	matched	null	20	20263020	180	0	0	0	0	0.132231404958685	0.0483383685800632	0.048339956724969	0.00639185039075206	0.000308981771281409	TRUE	FALSE	0.125
matched_null	matched	null	21	20263021	180	0	0	0	0	0.132231404958688	0.0483383685800669	0.0484376521690451	0.00639185039075348	0.00030960622594442	TRUE	FALSE	0.128
matched_null	matched	null	22	20263022	180	0	0	0	0	0.132231404958688	0.0483383685800622	0.0483399033034542	0.00639185039075285	0.000308981429819094	TRUE	FALSE	0.128
matched_null	matched	null	23	20263023	180	0	0	0	0	0.132231404958688	0.0483383685800623	0.0483482335528682	0.00639185039075287	0.000309034675527066	TRUE	FALSE	0.125
matched_null	matched	null	24	20263024	180	0	0	0	0	0.132231404958678	0.0483383685800655	0.0484054447866307	0.00639185039075297	0.0003094003611745	TRUE	FALSE	0.141
matched_null	matched	null	25	20263025	180	0	0	0	0	0.132231404958678	0.0483383685800621	0.0483525816467059	0.00639185039075284	0.000309062467892796	TRUE	FALSE	0.113
matched_null	matched	null	26	20263026	180	0	0	0	0	0.132231404958681	0.0483383685800599	0.0483401257148993	0.00639185039075254	0.000308982851439776	TRUE	FALSE	0.116
matched_null	matched	null	27	20263027	180	0	0	0	0	0.132231404958678	0.0483383685800585	0.0483394278837437	0.00639185039075236	0.000308978391007432	TRUE	FALSE	0.135
matched_null	matched	null	28	20263028	180	0	0	0	0	0.13223140495868	0.0483383685800614	0.0483491605769362	0.00639185039075183	0.000309040600926219	TRUE	FALSE	0.118
matched_null	matched	null	29	20263029	180	0	0	0	0	0.132231404958683	0.0483383685800605	0.0483394079493248	0.00639185039075262	0.000308978263589609	TRUE	FALSE	0.118
matched_null	matched	null	30	20263030	180	0	0	0	0	0.132231404958677	0.0483383685800581	0.0483386298056564	0.00639185039075231	0.000308973289811698	TRUE	FALSE	0.149
matched_null	matched	null	31	20263031	180	0	0	0	0	0.132231404958685	0.0483383685800635	0.0483393082560444	0.00639185039075271	0.00030897762636506	TRUE	FALSE	0.126
matched_null	matched	null	32	20263032	180	0	0	0	0	0.13223140495868	0.0483383685800608	0.0483928498914252	0.00639185039075267	0.000309319856488306	TRUE	FALSE	0.134
matched_null	matched	null	33	20263033	180	0	0	0	0	0.132231404958676	0.048338368580058	0.0483438574064475	0.00639185039075229	0.000309006703853857	TRUE	FALSE	0.117
matched_null	matched	null	34	20263034	180	0	0	0	0	0.132231404958686	0.0483383685800619	0.048354196049157	0.00639185039075281	0.000309072786911333	TRUE	FALSE	0.169
matched_null	matched	null	35	20263035	180	0	0	0	0	0.132231404958687	0.048338368580062	0.0483397909374424	0.00639185039075282	0.000308980711592358	TRUE	FALSE	0.152
matched_null	matched	null	36	20263036	180	0	0	0	0	0.13223140495869	0.0483383685800652	0.0483565251173575	0.00639185039075325	0.000309087673967088	TRUE	FALSE	0.142
matched_null	matched	null	37	20263037	180	0	0	0	0	0.132231404958683	0.0483383685800604	0.0483398983744412	0.00639185039075261	0.00030898139831358	TRUE	FALSE	0.142
matched_null	matched	null	38	20263038	180	0	0	0	0	0.132231404958677	0.0483383685802654	0.0485794564172232	0.00639185039077941	0.000310512617510006	TRUE	FALSE	0.124
matched_null	matched	null	39	20263039	180	0	0	0	0	0.132231404958678	0.0483383685800587	0.0483411040677184	0.00639185039075239	0.000308989104924626	TRUE	FALSE	0.138
matched_null	matched	null	40	20263040	180	0	0	0	0	0.132231404958682	0.0483383685800605	0.0483464713841549	0.0063918503907526	0.000309023412008321	TRUE	FALSE	0.132
matched_null	matched	null	41	20263041	180	0	0	0	0	0.132231404958684	0.0483383685800608	0.0483410485498269	0.00639185039075267	0.000308988750062569	TRUE	FALSE	0.122
matched_null	matched	null	42	20263042	180	0	0	0	0	0.132231404958682	0.0483383685800601	0.0483387355224025	0.00639185039075257	0.000308973965537322	TRUE	FALSE	0.149
matched_null	matched	null	43	20263043	180	0	0	0	0	0.132231404958689	0.0483383685800641	0.0484005490970386	0.0063918503907531	0.000309369068658681	TRUE	FALSE	0.144
matched_null	matched	null	44	20263044	180	0	0	0	0	0.132231404958683	0.0483383685800626	0.0483415496089046	0.00639185039075199	0.000308991952757216	TRUE	FALSE	0.156
matched_null	matched	null	45	20263045	180	0	0	0	0	0.132231404958679	0.0483383685800604	0.0483705248110545	0.00639185039075261	0.000309177157914582	TRUE	FALSE	0.139
matched_null	matched	null	46	20263046	180	0	0	0	0	0.132231404958684	0.0483383685800607	0.0483384736372957	0.00639185039075266	0.000308972291606901	TRUE	FALSE	0.14
matched_null	matched	null	47	20263047	180	0	0	0	0	0.132231404958688	0.0483383685800624	0.0483392193466228	0.00639185039075288	0.000308977058069354	TRUE	FALSE	0.136
matched_null	matched	null	48	20263048	180	0	0	0	0	0.132231404958679	0.0483383685800589	0.0483391796205412	0.00639185039075241	0.000308976804146184	TRUE	FALSE	0.142
matched_null	matched	null	49	20263049	180	0	0	0	0	0.132231404958685	0.0483383685800613	0.048340628369388	0.00639185039075273	0.000308986064332067	TRUE	FALSE	0.124
matched_null	matched	null	50	20263050	180	0	0	0	0	0.132231404958688	0.0483383685800624	0.0483421361434793	0.00639185039075288	0.000308995701798515	TRUE	FALSE	0.152
matched_mediation	matched	mediation	1	20264001	180	0.808083776317978	0.808083776317978	0	0	0.999999999999974	0.999999999999974	0.0483396394715337	0.999999999999974	0.0483396394715337	TRUE	TRUE	0.139
matched_mediation	matched	mediation	2	20264002	180	0.808083776317978	0.808083776317978	0	0	1.00000000000001	1.00000000000001	0.0483459261444617	1.00000000000001	0.0483459261444617	TRUE	TRUE	0.123
matched_mediation	matched	mediation	3	20264003	180	0.808083776317978	0.808083776317978	0	0	1.00000000000003	1.00000000000003	0.0483433272309468	1.00000000000003	0.0483433272309468	TRUE	TRUE	0.125
matched_mediation	matched	mediation	4	20264004	180	0.808083776317978	0.808083776317978	0	0	0.999999999999975	0.999999999999975	0.0483672161300986	0.999999999999975	0.0483672161300986	TRUE	TRUE	0.126
matched_mediation	matched	mediation	5	20264005	180	0.808083776317978	0.808083776317978	0	0	1.00000000000002	1.00000000000002	0.0483417117523234	1.00000000000002	0.0483417117523234	TRUE	TRUE	0.114
matched_mediation	matched	mediation	6	20264006	180	0.808083776317978	0.808083776317978	0	0	0.99999999999999	0.99999999999999	0.048343342240657	0.99999999999999	0.048343342240657	TRUE	TRUE	0.127
matched_mediation	matched	mediation	7	20264007	180	0.808083776317978	0.808083776317978	0	0	1.00000000000001	1.00000000000001	0.0483854389235354	1.00000000000001	0.0483854389235354	TRUE	TRUE	0.122
matched_mediation	matched	mediation	8	20264008	180	0.808083776317978	0.808083776317978	0	0	1	1	0.0483411844725102	1	0.0483411844725102	TRUE	TRUE	0.142
matched_mediation	matched	mediation	9	20264009	180	0.808083776317978	0.808083776317978	0	0	1.00000000000001	1.00000000000001	0.0483409454048129	1.00000000000001	0.0483409454048129	TRUE	TRUE	0.151
matched_mediation	matched	mediation	10	20264010	180	0.808083776317978	0.808083776317978	0	0	1	1	0.0483559931076191	1	0.0483559931076191	TRUE	TRUE	0.142
matched_mediation	matched	mediation	11	20264011	180	0.808083776317978	0.808083776317978	0	0	1.00000000000004	1.00000000000004	0.0483403716857262	1.00000000000004	0.0483403716857262	TRUE	TRUE	0.147
matched_mediation	matched	mediation	12	20264012	180	0.808083776317978	0.808083776317978	0	0	0.999999999999996	0.999999999999996	0.0483634063810472	0.999999999999996	0.0483634063810472	TRUE	TRUE	0.128
matched_mediation	matched	mediation	13	20264013	180	0.808083776317978	0.808083776317978	0	0	0.999999999999981	0.999999999999981	0.048345635450413	0.999999999999981	0.048345635450413	TRUE	TRUE	0.135
matched_mediation	matched	mediation	14	20264014	180	0.808083776317978	0.808083776317978	0	0	0.99999999999995	0.99999999999995	0.0483488835279018	0.99999999999995	0.0483488835279018	TRUE	TRUE	0.145
matched_mediation	matched	mediation	15	20264015	180	0.808083776317978	0.808083776317978	0	0	1.00000000000001	1.00000000000001	0.0483411422360689	1.00000000000001	0.0483411422360689	TRUE	TRUE	0.128
matched_mediation	matched	mediation	16	20264016	180	0.808083776317978	0.808083776317978	0	0	0.999999999999952	0.999999999999952	0.0483403447158506	0.999999999999952	0.0483403447158506	TRUE	TRUE	0.152
matched_mediation	matched	mediation	17	20264017	180	0.808083776317978	0.808083776317978	0	0	1.00000000000001	1.00000000000001	0.048339113464681	1.00000000000001	0.048339113464681	TRUE	TRUE	0.149
matched_mediation	matched	mediation	18	20264018	180	0.808083776317978	0.808083776317978	0	0	1.00000000000001	1.00000000000001	0.0483388640453662	1.00000000000001	0.0483388640453662	TRUE	TRUE	0.139
matched_mediation	matched	mediation	19	20264019	180	0.808083776317978	0.808083776317978	0	0	1.00000000000005	1.00000000000005	0.0483497362411674	1.00000000000005	0.0483497362411674	TRUE	TRUE	0.132
matched_mediation	matched	mediation	20	20264020	180	0.808083776317978	0.808083776317978	0	0	1.00000000000002	1.00000000000002	0.053698547892064	1.00000000000002	0.053698547892064	TRUE	TRUE	0.119
matched_mediation	matched	mediation	21	20264021	180	0.808083776317978	0.808083776317978	0	0	0.999999999999982	0.999999999999982	0.0483404476649728	0.999999999999982	0.0483404476649728	TRUE	TRUE	0.128
matched_mediation	matched	mediation	22	20264022	180	0.808083776317978	0.808083776317978	0	0	1.00000000000001	1.00000000000001	0.048340687483026	1.00000000000001	0.048340687483026	TRUE	TRUE	0.12
matched_mediation	matched	mediation	23	20264023	180	0.808083776317978	0.808083776317978	0	0	0.999999999999964	0.999999999999964	0.0483492169200889	0.999999999999964	0.0483492169200889	TRUE	TRUE	0.113
matched_mediation	matched	mediation	24	20264024	180	0.808083776317978	0.808083776317978	0	0	0.999999999999982	0.999999999999982	0.0483400605839539	0.999999999999982	0.0483400605839539	TRUE	TRUE	0.115
matched_mediation	matched	mediation	25	20264025	180	0.808083776317978	0.808083776317978	0	0	0.999999999999995	0.999999999999995	0.0483394847246138	0.999999999999995	0.0483394847246138	TRUE	TRUE	0.142
matched_mediation	matched	mediation	26	20264026	180	0.808083776317978	0.808083776317978	0	0	1	1	0.0483597087284269	1	0.0483597087284269	TRUE	TRUE	0.116
matched_mediation	matched	mediation	27	20264027	180	0.808083776317978	0.808083776317978	0	0	0.999999999999988	0.999999999999988	0.0483391693101504	0.999999999999988	0.0483391693101504	TRUE	TRUE	0.129
matched_mediation	matched	mediation	28	20264028	180	0.808083776317978	0.808083776317978	0	0	1.00000000000001	1.00000000000001	0.0484321485592929	1.00000000000001	0.0484321485592929	TRUE	TRUE	0.124
matched_mediation	matched	mediation	29	20264029	180	0.808083776317978	0.808083776317978	0	0	0.999999999999962	0.999999999999962	0.048340232272764	0.999999999999962	0.048340232272764	TRUE	TRUE	0.114
matched_mediation	matched	mediation	30	20264030	180	0.808083776317978	0.808083776317978	0	0	0.99999999999998	0.99999999999998	0.0483401708063362	0.99999999999998	0.0483401708063362	TRUE	TRUE	0.116
matched_mediation	matched	mediation	31	20264031	180	0.808083776317978	0.808083776317978	0	0	1	1	0.0483386777353014	1	0.0483386777353014	TRUE	TRUE	0.111
matched_mediation	matched	mediation	32	20264032	180	0.808083776317978	0.808083776317978	0	0	1.00000000000003	1.00000000000003	0.0483391720729142	1.00000000000003	0.0483391720729142	TRUE	TRUE	0.122
matched_mediation	matched	mediation	33	20264033	180	0.808083776317978	0.808083776317978	0	0	1.00000000000003	1.00000000000003	0.0483411036892838	1.00000000000003	0.0483411036892838	TRUE	TRUE	0.132
matched_mediation	matched	mediation	34	20264034	180	0.808083776317978	0.808083776317978	0	0	0.999999999999981	0.999999999999981	0.048341038805302	0.999999999999981	0.048341038805302	TRUE	TRUE	0.133
matched_mediation	matched	mediation	35	20264035	180	0.808083776317978	0.808083776317978	0	0	1.00000000000002	1.00000000000002	0.0483456203335227	1.00000000000002	0.0483456203335227	TRUE	TRUE	0.114
matched_mediation	matched	mediation	36	20264036	180	0.808083776317978	0.808083776317978	0	0	1.00000000000002	1.00000000000002	0.0483546405235876	1.00000000000002	0.0483546405235876	TRUE	TRUE	0.115
matched_mediation	matched	mediation	37	20264037	180	0.808083776317978	0.808083776317978	0	0	0.999999999999964	0.999999999999964	0.0483458732040244	0.999999999999964	0.0483458732040244	TRUE	TRUE	0.11
matched_mediation	matched	mediation	38	20264038	180	0.808083776317978	0.808083776317978	0	0	1.00000000000001	1.00000000000001	0.0483402256440455	1.00000000000001	0.0483402256440455	TRUE	TRUE	0.12
matched_mediation	matched	mediation	39	20264039	180	0.808083776317978	0.808083776317978	0	0	0.999999999999994	0.999999999999994	0.0483554673790476	0.999999999999994	0.0483554673790476	TRUE	TRUE	0.11
matched_mediation	matched	mediation	40	20264040	180	0.808083776317978	0.808083776317978	0	0	0.999999999999977	0.999999999999977	0.0483419397429245	0.999999999999977	0.0483419397429245	TRUE	TRUE	0.125
matched_mediation	matched	mediation	41	20264041	180	0.808083776317978	0.808083776317978	0	0	1.00000000000002	1.00000000000002	0.0483502747447017	1.00000000000002	0.0483502747447017	TRUE	TRUE	0.128
matched_mediation	matched	mediation	42	20264042	180	0.808083776317978	0.808083776317978	0	0	0.999999999999992	0.999999999999992	0.048395053584681	0.999999999999992	0.048395053584681	TRUE	TRUE	0.122
matched_mediation	matched	mediation	43	20264043	180	0.808083776317978	0.808083776317978	0	0	0.99999999999999	0.99999999999999	0.0483395041262253	0.99999999999999	0.0483395041262253	TRUE	TRUE	0.13
matched_mediation	matched	mediation	44	20264044	180	0.808083776317978	0.808083776317978	0	0	1.00000000000003	1.00000000000003	0.048340698538768	1.00000000000003	0.048340698538768	TRUE	TRUE	0.125
matched_mediation	matched	mediation	45	20264045	180	0.808083776317978	0.808083776317978	0	0	1	1	0.0483391857372845	1	0.0483391857372845	TRUE	TRUE	0.12
matched_mediation	matched	mediation	46	20264046	180	0.808083776317978	0.808083776317978	0	0	1.00000000000006	1.00000000000006	0.0483402430713126	1.00000000000006	0.0483402430713126	TRUE	TRUE	0.115
matched_mediation	matched	mediation	47	20264047	180	0.808083776317978	0.808083776317978	0	0	0.999999999999997	0.999999999999997	0.0483620461233186	0.999999999999997	0.0483620461233186	TRUE	TRUE	0.111
matched_mediation	matched	mediation	48	20264048	180	0.808083776317978	0.808083776317978	0	0	1	1	0.0483512211289814	1	0.0483512211289814	TRUE	TRUE	0.126
matched_mediation	matched	mediation	49	20264049	180	0.808083776317978	0.808083776317978	0	0	1	1	0.0483646100833426	1	0.0483646100833426	TRUE	TRUE	0.12
matched_mediation	matched	mediation	50	20264050	180	0.808083776317978	0.808083776317978	0	0	1	1	0.048360352023808	1	0.048360352023808	TRUE	TRUE	0.122
matched_pleiotropy	matched	pleiotropy	1	20265001	180	0.808083776317978	0	0.808083776317978	0.35	1.00000000000002	0.0529390813824454	1.00000000000002	0.0529390813824454	0.0529390813824454	TRUE	FALSE	0.119
matched_pleiotropy	matched	pleiotropy	2	20265002	180	0.808083776317978	0	0.808083776317978	0.35	1.00000000000001	0.048875676208827	1.00000000000001	0.048875676208827	0.048875676208827	TRUE	FALSE	0.123
matched_pleiotropy	matched	pleiotropy	3	20265003	180	0.808083776317978	0	0.808083776317978	0.35	0.999999999999982	0.0484296112761593	0.999999999999982	0.0484296112761593	0.0484296112761593	TRUE	FALSE	0.121
matched_pleiotropy	matched	pleiotropy	4	20265004	180	0.808083776317978	0	0.808083776317978	0.35	0.99999999999998	0.0486635245023271	0.99999999999998	0.0486635245023271	0.0486635245023271	TRUE	FALSE	0.133
matched_pleiotropy	matched	pleiotropy	5	20265005	180	0.808083776317978	0	0.808083776317978	0.35	1	0.0500278618556362	1	0.0500278618556362	0.0500278618556362	TRUE	FALSE	0.128
matched_pleiotropy	matched	pleiotropy	6	20265006	180	0.808083776317978	0	0.808083776317978	0.35	0.999999999999981	0.0486129271634518	0.999999999999981	0.0486129271634518	0.0486129271634518	TRUE	FALSE	0.115
matched_pleiotropy	matched	pleiotropy	7	20265007	180	0.808083776317978	0	0.808083776317978	0.35	1.00000000000002	0.0484039337787375	1.00000000000002	0.0484039337787375	0.0484039337787375	TRUE	FALSE	0.147
matched_pleiotropy	matched	pleiotropy	8	20265008	180	0.808083776317978	0	0.808083776317978	0.35	0.999999999999991	0.0489859800618043	0.999999999999991	0.0489859800618043	0.0489859800618043	TRUE	FALSE	0.135
matched_pleiotropy	matched	pleiotropy	9	20265009	180	0.808083776317978	0	0.808083776317978	0.35	1	0.0485974412536095	1	0.0485974412536095	0.0485974412536095	TRUE	FALSE	0.137
matched_pleiotropy	matched	pleiotropy	10	20265010	180	0.808083776317978	0	0.808083776317978	0.35	0.999999999999974	0.0507012577656932	0.999999999999974	0.0507012577656932	0.0507012577656932	TRUE	FALSE	0.125
matched_pleiotropy	matched	pleiotropy	11	20265011	180	0.808083776317978	0	0.808083776317978	0.35	0.99999999999998	0.0495858122427728	0.99999999999998	0.0495858122427728	0.0495858122427728	TRUE	FALSE	0.128
matched_pleiotropy	matched	pleiotropy	12	20265012	180	0.808083776317978	0	0.808083776317978	0.35	1.00000000000002	0.0483518386126546	1.00000000000002	0.0483518386126546	0.0483518386126546	TRUE	FALSE	0.139
matched_pleiotropy	matched	pleiotropy	13	20265013	180	0.808083776317978	0	0.808083776317978	0.35	0.999999999999972	0.0529272326496192	0.999999999999972	0.0529272326496192	0.0529272326496192	TRUE	FALSE	0.122
matched_pleiotropy	matched	pleiotropy	14	20265014	180	0.808083776317978	0	0.808083776317978	0.35	1.00000000000001	0.0633134858730482	1.00000000000001	0.0633134858730482	0.0633134858730482	TRUE	FALSE	0.138
matched_pleiotropy	matched	pleiotropy	15	20265015	180	0.808083776317978	0	0.808083776317978	0.35	1.00000000000003	0.0488047896806399	1.00000000000003	0.0488047896806399	0.0488047896806399	TRUE	FALSE	0.133
matched_pleiotropy	matched	pleiotropy	16	20265016	180	0.808083776317978	0	0.808083776317978	0.35	1.00000000000002	0.0490511053357212	1.00000000000002	0.0490511053357212	0.0490511053357212	TRUE	FALSE	0.127
matched_pleiotropy	matched	pleiotropy	17	20265017	180	0.808083776317978	0	0.808083776317978	0.35	0.999999999999974	0.0504310663681743	0.999999999999974	0.0504310663681743	0.0504310663681743	TRUE	FALSE	0.136
matched_pleiotropy	matched	pleiotropy	18	20265018	180	0.808083776317978	0	0.808083776317978	0.35	1.00000000000001	0.0486495733822149	1.00000000000001	0.0486495733822149	0.0486495733822149	TRUE	FALSE	0.125
matched_pleiotropy	matched	pleiotropy	19	20265019	180	0.808083776317978	0	0.808083776317978	0.35	0.999999999999989	0.0483460578019901	0.999999999999989	0.0483460578019901	0.0483460578019901	TRUE	FALSE	0.126
matched_pleiotropy	matched	pleiotropy	20	20265020	180	0.808083776317978	0	0.808083776317978	0.35	0.999999999999984	0.0488767498756888	0.999999999999984	0.0488767498756888	0.0488767498756888	TRUE	FALSE	0.122
matched_pleiotropy	matched	pleiotropy	21	20265021	180	0.808083776317978	0	0.808083776317978	0.35	1.00000000000001	0.0489347916189624	1.00000000000001	0.0489347916189624	0.0489347916189624	TRUE	FALSE	0.119
matched_pleiotropy	matched	pleiotropy	22	20265022	180	0.808083776317978	0	0.808083776317978	0.35	0.999999999999994	0.0510999016927708	0.999999999999994	0.0510999016927708	0.0510999016927708	TRUE	FALSE	0.127
matched_pleiotropy	matched	pleiotropy	23	20265023	180	0.808083776317978	0	0.808083776317978	0.35	1.00000000000002	0.0575024234649203	1.00000000000002	0.0575024234649203	0.0575024234649203	TRUE	FALSE	0.14
matched_pleiotropy	matched	pleiotropy	24	20265024	180	0.808083776317978	0	0.808083776317978	0.35	1	0.0484877966583088	1	0.0484877966583088	0.0484877966583088	TRUE	FALSE	0.142
matched_pleiotropy	matched	pleiotropy	25	20265025	180	0.808083776317978	0	0.808083776317978	0.35	1.00000000000001	0.0519763348628997	1.00000000000001	0.0519763348628997	0.0519763348628997	TRUE	FALSE	0.141
matched_pleiotropy	matched	pleiotropy	26	20265026	180	0.808083776317978	0	0.808083776317978	0.35	1	0.0529506151892216	1	0.0529506151892216	0.0529506151892216	TRUE	FALSE	0.139
matched_pleiotropy	matched	pleiotropy	27	20265027	180	0.808083776317978	0	0.808083776317978	0.35	1.00000000000002	0.0511523930732777	1.00000000000002	0.0511523930732777	0.0511523930732777	TRUE	FALSE	0.135
matched_pleiotropy	matched	pleiotropy	28	20265028	180	0.808083776317978	0	0.808083776317978	0.35	1.00000000000002	0.0548261675684011	1.00000000000002	0.0548261675684011	0.0548261675684011	TRUE	FALSE	0.126
matched_pleiotropy	matched	pleiotropy	29	20265029	180	0.808083776317978	0	0.808083776317978	0.35	0.999999999999986	0.0485794980812677	0.999999999999986	0.0485794980812677	0.0485794980812677	TRUE	FALSE	0.14
matched_pleiotropy	matched	pleiotropy	30	20265030	180	0.808083776317978	0	0.808083776317978	0.35	0.999999999999984	0.0501489645339729	0.999999999999984	0.0501489645339729	0.0501489645339729	TRUE	FALSE	0.124
matched_pleiotropy	matched	pleiotropy	31	20265031	180	0.808083776317978	0	0.808083776317978	0.35	0.999999999999978	0.0484622595101543	0.999999999999978	0.0484622595101543	0.0484622595101543	TRUE	FALSE	0.15
matched_pleiotropy	matched	pleiotropy	32	20265032	180	0.808083776317978	0	0.808083776317978	0.35	0.999999999999973	0.0485463790434746	0.999999999999973	0.0485463790434746	0.0485463790434746	TRUE	FALSE	0.128
matched_pleiotropy	matched	pleiotropy	33	20265033	180	0.808083776317978	0	0.808083776317978	0.35	1.00000000000003	0.0495622616712685	1.00000000000003	0.0495622616712685	0.0495622616712685	TRUE	FALSE	0.143
matched_pleiotropy	matched	pleiotropy	34	20265034	180	0.808083776317978	0	0.808083776317978	0.35	0.999999999999993	0.0491215515820764	0.999999999999993	0.0491215515820764	0.0491215515820764	TRUE	FALSE	0.125
matched_pleiotropy	matched	pleiotropy	35	20265035	180	0.808083776317978	0	0.808083776317978	0.35	1.00000000000001	0.0486124365957364	1.00000000000001	0.0486124365957364	0.0486124365957364	TRUE	FALSE	0.134
matched_pleiotropy	matched	pleiotropy	36	20265036	180	0.808083776317978	0	0.808083776317978	0.35	1.00000000000002	0.049615982940271	1.00000000000002	0.049615982940271	0.049615982940271	TRUE	FALSE	0.121
matched_pleiotropy	matched	pleiotropy	37	20265037	180	0.808083776317978	0	0.808083776317978	0.35	1.00000000000002	0.0501210675693965	1.00000000000002	0.0501210675693965	0.0501210675693965	TRUE	FALSE	0.132
matched_pleiotropy	matched	pleiotropy	38	20265038	180	0.808083776317978	0	0.808083776317978	0.35	1	0.052838536329193	1	0.052838536329193	0.052838536329193	TRUE	FALSE	0.119
matched_pleiotropy	matched	pleiotropy	39	20265039	180	0.808083776317978	0	0.808083776317978	0.35	0.999999999999988	0.0521364100197745	0.999999999999988	0.0521364100197745	0.0521364100197745	TRUE	FALSE	0.143
matched_pleiotropy	matched	pleiotropy	40	20265040	180	0.808083776317978	0	0.808083776317978	0.35	0.999999999999981	0.0510018427415165	0.999999999999981	0.0510018427415165	0.0510018427415165	TRUE	FALSE	0.135
matched_pleiotropy	matched	pleiotropy	41	20265041	180	0.808083776317978	0	0.808083776317978	0.35	0.999999999999996	0.0505066289977677	0.999999999999996	0.0505066289977677	0.0505066289977677	TRUE	FALSE	0.122
matched_pleiotropy	matched	pleiotropy	42	20265042	180	0.808083776317978	0	0.808083776317978	0.35	1.00000000000003	0.0497121243692785	1.00000000000003	0.0497121243692785	0.0497121243692785	TRUE	FALSE	0.121
matched_pleiotropy	matched	pleiotropy	43	20265043	180	0.808083776317978	0	0.808083776317978	0.35	1	0.0489509220441476	1	0.0489509220441476	0.0489509220441476	TRUE	FALSE	0.128
matched_pleiotropy	matched	pleiotropy	44	20265044	180	0.808083776317978	0	0.808083776317978	0.35	0.999999999999987	0.0483488282013592	0.999999999999987	0.0483488282013592	0.0483488282013592	TRUE	FALSE	0.112
matched_pleiotropy	matched	pleiotropy	45	20265045	180	0.808083776317978	0	0.808083776317978	0.35	0.999999999999977	0.049821912191589	0.999999999999977	0.049821912191589	0.049821912191589	TRUE	FALSE	0.122
matched_pleiotropy	matched	pleiotropy	46	20265046	180	0.808083776317978	0	0.808083776317978	0.35	0.999999999999985	0.0485960579563965	0.999999999999985	0.0485960579563965	0.0485960579563965	TRUE	FALSE	0.116
matched_pleiotropy	matched	pleiotropy	47	20265047	180	0.808083776317978	0	0.808083776317978	0.35	1.00000000000003	0.0499328486629537	1.00000000000003	0.0499328486629537	0.0499328486629537	TRUE	FALSE	0.162
matched_pleiotropy	matched	pleiotropy	48	20265048	180	0.808083776317978	0	0.808083776317978	0.35	0.999999999999976	0.0563675248218416	0.999999999999976	0.0563675248218416	0.0563675248218416	TRUE	FALSE	0.155
matched_pleiotropy	matched	pleiotropy	49	20265049	180	0.808083776317978	0	0.808083776317978	0.35	0.999999999999988	0.0484942596111688	0.999999999999988	0.0484942596111688	0.0484942596111688	TRUE	FALSE	0.145
matched_pleiotropy	matched	pleiotropy	50	20265050	180	0.808083776317978	0	0.808083776317978	0.35	1	0.0483682451088512	1	0.0483682451088512	0.0483682451088512	TRUE	FALSE	0.134
matched_coexistence	matched	coexistence	1	20266001	180	0.808083776317978	0.808083776317978	0.808083776317978	0.35	1	1	1	1	1	TRUE	TRUE	0.141
matched_coexistence	matched	coexistence	2	20266002	180	0.808083776317978	0.808083776317978	0.808083776317978	0.35	1	1	1	1	1	TRUE	TRUE	0.14
matched_coexistence	matched	coexistence	3	20266003	180	0.808083776317978	0.808083776317978	0.808083776317978	0.35	1	1	1	1	1	TRUE	TRUE	0.133
matched_coexistence	matched	coexistence	4	20266004	180	0.808083776317978	0.808083776317978	0.808083776317978	0.35	1	1	1	1	1	TRUE	TRUE	0.14
matched_coexistence	matched	coexistence	5	20266005	180	0.808083776317978	0.808083776317978	0.808083776317978	0.35	1	1	1	1	1	TRUE	TRUE	0.130999999999999
matched_coexistence	matched	coexistence	6	20266006	180	0.808083776317978	0.808083776317978	0.808083776317978	0.35	1	1	1	1	1	TRUE	TRUE	0.133
matched_coexistence	matched	coexistence	7	20266007	180	0.808083776317978	0.808083776317978	0.808083776317978	0.35	1	1	1	1	1	TRUE	TRUE	0.141
matched_coexistence	matched	coexistence	8	20266008	180	0.808083776317978	0.808083776317978	0.808083776317978	0.35	1	1	1	1	1	TRUE	TRUE	0.13
matched_coexistence	matched	coexistence	9	20266009	180	0.808083776317978	0.808083776317978	0.808083776317978	0.35	1	1	1	1	1	TRUE	TRUE	0.136
matched_coexistence	matched	coexistence	10	20266010	180	0.808083776317978	0.808083776317978	0.808083776317978	0.35	1	1	1	1	1	TRUE	TRUE	0.130000000000001
matched_coexistence	matched	coexistence	11	20266011	180	0.808083776317978	0.808083776317978	0.808083776317978	0.35	1	1	1	1	1	TRUE	TRUE	0.14
matched_coexistence	matched	coexistence	12	20266012	180	0.808083776317978	0.808083776317978	0.808083776317978	0.35	1	1	1	1	1	TRUE	TRUE	0.185
matched_coexistence	matched	coexistence	13	20266013	180	0.808083776317978	0.808083776317978	0.808083776317978	0.35	1	1	1	1	1	TRUE	TRUE	0.125
matched_coexistence	matched	coexistence	14	20266014	180	0.808083776317978	0.808083776317978	0.808083776317978	0.35	1	1	1	1	1	TRUE	TRUE	0.123
matched_coexistence	matched	coexistence	15	20266015	180	0.808083776317978	0.808083776317978	0.808083776317978	0.35	1	1	1	1	1	TRUE	TRUE	0.125999999999999
matched_coexistence	matched	coexistence	16	20266016	180	0.808083776317978	0.808083776317978	0.808083776317978	0.35	1	1	1	1	1	TRUE	TRUE	0.124
matched_coexistence	matched	coexistence	17	20266017	180	0.808083776317978	0.808083776317978	0.808083776317978	0.35	1	1	1	1	1	TRUE	TRUE	0.119999999999999
matched_coexistence	matched	coexistence	18	20266018	180	0.808083776317978	0.808083776317978	0.808083776317978	0.35	1	1	1	1	1	TRUE	TRUE	0.125
matched_coexistence	matched	coexistence	19	20266019	180	0.808083776317978	0.808083776317978	0.808083776317978	0.35	1	1	1	1	1	TRUE	TRUE	0.125
matched_coexistence	matched	coexistence	20	20266020	180	0.808083776317978	0.808083776317978	0.808083776317978	0.35	1	1	1	1	1	TRUE	TRUE	0.14
matched_coexistence	matched	coexistence	21	20266021	180	0.808083776317978	0.808083776317978	0.808083776317978	0.35	1	1	1	1	1	TRUE	TRUE	0.135
matched_coexistence	matched	coexistence	22	20266022	180	0.808083776317978	0.808083776317978	0.808083776317978	0.35	1	1	1	1	1	TRUE	TRUE	0.140000000000001
matched_coexistence	matched	coexistence	23	20266023	180	0.808083776317978	0.808083776317978	0.808083776317978	0.35	1	1	1	1	1	TRUE	TRUE	0.131
matched_coexistence	matched	coexistence	24	20266024	180	0.808083776317978	0.808083776317978	0.808083776317978	0.35	1	1	1	1	1	TRUE	TRUE	0.135
matched_coexistence	matched	coexistence	25	20266025	180	0.808083776317978	0.808083776317978	0.808083776317978	0.35	1	1	1	1	1	TRUE	TRUE	0.132000000000001
matched_coexistence	matched	coexistence	26	20266026	180	0.808083776317978	0.808083776317978	0.808083776317978	0.35	1	1	1	1	1	TRUE	TRUE	0.133
matched_coexistence	matched	coexistence	27	20266027	180	0.808083776317978	0.808083776317978	0.808083776317978	0.35	1	1	1	1	1	TRUE	TRUE	0.129
matched_coexistence	matched	coexistence	28	20266028	180	0.808083776317978	0.808083776317978	0.808083776317978	0.35	1	1	1	1	1	TRUE	TRUE	0.139
matched_coexistence	matched	coexistence	29	20266029	180	0.808083776317978	0.808083776317978	0.808083776317978	0.35	1	1	1	1	1	TRUE	TRUE	0.143999999999999
matched_coexistence	matched	coexistence	30	20266030	180	0.808083776317978	0.808083776317978	0.808083776317978	0.35	1	1	1	1	1	TRUE	TRUE	0.134
matched_coexistence	matched	coexistence	31	20266031	180	0.808083776317978	0.808083776317978	0.808083776317978	0.35	1	1	1	1	1	TRUE	TRUE	0.143
matched_coexistence	matched	coexistence	32	20266032	180	0.808083776317978	0.808083776317978	0.808083776317978	0.35	1	1	1	1	1	TRUE	TRUE	0.131
matched_coexistence	matched	coexistence	33	20266033	180	0.808083776317978	0.808083776317978	0.808083776317978	0.35	1	1	1	1	1	TRUE	TRUE	0.127
matched_coexistence	matched	coexistence	34	20266034	180	0.808083776317978	0.808083776317978	0.808083776317978	0.35	1	1	1	1	1	TRUE	TRUE	0.131
matched_coexistence	matched	coexistence	35	20266035	180	0.808083776317978	0.808083776317978	0.808083776317978	0.35	1	1	1	1	1	TRUE	TRUE	0.131
matched_coexistence	matched	coexistence	36	20266036	180	0.808083776317978	0.808083776317978	0.808083776317978	0.35	1	1	1	1	1	TRUE	TRUE	0.133
matched_coexistence	matched	coexistence	37	20266037	180	0.808083776317978	0.808083776317978	0.808083776317978	0.35	1	1	1	1	1	TRUE	TRUE	0.130999999999999
matched_coexistence	matched	coexistence	38	20266038	180	0.808083776317978	0.808083776317978	0.808083776317978	0.35	1	1	1	1	1	TRUE	TRUE	0.133
matched_coexistence	matched	coexistence	39	20266039	180	0.808083776317978	0.808083776317978	0.808083776317978	0.35	1	1	1	1	1	TRUE	TRUE	0.126
matched_coexistence	matched	coexistence	40	20266040	180	0.808083776317978	0.808083776317978	0.808083776317978	0.35	1	1	1	1	1	TRUE	TRUE	0.127000000000001
matched_coexistence	matched	coexistence	41	20266041	180	0.808083776317978	0.808083776317978	0.808083776317978	0.35	1	1	1	1	1	TRUE	TRUE	0.119
matched_coexistence	matched	coexistence	42	20266042	180	0.808083776317978	0.808083776317978	0.808083776317978	0.35	1	1	1	1	1	TRUE	TRUE	0.114
matched_coexistence	matched	coexistence	43	20266043	180	0.808083776317978	0.808083776317978	0.808083776317978	0.35	1	1	1	1	1	TRUE	TRUE	0.114000000000001
matched_coexistence	matched	coexistence	44	20266044	180	0.808083776317978	0.808083776317978	0.808083776317978	0.35	1	1	1	1	1	TRUE	TRUE	0.113
matched_coexistence	matched	coexistence	45	20266045	180	0.808083776317978	0.808083776317978	0.808083776317978	0.35	1	1	1	1	1	TRUE	TRUE	0.123
matched_coexistence	matched	coexistence	46	20266046	180	0.808083776317978	0.808083776317978	0.808083776317978	0.35	1	1	1	1	1	TRUE	TRUE	0.132000000000001
matched_coexistence	matched	coexistence	47	20266047	180	0.808083776317978	0.808083776317978	0.808083776317978	0.35	1	1	1	1	1	TRUE	TRUE	0.138
matched_coexistence	matched	coexistence	48	20266048	180	0.808083776317978	0.808083776317978	0.808083776317978	0.35	1	1	1	1	1	TRUE	TRUE	0.129
matched_coexistence	matched	coexistence	49	20266049	180	0.808083776317978	0.808083776317978	0.808083776317978	0.35	1	1	1	1	1	TRUE	TRUE	0.122
matched_coexistence	matched	coexistence	50	20266050	180	0.808083776317978	0.808083776317978	0.808083776317978	0.35	1	1	1	1	1	TRUE	TRUE	0.131
moderate_mediation	numerical_stress	mediation	1	20267001	180	0.4	0.4	0	0	0.132231404984246	0.0782720660810131	0.999999999999987	0.0103500252726731	0.0103500252726731	FALSE	FALSE	0.139
moderate_mediation	numerical_stress	mediation	2	20267002	180	0.4	0.4	0	0	0.997049839711374	0.797435913821539	0.999999999999988	0.797240516079727	0.797240516079727	FALSE	FALSE	0.117999999999999
moderate_mediation	numerical_stress	mediation	3	20267003	180	0.4	0.4	0	0	0.999999999999997	0.382029841706129	1.00000000000002	0.382029841706127	0.382029841706127	FALSE	FALSE	0.13
moderate_mediation	numerical_stress	mediation	4	20267004	180	0.4	0.4	0	0	0.132231404958677	0.0941680155570857	1.00000000000001	0.0124519689992845	0.0124519689992845	FALSE	FALSE	0.13
moderate_mediation	numerical_stress	mediation	5	20267005	180	0.4	0.4	0	0	0.132248742040171	0.0776012683911303	0.999999999999991	0.0102782153127403	0.0102782153127403	FALSE	FALSE	0.128
moderate_mediation	numerical_stress	mediation	6	20267006	180	0.4	0.4	0	0	0.999999999999987	0.90833706405879	0.999999999999988	0.90833706405879	0.90833706405879	FALSE	TRUE	0.128
moderate_mediation	numerical_stress	mediation	7	20267007	180	0.4	0.4	0	0	0.132231404958678	0.0660228226813691	1.00000000000001	0.0087302906024954	0.0087302906024954	FALSE	FALSE	0.121
moderate_mediation	numerical_stress	mediation	8	20267008	180	0.4	0.4	0	0	0.98989898018352	0.259713666043601	1.00000000000001	0.258969454210185	0.258969454210185	FALSE	FALSE	0.119
moderate_mediation	numerical_stress	mediation	9	20267009	180	0.4	0.4	0	0	0.132231404958673	0.0593820970185824	0.999999999905323	0.00785217811815955	0.00785217811755453	FALSE	FALSE	0.127
moderate_mediation	numerical_stress	mediation	10	20267010	180	0.4	0.4	0	0	0.999999999999996	0.129355294245834	0.999999999999996	0.129355294245834	0.129355294245834	FALSE	FALSE	0.12
moderate_mediation	numerical_stress	mediation	11	20267011	180	0.4	0.4	0	0	1.00000000000003	0.183598677293162	1.00000000000003	0.183598677293162	0.183598677293162	FALSE	FALSE	0.168
moderate_mediation	numerical_stress	mediation	12	20267012	180	0.4	0.4	0	0	0.999743904941898	0.49983484859092	1	0.499818655871715	0.499818655871714	FALSE	FALSE	0.137
moderate_mediation	numerical_stress	mediation	13	20267013	180	0.4	0.4	0	0	0.132236545273315	0.0617284495399336	0.999999999999972	0.00816360499480037	0.00816360499480037	FALSE	FALSE	0.124
moderate_mediation	numerical_stress	mediation	14	20267014	180	0.4	0.4	0	0	0.132304192040504	0.0733441476992969	1.00000000000003	0.00976839700595473	0.00976839700595472	FALSE	FALSE	0.133
moderate_mediation	numerical_stress	mediation	15	20267015	180	0.4	0.4	0	0	0.999743703288421	0.202616191463992	1	0.202598255248706	0.202598255248706	FALSE	FALSE	0.151
moderate_mediation	numerical_stress	mediation	16	20267016	180	0.4	0.4	0	0	0.999999999998714	0.938394138376188	1.00000000000001	0.938394138376107	0.938394138376107	FALSE	TRUE	0.134
moderate_mediation	numerical_stress	mediation	17	20267017	180	0.4	0.4	0	0	0.132231404958674	0.0830088513241049	0.99999999999998	0.0109763770345928	0.0109763770345928	FALSE	FALSE	0.127
moderate_mediation	numerical_stress	mediation	18	20267018	180	0.4	0.4	0	0	0.132231404962242	0.0852440019287614	0.999999999999974	0.0112719341427847	0.0112719341427847	FALSE	FALSE	0.128
moderate_mediation	numerical_stress	mediation	19	20267019	180	0.4	0.4	0	0	0.204719555428177	0.175069595546769	0.999999999999971	0.087187638721937	0.087187638721937	FALSE	FALSE	0.149
moderate_mediation	numerical_stress	mediation	20	20267020	180	0.4	0.4	0	0	0.132231488631552	0.0635446882812327	0.999999999999987	0.00840267781348774	0.00840267781348774	FALSE	FALSE	0.145
moderate_mediation	numerical_stress	mediation	21	20267021	180	0.4	0.4	0	0	0.135340916534896	0.0695220308403985	1.00000000000001	0.0102031523120277	0.0102031523120277	FALSE	FALSE	0.152
moderate_mediation	numerical_stress	mediation	22	20267022	180	0.4	0.4	0	0	0.989264176094336	0.396829357826745	1.00000000000001	0.396105502911796	0.396105502911796	FALSE	FALSE	0.116000000000001
moderate_mediation	numerical_stress	mediation	23	20267023	180	0.4	0.4	0	0	0.132231404958678	0.0760290411503384	0.999999999998872	0.0100534269289707	0.0100534269289634	FALSE	FALSE	0.125999999999999
moderate_mediation	numerical_stress	mediation	24	20267024	180	0.4	0.4	0	0	0.132231404958673	0.060183993871618	0.999999999999972	0.00795821406566917	0.00795821406566917	FALSE	FALSE	0.132
moderate_mediation	numerical_stress	mediation	25	20267025	180	0.4	0.4	0	0	0.132231404960302	0.0749452536262548	0.999999999999916	0.00991011618212524	0.00991011618212469	FALSE	FALSE	0.109
moderate_mediation	numerical_stress	mediation	26	20267026	180	0.4	0.4	0	0	0.999992460578195	0.891581816876919	1.00000000000001	0.891581371285607	0.891581371285607	FALSE	TRUE	0.126
moderate_mediation	numerical_stress	mediation	27	20267027	180	0.4	0.4	0	0	1	0.995796261814987	0.999999806682946	0.995796261814987	0.99579606849793	FALSE	TRUE	0.124
moderate_mediation	numerical_stress	mediation	28	20267028	180	0.4	0.4	0	0	0.132231745806669	0.087087456110862	0.99999999999998	0.0115158672703206	0.0115158672703206	FALSE	FALSE	0.132
moderate_mediation	numerical_stress	mediation	29	20267029	180	0.4	0.4	0	0	0.144591167882918	0.0563854336916877	1.00000000000003	0.0100759141487423	0.0100759141487423	FALSE	FALSE	0.121
moderate_mediation	numerical_stress	mediation	30	20267030	180	0.4	0.4	0	0	0.132231404958676	0.0905286696168201	0.999999999999993	0.0119707331724725	0.0119707331724725	FALSE	FALSE	0.114
moderate_mediation	numerical_stress	mediation	31	20267031	180	0.4	0.4	0	0	1.00000000000002	0.526646295481502	1.00000000000002	0.526646295481502	0.526646295481502	FALSE	FALSE	0.126
moderate_mediation	numerical_stress	mediation	32	20267032	180	0.4	0.4	0	0	0.13223140495868	0.0643898522282884	1.00000000000003	0.00851436062522894	0.00851436062522894	FALSE	FALSE	0.132000000000001
moderate_mediation	numerical_stress	mediation	33	20267033	180	0.4	0.4	0	0	0.132231953240348	0.0588482200419772	0.999999999999996	0.00778185587444758	0.00778185587444758	FALSE	FALSE	0.111
moderate_mediation	numerical_stress	mediation	34	20267034	180	0.4	0.4	0	0	0.999999927013154	0.979638901096523	1.00000000000001	0.979638893861006	0.979638893861006	FALSE	TRUE	0.123
moderate_mediation	numerical_stress	mediation	35	20267035	180	0.4	0.4	0	0	1.00000000000001	0.140304558461909	1	0.140304558461909	0.140304558461909	FALSE	FALSE	0.121
moderate_mediation	numerical_stress	mediation	36	20267036	180	0.4	0.4	0	0	1.00000000000003	0.725498040894206	1.00000000000003	0.725498040894206	0.725498040894206	FALSE	FALSE	0.106000000000001
moderate_mediation	numerical_stress	mediation	37	20267037	180	0.4	0.4	0	0	0.132231409636549	0.0702397636431519	0.999999999973667	0.00928790293576601	0.00928790293559749	FALSE	FALSE	0.126
moderate_mediation	numerical_stress	mediation	38	20267038	180	0.4	0.4	0	0	0.999981445299575	0.945113055690858	0.999999999999988	0.945111811125645	0.945111811125645	FALSE	TRUE	0.127
moderate_mediation	numerical_stress	mediation	39	20267039	180	0.4	0.4	0	0	0.999906397178341	0.985316643629776	0.999999999999992	0.985310213802836	0.985310213802832	FALSE	TRUE	0.114
moderate_mediation	numerical_stress	mediation	40	20267040	180	0.4	0.4	0	0	0.13223140495868	0.0794147505929059	1.00000000000003	0.0105011240453433	0.0105011240453433	FALSE	FALSE	0.116
moderate_mediation	numerical_stress	mediation	41	20267041	180	0.4	0.4	0	0	0.132231407932576	0.0624556356633869	0.999999999999984	0.0082585989201071	0.0082585989201071	FALSE	FALSE	0.119000000000001
moderate_mediation	numerical_stress	mediation	42	20267042	180	0.4	0.4	0	0	0.869956154323347	0.84328115565118	0.999999999999987	0.835008087555989	0.83500808755597	FALSE	TRUE	0.137
moderate_mediation	numerical_stress	mediation	43	20267043	180	0.4	0.4	0	0	0.999999999999355	0.292435062880095	1.00000000000001	0.292435062880055	0.292435062880055	FALSE	FALSE	0.125
moderate_mediation	numerical_stress	mediation	44	20267044	180	0.4	0.4	0	0	0.132231404958677	0.0926975874953002	1	0.0122575322307845	0.0122575322307845	FALSE	FALSE	0.123
moderate_mediation	numerical_stress	mediation	45	20267045	180	0.4	0.4	0	0	0.999999999999697	0.328946242863296	0.999999999999972	0.328946242863279	0.328946242863279	FALSE	FALSE	0.116
moderate_mediation	numerical_stress	mediation	46	20267046	180	0.4	0.4	0	0	0.136450052405299	0.0957791547547738	1.00000000000001	0.0144590949959677	0.0144590949959677	FALSE	FALSE	0.114
moderate_mediation	numerical_stress	mediation	47	20267047	180	0.4	0.4	0	0	0.999999999999774	0.307625236574397	0.999999999999987	0.307625236574383	0.307625236574383	FALSE	FALSE	0.123
moderate_mediation	numerical_stress	mediation	48	20267048	180	0.4	0.4	0	0	0.132232000090879	0.0728983595565358	0.999999999999975	0.00963958452533189	0.00963958452533188	FALSE	FALSE	0.116000000000001
moderate_mediation	numerical_stress	mediation	49	20267049	180	0.4	0.4	0	0	0.132231405146606	0.088335458653495	1.00000000000001	0.0116807219809337	0.0116807219809337	FALSE	FALSE	0.112
moderate_mediation	numerical_stress	mediation	50	20267050	180	0.4	0.4	0	0	0.999999997340728	0.133382224523552	0.999999999999994	0.133382224263314	0.133382224263314	FALSE	FALSE	0.125999999999999
weak_mediation	weak_information	diagnostic	1	20268001	180	0.2	0.2	0	0	0.132231404958675	0.048646241709059	0.857425453118684	0.00643256088714848	0.00552124571395397	NA	FALSE	0.138000000000001
weak_mediation	weak_information	diagnostic	2	20268002	180	0.2	0.2	0	0	0.132231404958674	0.0483532237260491	0.85711036867236	0.00639381470757692	0.00548048556174109	NA	FALSE	0.133
weak_mediation	weak_information	diagnostic	3	20268003	180	0.2	0.2	0	0	0.132231404958676	0.0483798746276384	0.969874614891432	0.00639733879373752	0.00620478183915978	NA	FALSE	0.119
weak_mediation	weak_information	diagnostic	4	20268004	180	0.2	0.2	0	0	0.132231404958678	0.0483920157034738	0.74690036751204	0.00639894422525288	0.00478116924043551	NA	FALSE	0.131
weak_mediation	weak_information	diagnostic	5	20268005	180	0.2	0.2	0	0	0.132231404958685	0.0483551507682259	0.121853994971652	0.00639406952307115	0.0007810916376933	NA	FALSE	0.137
weak_mediation	weak_information	diagnostic	6	20268006	180	0.2	0.2	0	0	0.132231404958681	0.0483397717511779	0.0848646267275257	0.00639203593403997	0.000542627540797427	NA	FALSE	0.155
weak_mediation	weak_information	diagnostic	7	20268007	180	0.2	0.2	0	0	0.132231404958683	0.0483542196099946	0.360889933374489	0.00639394639471005	0.00230885046561615	NA	FALSE	0.133999999999999
weak_mediation	weak_information	diagnostic	8	20268008	180	0.2	0.2	0	0	0.132231404958679	0.0483383685848623	0.0484377806519521	0.00639185039138666	0.00030960704782222	NA	FALSE	0.129
weak_mediation	weak_information	diagnostic	9	20268009	180	0.2	0.2	0	0	0.13223140495868	0.0484204736101999	0.600079112814306	0.00640270725424141	0.00384647277521363	NA	FALSE	0.113
weak_mediation	weak_information	diagnostic	10	20268010	180	0.2	0.2	0	0	0.132231404958683	0.0485587502210117	0.249027785368012	0.00642099176476186	0.00162088972122245	NA	FALSE	0.121
weak_mediation	weak_information	diagnostic	11	20268011	180	0.2	0.2	0	0	0.132231404958679	0.0587014492839655	0.999960756141753	0.00776217511192959	0.00776192427105878	NA	FALSE	0.127
weak_mediation	weak_information	diagnostic	12	20268012	180	0.2	0.2	0	0	0.132231404958679	0.0484256883221109	0.67412380371072	0.00640339680292387	0.00432044491033545	NA	FALSE	0.111
weak_mediation	weak_information	diagnostic	13	20268013	180	0.2	0.2	0	0	0.132231404958678	0.0483388360585288	0.0668895688685994	0.00639191220608636	0.000427609932244601	NA	FALSE	0.125
weak_mediation	weak_information	diagnostic	14	20268014	180	0.2	0.2	0	0	0.132231404958682	0.0483383686708352	0.0489279407560237	0.00639185040275498	0.000312740089243105	NA	FALSE	0.127000000000001
weak_mediation	weak_information	diagnostic	15	20268015	180	0.2	0.2	0	0	0.132231404958678	0.0483385387927472	0.14221167402913	0.00639187289821446	0.000909018251675301	NA	FALSE	0.121
weak_mediation	weak_information	diagnostic	16	20268016	180	0.2	0.2	0	0	0.132231404959107	0.0483424192541416	0.722786704316601	0.0063923860170974	0.00462048010474996	NA	FALSE	0.122
weak_mediation	weak_information	diagnostic	17	20268017	180	0.2	0.2	0	0	0.132231404958678	0.0489780400733161	0.968473550297237	0.00647643505101723	0.00627492270116554	NA	FALSE	0.123
weak_mediation	weak_information	diagnostic	18	20268018	180	0.2	0.2	0	0	0.132231404958684	0.0483412681410902	0.0853266130670064	0.00639223380378046	0.000545778358102298	NA	FALSE	0.13
weak_mediation	weak_information	diagnostic	19	20268019	180	0.2	0.2	0	0	0.132231404958679	0.048724721522067	0.996334962969494	0.00644293838308347	0.00641951201470777	NA	FALSE	0.121
weak_mediation	weak_information	diagnostic	20	20268020	180	0.2	0.2	0	0	0.132231404958682	0.0483384515834714	0.0781022827302779	0.00639186136640935	0.00049922908204557	NA	FALSE	0.136
weak_mediation	weak_information	diagnostic	21	20268021	180	0.2	0.2	0	0	0.132231404958675	0.0494152970097109	0.999808743047384	0.00653425415004465	0.00653303166421741	NA	FALSE	0.123
weak_mediation	weak_information	diagnostic	22	20268022	180	0.2	0.2	0	0	0.132231404991444	0.0483838818488176	0.777978138967084	0.00639786867580849	0.00497873815645735	NA	FALSE	0.12
weak_mediation	weak_information	diagnostic	23	20268023	180	0.2	0.2	0	0	0.132231404958678	0.0492952782905649	0.984030933486544	0.00651838390619062	0.00641631202215655	NA	FALSE	0.111
weak_mediation	weak_information	diagnostic	24	20268024	180	0.2	0.2	0	0	0.132231404958679	0.0483383798145197	0.0955632389627695	0.00639185187630007	0.00061082741185398	NA	FALSE	0.114
weak_mediation	weak_information	diagnostic	25	20268025	180	0.2	0.2	0	0	0.132231404958682	0.0483384812472789	0.120398864989957	0.00639186528889632	0.000769586430376498	NA	FALSE	0.137
weak_mediation	weak_information	diagnostic	26	20268026	180	0.2	0.2	0	0	0.13223140495868	0.0496822826687651	0.733215851485387	0.00656955803884512	0.00486431367491546	NA	FALSE	0.121
weak_mediation	weak_information	diagnostic	27	20268027	180	0.2	0.2	0	0	0.132231404958678	0.0483391505678974	0.147217484393259	0.00639195379410209	0.000941095538494912	NA	FALSE	0.133999999999999
weak_mediation	weak_information	diagnostic	28	20268028	180	0.2	0.2	0	0	0.13223140495868	0.0483727272101368	0.576642277730506	0.00639639368067933	0.00369035445816315	NA	FALSE	0.143
weak_mediation	weak_information	diagnostic	29	20268029	180	0.2	0.2	0	0	0.132231404958682	0.0483383731822846	0.0509164128092074	0.00639185099931027	0.000325450701668573	NA	FALSE	0.13
weak_mediation	weak_information	diagnostic	30	20268030	180	0.2	0.2	0	0	0.132231404958683	0.0483551832526794	0.398570603608063	0.00639407381853615	0.00254982709619851	NA	FALSE	0.114999999999999
weak_mediation	weak_information	diagnostic	31	20268031	180	0.2	0.2	0	0	0.132231404958684	0.0483388844842129	0.120260016145103	0.0063919186094826	0.000768752249919474	NA	FALSE	0.132
weak_mediation	weak_information	diagnostic	32	20268032	180	0.2	0.2	0	0	0.132231404958683	0.0483383827539419	0.0516040847187038	0.00639185226498396	0.000329847463305613	NA	FALSE	0.127
weak_mediation	weak_information	diagnostic	33	20268033	180	0.2	0.2	0	0	0.132231404958679	0.0483384901031382	0.094576569140981	0.00639186645991902	0.000604535349586974	NA	FALSE	0.102
weak_mediation	weak_information	diagnostic	34	20268034	180	0.2	0.2	0	0	0.13223140495868	0.0483383693273595	0.050699189443866	0.00639185048956811	0.000324061732673851	NA	FALSE	0.124000000000001
weak_mediation	weak_information	diagnostic	35	20268035	180	0.2	0.2	0	0	0.13223140495868	0.0483404421112219	0.385074099614869	0.00639212457669053	0.00246161022003034	NA	FALSE	0.123
weak_mediation	weak_information	diagnostic	36	20268036	180	0.2	0.2	0	0	0.132231404958672	0.048400688849555	0.994763796841546	0.00640009108754469	0.00636662206034045	NA	FALSE	0.118
weak_mediation	weak_information	diagnostic	37	20268037	180	0.2	0.2	0	0	0.132231404958678	0.0483861981428182	0.299692280942573	0.00639817496103381	0.0019219127933301	NA	FALSE	0.115
weak_mediation	weak_information	diagnostic	38	20268038	180	0.2	0.2	0	0	0.132231404958682	0.0483449247595549	0.262069160939526	0.0063927173235775	0.00167597380158086	NA	FALSE	0.112
weak_mediation	weak_information	diagnostic	39	20268039	180	0.2	0.2	0	0	0.132231404958685	0.0483383687868983	0.0485878401565182	0.00639185041810216	0.000310566232440312	NA	FALSE	0.115
weak_mediation	weak_information	diagnostic	40	20268040	180	0.2	0.2	0	0	0.132231404958683	0.0483383687042267	0.0490244660592339	0.00639185040717038	0.000313357068955527	NA	FALSE	0.119000000000001
weak_mediation	weak_information	diagnostic	41	20268041	180	0.2	0.2	0	0	0.132231404958679	0.0486938112068015	0.980353225992162	0.00643885106866818	0.00631327182854904	NA	FALSE	0.109
weak_mediation	weak_information	diagnostic	42	20268042	180	0.2	0.2	0	0	0.132231404958681	0.0483433083397622	0.227229279978068	0.00639250358211729	0.00145306875338345	NA	FALSE	0.122
weak_mediation	weak_information	diagnostic	43	20268043	180	0.2	0.2	0	0	0.132231404958681	0.0483383877433849	0.0672005621894011	0.00639185292474504	0.000429538473682202	NA	FALSE	0.122
weak_mediation	weak_information	diagnostic	44	20268044	180	0.2	0.2	0	0	0.132231404958676	0.0483794832657532	0.698360788238038	0.00639728704340551	0.00446925432983879	NA	FALSE	0.122000000000001
weak_mediation	weak_information	diagnostic	45	20268045	180	0.2	0.2	0	0	0.132231404958679	0.0485028709870188	0.994922784544926	0.00641360277514321	0.00638114997355265	NA	FALSE	0.132000000000001
weak_mediation	weak_information	diagnostic	46	20268046	180	0.2	0.2	0	0	0.132231405001224	0.0483454941242859	0.6389951513349	0.0063927926135323	0.00408530362869055	NA	FALSE	0.128
weak_mediation	weak_information	diagnostic	47	20268047	180	0.2	0.2	0	0	0.132231404958681	0.048338819934604	0.0749243003373769	0.00639191007399713	0.000478964601633517	NA	FALSE	0.112
weak_mediation	weak_information	diagnostic	48	20268048	180	0.2	0.2	0	0	0.132231404958681	0.0483384697941058	0.0559482288212486	0.00639186377442713	0.000357626091928227	NA	FALSE	0.119
weak_mediation	weak_information	diagnostic	49	20268049	180	0.2	0.2	0	0	0.13223140495868	0.0483454846050156	0.915475544014008	0.00639279135272953	0.00585252367570719	NA	FALSE	0.103
weak_mediation	weak_information	diagnostic	50	20268050	180	0.2	0.2	0	0	0.13223140495868	0.0483422963556833	0.235731609752124	0.00639236976604075	0.00150728055719556	NA	FALSE	0.137
few_B_mediation	weak_information	mediation	1	20269001	68	0.808083776317978	0.808083776317978	0	0	1.00000000000001	0.999999201639266	0.0661748882119722	0.999999201639266	0.0661740898512247	TRUE	TRUE	0.0579999999999998
few_B_mediation	weak_information	mediation	2	20269002	68	0.808083776317978	0.808083776317978	0	0	1.00000000000001	0.999999997458554	0.0546016966811098	0.999999997458554	0.0546016941396577	TRUE	TRUE	0.0810000000000004
few_B_mediation	weak_information	mediation	3	20269003	68	0.808083776317978	0.808083776317978	0	0	0.999999999999997	0.999997514539022	0.0575428664054723	0.999997514539022	0.0575403809444969	TRUE	TRUE	0.0650000000000004
few_B_mediation	weak_information	mediation	4	20269004	68	0.808083776317978	0.808083776317978	0	0	0.99999999999999	0.999999999977693	0.0637770093681936	0.999999999977693	0.0637770093458971	TRUE	TRUE	0.0740000000000007
few_B_mediation	weak_information	mediation	5	20269005	68	0.808083776317978	0.808083776317978	0	0	0.999999999999987	0.999999834936134	0.0629998943526896	0.999999834936134	0.0629997292888404	TRUE	TRUE	0.0699999999999994
few_B_mediation	weak_information	mediation	6	20269006	68	0.808083776317978	0.808083776317978	0	0	1.00000000000001	0.999999999997398	0.0564038600053449	0.999999999997398	0.0564038600027319	TRUE	TRUE	0.0700000000000003
few_B_mediation	weak_information	mediation	7	20269007	68	0.808083776317978	0.808083776317978	0	0	1	0.999999999997902	0.0635356342877488	0.999999999997902	0.0635356342856469	TRUE	TRUE	0.0599999999999996
few_B_mediation	weak_information	mediation	8	20269008	68	0.808083776317978	0.808083776317978	0	0	0.99999999999999	0.999999999999478	0.0550019593868565	0.999999999999478	0.0550019593863448	TRUE	TRUE	0.0640000000000001
few_B_mediation	weak_information	mediation	9	20269009	68	0.808083776317978	0.808083776317978	0	0	0.999999999999992	0.999999999999991	0.0616508071845538	0.999999999999991	0.0616508071845525	TRUE	TRUE	0.0649999999999995
few_B_mediation	weak_information	mediation	10	20269010	68	0.808083776317978	0.808083776317978	0	0	1.00000000000001	0.999999999999966	0.051285052884823	0.999999999999966	0.0512850528847793	TRUE	TRUE	0.0580000000000007
few_B_mediation	weak_information	mediation	11	20269011	68	0.808083776317978	0.808083776317978	0	0	0.999999999999988	0.999999999999483	0.0563729481022904	0.999999999999483	0.0563729481017858	TRUE	TRUE	0.0830000000000002
few_B_mediation	weak_information	mediation	12	20269012	68	0.808083776317978	0.808083776317978	0	0	0.999999999999993	0.999999999547729	0.0789156570870112	0.999999999547729	0.0789156566347471	TRUE	TRUE	0.0579999999999998
few_B_mediation	weak_information	mediation	13	20269013	68	0.808083776317978	0.808083776317978	0	0	0.99999999999999	0.999999999636193	0.0537233486917566	0.999999999636193	0.0537233483279604	TRUE	TRUE	0.0609999999999999
few_B_mediation	weak_information	mediation	14	20269014	68	0.808083776317978	0.808083776317978	0	0	0.999999999999999	0.99999999988358	0.0598812199755465	0.99999999988358	0.0598812198591274	TRUE	TRUE	0.0699999999999994
few_B_mediation	weak_information	mediation	15	20269015	68	0.808083776317978	0.808083776317978	0	0	1.00000000000001	0.999999172173316	0.0640544235330454	0.999999172173316	0.0640535957063483	TRUE	TRUE	0.0599999999999996
few_B_mediation	weak_information	mediation	16	20269016	68	0.808083776317978	0.808083776317978	0	0	1.00000000000001	0.99999999999441	0.111202860230014	0.99999999999441	0.111202860224416	TRUE	TRUE	0.0590000000000002
few_B_mediation	weak_information	mediation	17	20269017	68	0.808083776317978	0.808083776317978	0	0	0.999999999999987	0.999999999999758	0.05337195686334	0.999999999999758	0.0533719568631106	TRUE	TRUE	0.0629999999999997
few_B_mediation	weak_information	mediation	18	20269018	68	0.808083776317978	0.808083776317978	0	0	1.00000000000001	0.999999999430637	0.278736015480931	0.999999999430637	0.278736014911555	FALSE	TRUE	0.0659999999999998
few_B_mediation	weak_information	mediation	19	20269019	68	0.808083776317978	0.808083776317978	0	0	0.999999999999998	0.99999995973979	0.144203127063502	0.99999995973979	0.144203086805412	TRUE	TRUE	0.0729999999999995
few_B_mediation	weak_information	mediation	20	20269020	68	0.808083776317978	0.808083776317978	0	0	0.999999999999994	0.999999999997638	0.0592306111740257	0.999999999997638	0.0592306111716691	TRUE	TRUE	0.0659999999999998
few_B_mediation	weak_information	mediation	21	20269021	68	0.808083776317978	0.808083776317978	0	0	0.999999999999987	0.99999999999983	0.0532216556756835	0.99999999999983	0.0532216556755272	TRUE	TRUE	0.0659999999999998
few_B_mediation	weak_information	mediation	22	20269022	68	0.808083776317978	0.808083776317978	0	0	0.999999999999997	0.999999999999997	0.0521632727384514	0.999999999999997	0.0521632727384514	TRUE	TRUE	0.069
few_B_mediation	weak_information	mediation	23	20269023	68	0.808083776317978	0.808083776317978	0	0	1.00000000000001	0.999999999989218	0.0799981886208491	0.999999999989218	0.0799981886100548	TRUE	TRUE	0.0579999999999998
few_B_mediation	weak_information	mediation	24	20269024	68	0.808083776317978	0.808083776317978	0	0	1.00000000000001	0.999999999986027	0.152968863807808	0.999999999986027	0.152968863793822	TRUE	TRUE	0.0570000000000004
few_B_mediation	weak_information	mediation	25	20269025	68	0.808083776317978	0.808083776317978	0	0	0.999999999999995	0.999999984521382	0.0651301876504749	0.999999984521382	0.0651301721718616	TRUE	TRUE	0.0620000000000003
few_B_mediation	weak_information	mediation	26	20269026	68	0.808083776317978	0.808083776317978	0	0	0.999999999999991	0.99999999999833	0.0535024550368948	0.99999999999833	0.0535024550352338	TRUE	TRUE	0.0589999999999993
few_B_mediation	weak_information	mediation	27	20269027	68	0.808083776317978	0.808083776317978	0	0	1.00000000000001	0.999999999996423	0.0922382370965398	0.999999999996423	0.0922382370929517	TRUE	TRUE	0.0730000000000004
few_B_mediation	weak_information	mediation	28	20269028	68	0.808083776317978	0.808083776317978	0	0	1	1	0.0712559362403617	1	0.0712559362403614	TRUE	TRUE	0.069
few_B_mediation	weak_information	mediation	29	20269029	68	0.808083776317978	0.808083776317978	0	0	0.999999999999998	0.999999965487643	0.0686673947418304	0.999999965487643	0.0686673602294762	TRUE	TRUE	0.0660000000000007
few_B_mediation	weak_information	mediation	30	20269030	68	0.808083776317978	0.808083776317978	0	0	1.00000000000001	0.999999997468112	0.0576752406089038	0.999999997468112	0.0576752380770036	TRUE	TRUE	0.0480000000000009
few_B_mediation	weak_information	mediation	31	20269031	68	0.808083776317978	0.808083776317978	0	0	1	1	0.0674452966662482	1	0.0674452966662476	TRUE	TRUE	0.0509999999999993
few_B_mediation	weak_information	mediation	32	20269032	68	0.808083776317978	0.808083776317978	0	0	1	1	0.058113258514545	1	0.0581132585145436	TRUE	TRUE	0.0600000000000005
few_B_mediation	weak_information	mediation	33	20269033	68	0.808083776317978	0.808083776317978	0	0	0.99999999999999	0.999999998111797	0.097255006933545	0.999999998111797	0.0972550050453522	TRUE	TRUE	0.0459999999999994
few_B_mediation	weak_information	mediation	34	20269034	68	0.808083776317978	0.808083776317978	0	0	1.00000000000001	0.999999999519935	0.0599276382034404	0.999999999519935	0.0599276377233645	TRUE	TRUE	0.059000000000001
few_B_mediation	weak_information	mediation	35	20269035	68	0.808083776317978	0.808083776317978	0	0	0.999999999999989	0.99999999999906	0.0517008739721127	0.99999999999906	0.0517008739711836	TRUE	TRUE	0.0620000000000012
few_B_mediation	weak_information	mediation	36	20269036	68	0.808083776317978	0.808083776317978	0	0	1.00000000000001	0.999999999967293	0.0595382823781753	0.999999999967293	0.0595382823454607	TRUE	TRUE	0.052999999999999
few_B_mediation	weak_information	mediation	37	20269037	68	0.808083776317978	0.808083776317978	0	0	1.00000000000001	1.00000000000001	0.0575089710698855	1.00000000000001	0.0575089710698851	TRUE	TRUE	0.0679999999999996
few_B_mediation	weak_information	mediation	38	20269038	68	0.808083776317978	0.808083776317978	0	0	0.999999999999992	0.999999999163781	0.0530015078192613	0.999999999163781	0.0530015069830499	TRUE	TRUE	0.0490000000000013
few_B_mediation	weak_information	mediation	39	20269039	68	0.808083776317978	0.808083776317978	0	0	1	0.999999999975407	0.108734726184858	0.999999999975407	0.10873472616026	TRUE	TRUE	0.0630000000000006
few_B_mediation	weak_information	mediation	40	20269040	68	0.808083776317978	0.808083776317978	0	0	1.00000000000001	0.999999999999333	0.0625284213434474	0.999999999999333	0.0625284213427729	TRUE	TRUE	0.0530000000000008
few_B_mediation	weak_information	mediation	41	20269041	68	0.808083776317978	0.808083776317978	0	0	0.999999999999999	0.999999999985955	0.0560060505154898	0.999999999985955	0.0560060505014456	TRUE	TRUE	0.0589999999999993
few_B_mediation	weak_information	mediation	42	20269042	68	0.808083776317978	0.808083776317978	0	0	1	0.999999999999831	0.0540261269415541	0.999999999999831	0.0540261269413854	TRUE	TRUE	0.0500000000000007
few_B_mediation	weak_information	mediation	43	20269043	68	0.808083776317978	0.808083776317978	0	0	0.999999999999991	0.999999999994009	0.0620267271203913	0.999999999994009	0.0620267271144089	TRUE	TRUE	0.0540000000000003
few_B_mediation	weak_information	mediation	44	20269044	68	0.808083776317978	0.808083776317978	0	0	0.999999999999988	0.999999999999779	0.0741937133623346	0.999999999999779	0.0741937133621254	TRUE	TRUE	0.0620000000000012
few_B_mediation	weak_information	mediation	45	20269045	68	0.808083776317978	0.808083776317978	0	0	0.999999999999995	0.999999992899034	0.0534241319323513	0.999999992899034	0.0534241248313899	TRUE	TRUE	0.0609999999999999
few_B_mediation	weak_information	mediation	46	20269046	68	0.808083776317978	0.808083776317978	0	0	0.999999999999988	0.999999999998831	0.0570849955735852	0.999999999998831	0.0570849955724278	TRUE	TRUE	0.0679999999999996
few_B_mediation	weak_information	mediation	47	20269047	68	0.808083776317978	0.808083776317978	0	0	1	0.999999934403565	0.0589167671922321	0.999999934403565	0.0589167015958026	TRUE	TRUE	0.0519999999999996
few_B_mediation	weak_information	mediation	48	20269048	68	0.808083776317978	0.808083776317978	0	0	0.999999999999994	0.999999999999988	0.0561201178634571	0.999999999999988	0.0561201178634505	TRUE	TRUE	0.0560000000000009
few_B_mediation	weak_information	mediation	49	20269049	68	0.808083776317978	0.808083776317978	0	0	0.999999999999991	0.999999997544752	0.0530412240712888	0.999999997544752	0.0530412216160494	TRUE	TRUE	0.0550000000000015
few_B_mediation	weak_information	mediation	50	20269050	68	0.808083776317978	0.808083776317978	0	0	1	0.999999999998229	0.0530306141274785	0.999999999998229	0.0530306141257044	TRUE	TRUE	0.0519999999999996
no_M_anchor_mediation	identification_boundary	diagnostic	1	20270001	60	0.808083776317978	0.808083776317978	0	0	1	0.999999999909333	0.0786443687233416	0.999999999909333	0.0786443686934162	NA	TRUE	0.0600000000000005
no_M_anchor_mediation	identification_boundary	diagnostic	2	20270002	60	0.808083776317978	0.808083776317978	0	0	0.999999999999992	0.999999999932303	0.0635819708069719	0.999999999932303	0.0635819707393415	NA	TRUE	0.059000000000001
no_M_anchor_mediation	identification_boundary	diagnostic	3	20270003	60	0.808083776317978	0.808083776317978	0	0	1.00000000000001	0.999999999999988	0.0618771682702913	0.999999999999988	0.0618771682702682	NA	TRUE	0.0549999999999997
no_M_anchor_mediation	identification_boundary	diagnostic	4	20270004	60	0.808083776317978	0.808083776317978	0	0	0.99999999999999	0.999999998162255	0.106170796043565	0.999999998162255	0.10617079420583	NA	TRUE	0.0549999999999997
no_M_anchor_mediation	identification_boundary	diagnostic	5	20270005	60	0.808083776317978	0.808083776317978	0	0	0.999999999999988	0.999999999118125	0.0750750234427358	0.999999999118125	0.0750750225608735	NA	TRUE	0.0470000000000006
no_M_anchor_mediation	identification_boundary	diagnostic	6	20270006	60	0.808083776317978	0.808083776317978	0	0	1.00000000000001	0.999999999969951	0.0813348051886575	0.999999999969951	0.0813348051586044	NA	TRUE	0.048
no_M_anchor_mediation	identification_boundary	diagnostic	7	20270007	60	0.808083776317978	0.808083776317978	0	0	1.00000000000001	0.999999999509809	0.0717321698182683	0.999999999509809	0.0717321693280648	NA	TRUE	0.059000000000001
no_M_anchor_mediation	identification_boundary	diagnostic	8	20270008	60	0.808083776317978	0.808083776317978	0	0	1	0.999999999906081	0.136310887817987	0.999999999906081	0.136310887724064	NA	TRUE	0.0510000000000002
no_M_anchor_mediation	identification_boundary	diagnostic	9	20270009	60	0.808083776317978	0.808083776317978	0	0	0.999999999999997	0.999999756943703	0.0933675045556377	0.999999756943703	0.0933672614995787	NA	TRUE	0.0640000000000001
no_M_anchor_mediation	identification_boundary	diagnostic	10	20270010	60	0.808083776317978	0.808083776317978	0	0	1	0.999995915653816	0.0890357397838213	0.999995915653816	0.0890316554786225	NA	TRUE	0.0459999999999994
no_M_anchor_mediation	identification_boundary	diagnostic	11	20270011	60	0.808083776317978	0.808083776317978	0	0	1	0.999999999360381	0.0823551351263537	0.999999999360381	0.0823551344867346	NA	TRUE	0.048
no_M_anchor_mediation	identification_boundary	diagnostic	12	20270012	60	0.808083776317978	0.808083776317978	0	0	1	0.999999999999996	0.0624144095904419	0.999999999999996	0.0624144095904386	NA	TRUE	0.0519999999999996
no_M_anchor_mediation	identification_boundary	diagnostic	13	20270013	60	0.808083776317978	0.808083776317978	0	0	1.00000000000001	0.999999999847946	0.166103924595686	0.999999999847946	0.166103924443622	NA	TRUE	0.0530000000000008
no_M_anchor_mediation	identification_boundary	diagnostic	14	20270014	60	0.808083776317978	0.808083776317978	0	0	0.999999999999997	0.999999997739058	0.0738770266873678	0.999999997739058	0.0738770244271622	NA	TRUE	0.0559999999999992
no_M_anchor_mediation	identification_boundary	diagnostic	15	20270015	60	0.808083776317978	0.808083776317978	0	0	0.999999999999995	0.999999996892655	0.12145366662669	0.999999996892655	0.12145366351935	NA	TRUE	0.0500000000000007
no_M_anchor_mediation	identification_boundary	diagnostic	16	20270016	60	0.808083776317978	0.808083776317978	0	0	1	0.999999999896774	0.0867384766158458	0.999999999896774	0.0867384765126173	NA	TRUE	0.0519999999999996
no_M_anchor_mediation	identification_boundary	diagnostic	17	20270017	60	0.808083776317978	0.808083776317978	0	0	0.999999999999995	0.999999959042232	0.0700216378986162	0.999999959042232	0.070021600682576	NA	TRUE	0.0619999999999994
no_M_anchor_mediation	identification_boundary	diagnostic	18	20270018	60	0.808083776317978	0.808083776317978	0	0	0.999999999999988	0.999999995458844	0.0576342038892787	0.999999995458844	0.057634199356169	NA	TRUE	0.0540000000000003
no_M_anchor_mediation	identification_boundary	diagnostic	19	20270019	60	0.808083776317978	0.808083776317978	0	0	0.999999999999986	0.999999999314274	0.199413905311075	0.999999999314274	0.199413904625362	NA	TRUE	0.059000000000001
no_M_anchor_mediation	identification_boundary	diagnostic	20	20270020	60	0.808083776317978	0.808083776317978	0	0	1	0.999999997229481	0.101722064095981	0.999999997229481	0.10172206132546	NA	TRUE	0.0519999999999996
no_M_anchor_mediation	identification_boundary	diagnostic	21	20270021	60	0.808083776317978	0.808083776317978	0	0	0.999999999999993	0.999999996471138	0.157349168561519	0.999999996471138	0.157349165032664	NA	TRUE	0.0650000000000013
no_M_anchor_mediation	identification_boundary	diagnostic	22	20270022	60	0.808083776317978	0.808083776317978	0	0	1.00000000000001	0.999999850645131	0.0694102181248028	0.999999850645131	0.0694101567121933	NA	TRUE	0.0489999999999995
no_M_anchor_mediation	identification_boundary	diagnostic	23	20270023	60	0.808083776317978	0.808083776317978	0	0	1.00000000000001	0.999999999309622	0.0590740547268913	0.999999999309622	0.0590740540366489	NA	TRUE	0.0550000000000015
no_M_anchor_mediation	identification_boundary	diagnostic	24	20270024	60	0.808083776317978	0.808083776317978	0	0	0.999999999999994	0.999999999986155	0.15535128302249	0.999999999986155	0.155351283008651	NA	TRUE	0.043000000000001
no_M_anchor_mediation	identification_boundary	diagnostic	25	20270025	60	0.808083776317978	0.808083776317978	0	0	1.00000000000001	0.999999952395331	0.058044353811377	0.999999952395331	0.0580443062087759	NA	TRUE	0.0649999999999995
no_M_anchor_mediation	identification_boundary	diagnostic	26	20270026	60	0.808083776317978	0.808083776317978	0	0	1.00000000000001	0.99999982636278	0.219314898640577	0.99999982636278	0.219314725003351	NA	TRUE	0.0609999999999999
no_M_anchor_mediation	identification_boundary	diagnostic	27	20270027	60	0.808083776317978	0.808083776317978	0	0	0.999999999999989	0.999999999806208	0.0829397804303167	0.999999999806208	0.0829397802367014	NA	TRUE	0.0549999999999997
no_M_anchor_mediation	identification_boundary	diagnostic	28	20270028	60	0.808083776317978	0.808083776317978	0	0	1.00000000000001	0.99999999999997	0.0795167452424534	0.99999999999997	0.0795167452424178	NA	TRUE	0.0530000000000008
no_M_anchor_mediation	identification_boundary	diagnostic	29	20270029	60	0.808083776317978	0.808083776317978	0	0	0.999999999999997	0.999999997302799	0.10840753764081	0.999999997302799	0.108407534943612	NA	TRUE	0.0640000000000001
no_M_anchor_mediation	identification_boundary	diagnostic	30	20270030	60	0.808083776317978	0.808083776317978	0	0	0.999999999999986	0.999999999873501	0.0786761864419328	0.999999999873501	0.078676186315454	NA	TRUE	0.0490000000000013
no_M_anchor_mediation	identification_boundary	diagnostic	31	20270031	60	0.808083776317978	0.808083776317978	0	0	1.00000000000001	0.999999970110234	0.112652945198007	0.999999970110234	0.112652915310304	NA	TRUE	0.0520000000000014
no_M_anchor_mediation	identification_boundary	diagnostic	32	20270032	60	0.808083776317978	0.808083776317978	0	0	0.999999999999987	0.999999999999972	0.0606218401100572	0.999999999999972	0.0606218401100425	NA	TRUE	0.0500000000000007
no_M_anchor_mediation	identification_boundary	diagnostic	33	20270033	60	0.808083776317978	0.808083776317978	0	0	1	0.999999999950534	0.0683305278636621	0.999999999950534	0.0683305278142891	NA	TRUE	0.0600000000000005
no_M_anchor_mediation	identification_boundary	diagnostic	34	20270034	60	0.808083776317978	0.808083776317978	0	0	0.999999999999996	0.999999578599968	0.0798906393963903	0.999999578599968	0.079890269737468	NA	TRUE	0.052999999999999
no_M_anchor_mediation	identification_boundary	diagnostic	35	20270035	60	0.808083776317978	0.808083776317978	0	0	1.00000000000001	0.999999999999514	0.0637178159559121	0.999999999999514	0.0637178159554156	NA	TRUE	0.0600000000000005
no_M_anchor_mediation	identification_boundary	diagnostic	36	20270036	60	0.808083776317978	0.808083776317978	0	0	0.999999999999999	0.999999998235642	0.102043276958366	0.999999998235642	0.102043275194008	NA	TRUE	0.0560000000000009
no_M_anchor_mediation	identification_boundary	diagnostic	37	20270037	60	0.808083776317978	0.808083776317978	0	0	1.00000000000001	1	0.0756481184642071	1	0.0756481184641978	NA	TRUE	0.0500000000000007
no_M_anchor_mediation	identification_boundary	diagnostic	38	20270038	60	0.808083776317978	0.808083776317978	0	0	0.999999999999986	0.99999999993528	0.0618511090189093	0.99999999993528	0.061851108954287	NA	TRUE	0.0660000000000007
no_M_anchor_mediation	identification_boundary	diagnostic	39	20270039	60	0.808083776317978	0.808083776317978	0	0	1.00000000000001	0.999999857667336	0.0851186699355783	0.999999857667336	0.0851185276029591	NA	TRUE	0.0710000000000015
no_M_anchor_mediation	identification_boundary	diagnostic	40	20270040	60	0.808083776317978	0.808083776317978	0	0	0.999999999999992	0.999999999989115	0.111229637682856	0.999999999989115	0.111229637671979	NA	TRUE	0.0550000000000015
no_M_anchor_mediation	identification_boundary	diagnostic	41	20270041	60	0.808083776317978	0.808083776317978	0	0	1	0.999999999563017	0.0694678819020952	0.999999999563017	0.0694678814651377	NA	TRUE	0.048
no_M_anchor_mediation	identification_boundary	diagnostic	42	20270042	60	0.808083776317978	0.808083776317978	0	0	0.999999999999999	0.999999999952167	0.0582898642720599	0.999999999952167	0.0582898642242416	NA	TRUE	0.059000000000001
no_M_anchor_mediation	identification_boundary	diagnostic	43	20270043	60	0.808083776317978	0.808083776317978	0	0	0.99999999999999	0.999991793161956	0.0792118054042219	0.999991793161956	0.0792036095382521	NA	TRUE	0.0649999999999995
no_M_anchor_mediation	identification_boundary	diagnostic	44	20270044	60	0.808083776317978	0.808083776317978	0	0	1	0.999999941430621	0.0619376126299887	0.999999941430621	0.0619375540652087	NA	TRUE	0.0600000000000005
no_M_anchor_mediation	identification_boundary	diagnostic	45	20270045	60	0.808083776317978	0.808083776317978	0	0	0.999999999999994	0.999999999785513	0.132694105539604	0.999999999785513	0.132694105325124	NA	TRUE	0.0640000000000001
no_M_anchor_mediation	identification_boundary	diagnostic	46	20270046	60	0.808083776317978	0.808083776317978	0	0	1.00000000000001	0.999990463186629	0.10055459405515	0.999990463186629	0.100545057417737	NA	TRUE	0.0670000000000002
no_M_anchor_mediation	identification_boundary	diagnostic	47	20270047	60	0.808083776317978	0.808083776317978	0	0	0.999999999999991	0.999999999999802	0.0764431538677198	0.999999999999802	0.0764431538675309	NA	TRUE	0.065999999999999
no_M_anchor_mediation	identification_boundary	diagnostic	48	20270048	60	0.808083776317978	0.808083776317978	0	0	1.00000000000001	0.999999995600571	0.0615636494262582	0.999999995600571	0.0615636450295883	NA	TRUE	0.072000000000001
no_M_anchor_mediation	identification_boundary	diagnostic	49	20270049	60	0.808083776317978	0.808083776317978	0	0	0.999999999999993	0.999999941635416	0.079008425084275	0.999999941635416	0.0790083667265301	NA	TRUE	0.0670000000000002
no_M_anchor_mediation	identification_boundary	diagnostic	50	20270050	60	0.808083776317978	0.808083776317978	0	0	1	0.999999993724874	0.067649022956442	0.999999993724874	0.067649016688857	NA	TRUE	0.0640000000000001
sparse_pleiotropy	misspecified_mixture	diagnostic	1	20271001	180	0.808083776317978	0	0.808083776317978	0.05	0.999999999999986	0.0483383685807599	0.999999978022306	0.0483383685807599	0.0483383675183947	NA	FALSE	0.119
sparse_pleiotropy	misspecified_mixture	diagnostic	2	20271002	180	0.808083776317978	0	0.808083776317978	0.05	1	0.0483383685800648	0.0483702478171249	0.0483383685800648	0.00233813886729302	NA	FALSE	0.125999999999999
sparse_pleiotropy	misspecified_mixture	diagnostic	3	20271003	180	0.808083776317978	0	0.808083776317978	0.05	0.99999999999996	0.048338368580091	0.0504626250471776	0.048338368580091	0.00243928096907607	NA	FALSE	0.126000000000001
sparse_pleiotropy	misspecified_mixture	diagnostic	4	20271004	180	0.808083776317978	0	0.808083776317978	0.05	0.999999999999943	0.0483383686022835	0.999992452064269	0.0483383686022835	0.0483380037473869	NA	FALSE	0.125
sparse_pleiotropy	misspecified_mixture	diagnostic	5	20271005	180	0.808083776317978	0	0.808083776317978	0.05	0.999999999999992	0.0483383686103512	0.926587104442657	0.0483383686103512	0.044789709006371	NA	FALSE	0.125
sparse_pleiotropy	misspecified_mixture	diagnostic	6	20271006	180	0.808083776317978	0	0.808083776317978	0.05	0.999999999999956	0.0483383685800629	0.0483450375445901	0.0483383685800629	0.00233692024384748	NA	FALSE	0.134
sparse_pleiotropy	misspecified_mixture	diagnostic	7	20271007	180	0.808083776317978	0	0.808083776317978	0.05	0.999999999999996	0.0483383685815861	0.0797968072997727	0.0483383685815861	0.00385724748429248	NA	FALSE	0.124000000000001
sparse_pleiotropy	misspecified_mixture	diagnostic	8	20271008	180	0.808083776317978	0	0.808083776317978	0.05	1.00000000000002	0.0483383691040341	1.00000000000002	0.0483383691040341	0.0483383691040341	NA	FALSE	0.119000000000002
sparse_pleiotropy	misspecified_mixture	diagnostic	9	20271009	180	0.808083776317978	0	0.808083776317978	0.05	1.00000000000002	0.0483383685804084	0.999999687863729	0.0483383685804084	0.0483383534922495	NA	FALSE	0.125
sparse_pleiotropy	misspecified_mixture	diagnostic	10	20271010	180	0.808083776317978	0	0.808083776317978	0.05	0.999999999999998	0.0483383685885812	0.999945956605158	0.0483383685885812	0.0483357562190421	NA	FALSE	0.125
sparse_pleiotropy	misspecified_mixture	diagnostic	11	20271011	180	0.808083776317978	0	0.808083776317978	0.05	1	0.0483383685800973	0.068293311199567	0.0483383685800973	0.00330118724835222	NA	FALSE	0.122
sparse_pleiotropy	misspecified_mixture	diagnostic	12	20271012	180	0.808083776317978	0	0.808083776317978	0.05	0.999999999999981	0.0483383686186103	0.99999999999983	0.0483383686186103	0.048338368618603	NA	FALSE	0.113000000000001
sparse_pleiotropy	misspecified_mixture	diagnostic	13	20271013	180	0.808083776317978	0	0.808083776317978	0.05	1.00000000000002	0.0483383688633403	0.999998702572032	0.0483383688633403	0.0483383061477878	NA	FALSE	0.106
sparse_pleiotropy	misspecified_mixture	diagnostic	14	20271014	180	0.808083776317978	0	0.808083776317978	0.05	1.00000000000004	0.048338368580069	0.0523673747538251	0.048338368580069	0.0025313534624227	NA	FALSE	0.118
sparse_pleiotropy	misspecified_mixture	diagnostic	15	20271015	180	0.808083776317978	0	0.808083776317978	0.05	1.00000000000001	0.0483383685800628	0.0513491684605229	0.0483383685800628	0.00248213503132689	NA	FALSE	0.133999999999999
sparse_pleiotropy	misspecified_mixture	diagnostic	16	20271016	180	0.808083776317978	0	0.808083776317978	0.05	1.00000000000001	0.0483383685837844	0.987611338182344	0.0483383685837844	0.0477395208826282	NA	FALSE	0.118
sparse_pleiotropy	misspecified_mixture	diagnostic	17	20271017	180	0.808083776317978	0	0.808083776317978	0.05	1.00000000000001	0.0483383685818778	0.999999995055302	0.0483383685818778	0.0483383683428585	NA	FALSE	0.126000000000001
sparse_pleiotropy	misspecified_mixture	diagnostic	18	20271018	180	0.808083776317978	0	0.808083776317978	0.05	1.00000000000002	0.0483383688294385	1.00000000000002	0.0483383688294385	0.0483383688294382	NA	FALSE	0.111000000000001
sparse_pleiotropy	misspecified_mixture	diagnostic	19	20271019	180	0.808083776317978	0	0.808083776317978	0.05	0.999999999999975	0.0483383685801548	0.994138710566776	0.0483383685801548	0.0480550434111784	NA	FALSE	0.105
sparse_pleiotropy	misspecified_mixture	diagnostic	20	20271020	180	0.808083776317978	0	0.808083776317978	0.05	0.99999999999998	0.0483383685800589	0.0483520064528299	0.0483383685800589	0.00233725710950245	NA	FALSE	0.118
sparse_pleiotropy	misspecified_mixture	diagnostic	21	20271021	180	0.808083776317978	0	0.808083776317978	0.05	0.999999999999977	0.0483383689243548	0.920073574272248	0.0483383689243548	0.0444748558982411	NA	FALSE	0.115
sparse_pleiotropy	misspecified_mixture	diagnostic	22	20271022	180	0.808083776317978	0	0.808083776317978	0.05	0.999999999999978	0.0483383685800691	0.995082027129681	0.0483383685800691	0.048100641794798	NA	FALSE	0.108000000000001
sparse_pleiotropy	misspecified_mixture	diagnostic	23	20271023	180	0.808083776317978	0	0.808083776317978	0.05	1.00000000000005	0.0483383696209953	1.00000000000005	0.0483383696209953	0.0483383696209953	NA	FALSE	0.103000000000002
sparse_pleiotropy	misspecified_mixture	diagnostic	24	20271024	180	0.808083776317978	0	0.808083776317978	0.05	0.999999999999973	0.0483383685800742	0.0591974336188865	0.0483383685800742	0.00286150736527419	NA	FALSE	0.118
sparse_pleiotropy	misspecified_mixture	diagnostic	25	20271025	180	0.808083776317978	0	0.808083776317978	0.05	0.999999999999981	0.0483383693333038	0.999999999999981	0.0483383693333038	0.0483383693333038	NA	FALSE	0.111000000000001
sparse_pleiotropy	misspecified_mixture	diagnostic	26	20271026	180	0.808083776317978	0	0.808083776317978	0.05	1.00000000000005	0.0483383685846621	0.581439519342625	0.0483383685846621	0.0281058377975943	NA	FALSE	0.115
sparse_pleiotropy	misspecified_mixture	diagnostic	27	20271027	180	0.808083776317978	0	0.808083776317978	0.05	0.999999999999993	0.0483383690586721	0.999999999999993	0.0483383690586721	0.0483383690586721	NA	FALSE	0.142999999999999
sparse_pleiotropy	misspecified_mixture	diagnostic	28	20271028	180	0.808083776317978	0	0.808083776317978	0.05	0.999999999999991	0.0483383687337963	0.311375047127858	0.0483383687337963	0.0150513619484333	NA	FALSE	0.105
sparse_pleiotropy	misspecified_mixture	diagnostic	29	20271029	180	0.808083776317978	0	0.808083776317978	0.05	1	0.0483383685800624	0.0498396031677045	0.0483383685800624	0.00240916510780454	NA	FALSE	0.110000000000001
sparse_pleiotropy	misspecified_mixture	diagnostic	30	20271030	180	0.808083776317978	0	0.808083776317978	0.05	1.00000000000002	0.0483383697793682	0.999999999969558	0.0483383697793682	0.0483383697778955	NA	FALSE	0.110000000000001
sparse_pleiotropy	misspecified_mixture	diagnostic	31	20271031	180	0.808083776317978	0	0.808083776317978	0.05	1.00000000000002	0.0483383685800656	0.0483446381189931	0.0483383685800656	0.0023369009362655	NA	FALSE	0.114999999999998
sparse_pleiotropy	misspecified_mixture	diagnostic	32	20271032	180	0.808083776317978	0	0.808083776317978	0.05	0.999999999999991	0.0483383685811103	0.604127792306319	0.0483383685811103	0.0292025518950096	NA	FALSE	0.103000000000002
sparse_pleiotropy	misspecified_mixture	diagnostic	33	20271033	180	0.808083776317978	0	0.808083776317978	0.05	1	0.0483383685800649	0.0484288821991384	0.0483383685800649	0.00234097315766225	NA	FALSE	0.111000000000001
sparse_pleiotropy	misspecified_mixture	diagnostic	34	20271034	180	0.808083776317978	0	0.808083776317978	0.05	1.00000000000002	0.04833837329063	0.993605834837594	0.04833837329063	0.048029289778247	NA	FALSE	0.116
sparse_pleiotropy	misspecified_mixture	diagnostic	35	20271035	180	0.808083776317978	0	0.808083776317978	0.05	1	0.0483383686156376	0.0677927939291071	0.0483383686156376	0.00327699309559485	NA	FALSE	0.118
sparse_pleiotropy	misspecified_mixture	diagnostic	36	20271036	180	0.808083776317978	0	0.808083776317978	0.05	0.999999999999965	0.0483383685803285	0.956834853251312	0.0483383685803285	0.0462518358069796	NA	FALSE	0.122999999999999
sparse_pleiotropy	misspecified_mixture	diagnostic	37	20271037	180	0.808083776317978	0	0.808083776317978	0.05	0.999999999999996	0.0483383685800597	0.0483487637421586	0.0483383685800597	0.00233710036215882	NA	FALSE	0.102
sparse_pleiotropy	misspecified_mixture	diagnostic	38	20271038	180	0.808083776317978	0	0.808083776317978	0.05	0.999999999999978	0.0483383685928437	0.92687998883952	0.0483383685928437	0.0448038665427914	NA	FALSE	0.121
sparse_pleiotropy	misspecified_mixture	diagnostic	39	20271039	180	0.808083776317978	0	0.808083776317978	0.05	0.999999999999986	0.048338368669771	0.999999999999986	0.048338368669771	0.048338368669771	NA	FALSE	0.125
sparse_pleiotropy	misspecified_mixture	diagnostic	40	20271040	180	0.808083776317978	0	0.808083776317978	0.05	1.00000000000002	0.0483383685800636	0.0516828833264535	0.0483383685800636	0.00249826626351704	NA	FALSE	0.113
sparse_pleiotropy	misspecified_mixture	diagnostic	41	20271041	180	0.808083776317978	0	0.808083776317978	0.05	0.999999999999958	0.0483383685803336	0.111250556662913	0.0483383685803336	0.00537767041297986	NA	FALSE	0.124000000000001
sparse_pleiotropy	misspecified_mixture	diagnostic	42	20271042	180	0.808083776317978	0	0.808083776317978	0.05	1.00000000000004	0.0483383685814059	0.999999999997227	0.0483383685814059	0.0483383685812698	NA	FALSE	0.115
sparse_pleiotropy	misspecified_mixture	diagnostic	43	20271043	180	0.808083776317978	0	0.808083776317978	0.05	0.999999999999979	0.0483383685820984	0.999999994201861	0.0483383685820984	0.0483383683018268	NA	FALSE	0.119
sparse_pleiotropy	misspecified_mixture	diagnostic	44	20271044	180	0.808083776317978	0	0.808083776317978	0.05	1.00000000000003	0.048338368617318	0.999990089394887	0.048338368617318	0.0483378895548337	NA	FALSE	0.116999999999999
sparse_pleiotropy	misspecified_mixture	diagnostic	45	20271045	180	0.808083776317978	0	0.808083776317978	0.05	0.99999999999995	0.0483383686076327	0.801296824782426	0.0483383686076327	0.0387333812859388	NA	FALSE	0.129000000000001
sparse_pleiotropy	misspecified_mixture	diagnostic	46	20271046	180	0.808083776317978	0	0.808083776317978	0.05	1.00000000000001	0.0483383686044573	0.999999684783645	0.0483383686044573	0.0483383533674124	NA	FALSE	0.113
sparse_pleiotropy	misspecified_mixture	diagnostic	47	20271047	180	0.808083776317978	0	0.808083776317978	0.05	0.999999999999977	0.048338368589271	0.999999999998446	0.048338368589271	0.0483383685891969	NA	FALSE	0.117000000000001
sparse_pleiotropy	misspecified_mixture	diagnostic	48	20271048	180	0.808083776317978	0	0.808083776317978	0.05	0.999999999999947	0.0483383686956775	0.999999999974176	0.0483383686956775	0.0483383686944318	NA	FALSE	0.109999999999999
sparse_pleiotropy	misspecified_mixture	diagnostic	49	20271049	180	0.808083776317978	0	0.808083776317978	0.05	0.999999999999975	0.0483383686352495	0.945581542613426	0.0483383686352495	0.0457078691845402	NA	FALSE	0.121
sparse_pleiotropy	misspecified_mixture	diagnostic	50	20271050	180	0.808083776317978	0	0.808083776317978	0.05	1.00000000000001	0.0483383686864346	0.999240256846983	0.0483383686864346	0.0483016439418773	NA	FALSE	0.106999999999999
near_aligned_pleiotropy	near_boundary	diagnostic	1	20272001	180	0.808083776317978	0	0.808083776317978	0.95	1	0.999988493121204	0.903566667412976	0.999988493121204	0.903555160534179	NA	TRUE	0.115
near_aligned_pleiotropy	near_boundary	diagnostic	2	20272002	180	0.808083776317978	0	0.808083776317978	0.95	1.00000000000001	0.999999999959116	0.0484492621872129	0.999999999959116	0.048449262146315	NA	TRUE	0.106999999999999
near_aligned_pleiotropy	near_boundary	diagnostic	3	20272003	180	0.808083776317978	0	0.808083776317978	0.95	0.999999999999994	0.999999999999095	0.0483399946894037	0.999999999999095	0.0483399946885044	NA	TRUE	0.100999999999999
near_aligned_pleiotropy	near_boundary	diagnostic	4	20272004	180	0.808083776317978	0	0.808083776317978	0.95	1.00000000000003	0.99999794285084	0.99999723910164	0.99999794285084	0.999995181952453	NA	TRUE	0.0960000000000001
near_aligned_pleiotropy	near_boundary	diagnostic	5	20272005	180	0.808083776317978	0	0.808083776317978	0.95	0.999999999999999	0.999970050943902	0.368285902794835	0.999970050943902	0.368255953738738	NA	TRUE	0.119
near_aligned_pleiotropy	near_boundary	diagnostic	6	20272006	180	0.808083776317978	0	0.808083776317978	0.95	0.999999999999998	0.999999999956052	0.0483599601609214	0.999999999956052	0.0483599601169756	NA	TRUE	0.118
near_aligned_pleiotropy	near_boundary	diagnostic	7	20272007	180	0.808083776317978	0	0.808083776317978	0.95	0.999999999999975	0.999984260055125	0.482805365272191	0.999984260055125	0.482789625327341	NA	TRUE	0.118
near_aligned_pleiotropy	near_boundary	diagnostic	8	20272008	180	0.808083776317978	0	0.808083776317978	0.95	0.999999999999974	0.999979650786375	0.986912902587578	0.999979650786375	0.986892553373978	NA	TRUE	0.114000000000001
near_aligned_pleiotropy	near_boundary	diagnostic	9	20272009	180	0.808083776317978	0	0.808083776317978	0.95	1.00000000000001	0.999584527490666	1.00000000000001	0.999584527490666	0.999584527490666	NA	TRUE	0.101999999999999
near_aligned_pleiotropy	near_boundary	diagnostic	10	20272010	180	0.808083776317978	0	0.808083776317978	0.95	1	0.999999999710206	0.0484314019012084	0.999999999710206	0.0484314016114135	NA	TRUE	0.112
near_aligned_pleiotropy	near_boundary	diagnostic	11	20272011	180	0.808083776317978	0	0.808083776317978	0.95	1.00000000000001	0.999999999999999	0.0483427304216258	0.999999999999999	0.0483427304216167	NA	TRUE	0.125
near_aligned_pleiotropy	near_boundary	diagnostic	12	20272012	180	0.808083776317978	0	0.808083776317978	0.95	1	0.999999998309739	0.0566021427041479	0.999999998309739	0.0566021410138823	NA	TRUE	0.116
near_aligned_pleiotropy	near_boundary	diagnostic	13	20272013	180	0.808083776317978	0	0.808083776317978	0.95	0.999999999999989	0.999214292313471	0.996342254944476	0.999214292313471	0.995556547257958	NA	TRUE	0.107000000000001
near_aligned_pleiotropy	near_boundary	diagnostic	14	20272014	180	0.808083776317978	0	0.808083776317978	0.95	0.999999999999992	0.999999987474538	0.0536582281887337	0.999999987474538	0.0536582156632805	NA	TRUE	0.107999999999999
near_aligned_pleiotropy	near_boundary	diagnostic	15	20272015	180	0.808083776317978	0	0.808083776317978	0.95	0.999999999999974	0.997652546957522	0.999956625719121	0.997652546957522	0.997609172676669	NA	TRUE	0.111000000000001
near_aligned_pleiotropy	near_boundary	diagnostic	16	20272016	180	0.808083776317978	0	0.808083776317978	0.95	0.999999999999998	0.999988221153805	0.74161413064087	0.999988221153805	0.741602351794678	NA	TRUE	0.119999999999999
near_aligned_pleiotropy	near_boundary	diagnostic	17	20272017	180	0.808083776317978	0	0.808083776317978	0.95	1.00000000000001	0.999999992685892	0.0549281521990002	0.999999992685892	0.054928144884887	NA	TRUE	0.106999999999999
near_aligned_pleiotropy	near_boundary	diagnostic	18	20272018	180	0.808083776317978	0	0.808083776317978	0.95	1	0.999890250376027	0.999999999999986	0.999890250376027	0.999890250376013	NA	TRUE	0.113999999999999
near_aligned_pleiotropy	near_boundary	diagnostic	19	20272019	180	0.808083776317978	0	0.808083776317978	0.95	0.999999999999983	0.999999063444658	0.94997220632798	0.999999063444658	0.949971269772656	NA	TRUE	0.111000000000001
near_aligned_pleiotropy	near_boundary	diagnostic	20	20272020	180	0.808083776317978	0	0.808083776317978	0.95	1.00000000000001	0.999993646052695	0.092944731106971	0.999993646052695	0.0929383771596543	NA	TRUE	0.107999999999999
near_aligned_pleiotropy	near_boundary	diagnostic	21	20272021	180	0.808083776317978	0	0.808083776317978	0.95	0.999999999999988	0.994506868369539	0.999999999999949	0.994506868369539	0.9945068683695	NA	TRUE	0.131
near_aligned_pleiotropy	near_boundary	diagnostic	22	20272022	180	0.808083776317978	0	0.808083776317978	0.95	0.999999999999998	0.999999871789793	0.976575566354932	0.999999871789793	0.976575438144728	NA	TRUE	0.121
near_aligned_pleiotropy	near_boundary	diagnostic	23	20272023	180	0.808083776317978	0	0.808083776317978	0.95	0.999999999999982	0.99999999999967	0.0483401291627888	0.99999999999967	0.0483401291624766	NA	TRUE	0.119
near_aligned_pleiotropy	near_boundary	diagnostic	24	20272024	180	0.808083776317978	0	0.808083776317978	0.95	1.00000000000002	0.994147099264883	0.999999997779578	0.994147099264883	0.994147097044443	NA	TRUE	0.116999999999999
near_aligned_pleiotropy	near_boundary	diagnostic	25	20272025	180	0.808083776317978	0	0.808083776317978	0.95	0.999999999999981	0.999999559633104	0.972235318581085	0.999999559633104	0.972234878214208	NA	TRUE	0.121
near_aligned_pleiotropy	near_boundary	diagnostic	26	20272026	180	0.808083776317978	0	0.808083776317978	0.95	1	0.999993469274228	0.99647707487886	0.999993469274228	0.996470544153085	NA	TRUE	0.129000000000001
near_aligned_pleiotropy	near_boundary	diagnostic	27	20272027	180	0.808083776317978	0	0.808083776317978	0.95	1.00000000000002	0.999999997203121	0.0493971709357728	0.999999997203121	0.0493971681388792	NA	TRUE	0.108000000000001
near_aligned_pleiotropy	near_boundary	diagnostic	28	20272028	180	0.808083776317978	0	0.808083776317978	0.95	1.00000000000002	0.999999355243422	0.6352461662525	0.999999355243422	0.635245521495902	NA	TRUE	0.129999999999999
near_aligned_pleiotropy	near_boundary	diagnostic	29	20272029	180	0.808083776317978	0	0.808083776317978	0.95	1.00000000000001	0.999999928338537	0.0492848152314624	0.999999928338537	0.0492847435699921	NA	TRUE	0.0969999999999995
near_aligned_pleiotropy	near_boundary	diagnostic	30	20272030	180	0.808083776317978	0	0.808083776317978	0.95	0.999999999999982	0.999999587429996	0.958863222045737	0.999999587429996	0.95886280947575	NA	TRUE	0.122
near_aligned_pleiotropy	near_boundary	diagnostic	31	20272031	180	0.808083776317978	0	0.808083776317978	0.95	0.999999999999992	0.999999999163559	0.078873897140831	0.999999999163559	0.0788738963043984	NA	TRUE	0.125999999999999
near_aligned_pleiotropy	near_boundary	diagnostic	32	20272032	180	0.808083776317978	0	0.808083776317978	0.95	0.999999999999975	0.999394461373028	0.999770002171815	0.999394461373028	0.999164463544868	NA	TRUE	0.114999999999998
near_aligned_pleiotropy	near_boundary	diagnostic	33	20272033	180	0.808083776317978	0	0.808083776317978	0.95	0.999999999999996	0.999256217136585	0.223360091249378	0.999256217136585	0.222616308385967	NA	TRUE	0.117000000000001
near_aligned_pleiotropy	near_boundary	diagnostic	34	20272034	180	0.808083776317978	0	0.808083776317978	0.95	1.00000000000002	0.999982934297206	0.0551713606328552	0.999982934297206	0.0551542949300367	NA	TRUE	0.109999999999999
near_aligned_pleiotropy	near_boundary	diagnostic	35	20272035	180	0.808083776317978	0	0.808083776317978	0.95	0.999999999999979	0.999998916750254	0.998331140256588	0.999998916750254	0.998330057006863	NA	TRUE	0.122
near_aligned_pleiotropy	near_boundary	diagnostic	36	20272036	180	0.808083776317978	0	0.808083776317978	0.95	1.00000000000001	0.998153623533964	1.00000000000001	0.998153623533964	0.998153623533964	NA	TRUE	0.125
near_aligned_pleiotropy	near_boundary	diagnostic	37	20272037	180	0.808083776317978	0	0.808083776317978	0.95	1.00000000000001	0.999999961952285	0.0562945347696702	0.999999961952285	0.0562944967219468	NA	TRUE	0.109
near_aligned_pleiotropy	near_boundary	diagnostic	38	20272038	180	0.808083776317978	0	0.808083776317978	0.95	1.00000000000002	0.999999705560302	0.0614085767110117	0.999999705560302	0.0614082822712924	NA	TRUE	0.118
near_aligned_pleiotropy	near_boundary	diagnostic	39	20272039	180	0.808083776317978	0	0.808083776317978	0.95	1.00000000000001	0.999520104521633	0.999999661210817	0.999520104521633	0.999519765732443	NA	TRUE	0.109
near_aligned_pleiotropy	near_boundary	diagnostic	40	20272040	180	0.808083776317978	0	0.808083776317978	0.95	0.99999999999998	0.999998613641634	0.992018833459111	0.999998613641634	0.992017447100765	NA	TRUE	0.113000000000001
near_aligned_pleiotropy	near_boundary	diagnostic	41	20272041	180	0.808083776317978	0	0.808083776317978	0.95	0.999999999999982	0.99999999998345	0.0483475038860755	0.99999999998345	0.0483475038695436	NA	TRUE	0.118
near_aligned_pleiotropy	near_boundary	diagnostic	42	20272042	180	0.808083776317978	0	0.808083776317978	0.95	0.999999999999988	0.99522782161915	0.999999999933431	0.99522782161915	0.995227821552594	NA	TRUE	0.119999999999999
near_aligned_pleiotropy	near_boundary	diagnostic	43	20272043	180	0.808083776317978	0	0.808083776317978	0.95	1.00000000000002	0.999994732301493	0.999929499760329	0.999994732301493	0.9999242320618	NA	TRUE	0.124000000000001
near_aligned_pleiotropy	near_boundary	diagnostic	44	20272044	180	0.808083776317978	0	0.808083776317978	0.95	0.999999999999981	0.992121492994589	0.999999999999981	0.992121492994589	0.992121492994589	NA	TRUE	0.106999999999999
near_aligned_pleiotropy	near_boundary	diagnostic	45	20272045	180	0.808083776317978	0	0.808083776317978	0.95	0.999999999999987	0.996771593578118	0.982360555993824	0.996771593578118	0.979132149571955	NA	TRUE	0.114000000000001
near_aligned_pleiotropy	near_boundary	diagnostic	46	20272046	180	0.808083776317978	0	0.808083776317978	0.95	1.00000000000003	0.999999483361024	0.0510721940589613	0.999999483361024	0.0510716774199594	NA	TRUE	0.122999999999999
near_aligned_pleiotropy	near_boundary	diagnostic	47	20272047	180	0.808083776317978	0	0.808083776317978	0.95	0.999999999999992	0.999999998720184	0.048500873873501	0.999999998720184	0.0485008725936929	NA	TRUE	0.115
near_aligned_pleiotropy	near_boundary	diagnostic	48	20272048	180	0.808083776317978	0	0.808083776317978	0.95	0.999999999999988	0.999980061447648	0.963635201557832	0.999980061447648	0.963615263005492	NA	TRUE	0.129999999999999
near_aligned_pleiotropy	near_boundary	diagnostic	49	20272049	180	0.808083776317978	0	0.808083776317978	0.95	0.999999999999974	0.999999959473048	0.162088318456349	0.999999959473048	0.162088277929423	NA	TRUE	0.115
near_aligned_pleiotropy	near_boundary	diagnostic	50	20272050	180	0.808083776317978	0	0.808083776317978	0.95	1	0.998951671294398	0.99966506882301	0.998951671294398	0.998616740117409	NA	TRUE	0.132
exact_aligned_pleiotropy	nonidentified_boundary	diagnostic	1	20273001	180	0.808083776317978	0	0.808083776317978	1	0.999999999999944	0.999999999999936	0.0483409502554998	0.999999999999936	0.0483409502554921	NA	TRUE	0.109
exact_aligned_pleiotropy	nonidentified_boundary	diagnostic	2	20273002	180	0.808083776317978	0	0.808083776317978	1	0.999999999999954	0.999999999999952	0.0483387771280572	0.999999999999952	0.0483387771280548	NA	TRUE	0.108000000000001
exact_aligned_pleiotropy	nonidentified_boundary	diagnostic	3	20273003	180	0.808083776317978	0	0.808083776317978	1	0.99999999999999	0.99999999999366	0.0483486310484808	0.99999999999366	0.0483486310421509	NA	TRUE	0.109
exact_aligned_pleiotropy	nonidentified_boundary	diagnostic	4	20273004	180	0.808083776317978	0	0.808083776317978	1	0.999999999999973	0.9999999999986	0.0483885097111	0.9999999999986	0.0483885097097272	NA	TRUE	0.128
exact_aligned_pleiotropy	nonidentified_boundary	diagnostic	5	20273005	180	0.808083776317978	0	0.808083776317978	1	0.999999999999977	0.999999999998799	0.0483435480068799	0.999999999998799	0.0483435480057021	NA	TRUE	0.111000000000001
exact_aligned_pleiotropy	nonidentified_boundary	diagnostic	6	20273006	180	0.808083776317978	0	0.808083776317978	1	0.999999999999951	0.999999999997834	0.0483439890035935	0.999999999997834	0.0483439890014769	NA	TRUE	0.106999999999999
exact_aligned_pleiotropy	nonidentified_boundary	diagnostic	7	20273007	180	0.808083776317978	0	0.808083776317978	1	1.00000000000003	1.00000000000003	0.0483420937050838	1.00000000000003	0.0483420937050825	NA	TRUE	0.116
exact_aligned_pleiotropy	nonidentified_boundary	diagnostic	8	20273008	180	0.808083776317978	0	0.808083776317978	1	1.00000000000003	0.999999999974469	0.0483729558700113	0.999999999974469	0.0483729558444539	NA	TRUE	0.121
exact_aligned_pleiotropy	nonidentified_boundary	diagnostic	9	20273009	180	0.808083776317978	0	0.808083776317978	1	0.999999999999984	0.99999999999998	0.0483399636471701	0.99999999999998	0.0483399636471662	NA	TRUE	0.126000000000001
exact_aligned_pleiotropy	nonidentified_boundary	diagnostic	10	20273010	180	0.808083776317978	0	0.808083776317978	1	1	1	0.0483424288341233	1	0.0483424288341216	NA	TRUE	0.112
exact_aligned_pleiotropy	nonidentified_boundary	diagnostic	11	20273011	180	0.808083776317978	0	0.808083776317978	1	0.999999999999992	0.999999999999985	0.0484127614400281	0.999999999999985	0.0484127614400216	NA	TRUE	0.126999999999999
exact_aligned_pleiotropy	nonidentified_boundary	diagnostic	12	20273012	180	0.808083776317978	0	0.808083776317978	1	0.999999999999982	0.99999999999005	0.0483672346425537	0.99999999999005	0.0483672346326212	NA	TRUE	0.109999999999999
exact_aligned_pleiotropy	nonidentified_boundary	diagnostic	13	20273013	180	0.808083776317978	0	0.808083776317978	1	0.999999999999996	0.999999999999034	0.0483469536900608	0.999999999999034	0.0483469536890982	NA	TRUE	0.116999999999999
exact_aligned_pleiotropy	nonidentified_boundary	diagnostic	14	20273014	180	0.808083776317978	0	0.808083776317978	1	1.00000000000002	0.999999999997997	0.0483482283221227	0.999999999997997	0.0483482283201013	NA	TRUE	0.116
exact_aligned_pleiotropy	nonidentified_boundary	diagnostic	15	20273015	180	0.808083776317978	0	0.808083776317978	1	1.00000000000002	0.999999999996172	0.0483423331127369	0.999999999996172	0.0483423331088933	NA	TRUE	0.120000000000001
exact_aligned_pleiotropy	nonidentified_boundary	diagnostic	16	20273016	180	0.808083776317978	0	0.808083776317978	1	1	0.999999999998947	0.048343554819191	0.999999999998947	0.0483435548181384	NA	TRUE	0.119999999999999
exact_aligned_pleiotropy	nonidentified_boundary	diagnostic	17	20273017	180	0.808083776317978	0	0.808083776317978	1	0.999999999999988	0.999999999997995	0.0483460572324738	0.999999999997995	0.048346057230481	NA	TRUE	0.109999999999999
exact_aligned_pleiotropy	nonidentified_boundary	diagnostic	18	20273018	180	0.808083776317978	0	0.808083776317978	1	0.999999999999998	0.999999999999996	0.0483409971497979	0.999999999999996	0.0483409971497966	NA	TRUE	0.120999999999999
exact_aligned_pleiotropy	nonidentified_boundary	diagnostic	19	20273019	180	0.808083776317978	0	0.808083776317978	1	0.999999999999955	0.999999999999925	0.0483439854766863	0.999999999999925	0.0483439854766571	NA	TRUE	0.112
exact_aligned_pleiotropy	nonidentified_boundary	diagnostic	20	20273020	180	0.808083776317978	0	0.808083776317978	1	1.00000000000002	1.00000000000002	0.0483398182192058	1.00000000000002	0.0483398182192057	NA	TRUE	0.133999999999999
exact_aligned_pleiotropy	nonidentified_boundary	diagnostic	21	20273021	180	0.808083776317978	0	0.808083776317978	1	1.00000000000002	0.999999998942698	0.0483692804281845	0.999999998942698	0.0483692793708654	NA	TRUE	0.124000000000001
exact_aligned_pleiotropy	nonidentified_boundary	diagnostic	22	20273022	180	0.808083776317978	0	0.808083776317978	1	1	1	0.0485658985899961	1	0.0485658985899955	NA	TRUE	0.125
exact_aligned_pleiotropy	nonidentified_boundary	diagnostic	23	20273023	180	0.808083776317978	0	0.808083776317978	1	1.00000000000004	1.00000000000003	0.0483400041590459	1.00000000000003	0.0483400041590378	NA	TRUE	0.104000000000001
exact_aligned_pleiotropy	nonidentified_boundary	diagnostic	24	20273024	180	0.808083776317978	0	0.808083776317978	1	1.00000000000003	0.99999999997645	0.0483449188111804	0.99999999997645	0.0483449187876041	NA	TRUE	0.117999999999999
exact_aligned_pleiotropy	nonidentified_boundary	diagnostic	25	20273025	180	0.808083776317978	0	0.808083776317978	1	1.00000000000002	0.999999999999944	0.0483430232498569	0.999999999999944	0.0483430232497777	NA	TRUE	0.119999999999999
exact_aligned_pleiotropy	nonidentified_boundary	diagnostic	26	20273026	180	0.808083776317978	0	0.808083776317978	1	1.00000000000001	1.00000000000001	0.0483385576408811	1.00000000000001	0.0483385576408805	NA	TRUE	0.104000000000001
exact_aligned_pleiotropy	nonidentified_boundary	diagnostic	27	20273027	180	0.808083776317978	0	0.808083776317978	1	0.999999999999997	0.999999999999828	0.0483401156466926	0.999999999999828	0.048340115646524	NA	TRUE	0.119999999999999
exact_aligned_pleiotropy	nonidentified_boundary	diagnostic	28	20273028	180	0.808083776317978	0	0.808083776317978	1	1.00000000000001	0.999999996937976	0.0483820997886219	0.999999996937976	0.0483820967265832	NA	TRUE	0.119
exact_aligned_pleiotropy	nonidentified_boundary	diagnostic	29	20273029	180	0.808083776317978	0	0.808083776317978	1	1.00000000000005	0.99999999999975	0.0483415609470443	0.99999999999975	0.0483415609467427	NA	TRUE	0.129
exact_aligned_pleiotropy	nonidentified_boundary	diagnostic	30	20273030	180	0.808083776317978	0	0.808083776317978	1	1.00000000000001	0.999999999999972	0.0483654953903903	0.999999999999972	0.0483654953903484	NA	TRUE	0.118
exact_aligned_pleiotropy	nonidentified_boundary	diagnostic	31	20273031	180	0.808083776317978	0	0.808083776317978	1	0.999999999999993	0.999999999999489	0.0483413511314323	0.999999999999489	0.0483413511309286	NA	TRUE	0.109999999999999
exact_aligned_pleiotropy	nonidentified_boundary	diagnostic	32	20273032	180	0.808083776317978	0	0.808083776317978	1	1	0.999999999999202	0.0483464755042266	0.999999999999202	0.0483464755034244	NA	TRUE	0.116999999999999
exact_aligned_pleiotropy	nonidentified_boundary	diagnostic	33	20273033	180	0.808083776317978	0	0.808083776317978	1	1.00000000000001	1.00000000000001	0.0483406986877877	1.00000000000001	0.0483406986877839	NA	TRUE	0.119999999999999
exact_aligned_pleiotropy	nonidentified_boundary	diagnostic	34	20273034	180	0.808083776317978	0	0.808083776317978	1	1.00000000000002	0.999999958791412	0.0491550024504075	0.999999958791412	0.0491549612418001	NA	TRUE	0.102
exact_aligned_pleiotropy	nonidentified_boundary	diagnostic	35	20273035	180	0.808083776317978	0	0.808083776317978	1	0.999999999999966	0.999999999999943	0.0483778891544844	0.999999999999943	0.0483778891544616	NA	TRUE	0.116
exact_aligned_pleiotropy	nonidentified_boundary	diagnostic	36	20273036	180	0.808083776317978	0	0.808083776317978	1	1.00000000000002	0.999999998387356	0.048386457536531	0.999999998387356	0.04838645592387	NA	TRUE	0.106
exact_aligned_pleiotropy	nonidentified_boundary	diagnostic	37	20273037	180	0.808083776317978	0	0.808083776317978	1	1	1	0.0483398663755408	1	0.0483398663755386	NA	TRUE	0.120000000000001
exact_aligned_pleiotropy	nonidentified_boundary	diagnostic	38	20273038	180	0.808083776317978	0	0.808083776317978	1	0.999999999999968	0.999999999999961	0.0483401651722678	0.999999999999961	0.0483401651722602	NA	TRUE	0.112
exact_aligned_pleiotropy	nonidentified_boundary	diagnostic	39	20273039	180	0.808083776317978	0	0.808083776317978	1	1.00000000000003	1.00000000000003	0.0483607616889196	1.00000000000003	0.0483607616889193	NA	TRUE	0.118
exact_aligned_pleiotropy	nonidentified_boundary	diagnostic	40	20273040	180	0.808083776317978	0	0.808083776317978	1	1	0.999999984801569	0.0486695399843115	0.999999984801569	0.048669524785876	NA	TRUE	0.132
exact_aligned_pleiotropy	nonidentified_boundary	diagnostic	41	20273041	180	0.808083776317978	0	0.808083776317978	1	1.00000000000001	0.999999999987031	0.0483559837576849	0.999999999987031	0.0483559837447046	NA	TRUE	0.119999999999999
exact_aligned_pleiotropy	nonidentified_boundary	diagnostic	42	20273042	180	0.808083776317978	0	0.808083776317978	1	0.999999999999984	0.999999999999981	0.0483393899347065	0.999999999999981	0.0483393899347027	NA	TRUE	0.122
exact_aligned_pleiotropy	nonidentified_boundary	diagnostic	43	20273043	180	0.808083776317978	0	0.808083776317978	1	1.00000000000002	0.999999999963645	0.0483515936826616	0.999999999963645	0.048351593646286	NA	TRUE	0.132
exact_aligned_pleiotropy	nonidentified_boundary	diagnostic	44	20273044	180	0.808083776317978	0	0.808083776317978	1	0.99999999999995	0.999999999658263	0.0484239646543163	0.999999999658263	0.0484239643126299	NA	TRUE	0.128
exact_aligned_pleiotropy	nonidentified_boundary	diagnostic	45	20273045	180	0.808083776317978	0	0.808083776317978	1	0.999999999999992	0.999999999999964	0.0483403905910041	0.999999999999964	0.0483403905909762	NA	TRUE	0.109
exact_aligned_pleiotropy	nonidentified_boundary	diagnostic	46	20273046	180	0.808083776317978	0	0.808083776317978	1	0.999999999999996	0.999999999999985	0.0485456975020362	0.999999999999985	0.0485456975020252	NA	TRUE	0.129999999999999
exact_aligned_pleiotropy	nonidentified_boundary	diagnostic	47	20273047	180	0.808083776317978	0	0.808083776317978	1	0.999999999999988	0.999999999997933	0.0483484416624823	0.999999999997933	0.0483484416604276	NA	TRUE	0.117000000000001
exact_aligned_pleiotropy	nonidentified_boundary	diagnostic	48	20273048	180	0.808083776317978	0	0.808083776317978	1	1.00000000000003	0.999999999985469	0.0483526924610736	0.999999999985469	0.0483526924465136	NA	TRUE	0.120000000000001
exact_aligned_pleiotropy	nonidentified_boundary	diagnostic	49	20273049	180	0.808083776317978	0	0.808083776317978	1	0.99999999999995	0.999999999989247	0.0483573277675023	0.999999999989247	0.0483573277567992	NA	TRUE	0.113000000000001
exact_aligned_pleiotropy	nonidentified_boundary	diagnostic	50	20273050	180	0.808083776317978	0	0.808083776317978	1	0.999999999999976	0.999999999999947	0.0483393686891205	0.999999999999947	0.0483393686890915	NA	TRUE	0.135
directional_d_pleiotropy	misspecified_mean	diagnostic	1	20274001	180	0.808083776317978	0	0	0	1	1	1	1	1	NA	TRUE	0.113
directional_d_pleiotropy	misspecified_mean	diagnostic	2	20274002	180	0.808083776317978	0	0	0	1	1	1	1	1	NA	TRUE	0.119
directional_d_pleiotropy	misspecified_mean	diagnostic	3	20274003	180	0.808083776317978	0	0	0	1	1	1	1	1	NA	TRUE	0.133000000000001
directional_d_pleiotropy	misspecified_mean	diagnostic	4	20274004	180	0.808083776317978	0	0	0	1	1	1	1	1	NA	TRUE	0.109999999999999
directional_d_pleiotropy	misspecified_mean	diagnostic	5	20274005	180	0.808083776317978	0	0	0	1	1	1	1	1	NA	TRUE	0.109
directional_d_pleiotropy	misspecified_mean	diagnostic	6	20274006	180	0.808083776317978	0	0	0	1	1	1	1	1	NA	TRUE	0.114000000000001
directional_d_pleiotropy	misspecified_mean	diagnostic	7	20274007	180	0.808083776317978	0	0	0	1	1	1	1	1	NA	TRUE	0.123000000000001
directional_d_pleiotropy	misspecified_mean	diagnostic	8	20274008	180	0.808083776317978	0	0	0	1	1	1	1	1	NA	TRUE	0.111999999999998
directional_d_pleiotropy	misspecified_mean	diagnostic	9	20274009	180	0.808083776317978	0	0	0	1	1	1	1	1	NA	TRUE	0.121
directional_d_pleiotropy	misspecified_mean	diagnostic	10	20274010	180	0.808083776317978	0	0	0	1	1	1	1	1	NA	TRUE	0.118
directional_d_pleiotropy	misspecified_mean	diagnostic	11	20274011	180	0.808083776317978	0	0	0	1	1	1	1	1	NA	TRUE	0.119
directional_d_pleiotropy	misspecified_mean	diagnostic	12	20274012	180	0.808083776317978	0	0	0	1	1	1	1	1	NA	TRUE	0.119
directional_d_pleiotropy	misspecified_mean	diagnostic	13	20274013	180	0.808083776317978	0	0	0	1	1	1	1	1	NA	TRUE	0.118
directional_d_pleiotropy	misspecified_mean	diagnostic	14	20274014	180	0.808083776317978	0	0	0	1	1	1	1	1	NA	TRUE	0.125999999999999
directional_d_pleiotropy	misspecified_mean	diagnostic	15	20274015	180	0.808083776317978	0	0	0	1	1	1	1	1	NA	TRUE	0.116
directional_d_pleiotropy	misspecified_mean	diagnostic	16	20274016	180	0.808083776317978	0	0	0	1	1	1	1	1	NA	TRUE	0.106
directional_d_pleiotropy	misspecified_mean	diagnostic	17	20274017	180	0.808083776317978	0	0	0	1	1	1	1	1	NA	TRUE	0.122000000000002
directional_d_pleiotropy	misspecified_mean	diagnostic	18	20274018	180	0.808083776317978	0	0	0	1	1	1	1	1	NA	TRUE	0.124000000000001
directional_d_pleiotropy	misspecified_mean	diagnostic	19	20274019	180	0.808083776317978	0	0	0	1	1	1	1	1	NA	TRUE	0.108000000000001
directional_d_pleiotropy	misspecified_mean	diagnostic	20	20274020	180	0.808083776317978	0	0	0	1	1	1	1	1	NA	TRUE	0.105
directional_d_pleiotropy	misspecified_mean	diagnostic	21	20274021	180	0.808083776317978	0	0	0	1	1	1	1	1	NA	TRUE	0.117999999999999
directional_d_pleiotropy	misspecified_mean	diagnostic	22	20274022	180	0.808083776317978	0	0	0	1	1	1	1	1	NA	TRUE	0.118
directional_d_pleiotropy	misspecified_mean	diagnostic	23	20274023	180	0.808083776317978	0	0	0	1	1	1	1	1	NA	TRUE	0.116000000000001
directional_d_pleiotropy	misspecified_mean	diagnostic	24	20274024	180	0.808083776317978	0	0	0	1	1	1	1	1	NA	TRUE	0.122
directional_d_pleiotropy	misspecified_mean	diagnostic	25	20274025	180	0.808083776317978	0	0	0	1	1	1	1	1	NA	TRUE	0.129
directional_d_pleiotropy	misspecified_mean	diagnostic	26	20274026	180	0.808083776317978	0	0	0	1	1	1	1	1	NA	TRUE	0.125
directional_d_pleiotropy	misspecified_mean	diagnostic	27	20274027	180	0.808083776317978	0	0	0	1	1	1	1	1	NA	TRUE	0.115
directional_d_pleiotropy	misspecified_mean	diagnostic	28	20274028	180	0.808083776317978	0	0	0	1	1	1	1	1	NA	TRUE	0.113999999999999
directional_d_pleiotropy	misspecified_mean	diagnostic	29	20274029	180	0.808083776317978	0	0	0	1	1	1	1	1	NA	TRUE	0.127000000000001
directional_d_pleiotropy	misspecified_mean	diagnostic	30	20274030	180	0.808083776317978	0	0	0	1	1	1	1	1	NA	TRUE	0.114000000000001
directional_d_pleiotropy	misspecified_mean	diagnostic	31	20274031	180	0.808083776317978	0	0	0	1	1	1	1	1	NA	TRUE	0.121
directional_d_pleiotropy	misspecified_mean	diagnostic	32	20274032	180	0.808083776317978	0	0	0	1	1	1	1	1	NA	TRUE	0.126999999999999
directional_d_pleiotropy	misspecified_mean	diagnostic	33	20274033	180	0.808083776317978	0	0	0	1	1	1	1	1	NA	TRUE	0.126000000000001
directional_d_pleiotropy	misspecified_mean	diagnostic	34	20274034	180	0.808083776317978	0	0	0	1	1	1	1	1	NA	TRUE	0.116
directional_d_pleiotropy	misspecified_mean	diagnostic	35	20274035	180	0.808083776317978	0	0	0	1	1	1	1	1	NA	TRUE	0.113000000000001
directional_d_pleiotropy	misspecified_mean	diagnostic	36	20274036	180	0.808083776317978	0	0	0	1	1	1	1	1	NA	TRUE	0.105
directional_d_pleiotropy	misspecified_mean	diagnostic	37	20274037	180	0.808083776317978	0	0	0	1	1	1	1	1	NA	TRUE	0.112
directional_d_pleiotropy	misspecified_mean	diagnostic	38	20274038	180	0.808083776317978	0	0	0	1	1	1	1	1	NA	TRUE	0.119
directional_d_pleiotropy	misspecified_mean	diagnostic	39	20274039	180	0.808083776317978	0	0	0	1	1	1	1	1	NA	TRUE	0.122
directional_d_pleiotropy	misspecified_mean	diagnostic	40	20274040	180	0.808083776317978	0	0	0	1	1	1	1	1	NA	TRUE	0.121
directional_d_pleiotropy	misspecified_mean	diagnostic	41	20274041	180	0.808083776317978	0	0	0	1	1	1	1	1	NA	TRUE	0.113
directional_d_pleiotropy	misspecified_mean	diagnostic	42	20274042	180	0.808083776317978	0	0	0	1	1	1	1	1	NA	TRUE	0.108000000000001
directional_d_pleiotropy	misspecified_mean	diagnostic	43	20274043	180	0.808083776317978	0	0	0	1	1	1	1	1	NA	TRUE	0.115
directional_d_pleiotropy	misspecified_mean	diagnostic	44	20274044	180	0.808083776317978	0	0	0	1	1	1	1	1	NA	TRUE	0.119
directional_d_pleiotropy	misspecified_mean	diagnostic	45	20274045	180	0.808083776317978	0	0	0	1	1	1	1	1	NA	TRUE	0.118
directional_d_pleiotropy	misspecified_mean	diagnostic	46	20274046	180	0.808083776317978	0	0	0	1	1	1	1	1	NA	TRUE	0.122999999999999
directional_d_pleiotropy	misspecified_mean	diagnostic	47	20274047	180	0.808083776317978	0	0	0	1	1	1	1	1	NA	TRUE	0.132
directional_d_pleiotropy	misspecified_mean	diagnostic	48	20274048	180	0.808083776317978	0	0	0	1	1	1	1	1	NA	TRUE	0.124000000000001
directional_d_pleiotropy	misspecified_mean	diagnostic	49	20274049	180	0.808083776317978	0	0	0	1	1	1	1	1	NA	TRUE	0.115
directional_d_pleiotropy	misspecified_mean	diagnostic	50	20274050	180	0.808083776317978	0	0	0	1	1	1	1	1	NA	TRUE	0.100000000000001
sparse_outcome_outliers	misspecified_tails	diagnostic	1	20275001	180	0.808083776317978	0	0	0	0.999999999999994	0.0483383685800608	0.999999999999994	0.0483383685800608	0.0483383685800608	NA	FALSE	0.128
sparse_outcome_outliers	misspecified_tails	diagnostic	2	20275002	180	0.808083776317978	0	0	0	0.999999999999993	0.0483383685800601	0.999999999999993	0.0483383685800601	0.0483383685800601	NA	FALSE	0.129
sparse_outcome_outliers	misspecified_tails	diagnostic	3	20275003	180	0.808083776317978	0	0	0	0.999999999999993	0.0483383685800601	0.999999999999993	0.0483383685800601	0.0483383685800601	NA	FALSE	0.112
sparse_outcome_outliers	misspecified_tails	diagnostic	4	20275004	180	0.808083776317978	0	0	0	0.999999999999992	0.0483383685800594	0.999999999999992	0.0483383685800594	0.0483383685800594	NA	FALSE	0.116
sparse_outcome_outliers	misspecified_tails	diagnostic	5	20275005	180	0.808083776317978	0	0	0	1	0.0483383685800608	1	0.0483383685800608	0.0483383685800608	NA	FALSE	0.115
sparse_outcome_outliers	misspecified_tails	diagnostic	6	20275006	180	0.808083776317978	0	0	0	0.999999999999994	0.0483383685800608	0.999999999999994	0.0483383685800608	0.0483383685800608	NA	FALSE	0.119
sparse_outcome_outliers	misspecified_tails	diagnostic	7	20275007	180	0.808083776317978	0	0	0	0.999999999999993	0.0483383685800601	0.999999999999993	0.0483383685800601	0.0483383685800601	NA	FALSE	0.0960000000000001
sparse_outcome_outliers	misspecified_tails	diagnostic	8	20275008	180	0.808083776317978	0	0	0	1.00000000000002	0.0483383685800608	1.00000000000002	0.0483383685800608	0.0483383685800608	NA	FALSE	0.119
sparse_outcome_outliers	misspecified_tails	diagnostic	9	20275009	180	0.808083776317978	0	0	0	0.999999999999992	0.0483383685800594	0.999999999999992	0.0483383685800594	0.0483383685800594	NA	FALSE	0.116
sparse_outcome_outliers	misspecified_tails	diagnostic	10	20275010	180	0.808083776317978	0	0	0	0.999999999999992	0.0483383685800594	0.999999999999992	0.0483383685800594	0.0483383685800594	NA	FALSE	0.112
sparse_outcome_outliers	misspecified_tails	diagnostic	11	20275011	180	0.808083776317978	0	0	0	1.00000000000002	0.0483383685800608	1.00000000000002	0.0483383685800608	0.0483383685800608	NA	FALSE	0.125
sparse_outcome_outliers	misspecified_tails	diagnostic	12	20275012	180	0.808083776317978	0	0	0	1	0.0483383685800606	1	0.0483383685800606	0.0483383685800606	NA	FALSE	0.131
sparse_outcome_outliers	misspecified_tails	diagnostic	13	20275013	180	0.808083776317978	0	0	0	0.999999999999994	0.0483383685800608	0.999999999999994	0.0483383685800608	0.0483383685800608	NA	FALSE	0.123000000000001
sparse_outcome_outliers	misspecified_tails	diagnostic	14	20275014	180	0.808083776317978	0	0	0	1.00000000000002	0.0483383685800608	1.00000000000002	0.0483383685800608	0.0483383685800608	NA	FALSE	0.117000000000001
sparse_outcome_outliers	misspecified_tails	diagnostic	15	20275015	180	0.808083776317978	0	0	0	0.999999999999993	0.0483383685800601	0.999999999999993	0.0483383685800601	0.0483383685800601	NA	FALSE	0.110999999999999
sparse_outcome_outliers	misspecified_tails	diagnostic	16	20275016	180	0.808083776317978	0	0	0	0.999999999999994	0.0483383685800608	0.999999999999994	0.0483383685800608	0.0483383685800608	NA	FALSE	0.111000000000001
sparse_outcome_outliers	misspecified_tails	diagnostic	17	20275017	180	0.808083776317978	0	0	0	1.00000000000002	0.0483383685800608	1.00000000000002	0.0483383685800608	0.0483383685800608	NA	FALSE	0.117000000000001
sparse_outcome_outliers	misspecified_tails	diagnostic	18	20275018	180	0.808083776317978	0	0	0	0.999999999999992	0.0483383685800594	0.999999999999992	0.0483383685800594	0.0483383685800594	NA	FALSE	0.119000000000002
sparse_outcome_outliers	misspecified_tails	diagnostic	19	20275019	180	0.808083776317978	0	0	0	1	0.0483383685800605	1	0.0483383685800605	0.0483383685800605	NA	FALSE	0.127999999999998
sparse_outcome_outliers	misspecified_tails	diagnostic	20	20275020	180	0.808083776317978	0	0	0	0.999999999999992	0.0483383685800594	0.999999999999992	0.0483383685800594	0.0483383685800594	NA	FALSE	0.116
sparse_outcome_outliers	misspecified_tails	diagnostic	21	20275021	180	0.808083776317978	0	0	0	1	0.0483383685800605	1	0.0483383685800605	0.0483383685800605	NA	FALSE	0.116000000000001
sparse_outcome_outliers	misspecified_tails	diagnostic	22	20275022	180	0.808083776317978	0	0	0	1	0.0483383685800605	1	0.0483383685800605	0.0483383685800605	NA	FALSE	0.115
sparse_outcome_outliers	misspecified_tails	diagnostic	23	20275023	180	0.808083776317978	0	0	0	0.999999999999994	0.0483383685800608	0.999999999999994	0.0483383685800608	0.0483383685800608	NA	FALSE	0.125999999999999
sparse_outcome_outliers	misspecified_tails	diagnostic	24	20275024	180	0.808083776317978	0	0	0	1	0.0483383685800605	1	0.0483383685800605	0.0483383685800605	NA	FALSE	0.120999999999999
sparse_outcome_outliers	misspecified_tails	diagnostic	25	20275025	180	0.808083776317978	0	0	0	1.00000000000002	0.0483383685800608	1.00000000000002	0.0483383685800608	0.0483383685800608	NA	FALSE	0.109
sparse_outcome_outliers	misspecified_tails	diagnostic	26	20275026	180	0.808083776317978	0	0	0	1	0.0483383685800606	1	0.0483383685800606	0.0483383685800606	NA	FALSE	0.122
sparse_outcome_outliers	misspecified_tails	diagnostic	27	20275027	180	0.808083776317978	0	0	0	1.00000000000002	0.0483383685800608	1.00000000000002	0.0483383685800608	0.0483383685800608	NA	FALSE	0.112
sparse_outcome_outliers	misspecified_tails	diagnostic	28	20275028	180	0.808083776317978	0	0	0	0.999999999999993	0.0483383685800601	0.999999999999993	0.0483383685800601	0.0483383685800601	NA	FALSE	0.109999999999999
sparse_outcome_outliers	misspecified_tails	diagnostic	29	20275029	180	0.808083776317978	0	0	0	1.00000000000002	0.0483383685800608	1.00000000000002	0.0483383685800608	0.0483383685800608	NA	FALSE	0.129
sparse_outcome_outliers	misspecified_tails	diagnostic	30	20275030	180	0.808083776317978	0	0	0	0.999999999999994	0.0483383685800608	0.999999999999994	0.0483383685800608	0.0483383685800608	NA	FALSE	0.113999999999999
sparse_outcome_outliers	misspecified_tails	diagnostic	31	20275031	180	0.808083776317978	0	0	0	0.999999999999994	0.0483383685800608	0.999999999999994	0.0483383685800608	0.0483383685800608	NA	FALSE	0.116000000000001
sparse_outcome_outliers	misspecified_tails	diagnostic	32	20275032	180	0.808083776317978	0	0	0	1.00000000000002	0.0483383685800608	1.00000000000002	0.0483383685800608	0.0483383685800608	NA	FALSE	0.106
sparse_outcome_outliers	misspecified_tails	diagnostic	33	20275033	180	0.808083776317978	0	0	0	0.999999999999994	0.0483383685800608	0.999999999999994	0.0483383685800608	0.0483383685800608	NA	FALSE	0.117000000000001
sparse_outcome_outliers	misspecified_tails	diagnostic	34	20275034	180	0.808083776317978	0	0	0	1.00000000000002	0.0483383685800608	1.00000000000002	0.0483383685800608	0.0483383685800608	NA	FALSE	0.105
sparse_outcome_outliers	misspecified_tails	diagnostic	35	20275035	180	0.808083776317978	0	0	0	0.999999999999992	0.0483383685800594	0.999999999999992	0.0483383685800594	0.0483383685800594	NA	FALSE	0.106
sparse_outcome_outliers	misspecified_tails	diagnostic	36	20275036	180	0.808083776317978	0	0	0	0.999999999999994	0.0483383685800608	0.999999999999994	0.0483383685800608	0.0483383685800608	NA	FALSE	0.109
sparse_outcome_outliers	misspecified_tails	diagnostic	37	20275037	180	0.808083776317978	0	0	0	0.999999999999994	0.0483383685800608	0.999999999999994	0.0483383685800608	0.0483383685800608	NA	FALSE	0.118
sparse_outcome_outliers	misspecified_tails	diagnostic	38	20275038	180	0.808083776317978	0	0	0	1	0.0483383685800606	1	0.0483383685800606	0.0483383685800606	NA	FALSE	0.111000000000001
sparse_outcome_outliers	misspecified_tails	diagnostic	39	20275039	180	0.808083776317978	0	0	0	1	0.0483383685800605	1	0.0483383685800605	0.0483383685800605	NA	FALSE	0.109
sparse_outcome_outliers	misspecified_tails	diagnostic	40	20275040	180	0.808083776317978	0	0	0	1.00000000000002	0.0483383685800608	1.00000000000002	0.0483383685800608	0.0483383685800608	NA	FALSE	0.131
sparse_outcome_outliers	misspecified_tails	diagnostic	41	20275041	180	0.808083776317978	0	0	0	0.999999999999994	0.0483383685800608	0.999999999999994	0.0483383685800608	0.0483383685800608	NA	FALSE	0.119
sparse_outcome_outliers	misspecified_tails	diagnostic	42	20275042	180	0.808083776317978	0	0	0	0.999999999999994	0.0483383685800608	0.999999999999994	0.0483383685800608	0.0483383685800608	NA	FALSE	0.106
sparse_outcome_outliers	misspecified_tails	diagnostic	43	20275043	180	0.808083776317978	0	0	0	0.999999999999994	0.0483383685800608	0.999999999999994	0.0483383685800608	0.0483383685800608	NA	FALSE	0.130999999999998
sparse_outcome_outliers	misspecified_tails	diagnostic	44	20275044	180	0.808083776317978	0	0	0	0.999999999999994	0.0483383685800608	0.999999999999994	0.0483383685800608	0.0483383685800608	NA	FALSE	0.119999999999999
sparse_outcome_outliers	misspecified_tails	diagnostic	45	20275045	180	0.808083776317978	0	0	0	1	0.0483383685800605	1	0.0483383685800605	0.0483383685800605	NA	FALSE	0.122999999999999
sparse_outcome_outliers	misspecified_tails	diagnostic	46	20275046	180	0.808083776317978	0	0	0	0.999999999999994	0.0483383685800608	0.999999999999994	0.0483383685800608	0.0483383685800608	NA	FALSE	0.103
sparse_outcome_outliers	misspecified_tails	diagnostic	47	20275047	180	0.808083776317978	0	0	0	1	0.0483383685800608	1	0.0483383685800608	0.0483383685800608	NA	FALSE	0.123000000000001
sparse_outcome_outliers	misspecified_tails	diagnostic	48	20275048	180	0.808083776317978	0	0	0	0.999999999999994	0.0483383685800608	0.999999999999994	0.0483383685800608	0.0483383685800608	NA	FALSE	0.125
sparse_outcome_outliers	misspecified_tails	diagnostic	49	20275049	180	0.808083776317978	0	0	0	1	0.0483383685800608	1	0.0483383685800608	0.0483383685800608	NA	FALSE	0.109999999999999
sparse_outcome_outliers	misspecified_tails	diagnostic	50	20275050	180	0.808083776317978	0	0	0	1.00000000000002	0.0483383685800608	1.00000000000002	0.0483383685800608	0.0483383685800608	NA	FALSE	0.112
overlap_null	undeclared_sample_overlap	diagnostic	1	20276001	180	0	0	0	0	0.132231404958682	0.0483383685800602	0.048339784212562	0.00639185039075259	0.000308980668607929	NA	FALSE	0.113999999999999
overlap_null	undeclared_sample_overlap	diagnostic	2	20276002	180	0	0	0	0	0.132231404958678	0.0483383685800666	0.0483559087100496	0.00639185039075344	0.000309083733984565	NA	FALSE	0.123999999999999
overlap_null	undeclared_sample_overlap	diagnostic	3	20276003	180	0	0	0	0	0.132231404958685	0.0483383685800633	0.0483496138382511	0.00639185039075208	0.000309043498104732	NA	FALSE	0.122999999999999
overlap_null	undeclared_sample_overlap	diagnostic	4	20276004	180	0	0	0	0	0.132231404958678	0.0483383685800584	0.048339966403312	0.00639185039075236	0.000308981833143945	NA	FALSE	0.121
overlap_null	undeclared_sample_overlap	diagnostic	5	20276005	180	0	0	0	0	0.13223140495868	0.0483383685800599	0.0483496841050908	0.00639185039075255	0.000309043947239924	NA	FALSE	0.117000000000001
overlap_null	undeclared_sample_overlap	diagnostic	6	20276006	180	0	0	0	0	0.132231404958678	0.0483383685800598	0.0483535562248795	0.00639185039075253	0.000309068697250375	NA	FALSE	0.115
overlap_null	undeclared_sample_overlap	diagnostic	7	20276007	180	0	0	0	0	0.13223140495868	0.0483383685800594	0.0483527165345941	0.00639185039075247	0.000309063330075562	NA	FALSE	0.129
overlap_null	undeclared_sample_overlap	diagnostic	8	20276008	180	0	0	0	0	0.132231404958688	0.0483383685800624	0.048340738925066	0.00639185039075288	0.00030898677098742	NA	FALSE	0.106000000000002
overlap_null	undeclared_sample_overlap	diagnostic	9	20276009	180	0	0	0	0	0.132231404958688	0.0483383685800683	0.0483735902368226	0.00639185039075365	0.00030919675165811	NA	FALSE	0.124000000000001
overlap_null	undeclared_sample_overlap	diagnostic	10	20276010	180	0	0	0	0	0.132231404958679	0.0483383685800591	0.0483469464101149	0.00639185039075244	0.000309026448303156	NA	FALSE	0.109
overlap_null	undeclared_sample_overlap	diagnostic	11	20276011	180	0	0	0	0	0.132231404958677	0.0483383685800586	0.0483449627732445	0.00639185039075238	0.000309013769193084	NA	FALSE	0.121
overlap_null	undeclared_sample_overlap	diagnostic	12	20276012	180	0	0	0	0	0.132231404958682	0.0483383685800599	0.0483395840447842	0.00639185039075255	0.00030897938916544	NA	FALSE	0.122
overlap_null	undeclared_sample_overlap	diagnostic	13	20276013	180	0	0	0	0	0.132231404958684	0.0483383685800608	0.0483410353830776	0.00639185039075266	0.000308988665902678	NA	FALSE	0.124000000000001
overlap_null	undeclared_sample_overlap	diagnostic	14	20276014	180	0	0	0	0	0.132231404958677	0.0483383685800596	0.0483545889238595	0.00639185039075251	0.000309075298107787	NA	FALSE	0.115
overlap_null	undeclared_sample_overlap	diagnostic	15	20276015	180	0	0	0	0	0.132231404958686	0.0483383685800617	0.048340914706842	0.00639185039075279	0.000308987894558267	NA	FALSE	0.121
overlap_null	undeclared_sample_overlap	diagnostic	16	20276016	180	0	0	0	0	0.13223140495868	0.0483383685800595	0.0483422279218228	0.0063918503907525	0.000308996288431922	NA	FALSE	0.112
overlap_null	undeclared_sample_overlap	diagnostic	17	20276017	180	0	0	0	0	0.132231404958682	0.0483383685800601	0.0483403073504956	0.00639185039075258	0.000308984012427334	NA	FALSE	0.115
overlap_null	undeclared_sample_overlap	diagnostic	18	20276018	180	0	0	0	0	0.132231404958689	0.0483383685800652	0.0483391940998674	0.00639185039075293	0.000308976896695856	NA	FALSE	0.122999999999999
overlap_null	undeclared_sample_overlap	diagnostic	19	20276019	180	0	0	0	0	0.132231404958683	0.0483383685800607	0.0483401364157778	0.00639185039075265	0.000308982919838225	NA	FALSE	0.138
overlap_null	undeclared_sample_overlap	diagnostic	20	20276020	180	0	0	0	0	0.132231404958684	0.0483383685800607	0.0483534540571849	0.00639185039075265	0.000309068044209623	NA	FALSE	0.116999999999999
overlap_null	undeclared_sample_overlap	diagnostic	21	20276021	180	0	0	0	0	0.132231404958682	0.0483383685800629	0.0483558958151553	0.00639185039075203	0.000309083651561362	NA	FALSE	0.119
overlap_null	undeclared_sample_overlap	diagnostic	22	20276022	180	0	0	0	0	0.132231404958686	0.0483383685800615	0.0483391357067164	0.00639185039075276	0.000308976523455586	NA	FALSE	0.128
overlap_null	undeclared_sample_overlap	diagnostic	23	20276023	180	0	0	0	0	0.132231404958684	0.0483383685800609	0.0483394036740474	0.00639185039075268	0.000308978236262675	NA	FALSE	0.122999999999999
overlap_null	undeclared_sample_overlap	diagnostic	24	20276024	180	0	0	0	0	0.13223140495868	0.0483383685800595	0.0483434171906551	0.0063918503907525	0.000309003890060372	NA	FALSE	0.122999999999999
overlap_null	undeclared_sample_overlap	diagnostic	25	20276025	180	0	0	0	0	0.13223140495868	0.0483383685800612	0.0483524901383817	0.00639185039075272	0.000309061882985112	NA	FALSE	0.120000000000001
overlap_null	undeclared_sample_overlap	diagnostic	26	20276026	180	0	0	0	0	0.132231404958678	0.0483383685800586	0.0483404338270279	0.00639185039075237	0.000308984820846406	NA	FALSE	0.140000000000001
overlap_null	undeclared_sample_overlap	diagnostic	27	20276027	180	0	0	0	0	0.132231404958677	0.0483383685800582	0.0483403088755184	0.00639185039075232	0.000308984022175051	NA	FALSE	0.112
overlap_null	undeclared_sample_overlap	diagnostic	28	20276028	180	0	0	0	0	0.13223140495868	0.0483383685809574	0.049270899369738	0.00639185039087121	0.000314932217507869	NA	FALSE	0.110999999999999
overlap_null	undeclared_sample_overlap	diagnostic	29	20276029	180	0	0	0	0	0.132231404958679	0.0483383685800591	0.048339651333348	0.00639185039075245	0.000308979819263872	NA	FALSE	0.126000000000001
overlap_null	undeclared_sample_overlap	diagnostic	30	20276030	180	0	0	0	0	0.132231404958688	0.0483383685800914	0.048393549577221	0.00639185039075671	0.000309324328778882	NA	FALSE	0.127000000000001
overlap_null	undeclared_sample_overlap	diagnostic	31	20276031	180	0	0	0	0	0.132231404958682	0.0483383685800601	0.048339285997394	0.00639185039075258	0.000308977484091112	NA	FALSE	0.119
overlap_null	undeclared_sample_overlap	diagnostic	32	20276032	180	0	0	0	0	0.13223140495868	0.048338368580425	0.0489421919325495	0.00639185039080082	0.000312831168676688	NA	FALSE	0.107000000000001
overlap_null	undeclared_sample_overlap	diagnostic	33	20276033	180	0	0	0	0	0.132231404958688	0.0483383685800636	0.0483592288837269	0.00639185039075303	0.000309104956037079	NA	FALSE	0.116000000000001
overlap_null	undeclared_sample_overlap	diagnostic	34	20276034	180	0	0	0	0	0.132231404958681	0.0483383685800599	0.0483432956345772	0.00639185039075255	0.000309003113092142	NA	FALSE	0.114000000000001
overlap_null	undeclared_sample_overlap	diagnostic	35	20276035	180	0	0	0	0	0.132231404958682	0.0483383685800602	0.0483386289646193	0.00639185039075258	0.000308973284435915	NA	FALSE	0.118
overlap_null	undeclared_sample_overlap	diagnostic	36	20276036	180	0	0	0	0	0.132231404958686	0.0483383685800679	0.0483658050084866	0.0063918503907536	0.000309146989643363	NA	FALSE	0.119
overlap_null	undeclared_sample_overlap	diagnostic	37	20276037	180	0	0	0	0	0.132231404958689	0.0483383685800672	0.048366792630153	0.00639185039075349	0.000309153302373062	NA	FALSE	0.123000000000001
overlap_null	undeclared_sample_overlap	diagnostic	38	20276038	180	0	0	0	0	0.132231404958684	0.0483383685800627	0.0483518348248091	0.00639185039075292	0.000309057694318763	NA	FALSE	0.122999999999999
overlap_null	undeclared_sample_overlap	diagnostic	39	20276039	180	0	0	0	0	0.132231404958678	0.0483383685800585	0.0483472120709002	0.00639185039075236	0.00030902814636715	NA	FALSE	0.119999999999999
overlap_null	undeclared_sample_overlap	diagnostic	40	20276040	180	0	0	0	0	0.132231404958686	0.0483383685800701	0.048375901201519	0.0063918503907539	0.000309211522999043	NA	FALSE	0.113
overlap_null	undeclared_sample_overlap	diagnostic	41	20276041	180	0	0	0	0	0.132231404958683	0.0483383685800604	0.04833909543518	0.00639185039075261	0.00030897626604595	NA	FALSE	0.106
overlap_null	undeclared_sample_overlap	diagnostic	42	20276042	180	0	0	0	0	0.132231404958678	0.0483383685800648	0.0483529549354667	0.0063918503907532	0.000309064853899109	NA	FALSE	0.117000000000001
overlap_null	undeclared_sample_overlap	diagnostic	43	20276043	180	0	0	0	0	0.132231404958684	0.0483383685800614	0.0483429797522378	0.00639185039075274	0.000309001094019521	NA	FALSE	0.118
overlap_null	undeclared_sample_overlap	diagnostic	44	20276044	180	0	0	0	0	0.132231404958684	0.0483383685800611	0.0483421385689858	0.00639185039075271	0.000308995717301989	NA	FALSE	0.116
overlap_null	undeclared_sample_overlap	diagnostic	45	20276045	180	0	0	0	0	0.132231404958683	0.0483383685800605	0.0483401413951714	0.00639185039075263	0.00030898295166573	NA	FALSE	0.115
overlap_null	undeclared_sample_overlap	diagnostic	46	20276046	180	0	0	0	0	0.132231404958682	0.0483383685800602	0.0483395024520207	0.00639185039075259	0.000308978867636703	NA	FALSE	0.121
overlap_null	undeclared_sample_overlap	diagnostic	47	20276047	180	0	0	0	0	0.132231404958685	0.0483383685806617	0.0486158568057179	0.00639185039083212	0.000310745283399779	NA	FALSE	0.119
overlap_null	undeclared_sample_overlap	diagnostic	48	20276048	180	0	0	0	0	0.132231404958687	0.0483383685800624	0.0483434756815841	0.00639185039075288	0.000309004263925707	NA	FALSE	0.108000000000001
overlap_null	undeclared_sample_overlap	diagnostic	49	20276049	180	0	0	0	0	0.132231404958688	0.0483383685800695	0.0483730601016604	0.00639185039075382	0.000309193363113635	NA	FALSE	0.119
overlap_null	undeclared_sample_overlap	diagnostic	50	20276050	180	0	0	0	0	0.132231404958686	0.0483383685800655	0.0485025493538108	0.00639185039075329	0.000310021039040124	NA	FALSE	0.129
ld_null	ignored_ld	diagnostic	1	20277001	180	0	0	0	0	0.132231404958686	0.048338368580073	0.0484317246056505	0.00639185039075428	0.000309568337846958	NA	FALSE	0.128
ld_null	ignored_ld	diagnostic	2	20277002	180	0	0	0	0	0.132231404958679	0.0483383685800589	0.0483412924811903	0.00639185039075242	0.00030899030923535	NA	FALSE	0.120999999999999
ld_null	ignored_ld	diagnostic	3	20277003	180	0	0	0	0	0.13223140495868	0.0483384886692856	0.114990770696898	0.00639186627031923	0.000735019682178596	NA	FALSE	0.109999999999999
ld_null	ignored_ld	diagnostic	4	20277004	180	0	0	0	0	0.13223140495868	0.0483383690714097	0.0562139724647655	0.00639185045572351	0.000359311366836285	NA	FALSE	0.119
ld_null	ignored_ld	diagnostic	5	20277005	180	0	0	0	0	0.132231404958682	0.048338368580062	0.0483401678257916	0.0063918503907519	0.000308983120606285	NA	FALSE	0.116000000000001
ld_null	ignored_ld	diagnostic	6	20277006	180	0	0	0	0	0.132231404958689	0.048338368580063	0.0483400592665175	0.00639185039075296	0.000308982426711695	NA	FALSE	0.122
ld_null	ignored_ld	diagnostic	7	20277007	180	0	0	0	0	0.132231404958683	0.0483383685800673	0.0483737885228542	0.00639185039075261	0.000309198019072577	NA	FALSE	0.119999999999999
ld_null	ignored_ld	diagnostic	8	20277008	180	0	0	0	0	0.132231404958687	0.0483383685800618	0.0483386785333952	0.0063918503907528	0.000308973601272114	NA	FALSE	0.143000000000001
ld_null	ignored_ld	diagnostic	9	20277009	180	0	0	0	0	0.132231404958684	0.0483383685800608	0.0483411389051848	0.00639185039075267	0.000308989327600499	NA	FALSE	0.132
ld_null	ignored_ld	diagnostic	10	20277010	180	0	0	0	0	0.132231404958682	0.0483383685806635	0.0486793936305189	0.00639185039083237	0.000311151401278616	NA	FALSE	0.097999999999999
ld_null	ignored_ld	diagnostic	11	20277011	180	0	0	0	0	0.132231404958685	0.0483383685800615	0.0483461061656138	0.00639185039075277	0.000309021077586047	NA	FALSE	0.117999999999999
ld_null	ignored_ld	diagnostic	12	20277012	180	0	0	0	0	0.132231404958682	0.0483383685844398	0.0493267028153626	0.0063918503913317	0.000315288905244026	NA	FALSE	0.119
ld_null	ignored_ld	diagnostic	13	20277013	180	0	0	0	0	0.132231404958683	0.0483383685800604	0.0483385329555957	0.00639185039075261	0.0003089726707606	NA	FALSE	0.111000000000001
ld_null	ignored_ld	diagnostic	14	20277014	180	0	0	0	0	0.132231404958677	0.0483383685804386	0.0512346678000339	0.00639185039080262	0.000327484331448004	NA	FALSE	0.128
ld_null	ignored_ld	diagnostic	15	20277015	180	0	0	0	0	0.132231404958683	0.0483383685800624	0.0483384398667063	0.00639185039075196	0.00030897207575033	NA	FALSE	0.134
ld_null	ignored_ld	diagnostic	16	20277016	180	0	0	0	0	0.132231404958681	0.0483383685800597	0.0483389807250969	0.00639185039075252	0.000308975532836261	NA	FALSE	0.113
ld_null	ignored_ld	diagnostic	17	20277017	180	0	0	0	0	0.132231404958685	0.048338368580061	0.0483386217234973	0.0063918503907527	0.000308973238151746	NA	FALSE	0.126000000000001
ld_null	ignored_ld	diagnostic	18	20277018	180	0	0	0	0	0.132231404958684	0.0483383686315782	0.0537831764089423	0.00639185039756399	0.000343774023957332	NA	FALSE	0.122000000000002
ld_null	ignored_ld	diagnostic	19	20277019	180	0	0	0	0	0.132231404958685	0.0483383685800693	0.0484790492983028	0.00639185039075287	0.000309870830201428	NA	FALSE	0.129000000000001
ld_null	ignored_ld	diagnostic	20	20277020	180	0	0	0	0	0.132231404958681	0.0483383685800601	0.0483436237537605	0.00639185039075258	0.000309005210380872	NA	FALSE	0.128
ld_null	ignored_ld	diagnostic	21	20277021	180	0	0	0	0	0.132231404958684	0.0483383685800612	0.0483424444719903	0.00639185039075272	0.000308997672588228	NA	FALSE	0.132000000000001
ld_null	ignored_ld	diagnostic	22	20277022	180	0	0	0	0	0.132231404958676	0.048338368580058	0.0483401581798966	0.0063918503907523	0.000308983058951216	NA	FALSE	0.122
ld_null	ignored_ld	diagnostic	23	20277023	180	0	0	0	0	0.132231404958684	0.0483383685800629	0.0483406298873641	0.00639185039075203	0.000308986074034727	NA	FALSE	0.114000000000001
ld_null	ignored_ld	diagnostic	24	20277024	180	0	0	0	0	0.132231404958689	0.0483383685800644	0.048353408322306	0.00639185039075314	0.000309067751879354	NA	FALSE	0.117000000000001
ld_null	ignored_ld	diagnostic	25	20277025	180	0	0	0	0	0.132231404958678	0.0483383685800606	0.0483422272463767	0.00639185039075173	0.000308996284114556	NA	FALSE	0.105999999999998
ld_null	ignored_ld	diagnostic	26	20277026	180	0	0	0	0	0.132231404958683	0.0483383685800621	0.0483435524659868	0.00639185039075284	0.000309004754720255	NA	FALSE	0.115000000000002
ld_null	ignored_ld	diagnostic	27	20277027	180	0	0	0	0	0.132231404958688	0.0483383685800642	0.0483615066055302	0.00639185039075311	0.000309119514894145	NA	FALSE	0.115000000000002
ld_null	ignored_ld	diagnostic	28	20277028	180	0	0	0	0	0.13223140495869	0.048338368580063	0.0483385783888897	0.00639185039075296	0.000308972961163418	NA	FALSE	0.118000000000002
ld_null	ignored_ld	diagnostic	29	20277029	180	0	0	0	0	0.132231404958682	0.048338370069886	0.101788912114613	0.00639185058775343	0.00065061969467548	NA	FALSE	0.132999999999999
ld_null	ignored_ld	diagnostic	30	20277030	180	0	0	0	0	0.132231404958685	0.0483383685800613	0.0483410378594743	0.00639185039075273	0.000308988681731435	NA	FALSE	0.108000000000001
ld_null	ignored_ld	diagnostic	31	20277031	180	0	0	0	0	0.132231404958683	0.0483383685800603	0.048338603289403	0.0063918503907526	0.000308973120323773	NA	FALSE	0.114999999999998
ld_null	ignored_ld	diagnostic	32	20277032	180	0	0	0	0	0.132231404958677	0.0483383685911293	0.0509189849769173	0.00639185039221627	0.000325466535485332	NA	FALSE	0.106999999999999
ld_null	ignored_ld	diagnostic	33	20277033	180	0	0	0	0	0.132231404958685	0.0483383685800816	0.0484947668522044	0.00639185039075541	0.000309971294456369	NA	FALSE	0.114999999999998
ld_null	ignored_ld	diagnostic	34	20277034	180	0	0	0	0	0.132231404958683	0.0483383685801107	0.0484287779390179	0.00639185039075834	0.000309549503199515	NA	FALSE	0.125
ld_null	ignored_ld	diagnostic	35	20277035	180	0	0	0	0	0.13223140495868	0.0483383685800643	0.050951300369871	0.00639185039075221	0.000325673089178833	NA	FALSE	0.114000000000001
ld_null	ignored_ld	diagnostic	36	20277036	180	0	0	0	0	0.132231404958676	0.0483383685800579	0.0483385545130009	0.00639185039075228	0.000308972808552308	NA	FALSE	0.140000000000001
ld_null	ignored_ld	diagnostic	37	20277037	180	0	0	0	0	0.132231404958687	0.048338368580062	0.0483398710155099	0.00639185039075283	0.000308981223439385	NA	FALSE	0.129999999999999
ld_null	ignored_ld	diagnostic	38	20277038	180	0	0	0	0	0.132231404958689	0.0483506651280638	0.99990434965969	0.00639347638057064	0.00639286499790523	NA	FALSE	0.109999999999999
ld_null	ignored_ld	diagnostic	39	20277039	180	0	0	0	0	0.132231404958686	0.0483383685800615	0.0483389345869401	0.00639185039075277	0.000308975237928065	NA	FALSE	0.105
ld_null	ignored_ld	diagnostic	40	20277040	180	0	0	0	0	0.132231404958676	0.0483383685833232	0.0487228152543405	0.00639185039118406	0.000311428946153778	NA	FALSE	0.128999999999998
ld_null	ignored_ld	diagnostic	41	20277041	180	0	0	0	0	0.132231404958683	0.0483383685800606	0.0483397605182565	0.00639185039075264	0.000308980517157473	NA	FALSE	0.115000000000002
ld_null	ignored_ld	diagnostic	42	20277042	180	0	0	0	0	0.132231404958677	0.0483383685800584	0.0483388486455147	0.00639185039075235	0.000308974688603332	NA	FALSE	0.109999999999999
ld_null	ignored_ld	diagnostic	43	20277043	180	0	0	0	0	0.132231404958684	0.0483383685800617	0.0483492914042442	0.00639185039075279	0.000309041437154898	NA	FALSE	0.125
ld_null	ignored_ld	diagnostic	44	20277044	180	0	0	0	0	0.132231404958681	0.0483383685800693	0.0483495540075565	0.00639185039075379	0.000309043115677152	NA	FALSE	0.114999999999998
ld_null	ignored_ld	diagnostic	45	20277045	180	0	0	0	0	0.132231404958689	0.0483383685800625	0.0483409422331701	0.00639185039075289	0.000308988070502405	NA	FALSE	0.120000000000001
ld_null	ignored_ld	diagnostic	46	20277046	180	0	0	0	0	0.132231404958686	0.0483383685800616	0.0483385428669245	0.00639185039075277	0.000308972734112331	NA	FALSE	0.125999999999998
ld_null	ignored_ld	diagnostic	47	20277047	180	0	0	0	0	0.132231404958685	0.0483383685800677	0.0483607088255612	0.00639185039075267	0.000309114415604308	NA	FALSE	0.122
ld_null	ignored_ld	diagnostic	48	20277048	180	0	0	0	0	0.132231404958677	0.0483383685800582	0.0483417315323339	0.00639185039075233	0.000308993115584574	NA	FALSE	0.114000000000001
ld_null	ignored_ld	diagnostic	49	20277049	180	0	0	0	0	0.132231404958685	0.0483383685800633	0.0483397408890874	0.00639185039075208	0.000308980391690745	NA	FALSE	0.122999999999998
ld_null	ignored_ld	diagnostic	50	20277050	180	0	0	0	0	0.132231404958683	0.0483383685800628	0.0483653595821155	0.00639185039075202	0.000309144142543854	NA	FALSE	0.132000000000001
ld_mediation	ignored_ld	diagnostic	1	20278001	180	0.808083776317978	0.808083776317978	0	0	0.99999999999996	0.99999999999996	0.0483496041024326	0.99999999999996	0.0483496041024326	NA	TRUE	0.119
ld_mediation	ignored_ld	diagnostic	2	20278002	180	0.808083776317978	0.808083776317978	0	0	0.999999999999959	0.999999999999959	0.0483729758392953	0.999999999999959	0.0483729758392953	NA	TRUE	0.120000000000001
ld_mediation	ignored_ld	diagnostic	3	20278003	180	0.808083776317978	0.808083776317978	0	0	0.999999999999974	0.999999999999402	0.0606229429781281	0.999999999999402	0.0606229429775555	NA	TRUE	0.111000000000001
ld_mediation	ignored_ld	diagnostic	4	20278004	180	0.808083776317978	0.808083776317978	0	0	1.00000000000003	1.00000000000003	0.0483389500436506	1.00000000000003	0.0483389500436506	NA	TRUE	0.128
ld_mediation	ignored_ld	diagnostic	5	20278005	180	0.808083776317978	0.808083776317978	0	0	0.999999999999989	0.999999999999989	0.0483632198076952	0.999999999999989	0.0483632198076952	NA	TRUE	0.126999999999999
ld_mediation	ignored_ld	diagnostic	6	20278006	180	0.808083776317978	0.808083776317978	0	0	0.999999999999993	0.999999999999993	0.0483395527869284	0.999999999999993	0.0483395527869284	NA	TRUE	0.123999999999999
ld_mediation	ignored_ld	diagnostic	7	20278007	180	0.808083776317978	0.808083776317978	0	0	0.999999999999968	0.999999999999968	0.0483400725020669	0.999999999999968	0.0483400725020669	NA	TRUE	0.120000000000001
ld_mediation	ignored_ld	diagnostic	8	20278008	180	0.808083776317978	0.808083776317978	0	0	0.999999999999989	0.999999999999989	0.0483388885431106	0.999999999999989	0.0483388885431106	NA	TRUE	0.117000000000001
ld_mediation	ignored_ld	diagnostic	9	20278009	180	0.808083776317978	0.808083776317978	0	0	1.00000000000005	1.00000000000005	0.0483503593412399	1.00000000000005	0.0483503593412399	NA	TRUE	0.116000000000003
ld_mediation	ignored_ld	diagnostic	10	20278010	180	0.808083776317978	0.808083776317978	0	0	0.999999999999989	0.999999999999989	0.0483397617738046	0.999999999999989	0.0483397617738046	NA	TRUE	0.105
ld_mediation	ignored_ld	diagnostic	11	20278011	180	0.808083776317978	0.808083776317978	0	0	1.00000000000001	1.00000000000001	0.048433898696285	1.00000000000001	0.048433898696285	NA	TRUE	0.116999999999997
ld_mediation	ignored_ld	diagnostic	12	20278012	180	0.808083776317978	0.808083776317978	0	0	1.00000000000003	1.00000000000003	0.0483384752576477	1.00000000000003	0.0483384752576477	NA	TRUE	0.109000000000002
ld_mediation	ignored_ld	diagnostic	13	20278013	180	0.808083776317978	0.808083776317978	0	0	0.999999999999982	0.999999999999982	0.0554333338121395	0.999999999999982	0.0554333338121395	NA	TRUE	0.114000000000001
ld_mediation	ignored_ld	diagnostic	14	20278014	180	0.808083776317978	0.808083776317978	0	0	1.00000000000001	1.00000000000001	0.0483384532072567	1.00000000000001	0.0483384532072567	NA	TRUE	0.124000000000002
ld_mediation	ignored_ld	diagnostic	15	20278015	180	0.808083776317978	0.808083776317978	0	0	1.00000000000006	1.00000000000006	0.0483387779855754	1.00000000000006	0.0483387779855754	NA	TRUE	0.117999999999999
ld_mediation	ignored_ld	diagnostic	16	20278016	180	0.808083776317978	0.808083776317978	0	0	1.00000000000002	1.00000000000002	0.0483385827453498	1.00000000000002	0.0483385827453498	NA	TRUE	0.116
ld_mediation	ignored_ld	diagnostic	17	20278017	180	0.808083776317978	0.808083776317978	0	0	0.999999999999982	0.999999999999982	0.0485541944544486	0.999999999999982	0.0485541944544486	NA	TRUE	0.111999999999998
ld_mediation	ignored_ld	diagnostic	18	20278018	180	0.808083776317978	0.808083776317978	0	0	1.00000000000001	1.00000000000001	0.0483449072982761	1.00000000000001	0.0483449072982761	NA	TRUE	0.120999999999999
ld_mediation	ignored_ld	diagnostic	19	20278019	180	0.808083776317978	0.808083776317978	0	0	0.999999999999974	0.999999999999974	0.0483394929684429	0.999999999999974	0.0483394929684429	NA	TRUE	0.118000000000002
ld_mediation	ignored_ld	diagnostic	20	20278020	180	0.808083776317978	0.808083776317978	0	0	0.999999999999996	0.999999999999996	0.0483443003857987	0.999999999999996	0.0483443003857987	NA	TRUE	0.116
ld_mediation	ignored_ld	diagnostic	21	20278021	180	0.808083776317978	0.808083776317978	0	0	0.999999999999962	0.999999999999962	0.0483392835310915	0.999999999999962	0.0483392835310915	NA	TRUE	0.128
ld_mediation	ignored_ld	diagnostic	22	20278022	180	0.808083776317978	0.808083776317978	0	0	1.00000000000005	1.00000000000005	0.0483416124882766	1.00000000000005	0.0483416124882766	NA	TRUE	0.111000000000001
ld_mediation	ignored_ld	diagnostic	23	20278023	180	0.808083776317978	0.808083776317978	0	0	1.00000000000001	1.00000000000001	0.0483385609930329	1.00000000000001	0.0483385609930329	NA	TRUE	0.116
ld_mediation	ignored_ld	diagnostic	24	20278024	180	0.808083776317978	0.808083776317978	0	0	1.00000000000005	1.00000000000005	0.0483494078133746	1.00000000000005	0.0483494078133746	NA	TRUE	0.119
ld_mediation	ignored_ld	diagnostic	25	20278025	180	0.808083776317978	0.808083776317978	0	0	1.00000000000001	1.00000000000001	0.0483466944034038	1.00000000000001	0.0483466944034038	NA	TRUE	0.117000000000001
ld_mediation	ignored_ld	diagnostic	26	20278026	180	0.808083776317978	0.808083776317978	0	0	0.999999999999995	0.999999999999995	0.0483411005757233	0.999999999999995	0.0483411005757233	NA	TRUE	0.128
ld_mediation	ignored_ld	diagnostic	27	20278027	180	0.808083776317978	0.808083776317978	0	0	1.00000000000003	1.00000000000003	0.0483438684016881	1.00000000000003	0.0483438684016881	NA	TRUE	0.124000000000002
ld_mediation	ignored_ld	diagnostic	28	20278028	180	0.808083776317978	0.808083776317978	0	0	0.999999999999988	0.999999999999988	0.0483480753328011	0.999999999999988	0.0483480753328011	NA	TRUE	0.126999999999999
ld_mediation	ignored_ld	diagnostic	29	20278029	180	0.808083776317978	0.808083776317978	0	0	0.999999999999988	0.999999999999981	0.0784680553062302	0.999999999999981	0.0784680553062226	NA	TRUE	0.108999999999998
ld_mediation	ignored_ld	diagnostic	30	20278030	180	0.808083776317978	0.808083776317978	0	0	1.00000000000005	1.00000000000005	0.0483585729670207	1.00000000000005	0.0483585729670207	NA	TRUE	0.107999999999997
ld_mediation	ignored_ld	diagnostic	31	20278031	180	0.808083776317978	0.808083776317978	0	0	0.999999999999988	0.999999999999988	0.049120227596529	0.999999999999988	0.049120227596529	NA	TRUE	0.116000000000003
ld_mediation	ignored_ld	diagnostic	32	20278032	180	0.808083776317978	0.808083776317978	0	0	1.00000000000001	1.00000000000001	0.0484650784426712	1.00000000000001	0.0484650784426712	NA	TRUE	0.119999999999997
ld_mediation	ignored_ld	diagnostic	33	20278033	180	0.808083776317978	0.808083776317978	0	0	1.00000000000003	1.00000000000003	0.0484210854653623	1.00000000000003	0.0484210854653623	NA	TRUE	0.130000000000003
ld_mediation	ignored_ld	diagnostic	34	20278034	180	0.808083776317978	0.808083776317978	0	0	0.999999999999993	0.999999999999993	0.0483461041346945	0.999999999999993	0.0483461041346945	NA	TRUE	0.0999999999999979
ld_mediation	ignored_ld	diagnostic	35	20278035	180	0.808083776317978	0.808083776317978	0	0	0.99999999999995	0.99999999999995	0.0488129812452161	0.99999999999995	0.0488129812452161	NA	TRUE	0.117999999999999
ld_mediation	ignored_ld	diagnostic	36	20278036	180	0.808083776317978	0.808083776317978	0	0	1.00000000000003	1.00000000000003	0.0484063602847462	1.00000000000003	0.0484063602847462	NA	TRUE	0.131999999999998
ld_mediation	ignored_ld	diagnostic	37	20278037	180	0.808083776317978	0.808083776317978	0	0	1.00000000000002	1.00000000000002	0.048339716785261	1.00000000000002	0.048339716785261	NA	TRUE	0.114000000000001
ld_mediation	ignored_ld	diagnostic	38	20278038	180	0.808083776317978	0.808083776317978	0	0	1	1	0.0485840994397135	1	0.0485840994397135	NA	TRUE	0.129999999999999
ld_mediation	ignored_ld	diagnostic	39	20278039	180	0.808083776317978	0.808083776317978	0	0	0.999999999999984	0.999999999999984	0.0483943758361301	0.999999999999984	0.0483943758361301	NA	TRUE	0.114000000000001
ld_mediation	ignored_ld	diagnostic	40	20278040	180	0.808083776317978	0.808083776317978	0	0	1.00000000000002	1.00000000000002	0.0483391605553943	1.00000000000002	0.0483391605553943	NA	TRUE	0.116
ld_mediation	ignored_ld	diagnostic	41	20278041	180	0.808083776317978	0.808083776317978	0	0	0.999999999999984	0.999999999999984	0.0483802325659555	0.999999999999984	0.0483802325659555	NA	TRUE	0.122
ld_mediation	ignored_ld	diagnostic	42	20278042	180	0.808083776317978	0.808083776317978	0	0	0.999999999999977	0.999999999999977	0.0496236132384095	0.999999999999977	0.0496236132384095	NA	TRUE	0.116999999999997
ld_mediation	ignored_ld	diagnostic	43	20278043	180	0.808083776317978	0.808083776317978	0	0	1.00000000000001	1.00000000000001	0.0808493454946754	1.00000000000001	0.0808493454946754	NA	TRUE	0.115000000000002
ld_mediation	ignored_ld	diagnostic	44	20278044	180	0.808083776317978	0.808083776317978	0	0	0.999999999999957	0.999999999999957	0.0483463381771279	0.999999999999957	0.0483463381771279	NA	TRUE	0.106999999999999
ld_mediation	ignored_ld	diagnostic	45	20278045	180	0.808083776317978	0.808083776317978	0	0	0.999999999999969	0.999999999999969	0.0483789805192694	0.999999999999969	0.0483789805192694	NA	TRUE	0.119
ld_mediation	ignored_ld	diagnostic	46	20278046	180	0.808083776317978	0.808083776317978	0	0	1.00000000000002	1.00000000000002	0.0493458871489049	1.00000000000002	0.0493458871489049	NA	TRUE	0.114999999999998
ld_mediation	ignored_ld	diagnostic	47	20278047	180	0.808083776317978	0.808083776317978	0	0	0.999999999999956	0.999999999999956	0.0483405183876705	0.999999999999956	0.0483405183876705	NA	TRUE	0.107000000000003
ld_mediation	ignored_ld	diagnostic	48	20278048	180	0.808083776317978	0.808083776317978	0	0	0.999999999999975	0.999999999999975	0.0483729068679591	0.999999999999975	0.0483729068679591	NA	TRUE	0.119
ld_mediation	ignored_ld	diagnostic	49	20278049	180	0.808083776317978	0.808083776317978	0	0	1.00000000000002	1.00000000000002	0.0483394809166311	1.00000000000002	0.0483394809166311	NA	TRUE	0.135000000000002
ld_mediation	ignored_ld	diagnostic	50	20278050	180	0.808083776317978	0.808083776317978	0	0	0.999999999999983	0.999999999999983	0.0483551618620212	0.999999999999983	0.0483551618620212	NA	TRUE	0.138000000000002
low_variance_null	scale_misspecification	diagnostic	1	20279001	180	0	0	0	0	0.132231404958688	0.0483383685803437	0.0483517229701348	0.00639185039079007	0.000309056979397401	NA	FALSE	0.136999999999997
low_variance_null	scale_misspecification	diagnostic	2	20279002	180	0	0	0	0	0.132231404958683	0.0483383685802975	0.0483493490288026	0.00639185039078397	0.000309041805513683	NA	FALSE	0.113
low_variance_null	scale_misspecification	diagnostic	3	20279003	180	0	0	0	0	0.132231404958681	0.0483383685800785	0.0483439677004862	0.00639185039075501	0.000309007408839326	NA	FALSE	0.135000000000002
low_variance_null	scale_misspecification	diagnostic	4	20279004	180	0	0	0	0	0.132231404958689	0.0483383685800964	0.0483442520374113	0.00639185039075738	0.000309009226280384	NA	FALSE	0.122
low_variance_null	scale_misspecification	diagnostic	5	20279005	180	0	0	0	0	0.132231404958678	0.0483383685800598	0.0483411685880114	0.00639185039075254	0.000308989517328853	NA	FALSE	0.126999999999999
low_variance_null	scale_misspecification	diagnostic	6	20279006	180	0	0	0	0	0.132231404958679	0.0483383685800594	0.0483398478630619	0.00639185039075248	0.000308981075452468	NA	FALSE	0.120000000000001
low_variance_null	scale_misspecification	diagnostic	7	20279007	180	0	0	0	0	0.13223140495868	0.0483383685801607	0.0483506448969831	0.00639185039076588	0.000309050088491297	NA	FALSE	0.111999999999998
low_variance_null	scale_misspecification	diagnostic	8	20279008	180	0	0	0	0	0.132231404958682	0.0483383685800627	0.0483416163433315	0.00639185039075292	0.000308992379314071	NA	FALSE	0.127999999999997
low_variance_null	scale_misspecification	diagnostic	9	20279009	180	0	0	0	0	0.132231404958676	0.0483383685800599	0.0483415355890655	0.00639185039075254	0.000308991863144784	NA	FALSE	0.111000000000001
low_variance_null	scale_misspecification	diagnostic	10	20279010	180	0	0	0	0	0.132231404958678	0.0483383685800745	0.0483438173525016	0.00639185039075447	0.000309006447837134	NA	FALSE	0.129999999999999
low_variance_null	scale_misspecification	diagnostic	11	20279011	180	0	0	0	0	0.132231404958677	0.0483383685800714	0.0483430946275194	0.00639185039075407	0.000309001828286806	NA	FALSE	0.136000000000003
low_variance_null	scale_misspecification	diagnostic	12	20279012	180	0	0	0	0	0.132231404958677	0.0483383685800635	0.0483423303368699	0.00639185039075302	0.000308996943054283	NA	FALSE	0.120999999999999
low_variance_null	scale_misspecification	diagnostic	13	20279013	180	0	0	0	0	0.132231404958687	0.0483383685801983	0.04834765888433	0.00639185039077085	0.000309031002349767	NA	FALSE	0.120999999999999
low_variance_null	scale_misspecification	diagnostic	14	20279014	180	0	0	0	0	0.132231404958678	0.0483383685800628	0.0483422299349114	0.00639185039075293	0.000308996301299852	NA	FALSE	0.113000000000003
low_variance_null	scale_misspecification	diagnostic	15	20279015	180	0	0	0	0	0.132231404958684	0.0483383685801098	0.0483470638863368	0.00639185039075915	0.000309027199200077	NA	FALSE	0.108000000000001
low_variance_null	scale_misspecification	diagnostic	16	20279016	180	0	0	0	0	0.132231404958683	0.0483383685800616	0.048341019709315	0.00639185039075277	0.000308988565718499	NA	FALSE	0.115000000000002
low_variance_null	scale_misspecification	diagnostic	17	20279017	180	0	0	0	0	0.132231404958682	0.0483383685800657	0.0483420435128095	0.00639185039075331	0.000308995109717834	NA	FALSE	0.122
low_variance_null	scale_misspecification	diagnostic	18	20279018	180	0	0	0	0	0.132231404958687	0.0483383685801973	0.0483490669499002	0.00639185039077072	0.000309040002494132	NA	FALSE	0.123999999999999
low_variance_null	scale_misspecification	diagnostic	19	20279019	180	0	0	0	0	0.132231404958684	0.048338368580109	0.048346909613178	0.00639185039075904	0.000309026213109026	NA	FALSE	0.108000000000001
low_variance_null	scale_misspecification	diagnostic	20	20279020	180	0	0	0	0	0.132231404958687	0.0483383685805112	0.0483533261175999	0.00639185039081223	0.000309067226498323	NA	FALSE	0.126999999999999
low_variance_null	scale_misspecification	diagnostic	21	20279021	180	0	0	0	0	0.132231404958681	0.0483383685800608	0.0483405150593533	0.00639185039075267	0.000308985340071444	NA	FALSE	0.120999999999999
low_variance_null	scale_misspecification	diagnostic	22	20279022	180	0	0	0	0	0.132231404958677	0.0483383685802145	0.0483496135432557	0.00639185039077299	0.000309043496239827	NA	FALSE	0.124000000000002
low_variance_null	scale_misspecification	diagnostic	23	20279023	180	0	0	0	0	0.132231404958688	0.0483383685854642	0.0483714653746887	0.00639185039146716	0.000309183170570726	NA	FALSE	0.122
low_variance_null	scale_misspecification	diagnostic	24	20279024	180	0	0	0	0	0.132231404958689	0.0483383685804292	0.0483521182829088	0.00639185039080138	0.000309059506188779	NA	FALSE	0.117000000000001
low_variance_null	scale_misspecification	diagnostic	25	20279025	180	0	0	0	0	0.132231404958681	0.0483383685800668	0.0483423210559579	0.00639185039075347	0.000308996883732316	NA	FALSE	0.123000000000001
low_variance_null	scale_misspecification	diagnostic	26	20279026	180	0	0	0	0	0.132231404958686	0.0483383685819024	0.0483630132621337	0.00639185039099618	0.000309129145460924	NA	FALSE	0.129999999999999
low_variance_null	scale_misspecification	diagnostic	27	20279027	180	0	0	0	0	0.132231404958684	0.048338368580172	0.0483468969859482	0.00639185039076737	0.000309026132405987	NA	FALSE	0.121000000000002
low_variance_null	scale_misspecification	diagnostic	28	20279028	180	0	0	0	0	0.132231404958686	0.0483383685804977	0.0483620822664309	0.00639185039081044	0.000309123194489922	NA	FALSE	0.117000000000001
low_variance_null	scale_misspecification	diagnostic	29	20279029	180	0	0	0	0	0.132231404958678	0.0483383685801746	0.048349268411519	0.00639185039076772	0.000309041290204051	NA	FALSE	0.112000000000002
low_variance_null	scale_misspecification	diagnostic	30	20279030	180	0	0	0	0	0.132231404958683	0.0483383685800796	0.0483453337707508	0.00639185039075515	0.000309016140556147	NA	FALSE	0.120999999999999
low_variance_null	scale_misspecification	diagnostic	31	20279031	180	0	0	0	0	0.132231404958682	0.0483383685800675	0.0483429474529191	0.00639185039075356	0.000309000887568011	NA	FALSE	0.116999999999997
low_variance_null	scale_misspecification	diagnostic	32	20279032	180	0	0	0	0	0.132231404958683	0.0483383685831394	0.0483686224466814	0.00639185039115975	0.000309164998693061	NA	FALSE	0.116
low_variance_null	scale_misspecification	diagnostic	33	20279033	180	0	0	0	0	0.132231404958689	0.0483383685800767	0.0483428189643866	0.00639185039075477	0.000309000066289437	NA	FALSE	0.126999999999999
low_variance_null	scale_misspecification	diagnostic	34	20279034	180	0	0	0	0	0.132231404958687	0.048338368580077	0.048343503056998	0.00639185039075481	0.000309004438907196	NA	FALSE	0.120999999999999
low_variance_null	scale_misspecification	diagnostic	35	20279035	180	0	0	0	0	0.132231404958678	0.0483383685802239	0.0483506647992796	0.00639185039077423	0.000309050215712225	NA	FALSE	0.122
low_variance_null	scale_misspecification	diagnostic	36	20279036	180	0	0	0	0	0.132231404958686	0.0483383685800665	0.0483420052761997	0.00639185039075342	0.000308994865315044	NA	FALSE	0.116
low_variance_null	scale_misspecification	diagnostic	37	20279037	180	0	0	0	0	0.132231404958677	0.0483383685805932	0.0483528814568824	0.00639185039082307	0.000309064384304877	NA	FALSE	0.133000000000003
low_variance_null	scale_misspecification	diagnostic	38	20279038	180	0	0	0	0	0.13223140495869	0.0483383685801009	0.0483459634617983	0.00639185039075797	0.000309020165449589	NA	FALSE	0.137
low_variance_null	scale_misspecification	diagnostic	39	20279039	180	0	0	0	0	0.132231404958678	0.0483383685837909	0.0483683874468861	0.00639185039124591	0.000309163496695957	NA	FALSE	0.129999999999999
low_variance_null	scale_misspecification	diagnostic	40	20279040	180	0	0	0	0	0.132231404958677	0.048338368580077	0.0483437239800601	0.00639185039075481	0.000309005851014825	NA	FALSE	0.151
low_variance_null	scale_misspecification	diagnostic	41	20279041	180	0	0	0	0	0.132231404958687	0.0483383685800728	0.0483437615177962	0.00639185039075425	0.000309006090949382	NA	FALSE	0.123999999999999
low_variance_null	scale_misspecification	diagnostic	42	20279042	180	0	0	0	0	0.132231404958689	0.0483383685803904	0.0483502545462415	0.00639185039079625	0.000309047593457682	NA	FALSE	0.119999999999997
low_variance_null	scale_misspecification	diagnostic	43	20279043	180	0	0	0	0	0.132231404958682	0.0483383685800689	0.0483427842168814	0.00639185039075374	0.00030899984418788	NA	FALSE	0.134999999999998
low_variance_null	scale_misspecification	diagnostic	44	20279044	180	0	0	0	0	0.132231404958676	0.0483383685802057	0.0483478431293517	0.00639185039077182	0.000309032180017919	NA	FALSE	0.141000000000002
low_variance_null	scale_misspecification	diagnostic	45	20279045	180	0	0	0	0	0.132231404958679	0.0483383685800594	0.0483400886380832	0.00639185039075248	0.000308982614450348	NA	FALSE	0.154999999999998
low_variance_null	scale_misspecification	diagnostic	46	20279046	180	0	0	0	0	0.132231404958687	0.0483383685800658	0.0483418821419749	0.00639185039075333	0.000308994078259401	NA	FALSE	0.141000000000002
low_variance_null	scale_misspecification	diagnostic	47	20279047	180	0	0	0	0	0.132231404958685	0.0483383685804623	0.048355402769889	0.00639185039080576	0.000309080500142717	NA	FALSE	0.146999999999998
low_variance_null	scale_misspecification	diagnostic	48	20279048	180	0	0	0	0	0.132231404958689	0.0483383685801422	0.0483458290230275	0.00639185039076343	0.000309019306142596	NA	FALSE	0.143999999999998
low_variance_null	scale_misspecification	diagnostic	49	20279049	180	0	0	0	0	0.132231404958681	0.0483383685800713	0.0483433027426058	0.00639185039075405	0.000309003158527102	NA	FALSE	0.132000000000001
low_variance_null	scale_misspecification	diagnostic	50	20279050	180	0	0	0	0	0.13223140495868	0.0483383685805052	0.0483537233220992	0.00639185039081143	0.000309069765369623	NA	FALSE	0.126000000000001
high_variance_null	scale_misspecification	diagnostic	1	20280001	180	0	0	0	0	0.132231404958675	0.0483383686293292	0.999999996688997	0.00639185039726658	0.00639185037610321	NA	FALSE	0.143000000000001
high_variance_null	scale_misspecification	diagnostic	2	20280002	180	0	0	0	0	0.132231404958679	0.0483383686223308	0.999999978745985	0.00639185039634117	0.00639185026048868	NA	FALSE	0.140000000000001
high_variance_null	scale_misspecification	diagnostic	3	20280003	180	0	0	0	0	0.132231404958681	0.0483383686013752	0.999979365693276	0.00639185039357018	0.0063917185021686	NA	FALSE	0.120999999999999
high_variance_null	scale_misspecification	diagnostic	4	20280004	180	0	0	0	0	0.132231404958679	0.0483383685860397	0.99998722423895	0.00639185039154235	0.0063917687307891	NA	FALSE	0.142000000000003
high_variance_null	scale_misspecification	diagnostic	5	20280005	180	0	0	0	0	0.132231404958678	0.0483383763677241	0.999999999997134	0.00639185142052541	0.00639185142050705	NA	FALSE	0.138999999999999
high_variance_null	scale_misspecification	diagnostic	6	20280006	180	0	0	0	0	0.132231404958678	0.0483383687021497	0.999985452594328	0.00639185040689574	0.00639175742205516	NA	FALSE	0.131
high_variance_null	scale_misspecification	diagnostic	7	20280007	180	0	0	0	0	0.132231404958677	0.0483383686834101	0.999422989342662	0.00639185040441785	0.00638816223862229	NA	FALSE	0.130000000000003
high_variance_null	scale_misspecification	diagnostic	8	20280008	180	0	0	0	0	0.13223140495868	0.0483414073585548	1.00000000000001	0.00639225221270122	0.00639225221270122	NA	FALSE	0.129000000000001
high_variance_null	scale_misspecification	diagnostic	9	20280009	180	0	0	0	0	0.132231404958676	0.0483383713121654	0.999998943578908	0.0063918507520219	0.00639184399953634	NA	FALSE	0.131
high_variance_null	scale_misspecification	diagnostic	10	20280010	180	0	0	0	0	0.132231404958678	0.0483383689450278	0.999999999999839	0.00639185043901193	0.00639185043901088	NA	FALSE	0.119
high_variance_null	scale_misspecification	diagnostic	11	20280011	180	0	0	0	0	0.132231404958678	0.0483383686228888	0.999999996612287	0.00639185039641479	0.00639185037476105	NA	FALSE	0.136999999999997
high_variance_null	scale_misspecification	diagnostic	12	20280012	180	0	0	0	0	0.132231404958679	0.0483383947796622	0.999999999237928	0.00639185385516169	0.00639185385029061	NA	FALSE	0.129999999999999
high_variance_null	scale_misspecification	diagnostic	13	20280013	180	0	0	0	0	0.132231404958678	0.0483383685837788	0.999999999999986	0.00639185039124339	0.00639185039124336	NA	FALSE	0.128
high_variance_null	scale_misspecification	diagnostic	14	20280014	180	0	0	0	0	0.132231404958681	0.0483383739277713	0.999999999996759	0.00639185109788702	0.00639185109786622	NA	FALSE	0.123999999999999
high_variance_null	scale_misspecification	diagnostic	15	20280015	180	0	0	0	0	0.132231404958679	0.0483383685833298	0.999999999999868	0.00639185039118409	0.00639185039118323	NA	FALSE	0.113999999999997
high_variance_null	scale_misspecification	diagnostic	16	20280016	180	0	0	0	0	0.13223140495868	0.0483383690654284	0.999999999999852	0.00639185045493259	0.00639185045493156	NA	FALSE	0.123999999999999
high_variance_null	scale_misspecification	diagnostic	17	20280017	180	0	0	0	0	0.132231404958678	0.0483383722066325	0.999999999997211	0.00639185087029843	0.00639185087028065	NA	FALSE	0.134
high_variance_null	scale_misspecification	diagnostic	18	20280018	180	0	0	0	0	0.13223140495868	0.0483383685918033	1	0.00639185039230448	0.00639185039230448	NA	FALSE	0.123999999999999
high_variance_null	scale_misspecification	diagnostic	19	20280019	180	0	0	0	0	0.13223140495868	0.0483383686040881	0.999999918577045	0.00639185039392875	0.00639184987348536	NA	FALSE	0.123999999999999
high_variance_null	scale_misspecification	diagnostic	20	20280020	180	0	0	0	0	0.132231404958678	0.0483383686540958	0.989544385125342	0.00639185040054151	0.00632501967451942	NA	FALSE	0.128
high_variance_null	scale_misspecification	diagnostic	21	20280021	180	0	0	0	0	0.132231404958678	0.0483384352153193	0.999999999999675	0.00639185920202568	0.00639185920202363	NA	FALSE	0.128999999999998
high_variance_null	scale_misspecification	diagnostic	22	20280022	180	0	0	0	0	0.132231404958678	0.0483383685843444	0.999999999999142	0.00639185039131825	0.00639185039131276	NA	FALSE	0.113
high_variance_null	scale_misspecification	diagnostic	23	20280023	180	0	0	0	0	0.132231404958677	0.0483383685815875	0.999999283568526	0.00639185039095379	0.006391845811631	NA	FALSE	0.123999999999999
high_variance_null	scale_misspecification	diagnostic	24	20280024	180	0	0	0	0	0.132231404958678	0.0483388079477251	0.999999999999996	0.0063919084889553	0.0063919084889553	NA	FALSE	0.128999999999998
high_variance_null	scale_misspecification	diagnostic	25	20280025	180	0	0	0	0	0.13223140495868	0.0483383747627001	0.99999999741401	0.00639185120829083	0.00639185119176153	NA	FALSE	0.135000000000002
high_variance_null	scale_misspecification	diagnostic	26	20280026	180	0	0	0	0	0.132231404958679	0.0483383974533288	0.999999999430244	0.00639185420870454	0.00639185420506274	NA	FALSE	0.135999999999999
high_variance_null	scale_misspecification	diagnostic	27	20280027	180	0	0	0	0	0.132231404958679	0.0483383685800702	0.999999804281459	0.006391850390753	0.00639184913974935	NA	FALSE	0.119
high_variance_null	scale_misspecification	diagnostic	28	20280028	180	0	0	0	0	0.132231404958681	0.0483383688469432	0.999999986680821	0.00639185042604199	0.00639185034090771	NA	FALSE	0.129999999999999
high_variance_null	scale_misspecification	diagnostic	29	20280029	180	0	0	0	0	0.132231404958679	0.0483383685806071	0.928725696538977	0.00639185039082385	0.00593627570639595	NA	FALSE	0.118000000000002
high_variance_null	scale_misspecification	diagnostic	30	20280030	180	0	0	0	0	0.13223140495868	0.0483383982260957	0.999999470608525	0.00639185431088844	0.00639185092709729	NA	FALSE	0.122999999999998
high_variance_null	scale_misspecification	diagnostic	31	20280031	180	0	0	0	0	0.132231404958677	0.0483383792980664	0.99999999999528	0.00639185180800854	0.00639185180797843	NA	FALSE	0.128999999999998
high_variance_null	scale_misspecification	diagnostic	32	20280032	180	0	0	0	0	0.132231404958679	0.0483383686354835	0.999998849216677	0.00639185039808038	0.00639184304244556	NA	FALSE	0.122999999999998
high_variance_null	scale_misspecification	diagnostic	33	20280033	180	0	0	0	0	0.132231404958678	0.0483383687687711	0.99999999999997	0.00639185041570502	0.00639185041570487	NA	FALSE	0.127000000000002
high_variance_null	scale_misspecification	diagnostic	34	20280034	180	0	0	0	0	0.132231404958677	0.0483383689187026	0.999999999997872	0.00639185043553068	0.00639185043551714	NA	FALSE	0.126999999999999
high_variance_null	scale_misspecification	diagnostic	35	20280035	180	0	0	0	0	0.13223140495868	0.0483387946332463	1.00000000000001	0.0063919067283629	0.0063919067283629	NA	FALSE	0.121000000000002
high_variance_null	scale_misspecification	diagnostic	36	20280036	180	0	0	0	0	0.132231404958673	0.0483383686331519	0.999999931219204	0.00639185039777238	0.00639184995813597	NA	FALSE	0.128
high_variance_null	scale_misspecification	diagnostic	37	20280037	180	0	0	0	0	0.132231404958679	0.0483383690423864	0.999999999999997	0.00639185045188556	0.00639185045188555	NA	FALSE	0.132000000000001
high_variance_null	scale_misspecification	diagnostic	38	20280038	180	0	0	0	0	0.132231404958677	0.0483383692770585	0.999995856794755	0.00639185048291674	0.0063918240001686	NA	FALSE	0.131999999999998
high_variance_null	scale_misspecification	diagnostic	39	20280039	180	0	0	0	0	0.132231404958677	0.0483383685803055	0.999999895866571	0.00639185039078418	0.0063918497251789	NA	FALSE	0.130000000000003
high_variance_null	scale_misspecification	diagnostic	40	20280040	180	0	0	0	0	0.132231404958679	0.0483383685801538	0.99999959401104	0.00639185039076389	0.00639184779574317	NA	FALSE	0.132000000000001
high_variance_null	scale_misspecification	diagnostic	41	20280041	180	0	0	0	0	0.132231404958677	0.0483383698294257	0.999999999999885	0.00639185055595687	0.00639185055595621	NA	FALSE	0.140000000000001
high_variance_null	scale_misspecification	diagnostic	42	20280042	180	0	0	0	0	0.132231404958679	0.0483384046003489	0.99999999999999	0.00639185515376505	0.00639185515376497	NA	FALSE	0.122
high_variance_null	scale_misspecification	diagnostic	43	20280043	180	0	0	0	0	0.132231404958678	0.0483405989906232	0.999999999999994	0.0063921453210739	0.0063921453210739	NA	FALSE	0.120999999999999
high_variance_null	scale_misspecification	diagnostic	44	20280044	180	0	0	0	0	0.132231404958678	0.048338492318528	0.99999999999981	0.00639186675286319	0.00639186675286194	NA	FALSE	0.138999999999999
high_variance_null	scale_misspecification	diagnostic	45	20280045	180	0	0	0	0	0.132231404958677	0.0483383685917213	0.998087216684285	0.00639185039229395	0.00637962416750995	NA	FALSE	0.126999999999999
high_variance_null	scale_misspecification	diagnostic	46	20280046	180	0	0	0	0	0.13223140495868	0.0483383688612818	0.99999999990286	0.00639185042793799	0.00639185042731704	NA	FALSE	0.118000000000002
high_variance_null	scale_misspecification	diagnostic	47	20280047	180	0	0	0	0	0.132231404958678	0.0483383685838908	0.996031897293265	0.00639185039125832	0.00636648687242172	NA	FALSE	0.138999999999999
high_variance_null	scale_misspecification	diagnostic	48	20280048	180	0	0	0	0	0.132231404958677	0.0483383687169264	0.923298783408579	0.00639185040884977	0.00590158770760876	NA	FALSE	0.146999999999998
high_variance_null	scale_misspecification	diagnostic	49	20280049	180	0	0	0	0	0.132231404958677	0.0483386059988571	0.99999999999947	0.00639188178497286	0.0063918817849695	NA	FALSE	0.125
high_variance_null	scale_misspecification	diagnostic	50	20280050	180	0	0	0	0	0.13223140495868	0.0483383686084575	0.999999999981977	0.00639185039450653	0.0063918503943913	NA	FALSE	0.125
low_variance_mediation	scale_misspecification	diagnostic	1	20281001	180	0.808083776317978	0.808083776317978	0	0	0.999999999999965	0.999999999999965	0.0483794926755815	0.999999999999965	0.0483794926755812	NA	TRUE	0.158000000000001
low_variance_mediation	scale_misspecification	diagnostic	2	20281002	180	0.808083776317978	0.808083776317978	0	0	1.00000000000002	1.00000000000002	0.0483514487707795	1.00000000000002	0.0483514487707771	NA	TRUE	0.126999999999999
low_variance_mediation	scale_misspecification	diagnostic	3	20281003	180	0.808083776317978	0.808083776317978	0	0	1.00000000000005	0.999999999999978	0.0483550141784476	0.999999999999978	0.0483550141783704	NA	TRUE	0.122
low_variance_mediation	scale_misspecification	diagnostic	4	20281004	180	0.808083776317978	0.808083776317978	0	0	1.00000000000001	0.999999999999972	0.0483542333688825	0.999999999999972	0.04835423336884	NA	TRUE	0.129000000000001
low_variance_mediation	scale_misspecification	diagnostic	5	20281005	180	0.808083776317978	0.808083776317978	0	0	1.00000000000005	1.00000000000004	0.0483516351082238	1.00000000000004	0.0483516351082172	NA	TRUE	0.126000000000001
low_variance_mediation	scale_misspecification	diagnostic	6	20281006	180	0.808083776317978	0.808083776317978	0	0	1	1	0.0483498411468967	1	0.0483498411468966	NA	TRUE	0.114000000000001
low_variance_mediation	scale_misspecification	diagnostic	7	20281007	180	0.808083776317978	0.808083776317978	0	0	1.00000000000002	0.999999999999925	0.0483604273571597	0.999999999999925	0.0483604273570653	NA	TRUE	0.108999999999998
low_variance_mediation	scale_misspecification	diagnostic	8	20281008	180	0.808083776317978	0.808083776317978	0	0	1.00000000000004	1.00000000000002	0.0483625221880747	1.00000000000002	0.0483625221880594	NA	TRUE	0.129999999999999
low_variance_mediation	scale_misspecification	diagnostic	9	20281009	180	0.808083776317978	0.808083776317978	0	0	1	1	0.0483530598273588	1	0.0483530598273579	NA	TRUE	0.129000000000001
low_variance_mediation	scale_misspecification	diagnostic	10	20281010	180	0.808083776317978	0.808083776317978	0	0	0.999999999999982	0.999999999999945	0.0483879120919189	0.999999999999945	0.0483879120918814	NA	TRUE	0.114000000000001
low_variance_mediation	scale_misspecification	diagnostic	11	20281011	180	0.808083776317978	0.808083776317978	0	0	1.00000000000004	1.00000000000004	0.048342631228442	1.00000000000004	0.048342631228442	NA	TRUE	0.132999999999999
low_variance_mediation	scale_misspecification	diagnostic	12	20281012	180	0.808083776317978	0.808083776317978	0	0	0.999999999999979	0.999999999999977	0.0483668356179582	0.999999999999977	0.0483668356179566	NA	TRUE	0.123000000000001
low_variance_mediation	scale_misspecification	diagnostic	13	20281013	180	0.808083776317978	0.808083776317978	0	0	0.99999999999997	0.999999999997943	0.0483924311401989	0.999999999997943	0.0483924311381724	NA	TRUE	0.116
low_variance_mediation	scale_misspecification	diagnostic	14	20281014	180	0.808083776317978	0.808083776317978	0	0	1.00000000000002	1.00000000000001	0.0483513864552217	1.00000000000001	0.0483513864552155	NA	TRUE	0.116999999999997
low_variance_mediation	scale_misspecification	diagnostic	15	20281015	180	0.808083776317978	0.808083776317978	0	0	1.00000000000005	0.999999999999951	0.0483588103733768	0.999999999999951	0.0483588103732765	NA	TRUE	0.119
low_variance_mediation	scale_misspecification	diagnostic	16	20281016	180	0.808083776317978	0.808083776317978	0	0	1.00000000000004	1.00000000000004	0.0483431101226498	1.00000000000004	0.0483431101226496	NA	TRUE	0.106999999999999
low_variance_mediation	scale_misspecification	diagnostic	17	20281017	180	0.808083776317978	0.808083776317978	0	0	1.00000000000001	1	0.0483533714361328	1	0.0483533714361243	NA	TRUE	0.121000000000002
low_variance_mediation	scale_misspecification	diagnostic	18	20281018	180	0.808083776317978	0.808083776317978	0	0	1.00000000000005	1.00000000000004	0.048371089688669	1.00000000000004	0.0483710896886625	NA	TRUE	0.116
low_variance_mediation	scale_misspecification	diagnostic	19	20281019	180	0.808083776317978	0.808083776317978	0	0	0.999999999999948	0.999999999910601	0.0484190327692195	0.999999999910601	0.0484190326798725	NA	TRUE	0.141999999999999
low_variance_mediation	scale_misspecification	diagnostic	20	20281020	180	0.808083776317978	0.808083776317978	0	0	0.99999999999999	0.999999999999956	0.0483598967175062	0.999999999999956	0.0483598967174721	NA	TRUE	0.132999999999999
low_variance_mediation	scale_misspecification	diagnostic	21	20281021	180	0.808083776317978	0.808083776317978	0	0	0.999999999999958	0.999999999999857	0.0483519154856603	0.999999999999857	0.0483519154855598	NA	TRUE	0.119000000000003
low_variance_mediation	scale_misspecification	diagnostic	22	20281022	180	0.808083776317978	0.808083776317978	0	0	0.999999999999969	0.99999999999806	0.0485006694710837	0.99999999999806	0.0485006694691752	NA	TRUE	0.131
low_variance_mediation	scale_misspecification	diagnostic	23	20281023	180	0.808083776317978	0.808083776317978	0	0	0.999999999999973	0.999999999999959	0.0483640319250961	0.999999999999959	0.048364031925082	NA	TRUE	0.131
low_variance_mediation	scale_misspecification	diagnostic	24	20281024	180	0.808083776317978	0.808083776317978	0	0	1.00000000000005	1.00000000000005	0.0483431331789974	1.00000000000005	0.048343133178997	NA	TRUE	0.117000000000001
low_variance_mediation	scale_misspecification	diagnostic	25	20281025	180	0.808083776317978	0.808083776317978	0	0	0.999999999999975	0.999999999999857	0.0483944576020418	0.999999999999857	0.0483944576019238	NA	TRUE	0.134
low_variance_mediation	scale_misspecification	diagnostic	26	20281026	180	0.808083776317978	0.808083776317978	0	0	0.999999999999947	0.999999999999944	0.0483729226978144	0.999999999999944	0.0483729226978115	NA	TRUE	0.138000000000002
low_variance_mediation	scale_misspecification	diagnostic	27	20281027	180	0.808083776317978	0.808083776317978	0	0	1.00000000000005	1.00000000000005	0.0483452924377232	1.00000000000005	0.0483452924377194	NA	TRUE	0.103999999999999
low_variance_mediation	scale_misspecification	diagnostic	28	20281028	180	0.808083776317978	0.808083776317978	0	0	1.00000000000003	0.99999999999986	0.0483914578683095	0.99999999999986	0.0483914578681442	NA	TRUE	0.132999999999999
low_variance_mediation	scale_misspecification	diagnostic	29	20281029	180	0.808083776317978	0.808083776317978	0	0	1.00000000000004	1.00000000000004	0.0483435635726214	1.00000000000004	0.0483435635726214	NA	TRUE	0.124000000000002
low_variance_mediation	scale_misspecification	diagnostic	30	20281030	180	0.808083776317978	0.808083776317978	0	0	1.00000000000001	1.00000000000001	0.0483447180371931	1.00000000000001	0.0483447180371926	NA	TRUE	0.108999999999998
low_variance_mediation	scale_misspecification	diagnostic	31	20281031	180	0.808083776317978	0.808083776317978	0	0	0.999999999999996	0.999999999999996	0.0483475828710015	0.999999999999996	0.0483475828710014	NA	TRUE	0.128
low_variance_mediation	scale_misspecification	diagnostic	32	20281032	180	0.808083776317978	0.808083776317978	0	0	1.00000000000005	0.999999999999999	0.0483535808287604	0.999999999999999	0.0483535808287097	NA	TRUE	0.109999999999999
low_variance_mediation	scale_misspecification	diagnostic	33	20281033	180	0.808083776317978	0.808083776317978	0	0	1.00000000000005	1.00000000000005	0.0483423221206765	1.00000000000005	0.0483423221206764	NA	TRUE	0.131999999999998
low_variance_mediation	scale_misspecification	diagnostic	34	20281034	180	0.808083776317978	0.808083776317978	0	0	0.99999999999995	0.999999999999949	0.0483464337335573	0.999999999999949	0.0483464337335572	NA	TRUE	0.134
low_variance_mediation	scale_misspecification	diagnostic	35	20281035	180	0.808083776317978	0.808083776317978	0	0	0.999999999999964	0.999999999999962	0.0483516047217076	0.999999999999962	0.0483516047217057	NA	TRUE	0.117000000000001
low_variance_mediation	scale_misspecification	diagnostic	36	20281036	180	0.808083776317978	0.808083776317978	0	0	1.00000000000002	1.00000000000002	0.0483565731522596	1.00000000000002	0.0483565731522587	NA	TRUE	0.112000000000002
low_variance_mediation	scale_misspecification	diagnostic	37	20281037	180	0.808083776317978	0.808083776317978	0	0	0.999999999999984	0.999999999999971	0.0483500468322453	0.999999999999971	0.0483500468322321	NA	TRUE	0.118000000000002
low_variance_mediation	scale_misspecification	diagnostic	38	20281038	180	0.808083776317978	0.808083776317978	0	0	0.999999999999949	0.999999999999944	0.0483536008547835	0.999999999999944	0.0483536008547785	NA	TRUE	0.123000000000001
low_variance_mediation	scale_misspecification	diagnostic	39	20281039	180	0.808083776317978	0.808083776317978	0	0	1.00000000000006	0.999999999998527	0.0484376294741206	0.999999999998527	0.0484376294725917	NA	TRUE	0.121000000000002
low_variance_mediation	scale_misspecification	diagnostic	40	20281040	180	0.808083776317978	0.808083776317978	0	0	0.999999999999975	0.999999999999971	0.0483572627101941	0.999999999999971	0.0483572627101904	NA	TRUE	0.114000000000001
low_variance_mediation	scale_misspecification	diagnostic	41	20281041	180	0.808083776317978	0.808083776317978	0	0	1	1	0.0483435640095722	1	0.048343564009572	NA	TRUE	0.121000000000002
low_variance_mediation	scale_misspecification	diagnostic	42	20281042	180	0.808083776317978	0.808083776317978	0	0	1.00000000000004	1.00000000000004	0.0483456452651942	1.00000000000004	0.0483456452651942	NA	TRUE	0.120000000000001
low_variance_mediation	scale_misspecification	diagnostic	43	20281043	180	0.808083776317978	0.808083776317978	0	0	1.00000000000003	1.00000000000002	0.0483942094211864	1.00000000000002	0.0483942094211744	NA	TRUE	0.117999999999999
low_variance_mediation	scale_misspecification	diagnostic	44	20281044	180	0.808083776317978	0.808083776317978	0	0	0.999999999999999	0.999999999999999	0.0483777800701929	0.999999999999999	0.0483777800701927	NA	TRUE	0.125
low_variance_mediation	scale_misspecification	diagnostic	45	20281045	180	0.808083776317978	0.808083776317978	0	0	0.999999999999943	0.999999999999927	0.0483538415329461	0.999999999999927	0.04835384153293	NA	TRUE	0.116
low_variance_mediation	scale_misspecification	diagnostic	46	20281046	180	0.808083776317978	0.808083776317978	0	0	0.999999999999989	0.99999999999991	0.0483534618902677	0.99999999999991	0.048353461890189	NA	TRUE	0.118000000000002
low_variance_mediation	scale_misspecification	diagnostic	47	20281047	180	0.808083776317978	0.808083776317978	0	0	0.999999999999949	0.999999999999901	0.0483567365249894	0.999999999999901	0.0483567365249407	NA	TRUE	0.131999999999998
low_variance_mediation	scale_misspecification	diagnostic	48	20281048	180	0.808083776317978	0.808083776317978	0	0	0.999999999999959	0.999999999999526	0.0483645093320718	0.999999999999526	0.0483645093316388	NA	TRUE	0.109000000000002
low_variance_mediation	scale_misspecification	diagnostic	49	20281049	180	0.808083776317978	0.808083776317978	0	0	1	0.999999999995429	0.0483710613453938	0.999999999995429	0.0483710613408229	NA	TRUE	0.129999999999999
low_variance_mediation	scale_misspecification	diagnostic	50	20281050	180	0.808083776317978	0.808083776317978	0	0	0.99999999999997	0.999999999999456	0.0483721565919559	0.999999999999456	0.0483721565914415	NA	TRUE	0.120000000000001
role_contamination_pleiotropy	role_misspecification	diagnostic	1	20282001	180	0.808083776317978	0	0.808083776317978	0.35	0.999999999999987	0.0487390049492973	0.999999999999987	0.0487390049492973	0.0487390049492973	NA	FALSE	0.132000000000001
role_contamination_pleiotropy	role_misspecification	diagnostic	2	20282002	180	0.808083776317978	0	0.808083776317978	0.35	0.999999999999992	0.0487125740112132	0.999999999999992	0.0487125740112132	0.0487125740112132	NA	FALSE	0.128999999999998
role_contamination_pleiotropy	role_misspecification	diagnostic	3	20282003	180	0.808083776317978	0	0.808083776317978	0.35	0.999999999999999	0.0499039269323866	0.999999999999999	0.0499039269323866	0.0499039269323866	NA	FALSE	0.114999999999998
role_contamination_pleiotropy	role_misspecification	diagnostic	4	20282004	180	0.808083776317978	0	0.808083776317978	0.35	0.999999999999997	0.0494324757126731	0.999999999999997	0.0494324757126731	0.0494324757126731	NA	FALSE	0.117000000000001
role_contamination_pleiotropy	role_misspecification	diagnostic	5	20282005	180	0.808083776317978	0	0.808083776317978	0.35	1.00000000000003	0.06276114186338	1.00000000000003	0.06276114186338	0.06276114186338	NA	FALSE	0.109999999999999
role_contamination_pleiotropy	role_misspecification	diagnostic	6	20282006	180	0.808083776317978	0	0.808083776317978	0.35	0.999999999999995	0.0484210814794736	0.999999999999995	0.0484210814794736	0.0484210814794736	NA	FALSE	0.125
role_contamination_pleiotropy	role_misspecification	diagnostic	7	20282007	180	0.808083776317978	0	0.808083776317978	0.35	1	0.0485743189729886	1	0.0485743189729886	0.0485743189729886	NA	FALSE	0.119
role_contamination_pleiotropy	role_misspecification	diagnostic	8	20282008	180	0.808083776317978	0	0.808083776317978	0.35	0.999999999999994	0.0488329870041502	0.999999999999994	0.0488329870041502	0.0488329870041502	NA	FALSE	0.117000000000001
role_contamination_pleiotropy	role_misspecification	diagnostic	9	20282009	180	0.808083776317978	0	0.808083776317978	0.35	0.999999999999992	0.0498728261744757	0.999999999999992	0.0498728261744757	0.0498728261744757	NA	FALSE	0.123999999999999
role_contamination_pleiotropy	role_misspecification	diagnostic	10	20282010	180	0.808083776317978	0	0.808083776317978	0.35	0.999999999999988	0.048422826885682	0.999999999999988	0.048422826885682	0.048422826885682	NA	FALSE	0.111999999999998
role_contamination_pleiotropy	role_misspecification	diagnostic	11	20282011	180	0.808083776317978	0	0.808083776317978	0.35	1	0.0531451769965137	1	0.0531451769965137	0.0531451769965137	NA	FALSE	0.106999999999999
role_contamination_pleiotropy	role_misspecification	diagnostic	12	20282012	180	0.808083776317978	0	0.808083776317978	0.35	1	0.0485957514833098	1	0.0485957514833098	0.0485957514833098	NA	FALSE	0.123000000000001
role_contamination_pleiotropy	role_misspecification	diagnostic	13	20282013	180	0.808083776317978	0	0.808083776317978	0.35	0.99999999999999	0.0484558371938374	0.99999999999999	0.0484558371938374	0.0484558371938374	NA	FALSE	0.112000000000002
role_contamination_pleiotropy	role_misspecification	diagnostic	14	20282014	180	0.808083776317978	0	0.808083776317978	0.35	1.00000000000001	0.0499901322654484	1.00000000000001	0.0499901322654484	0.0499901322654484	NA	FALSE	0.119
role_contamination_pleiotropy	role_misspecification	diagnostic	15	20282015	180	0.808083776317978	0	0.808083776317978	0.35	1	0.04862109393944	1	0.04862109393944	0.04862109393944	NA	FALSE	0.127000000000002
role_contamination_pleiotropy	role_misspecification	diagnostic	16	20282016	180	0.808083776317978	0	0.808083776317978	0.35	0.999999999999994	0.049375335007576	0.999999999999994	0.049375335007576	0.049375335007576	NA	FALSE	0.123000000000001
role_contamination_pleiotropy	role_misspecification	diagnostic	17	20282017	180	0.808083776317978	0	0.808083776317978	0.35	1	0.0486852673593646	1	0.0486852673593646	0.0486852673593646	NA	FALSE	0.117000000000001
role_contamination_pleiotropy	role_misspecification	diagnostic	18	20282018	180	0.808083776317978	0	0.808083776317978	0.35	0.999999999999993	0.0498025324298242	0.999999999999993	0.0498025324298242	0.0498025324298242	NA	FALSE	0.119
role_contamination_pleiotropy	role_misspecification	diagnostic	19	20282019	180	0.808083776317978	0	0.808083776317978	0.35	0.999999999999989	0.0483881679577803	0.999999999999989	0.0483881679577803	0.0483881679577803	NA	FALSE	0.136000000000003
role_contamination_pleiotropy	role_misspecification	diagnostic	20	20282020	180	0.808083776317978	0	0.808083776317978	0.35	1.00000000000001	0.0510097287871989	1.00000000000001	0.0510097287871989	0.0510097287871989	NA	FALSE	0.117000000000001
role_contamination_pleiotropy	role_misspecification	diagnostic	21	20282021	180	0.808083776317978	0	0.808083776317978	0.35	0.999999999999997	0.0483710542375476	0.999999999999997	0.0483710542375476	0.0483710542375476	NA	FALSE	0.111000000000001
role_contamination_pleiotropy	role_misspecification	diagnostic	22	20282022	180	0.808083776317978	0	0.808083776317978	0.35	0.999999999999998	0.0489042126198823	0.999999999999998	0.0489042126198823	0.0489042126198823	NA	FALSE	0.120999999999999
role_contamination_pleiotropy	role_misspecification	diagnostic	23	20282023	180	0.808083776317978	0	0.808083776317978	0.35	0.999999999999995	0.0485320450837215	0.999999999999995	0.0485320450837215	0.0485320450837215	NA	FALSE	0.119
role_contamination_pleiotropy	role_misspecification	diagnostic	24	20282024	180	0.808083776317978	0	0.808083776317978	0.35	0.99999999999999	0.0485527237631091	0.99999999999999	0.0485527237631091	0.0485527237631091	NA	FALSE	0.116
role_contamination_pleiotropy	role_misspecification	diagnostic	25	20282025	180	0.808083776317978	0	0.808083776317978	0.35	1	0.0485469922265583	1	0.0485469922265583	0.0485469922265583	NA	FALSE	0.122
role_contamination_pleiotropy	role_misspecification	diagnostic	26	20282026	180	0.808083776317978	0	0.808083776317978	0.35	1	0.04837839589221	1	0.04837839589221	0.04837839589221	NA	FALSE	0.114999999999998
role_contamination_pleiotropy	role_misspecification	diagnostic	27	20282027	180	0.808083776317978	0	0.808083776317978	0.35	1	0.0752437442555518	1	0.0752437442555518	0.0752437442555518	NA	FALSE	0.126999999999999
role_contamination_pleiotropy	role_misspecification	diagnostic	28	20282028	180	0.808083776317978	0	0.808083776317978	0.35	0.999999999999991	0.0534839886553128	0.999999999999991	0.0534839886553128	0.0534839886553128	NA	FALSE	0.112000000000002
role_contamination_pleiotropy	role_misspecification	diagnostic	29	20282029	180	0.808083776317978	0	0.808083776317978	0.35	1.00000000000001	0.0623461639283193	1.00000000000001	0.0623461639283193	0.0623461639283193	NA	FALSE	0.111999999999998
role_contamination_pleiotropy	role_misspecification	diagnostic	30	20282030	180	0.808083776317978	0	0.808083776317978	0.35	0.999999999999991	0.0709067447161215	0.999999999999991	0.0709067447161215	0.0709067447161215	NA	FALSE	0.103999999999999
role_contamination_pleiotropy	role_misspecification	diagnostic	31	20282031	180	0.808083776317978	0	0.808083776317978	0.35	1	0.0485513112764656	1	0.0485513112764656	0.0485513112764656	NA	FALSE	0.117999999999999
role_contamination_pleiotropy	role_misspecification	diagnostic	32	20282032	180	0.808083776317978	0	0.808083776317978	0.35	1	0.0593172398839692	1	0.0593172398839692	0.0593172398839692	NA	FALSE	0.114999999999998
role_contamination_pleiotropy	role_misspecification	diagnostic	33	20282033	180	0.808083776317978	0	0.808083776317978	0.35	0.999999999999996	0.049498327269317	0.999999999999996	0.049498327269317	0.049498327269317	NA	FALSE	0.116
role_contamination_pleiotropy	role_misspecification	diagnostic	34	20282034	180	0.808083776317978	0	0.808083776317978	0.35	0.99999999999999	0.0486487021176346	0.99999999999999	0.0486487021176346	0.0486487021176346	NA	FALSE	0.117000000000001
role_contamination_pleiotropy	role_misspecification	diagnostic	35	20282035	180	0.808083776317978	0	0.808083776317978	0.35	1	0.0528108242158141	1	0.0528108242158141	0.0528108242158141	NA	FALSE	0.124000000000002
role_contamination_pleiotropy	role_misspecification	diagnostic	36	20282036	180	0.808083776317978	0	0.808083776317978	0.35	0.999999999999992	0.0483791647794623	0.999999999999992	0.0483791647794623	0.0483791647794623	NA	FALSE	0.117999999999999
role_contamination_pleiotropy	role_misspecification	diagnostic	37	20282037	180	0.808083776317978	0	0.808083776317978	0.35	0.999999999999999	0.04903844068479	0.999999999999999	0.04903844068479	0.04903844068479	NA	FALSE	0.125
role_contamination_pleiotropy	role_misspecification	diagnostic	38	20282038	180	0.808083776317978	0	0.808083776317978	0.35	0.999999999999995	0.0500826356475016	0.999999999999995	0.0500826356475016	0.0500826356475016	NA	FALSE	0.125
role_contamination_pleiotropy	role_misspecification	diagnostic	39	20282039	180	0.808083776317978	0	0.808083776317978	0.35	0.999999999999984	0.050340814414561	0.999999999999984	0.050340814414561	0.050340814414561	NA	FALSE	0.117000000000001
role_contamination_pleiotropy	role_misspecification	diagnostic	40	20282040	180	0.808083776317978	0	0.808083776317978	0.35	0.999999999999999	0.0506103124697595	0.999999999999999	0.0506103124697595	0.0506103124697595	NA	FALSE	0.118000000000002
role_contamination_pleiotropy	role_misspecification	diagnostic	41	20282041	180	0.808083776317978	0	0.808083776317978	0.35	0.999999999999997	0.048614924062457	0.999999999999997	0.048614924062457	0.048614924062457	NA	FALSE	0.126000000000001
role_contamination_pleiotropy	role_misspecification	diagnostic	42	20282042	180	0.808083776317978	0	0.808083776317978	0.35	1.00000000000001	0.0530932589196789	1.00000000000001	0.0530932589196789	0.0530932589196789	NA	FALSE	0.115000000000002
role_contamination_pleiotropy	role_misspecification	diagnostic	43	20282043	180	0.808083776317978	0	0.808083776317978	0.35	1	0.0517700689877902	1	0.0517700689877902	0.0517700689877902	NA	FALSE	0.123000000000001
role_contamination_pleiotropy	role_misspecification	diagnostic	44	20282044	180	0.808083776317978	0	0.808083776317978	0.35	1	0.0489482789924852	1	0.0489482789924852	0.0489482789924852	NA	FALSE	0.138999999999999
role_contamination_pleiotropy	role_misspecification	diagnostic	45	20282045	180	0.808083776317978	0	0.808083776317978	0.35	1	0.0483599550551821	1	0.0483599550551821	0.0483599550551821	NA	FALSE	0.108000000000001
role_contamination_pleiotropy	role_misspecification	diagnostic	46	20282046	180	0.808083776317978	0	0.808083776317978	0.35	0.999999999999989	0.0486010783856309	0.999999999999989	0.0486010783856309	0.0486010783856309	NA	FALSE	0.119
role_contamination_pleiotropy	role_misspecification	diagnostic	47	20282047	180	0.808083776317978	0	0.808083776317978	0.35	1.00000000000002	0.0484194475081728	1.00000000000002	0.0484194475081728	0.0484194475081728	NA	FALSE	0.103999999999999
role_contamination_pleiotropy	role_misspecification	diagnostic	48	20282048	180	0.808083776317978	0	0.808083776317978	0.35	1	0.0483417094188314	1	0.0483417094188314	0.0483417094188314	NA	FALSE	0.108000000000001
role_contamination_pleiotropy	role_misspecification	diagnostic	49	20282049	180	0.808083776317978	0	0.808083776317978	0.35	1	0.0513725418809746	1	0.0513725418809746	0.0513725418809746	NA	FALSE	0.114999999999998
role_contamination_pleiotropy	role_misspecification	diagnostic	50	20282050	180	0.808083776317978	0	0.808083776317978	0.35	1	0.0501636897631485	1	0.0501636897631485	0.0501636897631485	NA	FALSE	0.0910000000000011
