scenario	pattern	profile	replicate	seed	success	pattern_correct	PP_XM	PP_global_MY	PP_sparse_P	PP_directional_P	PP_any_P	PP_two_path	max_adaptive_laplace_difference	max_relevant_evidence_difference	elapsed_seconds
matched_null	null	default	1	20286001	TRUE	TRUE	0.0602083117604391	0.0153564078967356	0.0282361560644164	0.0018384607220891	0.0300272634375673	0.000913244875785985	0.288244024228533	0.288244024228533	1.139
matched_null	null	default	2	20286002	TRUE	TRUE	0.133440068290343	0.0370639657428542	0.0430175270360814	0.00185677710398359	0.0447989766731679	0.00486353423898316	0.266404926838078	0.25597838519387	1.225
matched_null	null	default	3	20286003	TRUE	TRUE	0.0522724538175126	0.0098812187798627	0.0182482411334734	0.00150023229563111	0.0197205699909335	0.000516642332893082	0.248074247666636	0.218185638284538	1.206
matched_null	null	default	4	20286004	TRUE	TRUE	0.0380640863881151	0.00667032645931988	0.0167640139447619	0.00365883172972809	0.0203548713122562	0.000253626154654074	0.44511844896256	0.44511844896256	1.209
matched_null	null	default	5	20286005	TRUE	TRUE	0.0385121174437569	0.0102771642675073	0.0183426438368081	0.00141537585128222	0.0197310157406007	0.000394898220105381	0.216070796685827	0.216070796685827	1.198
matched_null	null	default	6	20286006	TRUE	TRUE	0.0730901167489156	0.00969573191440541	0.0248134848789379	0.00142705934515583	0.0262047456177798	0.000707109525234046	0.449890764034791	0.443922787509365	1.113
matched_null	null	default	7	20286007	TRUE	TRUE	0.030964759497947	0.0388472173936528	0.0678314169905941	0.00188697767923234	0.0696004837829247	0.00120102124769199	0.334492565041614	0.334492565041614	1.187
matched_null	null	default	8	20286008	TRUE	TRUE	0.0376327381766864	0.0159217685222003	0.0239035110037578	0.00148088877390361	0.0253487268432538	0.000598727020972266	0.245214172017512	0.211185961242137	1.195
matched_null	null	default	9	20286009	TRUE	TRUE	0.368015338999711	0.0521898712912692	0.0426516489779272	0.00142197907777442	0.0440085409523214	0.0193824445383152	0.278737747748863	0.278737747748863	1.176
matched_null	null	default	10	20286010	TRUE	TRUE	0.0893206349016402	0.0113465394780504	0.0215782380591208	0.00415113130612099	0.0256427299135651	0.00101162889269516	0.192531881893814	0.192531881893814	1.194
matched_null	null	default	11	20286011	TRUE	TRUE	0.0535092698703394	0.0196525655012941	0.0306311778711375	0.00139422872474681	0.0319812578776386	0.00105001479760388	0.347799370073773	0.347799370073773	1.21
matched_null	null	default	12	20286012	TRUE	TRUE	0.0350058669182878	0.00772365665186392	0.0154946396390934	0.00192638503436455	0.0173927333301194	0.000270437972365349	0.28614631114695	0.220587760430448	1.237
matched_null	null	default	13	20286013	TRUE	TRUE	0.0385036540231987	0.0398052845570257	0.0729102986333434	0.00492160078152346	0.0775953523043901	0.0015427098195173	0.427081827821539	0.427081827821539	1.231
matched_null	null	default	14	20286014	TRUE	TRUE	0.0540900655139551	0.0149566189106779	0.0222125550312944	0.0035886409392936	0.0257294492185801	0.000803753703273892	0.148630208793762	0.148630208793762	1.25
matched_null	null	default	15	20286015	TRUE	TRUE	0.237705652959192	0.0165315189602004	0.099837695462419	0.00143554149959097	0.10112679056777	0.00397326420733793	0.384839264647979	0.378424648928728	1.235
matched_null	null	default	16	20286016	TRUE	TRUE	0.0404078350723871	0.00955058627986502	0.0156336072305601	0.00137636916967504	0.016988261511589	0.000386792140482621	0.22993514070933	0.210323959391587	1.207
matched_null	null	default	17	20286017	TRUE	TRUE	0.030562285791019	0.00726908655156231	0.012257707394209	0.00560475862571758	0.0177849937188085	0.000222156554313817	0.260009528081071	0.259174454566818	1.281
matched_null	null	default	18	20286018	TRUE	TRUE	0.112222296647272	0.0540864579514409	0.0424265655809728	0.0016019570117887	0.0439552402164716	0.0060211870390015	0.285214725343849	0.285214725343849	1.316
matched_null	null	default	19	20286019	TRUE	TRUE	0.0273638845818403	0.0354611138891573	0.048700058123871	0.00138086231193092	0.0500115595443987	0.000970086089362491	0.34807799064717	0.34807799064717	1.249
matched_null	null	default	20	20286020	TRUE	TRUE	0.0300580785818994	0.0105407132275954	0.0142060548503247	0.00318311932315887	0.0173438396986477	0.000316632345090796	0.258149511875104	0.241176359310572	1.318
matched_null	null	default	21	20286021	TRUE	TRUE	0.0403778796176375	0.00875278970371878	0.0156022113695528	0.00344460893321422	0.0189930308783017	0.000353367911271478	0.219430735316024	0.173734734249933	1.217
matched_null	null	default	22	20286022	TRUE	TRUE	0.232170863231936	0.0102273831260477	0.0161133116753324	0.00212695453520871	0.0182057010536003	0.00238248705228611	0.236484367174995	0.186273749719433	1.263
matched_null	null	default	23	20286023	TRUE	TRUE	0.0328786111903813	0.00797100220620113	0.0172597803272406	0.00687028742272623	0.0239961958255844	0.000262105926300027	0.245421933522209	0.245421933522209	1.256
matched_null	null	default	24	20286024	TRUE	TRUE	0.155468737955554	0.0108125088640335	0.0335471317097114	0.00635726122359811	0.0396912061421349	0.00169472477740185	0.290079176356329	0.290079176356329	1.23
matched_null	null	default	25	20286025	TRUE	TRUE	0.0375048159173073	0.0116494102735285	0.0269983619483096	0.00139508980728815	0.0283558296115999	0.000440260213227654	0.406387951665124	0.207842511425326	1.201
matched_null	null	default	26	20286026	TRUE	TRUE	0.0341720145854066	0.00693112507369153	0.012937734883809	0.00136446268257643	0.0142843897137312	0.000236807301138039	0.21061381799278	0.195243589729643	1.167
matched_null	null	default	27	20286027	TRUE	TRUE	0.0369043901101185	0.0167747760273315	0.0347576117822531	0.00263889985562759	0.0372368045532112	0.000620278909661861	0.417847928146614	0.417847928146614	1.215
matched_null	null	default	28	20286028	TRUE	TRUE	0.0311784601742669	0.00913333666477625	0.0179246277984065	0.00196703956270307	0.0198582972770893	0.000284737667969801	0.192734622826094	0.192734622826094	1.202
matched_null	null	default	29	20286029	TRUE	TRUE	0.0402996075518176	0.00795325375001335	0.0139657554584272	0.00143484200115892	0.0153805203558589	0.00032051665586231	0.311479801626092	0.284458420863359	1.183
matched_null	null	default	30	20286030	TRUE	TRUE	0.100734374813168	0.0149105610225784	0.0387011118832655	0.00142296136404424	0.040064953468037	0.00149737622877608	0.242167975722808	0.242167975722808	1.185
matched_null	null	default	31	20286031	TRUE	TRUE	0.0281450228688137	0.00972612905496684	0.0213813709894799	0.00138463070505276	0.0227358230690987	0.000276006495350334	0.521523711319873	0.350867189135215	1.239
matched_null	null	default	32	20286032	TRUE	TRUE	0.0347799678332464	0.00979612809019137	0.0195271820064147	0.00177295061295921	0.0212674023535126	0.000346549363252323	0.357946652202514	0.357946652202514	1.215
matched_null	null	default	33	20286033	TRUE	TRUE	0.029369292397841	0.00776664673706498	0.0136888384706428	0.00205442988632249	0.0157142284214549	0.000227993697547059	0.253880168751095	0.246865748329753	1.206
matched_null	null	default	34	20286034	TRUE	TRUE	0.0385417771815698	0.00963966419968782	0.0235413923407433	0.0014216660567725	0.0249296024532604	0.000371945119249785	0.414485536073954	0.414485536073954	1.182
matched_null	null	default	35	20286035	TRUE	TRUE	0.0351732674906429	0.0152208613937186	0.0254094268962252	0.00162198019812116	0.0269885353073325	0.000534731339846794	0.342461168409869	0.285076233821997	1.177
matched_null	null	default	36	20286036	TRUE	TRUE	0.0397129650430242	0.00953435849362974	0.0163037354881878	0.00237669813184197	0.018638329269369	0.000378048636894541	0.28438596904644	0.271076356939346	1.189
matched_null	null	default	37	20286037	TRUE	TRUE	0.0414387641225615	0.0296050977639198	0.0548162752089046	0.00164166092498481	0.05636399872424	0.00122735656461322	0.464450400100134	0.460577481627183	1.179
matched_null	null	default	38	20286038	TRUE	TRUE	0.088724726508046	0.0098057545509618	0.0157786316942322	0.00235088356448035	0.018093681651916	0.000871110375972244	0.283350773444027	0.256401883557572	1.153
matched_null	null	default	39	20286039	TRUE	TRUE	0.0535071717344215	0.0114830787412668	0.0215731308591373	0.0543305308111556	0.0747217419551647	0.000613446108556988	0.294878607685206	0.294878607685206	1.221
matched_null	null	default	40	20286040	TRUE	TRUE	0.0350712669691624	0.0681068232838762	0.0489767542387668	0.0013875277006611	0.0502950590062018	0.00239421694616318	0.252840609712962	0.252840609712962	1.179
matched_null	null	default	41	20286041	TRUE	TRUE	0.0393948941733595	0.00955180500754879	0.0170088153991243	0.00153065224009545	0.0185133661471029	0.000376742032677333	0.221346607691572	0.19311935838877	1.217
matched_null	null	default	42	20286042	TRUE	TRUE	0.0348293121001959	0.0115683598239546	0.0254664953962664	0.00481637518596311	0.0301503272972938	0.000405181729805231	0.479818739808636	0.479818739808636	1.129
matched_null	null	default	43	20286043	TRUE	TRUE	0.193758428485431	0.00742549038804185	0.014062054016475	0.00158829838168841	0.0156273144924978	0.00144276209491782	0.313465514854386	0.290575218908828	1.194
matched_null	null	default	44	20286044	TRUE	TRUE	0.0468898257970571	0.0368365432716941	0.0341996116211766	0.00574018918398529	0.0396628202623451	0.00170174269659551	0.218572811000058	0.218572811000058	1.237
matched_null	null	default	45	20286045	TRUE	TRUE	0.0442858143920878	0.0110185492141284	0.0200468098699686	0.00152120152519777	0.0215369726863379	0.000489124550150226	0.190799206147574	0.185155121120715	1.172
matched_null	null	default	46	20286046	TRUE	TRUE	0.0375358469668667	0.013811061860767	0.0319772968974286	0.00552629586013103	0.0373475293055854	0.000524310372061878	0.344559321703372	0.344559321703372	1.174
matched_null	null	default	47	20286047	TRUE	TRUE	0.0613314871962357	0.053452122598588	0.0809279668731661	0.00187274112679703	0.0826065987871533	0.00330800530826134	0.348002597385573	0.348002597385573	1.248
matched_null	null	default	48	20286048	TRUE	TRUE	0.0370719709532233	0.00995962025366641	0.0181419065983281	0.00490869466953276	0.0229668017075366	0.000369245815000552	0.27692925038383	0.274238064575059	1.176
matched_null	null	default	49	20286049	TRUE	TRUE	0.0443798884102228	0.0100529320009426	0.0438210805629456	0.00303352039220632	0.0467088193924385	0.000446036776525103	0.304438644147439	0.304438644147439	1.113
matched_null	null	default	50	20286050	TRUE	TRUE	0.0332675311253224	0.0200089615335382	0.0216771899750931	0.00141926150936762	0.0230644870928467	0.0006664288205121	0.301183435312652	0.287265494798731	1.176
moderate_mediation	mediation	default	1	20287001	TRUE	TRUE	0.999999999999998	0.99117621793297	0.0367300237914346	0.0121893184820548	0.0484407626737517	0.99117621793297	0.302027153558484	0.302027153558484	1.252
moderate_mediation	mediation	default	2	20287002	TRUE	FALSE	0.99877083049013	0.717259880092749	0.326047062623823	0.00143342113051713	0.327004235315867	0.716610956208902	0.260395551503649	0.260395551503649	1.152
moderate_mediation	mediation	default	3	20287003	TRUE	TRUE	0.999999931508	0.95138688708649	0.107807655483582	0.00204680384715743	0.109641806588643	0.95138682455669	0.441248719996281	0.379461468432993	1.151
moderate_mediation	mediation	default	4	20287004	TRUE	TRUE	0.999567219812294	0.94059838604677	0.0980316075289747	0.00163702068018595	0.0995121127771038	0.940257811137334	0.331213064337476	0.302929141208324	1.169
moderate_mediation	mediation	default	5	20287005	TRUE	TRUE	0.99987481570993	0.9635965251527	0.0740869459164551	0.0110972491728657	0.0845421044622402	0.963482624055647	0.32613879970458	0.295722715178954	1.219
moderate_mediation	mediation	default	6	20287006	TRUE	TRUE	0.999999898351974	0.943815513230656	0.0880497295997965	0.00161014575270456	0.0895054663296968	0.943815422580836	0.283827396983384	0.190676839689914	1.226
moderate_mediation	mediation	default	7	20287007	TRUE	TRUE	0.999999992716735	0.993172425532574	0.173936529546422	0.00142452859230945	0.175097902755547	0.993172418602799	0.299849605446596	0.116289848505403	1.237
moderate_mediation	mediation	default	8	20287008	TRUE	TRUE	0.999999999995255	0.967892409273354	0.0597381391448855	0.00254194528450614	0.0621389109516392	0.967892409268991	0.257761844150522	0.257761844150522	1.222
moderate_mediation	mediation	default	9	20287009	TRUE	TRUE	0.999662327658544	0.953394747181492	0.0674110951617728	0.00208490506587596	0.0693558699838946	0.953084128471608	0.259277136916381	0.259277136916381	1.245
moderate_mediation	mediation	default	10	20287010	TRUE	TRUE	0.999999999999211	0.959680179881318	0.0685805020015162	0.00141709315924224	0.0698875832585947	0.959680179880655	0.237981445955285	0.237981445955285	1.243
moderate_mediation	mediation	default	11	20287011	TRUE	TRUE	0.999999999996886	0.958507970389735	0.0702794166787294	0.00252662543561585	0.0726260744929377	0.958507970387094	0.307480833825423	0.307480833825423	1.265
moderate_mediation	mediation	default	12	20287012	TRUE	FALSE	0.554237509940316	0.926102953279466	0.103406892764579	0.00249172769120212	0.105640399951539	0.521504858647636	0.204930228288589	0.204930228288589	1.201
moderate_mediation	mediation	default	13	20287013	TRUE	TRUE	0.997426449951595	0.917008012550693	0.139154319277267	0.00182045440413504	0.140638266346001	0.914893645440756	0.340850457695694	0.340850457695694	1.271
moderate_mediation	mediation	default	14	20287014	TRUE	TRUE	0.999998402383013	0.978078036941186	0.0756065892501145	0.00311892706906738	0.0784742918206167	0.978076559216625	0.388138104721904	0.357067995793727	1.214
moderate_mediation	mediation	default	15	20287015	TRUE	TRUE	0.999647805167401	0.913081504149725	0.131789172234657	0.00345239039579615	0.134816155881239	0.912774097544672	0.400235905583429	0.400235905583429	1.195
moderate_mediation	mediation	default	16	20287016	TRUE	TRUE	0.999999997175826	0.939229575551416	0.0984368585985246	0.00140902958967068	0.0996921268699609	0.939229573186691	0.18978155491574	0.162036260640491	1.212
moderate_mediation	mediation	default	17	20287017	TRUE	TRUE	0.99999283410776	0.991709027860339	0.0359432773028795	0.00157205594800594	0.0374591913876106	0.991702059733001	0.293170328925427	0.266971333380496	1.229
moderate_mediation	mediation	default	18	20287018	TRUE	TRUE	0.999999999785669	0.982256290500779	0.0568097074153585	0.00138645373324414	0.0581116738692206	0.982256290302411	0.148870297176074	0.0847995285559193	1.26
moderate_mediation	mediation	default	19	20287019	TRUE	TRUE	0.999999512222833	0.97457232229136	0.0608300498926548	0.00171125234234004	0.0624362924379984	0.974571934481058	0.307338339278019	0.134390954562065	1.232
moderate_mediation	mediation	default	20	20287020	TRUE	TRUE	0.999916415883024	0.935280299304913	0.0913397366153159	0.00243161069785079	0.0935487109413924	0.935210675004552	0.322739377345016	0.3186375477882	1.258
moderate_mediation	mediation	default	21	20287021	TRUE	TRUE	0.999999999945398	0.963291212843026	0.0737221336153138	0.00161522682842592	0.0752186619593864	0.963291212793751	0.245301180237789	0.172207390264589	1.189
moderate_mediation	mediation	default	22	20287022	TRUE	TRUE	0.999975071098512	0.991863003826725	0.031692762029453	0.00660566565517315	0.0380796644247191	0.99183861331232	0.272145255166578	0.25868620731606	1.279
moderate_mediation	mediation	default	23	20287023	TRUE	FALSE	0.999999998938924	0.707152418992436	0.349124661737933	0.00271580786641988	0.351053269150942	0.707152418411516	0.340037100441393	0.185893490552246	1.22
moderate_mediation	mediation	default	24	20287024	TRUE	TRUE	0.998267107415707	0.953144051445815	0.0845937305880369	0.00147733640422233	0.0859371381847944	0.951657016550863	0.33513028809918	0.33513028809918	1.189
moderate_mediation	mediation	default	25	20287025	TRUE	TRUE	0.999996265975192	0.945912649983747	0.0856511241695356	0.00199641011799766	0.0874408671562178	0.945909220675707	0.19072223300175	0.124945898845155	1.186
moderate_mediation	mediation	default	26	20287026	TRUE	TRUE	0.999999996065852	0.984682689572663	0.0368233819094163	0.00155953708628631	0.0383254439208103	0.98468268582261	0.276700481390804	0.270782755750773	1.259
moderate_mediation	mediation	default	27	20287027	TRUE	TRUE	1	0.978171951111335	0.0545164521839844	0.00292306242698955	0.0572951329838576	0.978171951111335	0.136960071102266	0.126455513432433	1.273
moderate_mediation	mediation	default	28	20287028	TRUE	TRUE	0.998627730318564	0.962001864713949	0.0723898171728262	0.00179376612705745	0.0740606583949339	0.960801846757624	0.277448495802076	0.265417543001973	1.166
moderate_mediation	mediation	default	29	20287029	TRUE	TRUE	0.999188783644711	0.922754153832513	0.159382011440829	0.00150623809327857	0.160637484690838	0.922003084141326	0.380257849863256	0.380257849863256	1.231
moderate_mediation	mediation	default	30	20287030	TRUE	TRUE	0.999999999771523	0.991820190435915	0.0449454571964774	0.00155954455928321	0.046432299650191	0.991820190214275	0.238251073279685	0.0968855184928259	1.208
moderate_mediation	mediation	default	31	20287031	TRUE	TRUE	0.999864061063345	0.975077956067148	0.0764475743986027	0.00227988107942454	0.0785618204510428	0.974950689717358	0.376546814891185	0.376546814891185	1.21
moderate_mediation	mediation	default	32	20287032	TRUE	TRUE	0.99917623134346	0.961984166955379	0.0658396386971735	0.00169487523142649	0.0674236328722682	0.961226435686778	0.237851492373721	0.237851492373721	1.2
moderate_mediation	mediation	default	33	20287033	TRUE	TRUE	0.999881654415371	0.962348341944332	0.0744136687549033	0.00154430314423956	0.0758424703575476	0.962249257083823	0.30272450662352	0.30272450662352	1.239
moderate_mediation	mediation	default	34	20287034	TRUE	FALSE	0.999993248624643	0.51534481965319	0.578091697442264	0.0132811826948591	0.588204219449668	0.515343145296403	0.242687905631698	0.242687905631698	1.217
moderate_mediation	mediation	default	35	20287035	TRUE	TRUE	0.999878875205395	0.956949162314656	0.0885538332070868	0.00290934082097436	0.0911428520820607	0.956839469458087	0.239057811496849	0.200177032932146	1.186
moderate_mediation	mediation	default	36	20287036	TRUE	TRUE	0.99999999936539	0.973634761284938	0.116871652308865	0.00140461199057968	0.118100454453559	0.973634760790418	0.277375498276712	0.217270975719998	1.215
moderate_mediation	mediation	default	37	20287037	TRUE	TRUE	0.999999405191809	0.990956906308213	0.036390637058171	0.00152582107036518	0.0378603320744035	0.990956330950545	0.191193974561358	0.191193974561358	1.222
moderate_mediation	mediation	default	38	20287038	TRUE	TRUE	0.999692674149715	0.988390078268067	0.0576771555101037	0.00165784734967297	0.0592344993443619	0.988101581729878	0.355344507898025	0.355344507898025	1.315
moderate_mediation	mediation	default	39	20287039	TRUE	TRUE	0.992417026537419	0.98771358953408	0.0507922461763686	0.0021942702415367	0.0528827110871674	0.980352583869281	0.285135482314487	0.285135482314487	1.273
moderate_mediation	mediation	default	40	20287040	TRUE	TRUE	0.999999999999996	0.934748059516404	0.112259894555524	0.00257987062462784	0.114567126552769	0.934748059516403	0.279075342801661	0.144341702608756	1.245
moderate_mediation	mediation	default	41	20287041	TRUE	TRUE	0.999926664870931	0.988668961436444	0.0452394160803951	0.00953636492937355	0.054328723981484	0.988599542651465	0.262025521535094	0.262025521535094	1.229
moderate_mediation	mediation	default	42	20287042	TRUE	TRUE	0.999999999930913	0.942711129085516	0.0921856961412093	0.0029167507338016	0.094798286273401	0.942711129023067	0.23610926030301	0.23610926030301	1.191
moderate_mediation	mediation	default	43	20287043	TRUE	TRUE	0.985725904095318	0.940444000123756	0.0929826544687648	0.00613107976397121	0.0982874660170316	0.927904475111538	0.287765168139231	0.287765168139231	1.21
moderate_mediation	mediation	default	44	20287044	TRUE	FALSE	0.999863878215918	0.740660647757419	0.316051935108726	0.00356608636690843	0.318228097691734	0.740602497594532	0.4253919172005	0.4253919172005	1.254
moderate_mediation	mediation	default	45	20287045	TRUE	TRUE	0.999999981554114	0.988074088879801	0.0409992070328298	0.00319639590692859	0.0440451365126248	0.988074071207005	0.323033719173182	0.161797606050925	1.242
moderate_mediation	mediation	default	46	20287046	TRUE	TRUE	0.999999997283119	0.916324970162429	0.133617698482812	0.00902567795726686	0.141346768386671	0.916324968193052	0.322712759353323	0.319946264419897	1.191
moderate_mediation	mediation	default	47	20287047	TRUE	TRUE	0.996981361582936	0.910946065502234	0.126321577934208	0.00257615601156716	0.128471885361208	0.908741231757748	0.334444406346591	0.334444406346591	1.251
moderate_mediation	mediation	default	48	20287048	TRUE	TRUE	0.999999982790586	0.996031082604998	0.0400429651044366	0.00144768794225669	0.0414301199855787	0.996031065844158	0.184913163526048	0.0599668596527465	1.245
moderate_mediation	mediation	default	49	20287049	TRUE	TRUE	0.999999999999267	0.99247527515148	0.0339030260901337	0.00141347189204328	0.0352676822484517	0.992475275150785	0.392099603225034	0.263835309290187	1.205
moderate_mediation	mediation	default	50	20287050	TRUE	FALSE	0.999724895671287	0.325326012939284	0.736518085741623	0.00212110668557813	0.73700491233299	0.325258166488009	0.149293381248469	0.149293381248469	1.179
weak_mediation	diagnostic	default	1	20285051	TRUE	NA	0.917208066998542	0.432826917025666	0.274908924010167	0.00139462517883517	0.275911536891406	0.399571988234954	0.20916400469406	0.20916400469406	1.17
weak_mediation	diagnostic	default	2	20285052	TRUE	NA	0.0457419991336407	0.289549047707869	0.716953687289134	0.00162306237966347	0.717390387313041	0.0125341374730496	0.205688958711647	0.205688958711647	1.111
weak_mediation	diagnostic	default	3	20285053	TRUE	NA	0.787767646376404	0.393953899672181	0.263202332742836	0.0017007055080125	0.26445664387885	0.309227854107842	0.291906587703977	0.291906587703977	1.188
weak_mediation	diagnostic	default	4	20285054	TRUE	NA	0.703977248609452	0.818953654505049	0.134238698416158	0.00143015249795395	0.135469456317932	0.581024091055541	0.290767074949272	0.290767074949272	1.196
weak_mediation	diagnostic	default	5	20285055	TRUE	NA	0.0298027712498762	0.326275749572779	0.688461134924379	0.0016892428820352	0.688897447401206	0.00999278168890862	0.253979754770882	0.253979754770882	1.175
weak_mediation	diagnostic	default	6	20285056	TRUE	NA	0.0592056501778209	0.701330543633602	0.313064111372627	0.00298488117844193	0.315187998905487	0.0424800629806108	0.504936128013838	0.504936128013838	1.167
weak_mediation	diagnostic	default	7	20285057	TRUE	NA	0.893939042069717	0.736678007493233	0.257502197483051	0.00181494643729225	0.258772921310333	0.660811533987622	0.280407016286404	0.280407016286404	1.186
weak_mediation	diagnostic	default	8	20285058	TRUE	NA	0.166564582136589	0.0634368106074206	0.07378761377874	0.00178605800812262	0.0754232283352912	0.0106311022294606	0.24693120312179	0.24693120312179	1.199
weak_mediation	diagnostic	default	9	20285059	TRUE	NA	0.0908912917299572	0.819006844635258	0.207558865560791	0.0617974701408263	0.258270118235239	0.0761003385042212	0.271310345986905	0.271310345986905	1.179
weak_mediation	diagnostic	default	10	20285060	TRUE	NA	0.0383614136936673	0.572001834962411	0.376175591634668	0.00186599170521306	0.377389921299057	0.0224401527244092	0.350017977481087	0.350017977481087	1.177
weak_mediation	diagnostic	default	11	20285061	TRUE	NA	0.359846039310881	0.927256695923372	0.0896571811653118	0.00173963966734529	0.0912373796499725	0.337290127621919	0.276827221596591	0.276827221596591	1.213
weak_mediation	diagnostic	default	12	20285062	TRUE	NA	0.797696799929223	0.704703971076967	0.302899607601026	0.00609094419573875	0.306610807199482	0.562711804220228	0.390689589506053	0.390689589506053	1.228
weak_mediation	diagnostic	default	13	20285063	TRUE	NA	0.853248400115275	0.799908588804548	0.221513499377297	0.0014597749201544	0.22264042459246	0.679987140566067	0.265455529455181	0.265455529455181	1.178
weak_mediation	diagnostic	default	14	20285064	TRUE	NA	0.670930529282266	0.660755766180008	0.36887806236298	0.00141598540276628	0.369754799008474	0.457196204206225	0.473644144489185	0.473644144489185	1.152
weak_mediation	diagnostic	default	15	20285065	TRUE	NA	0.0450068763769607	0.458488696002696	0.137329004422521	0.00181164121529581	0.138904664404317	0.0207464980990694	0.340106251191287	0.334274392640822	1.182
weak_mediation	diagnostic	default	16	20285066	TRUE	NA	0.904885193181794	0.773821323743776	0.165266327130295	0.00139991107311127	0.166426085990539	0.703319877264781	0.23373255138219	0.23373255138219	1.169
weak_mediation	diagnostic	default	17	20285067	TRUE	NA	0.970669396910616	0.590685716498711	0.16537409683676	0.00247546356797559	0.167450946592538	0.57451651217604	0.220952648382934	0.220952648382934	1.18
weak_mediation	diagnostic	default	18	20285068	TRUE	NA	0.228230402729843	0.0111593639007582	0.0171823295290042	0.00272856772234323	0.0198631952993923	0.00254805999715131	0.270740250380356	0.262206813802095	1.146
weak_mediation	diagnostic	default	19	20285069	TRUE	NA	0.151019504230267	0.895501612263456	0.128184945958734	0.0016918046225369	0.129635515947491	0.138734681730463	0.145334573113047	0.145334573113047	1.18
weak_mediation	diagnostic	default	20	20285070	TRUE	NA	0.0446951998711226	0.370642949458414	0.618327523130017	0.00147361245113164	0.618873921282315	0.0166675696806662	0.301777608037725	0.301777608037725	1.232
weak_mediation	diagnostic	default	21	20285071	TRUE	NA	0.260209900837746	0.12838693362945	0.0700930873745071	0.0162550671792853	0.0856063246632544	0.0324974213568214	0.254924205277717	0.254924205277717	1.166
weak_mediation	diagnostic	default	22	20285072	TRUE	NA	0.769030179645082	0.9324072965531	0.0956786104852518	0.00149281093185403	0.0970253750077054	0.720360092668168	0.281576365373951	0.281576365373951	1.18
weak_mediation	diagnostic	default	23	20285073	TRUE	NA	0.201450876567956	0.515193679544119	0.50514117344055	0.00194811256912738	0.506115820006654	0.112196617301138	0.422938664656272	0.422938664656272	1.219
weak_mediation	diagnostic	default	24	20285074	TRUE	NA	0.660189851002662	0.57905652358362	0.385373663522054	0.0016525408677846	0.38639012079582	0.398075133537183	0.209385091565423	0.209385091565423	1.198
weak_mediation	diagnostic	default	25	20285075	TRUE	NA	0.184418217896013	0.780195521469606	0.253470853546379	0.00209543088629939	0.254842433408107	0.149883218469896	0.470410742781553	0.470410742781553	1.154
weak_mediation	diagnostic	default	26	20285076	TRUE	NA	0.276514161803254	0.910114376115175	0.110154491978544	0.00148059439975015	0.111468004568369	0.251866690964333	0.277352731134698	0.277352731134698	1.206
weak_mediation	diagnostic	default	27	20285077	TRUE	NA	0.938570610896083	0.446128909089758	0.280020408729685	0.00731388871973006	0.286043601591697	0.416661137762734	0.269967786626808	0.269967786626808	1.2
weak_mediation	diagnostic	default	28	20285078	TRUE	NA	0.757128187161099	0.754498892421362	0.148916225661224	0.0020400876137757	0.150654151418219	0.579275073878121	0.249658435666134	0.249658435666134	1.146
weak_mediation	diagnostic	default	29	20285079	TRUE	NA	0.416606659582534	0.763784385959406	0.143262603839477	0.00143666905935396	0.144492126435748	0.322185525813572	0.246651594716553	0.246651594716553	1.149
weak_mediation	diagnostic	default	30	20285080	TRUE	NA	0.923327637527666	0.0132685319023947	0.0275690708078157	0.00140126856198541	0.02893075331332	0.0122257819693244	0.22169221922033	0.22169221922033	1.218
weak_mediation	diagnostic	default	31	20285081	TRUE	NA	0.3431735218624	0.178007930812983	0.116939825002898	0.0014826027911117	0.118251213315248	0.0596678592637816	0.110610736884226	0.110610736884226	1.169
weak_mediation	diagnostic	default	32	20285082	TRUE	NA	0.577655338778623	0.418371207945284	0.129492737678703	0.00219831243166709	0.131372902332948	0.240503333573011	0.341315571045385	0.341315571045385	1.153
weak_mediation	diagnostic	default	33	20285083	TRUE	NA	0.739741930891595	0.489018488105802	0.195717614516107	0.00186021147464084	0.197212553316088	0.363223237960327	0.233309544922562	0.233309544922562	1.178
weak_mediation	diagnostic	default	34	20285084	TRUE	NA	0.0868852858180739	0.819748279949648	0.202223190303534	0.00209752585753856	0.203793525810782	0.0738266247074422	0.204999317938061	0.204999317938061	1.179
weak_mediation	diagnostic	default	35	20285085	TRUE	NA	0.219272269088104	0.515338823042308	0.240770953387792	0.00279646980825724	0.242957492484302	0.115799791608976	0.260762041986595	0.260762041986595	1.163
weak_mediation	diagnostic	default	36	20285086	TRUE	NA	0.988492967758278	0.822504576564204	0.159935598619729	0.00146783881385084	0.161163697016605	0.813335006029945	0.283508157343277	0.283251299591058	1.207
weak_mediation	diagnostic	default	37	20285087	TRUE	NA	0.403519499750207	0.749512444744746	0.267229580497692	0.00195546686585726	0.268663916521966	0.312053698917392	0.322426383997112	0.322426383997112	1.222
weak_mediation	diagnostic	default	38	20285088	TRUE	NA	0.999593426570325	0.0526289941595839	0.96517113995651	0.00761397137545984	0.965730861504177	0.0526044895398625	0.125323012915601	0.111945620180379	1.131
weak_mediation	diagnostic	default	39	20285089	TRUE	NA	0.0857667866333413	0.757749041938801	0.253298469796986	0.00152556761161696	0.254405470168281	0.0675959019583395	0.160917880031775	0.160917880031775	1.128
weak_mediation	diagnostic	default	40	20285090	TRUE	NA	0.58532601779914	0.793143077275176	0.231430750079075	0.00155305157282164	0.232599126795895	0.477861232281068	0.303504029759353	0.303504029759353	1.158
weak_mediation	diagnostic	default	41	20285091	TRUE	NA	0.851915232929425	0.941540349848344	0.100468083774627	0.00237639878428059	0.102615814965686	0.803080307578561	0.386982895342896	0.386982895342896	1.168
weak_mediation	diagnostic	default	42	20285092	TRUE	NA	0.859072613216037	0.848065317513871	0.17197324971498	0.00144295728574655	0.173159711018752	0.732352911660509	0.178675984085345	0.178675984085345	1.158
weak_mediation	diagnostic	default	43	20285093	TRUE	NA	0.999994207363613	0.828515531118759	0.195442455309845	0.0014069225130974	0.196563670187036	0.828511039757149	0.164410188686432	0.164410188686432	1.177
weak_mediation	diagnostic	default	44	20285094	TRUE	NA	0.555691068742989	0.801699705881745	0.215607308022007	0.00141886803951143	0.216714066297155	0.454172459926519	0.265443244135071	0.265443244135071	1.205
weak_mediation	diagnostic	default	45	20285095	TRUE	NA	0.781291969473373	0.246408108175077	0.161621358616637	0.00144069648835648	0.162813458496133	0.195053118363364	0.288933971138874	0.288933971138874	1.183
weak_mediation	diagnostic	default	46	20285096	TRUE	NA	0.999613717549485	0.467959489403767	0.201238694107083	0.00139949637583336	0.202342469202965	0.467779568609782	0.109733940140458	0.109733940140458	1.167
weak_mediation	diagnostic	default	47	20285097	TRUE	NA	0.980653877987078	0.493389493052765	0.365281999374522	0.00230252572076953	0.36661149646409	0.483633504590897	0.305978077431007	0.305978077431007	1.195
weak_mediation	diagnostic	default	48	20285098	TRUE	NA	0.999910401416821	0.877815401650108	0.143586655165884	0.00235587529206474	0.145553473929082	0.877739286627557	0.107589448570721	0.0918262134274528	1.248
weak_mediation	diagnostic	default	49	20285099	TRUE	NA	0.067997268276474	0.798351021551376	0.219976580048909	0.00529881731204895	0.223995050003656	0.0564708160814004	0.202489309870458	0.202489309870458	1.21
weak_mediation	diagnostic	default	50	20285100	TRUE	NA	0.905238077799054	0.57719190570547	0.265951818537723	0.00262843761186439	0.267953571365932	0.529561219305412	0.360513827140096	0.360513827140096	1.176
sparse_pleiotropy	sparse	default	1	20289001	TRUE	FALSE	1	0.00846496608824062	0.0321858080583935	0.0102006106293429	0.0421321621434382	0.00846496608824062	0.418580988053407	0.418580988053407	1.225
sparse_pleiotropy	sparse	default	2	20289002	TRUE	TRUE	0.99999996561982	0.0116129308485996	0.99999825893061	0.00171128655416899	0.999998263897804	0.0116129303626879	0.0815318700679768	0.0395842138107696	1.115
sparse_pleiotropy	sparse	default	3	20289003	TRUE	TRUE	0.999999999999999	0.0351487585929708	0.999999776015104	0.00161503509704883	0.999999776351973	0.0351487585929708	0.140021289004565	0.0284072968869253	1.157
sparse_pleiotropy	sparse	default	4	20289004	TRUE	TRUE	0.99999999998791	0.0191267928522462	0.977527470458115	0.0039150133013729	0.978188586098591	0.0191267928519247	0.213433815058039	0.144062540694947	1.14
sparse_pleiotropy	sparse	default	5	20289005	TRUE	FALSE	0.999999997692446	0.496601479233158	0.999999999998454	0.00153959301150178	0.999999999998456	0.49660147802402	0.217795277205767	0.046498615802733	1.173
sparse_pleiotropy	sparse	default	6	20289006	TRUE	TRUE	0.999999999999996	0.0120588590115445	0.99999999999867	0.00202783276762428	0.999999999998672	0.0120588590115445	0.0416643148463649	0.0280397691109897	1.141
sparse_pleiotropy	sparse	default	7	20289007	TRUE	FALSE	1	0.0107678430179087	0.0266655106713219	0.00237644673855492	0.0289794786899002	0.0107678430179087	0.412487798571704	0.279589181755853	1.285
sparse_pleiotropy	sparse	default	8	20289008	TRUE	TRUE	0.999999999290923	0.0356682574018768	0.987538625527923	0.0356566211954361	0.991308181557238	0.0356682572631178	0.247708456672598	0.170607262850311	1.199
sparse_pleiotropy	sparse	default	9	20289009	TRUE	FALSE	0.999999999999971	0.0208520563926752	0.134537196764974	0.00159327731821058	0.135930921423433	0.0208520563926747	0.303982231086906	0.303982231086906	1.088
sparse_pleiotropy	sparse	default	10	20289010	TRUE	FALSE	0.999999999980746	0.348616424857513	0.756895525519499	0.00232373138644075	0.757250408069452	0.34861642485312	0.168144877021945	0.0654207778026716	1.073
sparse_pleiotropy	sparse	default	11	20289011	TRUE	TRUE	0.999999999815065	0.0628203822148655	0.99482025158715	0.00154721406583997	0.994831234649074	0.0628203822048963	0.0809928659805905	0.0809928659805905	1.085
sparse_pleiotropy	sparse	default	12	20289012	TRUE	TRUE	0.999999999994634	0.0204989148384897	0.973631628590454	0.00148819982934094	0.973667749605601	0.0204989148383946	0.161195334903567	0.117128797753622	1.099
sparse_pleiotropy	sparse	default	13	20289013	TRUE	TRUE	0.999999999999998	0.0120401971101655	0.999997598317789	0.00328651183618423	0.999997606549817	0.0120401971101655	0.101122929757096	0.101122929757096	1.174
sparse_pleiotropy	sparse	default	14	20289014	TRUE	TRUE	0.999999999999984	0.0221051771839876	0.999698949250323	0.00232485691188868	0.999699415146177	0.0221051771839867	0.294101152476443	0.0516606894809541	1.132
sparse_pleiotropy	sparse	default	15	20289015	TRUE	TRUE	1	0.0195152602829157	0.995171388629872	0.00596514942676764	0.995331869044802	0.0195152602829157	0.180703514267293	0.180703514267293	1.148
sparse_pleiotropy	sparse	default	16	20289016	TRUE	TRUE	1.00000000000001	0.0178291817368064	0.999551735726023	0.00186451732138024	0.999552495150163	0.0178291817368064	0.0677968448334525	0.0677968448334525	1.178
sparse_pleiotropy	sparse	default	17	20289017	TRUE	TRUE	1	0.113245758241759	0.993885159125124	0.00158105713067511	0.993896664500573	0.113245758241759	0.193112956238551	0.0733927712148272	1.059
sparse_pleiotropy	sparse	default	18	20289018	TRUE	TRUE	1.00000000000001	0.0103296739651986	0.994035915398561	0.00469297037483213	0.994374642612556	0.0103296739651986	0.292531817168182	0.202974398573701	1.105
sparse_pleiotropy	sparse	default	19	20289019	TRUE	FALSE	0.999999999987338	0.0190828030768346	0.0296750082395095	0.00591810119814785	0.0354437043785231	0.0190828030766005	0.344104953693559	0.231114602314562	1.227
sparse_pleiotropy	sparse	default	20	20289020	TRUE	TRUE	0.999999999999993	0.0382679581514213	0.926383150924727	0.0120278069662602	0.931887319995067	0.0382679581514213	0.421947824306301	0.421947824306301	1.129
sparse_pleiotropy	sparse	default	21	20289021	TRUE	FALSE	1	0.0138422948580487	0.0850318970040023	0.00654579105052529	0.0911131837554182	0.0138422948580487	0.229855795671483	0.229855795671483	1.131
sparse_pleiotropy	sparse	default	22	20289022	TRUE	FALSE	0.999999999662557	0.13833214037983	0.746577709065262	0.00154884911031547	0.746978980210056	0.138332140314612	0.215174409902971	0.215174409902971	1.108
sparse_pleiotropy	sparse	default	23	20289023	TRUE	TRUE	0.999999999999994	0.0189255759903712	0.999767387859286	0.00160405396973402	0.999767909933251	0.0189255759903712	0.333635230292884	0.333635230292884	1.237
sparse_pleiotropy	sparse	default	24	20289024	TRUE	TRUE	0.999999999999902	0.0142735805105896	0.99999993050803	0.00172140348769275	0.999999930611577	0.0142735805105882	0.269304804749183	0.0376782465528436	1.135
sparse_pleiotropy	sparse	default	25	20289025	TRUE	TRUE	0.999999999999998	0.0318698082748289	0.999974231530928	0.00209672286382003	0.999974270899174	0.0318698082748289	0.174927364367534	0.174927364367534	1.15
sparse_pleiotropy	sparse	default	26	20289026	TRUE	TRUE	0.99999908644989	0.0180565555582828	0.999996505977164	0.00148242699005488	0.999996511268071	0.0180565429476785	0.0672618878712967	0.0672618878712967	1.144
sparse_pleiotropy	sparse	default	27	20289027	TRUE	TRUE	0.99999676360412	0.0243024068367795	0.997474005347191	0.0133739479108776	0.997521602304785	0.0243021776574311	0.443080112936656	0.443080112936656	1.201
sparse_pleiotropy	sparse	default	28	20289028	TRUE	TRUE	0.999999999994339	0.0172968863649792	0.880678559491962	0.00294225129685971	0.880858214890482	0.0172968863648319	0.30958757157623	0.197059910139075	1.089
sparse_pleiotropy	sparse	default	29	20289029	TRUE	FALSE	0.999999999999952	0.0156711026926193	0.0623966170883753	0.00141699800024398	0.0637165295028879	0.0156711026926188	0.257994673772941	0.257994673772941	1.103
sparse_pleiotropy	sparse	default	30	20289030	TRUE	TRUE	0.999987599704989	0.0109127227661829	0.999999734665119	0.00362389724154886	0.999999795174669	0.0109126063001882	0.0422911829217298	0.0381647094456241	1.097
sparse_pleiotropy	sparse	default	31	20289031	TRUE	TRUE	0.999999999999999	0.0175444219795458	0.99803937508176	0.0130517458335272	0.998046731050256	0.0175444219795458	0.286648432785427	0.109444472267342	1.146
sparse_pleiotropy	sparse	default	32	20289032	TRUE	TRUE	0.999999013202541	0.0221366163225036	0.996549225337092	0.00214532669783737	0.996566350736408	0.0221365754067143	0.0927672345934667	0.0860703312269209	1.097
sparse_pleiotropy	sparse	default	33	20289033	TRUE	TRUE	0.99999999999996	0.0115779014785863	0.999999706325873	0.0052356707602873	0.999999706762046	0.0115779014785853	0.0794751691916673	0.0397056605846302	1.104
sparse_pleiotropy	sparse	default	34	20289034	TRUE	TRUE	0.999999999391804	0.016159650231706	0.876585379128469	0.00158226063138541	0.876785081770327	0.0161596502218815	0.110449416130578	0.0885552026724952	1.074
sparse_pleiotropy	sparse	default	35	20289035	TRUE	TRUE	0.999999999999987	0.0277097911407207	0.997998291164572	0.00157653714773912	0.998001215675506	0.0277097911407203	0.198494508632976	0.112126819091571	1.227
sparse_pleiotropy	sparse	default	36	20289036	TRUE	TRUE	0.999999999970031	0.118847681793227	0.905889184084806	0.00306227513859314	0.906641559164464	0.118847681790139	0.176281814169016	0.165384248162951	1.19
sparse_pleiotropy	sparse	default	37	20289037	TRUE	TRUE	0.999999999963653	0.123914575775157	0.841345182547055	0.005492098480442	0.843285363804296	0.123914575769321	0.190280103525993	0.178627311115918	1.178
sparse_pleiotropy	sparse	default	38	20289038	TRUE	TRUE	0.987817744015893	0.0107861902813762	0.999999990384054	0.0176305592149839	0.999999990458666	0.010646185044154	0.0434295189857892	0.0434295189857892	1.155
sparse_pleiotropy	sparse	default	39	20289039	TRUE	TRUE	1	0.0102519356901637	0.999999999955956	0.00986473452555106	0.999999999961106	0.0102519356901637	0.0715400067464316	0.0715400067464316	1.29
sparse_pleiotropy	sparse	default	40	20289040	TRUE	TRUE	0.999999999999944	0.0133708867205997	0.999998657981771	0.0328699379297169	0.999998660714692	0.0133708867205981	0.110782242112421	0.110782242112421	1.228
sparse_pleiotropy	sparse	default	41	20289041	TRUE	TRUE	0.999999999901863	0.090215462757961	0.998488333588659	0.00168375843421997	0.998492778022888	0.0902154627513813	0.0582211655381428	0.0571477358197683	1.283
sparse_pleiotropy	sparse	default	42	20289042	TRUE	TRUE	0.999999999999994	0.0217834102817659	0.999999973751055	0.0035061860686285	0.999999973791319	0.0217834102817659	0.152164206852802	0.100222682086709	1.192
sparse_pleiotropy	sparse	default	43	20289043	TRUE	TRUE	0.999999999995791	0.0125365741796302	0.999932489314585	0.00701916808174367	0.999932588149181	0.0125365741793088	0.0902838697219295	0.0878131531965494	1.234
sparse_pleiotropy	sparse	default	44	20289044	TRUE	TRUE	0.999999999999998	0.0269907556432985	0.999998444464268	0.00199598719940227	0.99999844748459	0.0269907556432985	0.066521485523154	0.066521485523154	1.311
sparse_pleiotropy	sparse	default	45	20289045	TRUE	TRUE	0.999999999999999	0.017313381276108	0.999999991136119	0.00190379100306478	0.99999999186731	0.0173133812761076	0.494132151992616	0.0352745569747412	1.252
sparse_pleiotropy	sparse	default	46	20289046	TRUE	TRUE	0.999999999998444	0.0158939597671601	0.999998620280638	0.0015317226700152	0.999998624223929	0.0158939597671195	0.0683255434444447	0.0181783382228673	1.168
sparse_pleiotropy	sparse	default	47	20289047	TRUE	TRUE	1.00000000000001	0.0130788570549075	0.999999759332628	0.00164314628204131	0.999999759925547	0.0130788570549075	0.0445452863661444	0.0445452863661444	1.227
sparse_pleiotropy	sparse	default	48	20289048	TRUE	TRUE	0.999999999719061	0.01187435004777	0.999783010559248	0.00173865855966377	0.99978332452982	0.0118743500445969	0.0950456517398095	0.0950456517398095	1.197
sparse_pleiotropy	sparse	default	49	20289049	TRUE	TRUE	0.999999999803247	0.0182990824589424	0.955858288973927	0.0018170408833169	0.955943472494102	0.0182990824544421	0.364405256318008	0.0553855081174675	1.195
sparse_pleiotropy	sparse	default	50	20289050	TRUE	TRUE	0.999999999999979	0.0169393911179869	0.999985252721895	0.00366207836937973	0.999986142609409	0.0169393911179866	0.105018590880377	0.0407486800092727	1.187
directional_pleiotropy	directional	default	1	20290001	TRUE	TRUE	1	0.0165875690580363	0.0385706373410693	1	1	0.0165875690580363	0.356246725347901	0.356246725347901	1.57
directional_pleiotropy	directional	default	2	20290002	TRUE	TRUE	1	0.0117603752925826	0.0194243971532184	1	1	0.0117603752925826	0.305872807798366	0.288585111291042	1.599
directional_pleiotropy	directional	default	3	20290003	TRUE	TRUE	0.999989820563114	0.0143096235468245	0.0196459574434792	1.00000000000001	1.00000000000001	0.0143094775728879	0.271455851163495	0.271455851163495	1.643
directional_pleiotropy	directional	default	4	20290004	TRUE	TRUE	0.999999999909639	0.0126134528871402	0.0166546769028271	1.00000000000001	1.00000000000001	0.0126134528859072	0.301443139341387	0.301443139341387	1.756
directional_pleiotropy	directional	default	5	20290005	TRUE	TRUE	0.999999997698146	0.00999148938116771	0.0175838922332821	0.999999999999994	0.999999999999994	0.00999148935836291	0.280916824565665	0.254856014178827	1.783
directional_pleiotropy	directional	default	6	20290006	TRUE	TRUE	0.999999999873411	0.0571196530032242	0.147374887492615	0.999999999999993	0.999999999999993	0.0571196529960219	0.269686815974381	0.269686815974381	1.708
directional_pleiotropy	directional	default	7	20290007	TRUE	TRUE	0.999999999890348	0.0117272931220797	0.0282452068655599	0.999999999999996	0.999999999999996	0.011727293120877	0.359314938823388	0.242111683815494	1.645
directional_pleiotropy	directional	default	8	20290008	TRUE	FALSE	1	0.319041584486413	0.145943513636802	1	1	0.319041584486412	0.2679611423941	0.2679611423941	1.671
directional_pleiotropy	directional	default	9	20290009	TRUE	TRUE	0.99999999999999	0.0421764362470711	0.0548442825212109	1	1	0.0421764362470704	0.374569197995328	0.374569197995328	1.653
directional_pleiotropy	directional	default	10	20290010	TRUE	TRUE	0.999999999999997	0.00877449552684039	0.017468338324685	1	1	0.00877449552684036	0.248239718289938	0.248239718289938	1.572
directional_pleiotropy	directional	default	11	20290011	TRUE	TRUE	0.999999999999998	0.0156064289420052	0.0212481087505627	0.999999999999998	0.999999999999998	0.0156064289420052	0.461326060804396	0.259191824974721	1.547
directional_pleiotropy	directional	default	12	20290012	TRUE	TRUE	1	0.0252577504820802	0.0259329524484751	1	1	0.0252577504820802	0.238076061387147	0.210365772883335	1.485
directional_pleiotropy	directional	default	13	20290013	TRUE	TRUE	0.999946368533733	0.0120228349877434	0.015349215486418	1	1	0.012022180480268	0.283937812957731	0.283937812957731	1.607
directional_pleiotropy	directional	default	14	20290014	TRUE	TRUE	1	0.013956622662562	0.0583822961758579	1	1	0.013956622662562	0.346771522386518	0.159050122519204	1.569
directional_pleiotropy	directional	default	15	20290015	TRUE	TRUE	1.00000000000001	0.0088931604450706	0.0217279702219044	1.00000000000001	1.00000000000001	0.0088931604450706	0.206997176794872	0.173845457199974	1.66
directional_pleiotropy	directional	default	16	20290016	TRUE	TRUE	0.999999999999996	0.00915559218359939	0.0152552071044007	0.999999999999996	0.999999999999996	0.00915559218359939	1.12970647977227	0.242866846088447	1.72
directional_pleiotropy	directional	default	17	20290017	TRUE	TRUE	0.999999994702756	0.0151640767348584	0.0340989130953576	1.00000000000001	1.00000000000001	0.0151640766555425	0.393336945612702	0.227143292817459	1.96599999999999
directional_pleiotropy	directional	default	18	20290018	TRUE	TRUE	0.999999723904021	0.0186994437073348	0.0351025389136703	1	1	0.0186994381694695	0.298980032875065	0.282932893890631	1.697
directional_pleiotropy	directional	default	19	20290019	TRUE	TRUE	0.999999999999996	0.0244580659574131	0.024165480692304	0.999999999999996	0.999999999999996	0.0244580659574131	0.188141227018576	0.188141227018576	1.721
directional_pleiotropy	directional	default	20	20290020	TRUE	TRUE	0.99999999796335	0.00828436578287888	0.01521896127293	0.999999999999994	0.999999999999994	0.00828436576606937	0.32263309235671	0.32263309235671	1.86
directional_pleiotropy	directional	default	21	20290021	TRUE	TRUE	1.00000000000001	0.0102994988009828	0.0191281064046997	1.00000000000001	1.00000000000001	0.0102994988009828	0.677866110537934	0.253011050694298	1.637
directional_pleiotropy	directional	default	22	20290022	TRUE	TRUE	0.999999586125219	0.0184779627535575	0.0303416634656782	0.999999999999998	0.999999999999998	0.0184779553209472	0.183587246975904	0.163511315658013	1.695
directional_pleiotropy	directional	default	23	20290023	TRUE	TRUE	0.999999999916517	0.0253270064638705	0.0392723924476813	0.999999999999994	0.999999999999994	0.02532700646179	0.225800915926754	0.213413652578339	1.753
directional_pleiotropy	directional	default	24	20290024	TRUE	TRUE	0.999999999999992	0.191289255068395	0.185005292377454	0.999999999999996	0.999999999999996	0.191289255068394	0.265172848805094	0.249709330008244	1.628
directional_pleiotropy	directional	default	25	20290025	TRUE	TRUE	0.999999999999996	0.0202515147964711	0.349834227570919	0.999999999999996	0.999999999999996	0.0202515147964711	0.267041735315757	0.267041735315757	1.63
directional_pleiotropy	directional	default	26	20290026	TRUE	TRUE	0.999999999924532	0.0204473771360657	0.0386114550804878	1	1	0.0204473771345944	0.240800114302886	0.231724154382391	1.61
directional_pleiotropy	directional	default	27	20290027	TRUE	TRUE	1.00000000000001	0.00984396346000337	0.024446856880466	1.00000000000001	1.00000000000001	0.00984396346000335	0.315442270951351	0.234606145501715	1.692
directional_pleiotropy	directional	default	28	20290028	TRUE	TRUE	1.00000000000001	0.0164149013102453	0.0292902887608378	1.00000000000001	1.00000000000001	0.0164149013102453	0.258849153158394	0.237690781779889	1.592
directional_pleiotropy	directional	default	29	20290029	TRUE	TRUE	0.999999999999775	0.0190600530782357	0.058185604996616	0.999999999999999	0.999999999999999	0.0190600530782318	0.192551651759686	0.186343031029082	1.56
directional_pleiotropy	directional	default	30	20290030	TRUE	TRUE	0.999999999999988	0.0111242786015043	0.0427145604800424	1	1	0.0111242786015042	0.463190112532445	0.463190112532445	1.526
directional_pleiotropy	directional	default	31	20290031	TRUE	TRUE	1	0.00786537035549879	0.0152821701034025	1	1	0.00786537035549878	0.347584984543388	0.339293835892562	1.601
directional_pleiotropy	directional	default	32	20290032	TRUE	TRUE	1	0.00976494552210024	0.0252181124423094	1	1	0.00976494552210024	0.463625551121936	0.244691881925689	1.73699999999999
directional_pleiotropy	directional	default	33	20290033	TRUE	TRUE	0.999999943783781	0.00996406062898687	0.0205568516453856	1	1	0.00996406002967036	0.328469518958684	0.215581184690194	1.696
directional_pleiotropy	directional	default	34	20290034	TRUE	TRUE	0.999999999999993	0.00934985503049644	0.0201739606022014	0.999999999999993	0.999999999999993	0.00934985503049644	0.231524359170606	0.195407995966548	1.551
directional_pleiotropy	directional	default	35	20290035	TRUE	TRUE	0.999999999999999	0.00914195023531996	0.0176665008273506	0.999999999999999	0.999999999999999	0.00914195023531996	0.314131648907903	0.314131648907903	1.712
directional_pleiotropy	directional	default	36	20290036	TRUE	TRUE	0.99999999500709	0.0480869950407959	0.0773434175745248	0.999999999999998	0.999999999999998	0.0480869947823261	0.120924940470545	0.0981505153295927	1.797
directional_pleiotropy	directional	default	37	20290037	TRUE	TRUE	0.999999999836061	0.0124881955508451	0.0613943984908287	0.999999999999993	0.999999999999993	0.0124881955485855	3.03163364767789	0.29581123139684	1.642
directional_pleiotropy	directional	default	38	20290038	TRUE	TRUE	1	0.0227593829450787	0.0405236161370698	1	1	0.0227593829450787	0.160619323815311	0.153342498249998	1.611
directional_pleiotropy	directional	default	39	20290039	TRUE	TRUE	0.999999999727695	0.00824106075507208	0.0193195466071425	0.999999999999996	0.999999999999996	0.00824106075280956	0.311935711818194	0.21125931251828	1.65199999999999
directional_pleiotropy	directional	default	40	20290040	TRUE	TRUE	0.999999999948168	0.0133639013499641	0.0294557334013415	0.999999999999988	0.999999999999988	0.0133639013493158	0.276429302286644	0.216446459498115	1.621
directional_pleiotropy	directional	default	41	20290041	TRUE	TRUE	0.999999999953096	0.0212755611624842	0.033655986466007	1.00000000000001	1.00000000000001	0.0212755611615135	0.213299284290969	0.213299284290969	1.638
directional_pleiotropy	directional	default	42	20290042	TRUE	TRUE	1	0.00860628773451201	0.0217756245974015	1	1	0.00860628773451201	0.299809237690397	0.299809237690397	1.66099999999999
directional_pleiotropy	directional	default	43	20290043	TRUE	TRUE	0.999999710122239	0.00995816297867848	0.021243848483277	1.00000000000001	1.00000000000001	0.00995816011314379	0.376809860544327	0.376809860544327	1.7
directional_pleiotropy	directional	default	44	20290044	TRUE	TRUE	0.999999999999997	0.0157943187809288	0.0277795445621436	0.999999999999997	0.999999999999997	0.0157943187809288	0.374539717757713	0.374539717757713	1.704
directional_pleiotropy	directional	default	45	20290045	TRUE	TRUE	0.999999999999981	0.0108680845935453	0.0248064925266029	0.999999999999996	0.999999999999996	0.0108680845935452	0.232557284555668	0.232557284555668	1.576
directional_pleiotropy	directional	default	46	20290046	TRUE	TRUE	0.999999999999708	0.0577832510878051	0.136735492849693	1	1	0.0577832510877871	0.345988560007925	0.345988560007925	1.593
directional_pleiotropy	directional	default	47	20290047	TRUE	TRUE	0.999997642430022	0.0196220774763929	0.0268860194975753	1	1	0.0196220289748996	0.174309462805013	0.174309462805013	1.6
directional_pleiotropy	directional	default	48	20290048	TRUE	TRUE	0.999999999999969	0.0159034520718189	0.0228265199225853	1	1	0.0159034520718183	0.204853249622573	0.204853249622573	1.533
directional_pleiotropy	directional	default	49	20290049	TRUE	TRUE	0.99999999999999	0.00751702004292751	0.0133434737160292	1	1	0.00751702004292742	0.30946643460598	0.30946643460598	1.706
directional_pleiotropy	directional	default	50	20290050	TRUE	TRUE	1.00000000000001	0.00974192839915883	0.0229139593469993	1.00000000000001	1.00000000000001	0.00974192839915883	0.308837968261841	0.308837968261841	1.626
two_pleiotropy	two_pleiotropy	default	1	20291001	TRUE	TRUE	0.99999999842971	0.011168450405784	0.999999999998859	0.999999999999993	0.999999999999993	0.0111684503900976	0.041505449589863	0.0387245895398962	1.474
two_pleiotropy	two_pleiotropy	default	2	20291002	TRUE	TRUE	0.999999999995587	0.00995347174869674	0.999999990894595	0.999999999999998	0.999999999999998	0.00995347174864612	0.0527398778872055	0.0348950304465774	1.52999999999999
two_pleiotropy	two_pleiotropy	default	3	20291003	TRUE	TRUE	1	0.0213582141092866	0.947094918780368	1	1	0.0213582141092866	0.134281384037024	0.0734457238635855	1.502
two_pleiotropy	two_pleiotropy	default	4	20291004	TRUE	TRUE	1	0.0252763052637786	0.999999995773083	1	1	0.0252763052637786	0.0711171633233647	0.0711171633233647	1.672
two_pleiotropy	two_pleiotropy	default	5	20291005	TRUE	TRUE	0.999999999999999	0.00933000772699132	0.999979929437408	0.999999999999999	0.999999999999999	0.00933000772699132	0.208029663878644	0.058007480593119	1.391
two_pleiotropy	two_pleiotropy	default	6	20291006	TRUE	TRUE	0.99999999999579	0.015475341970043	0.861820324241074	1	1	0.0154753419699763	0.100142248019495	0.100142248019495	1.493
two_pleiotropy	two_pleiotropy	default	7	20291007	TRUE	TRUE	1	0.0169877891782817	0.999999936759693	1	1	0.0169877891782817	0.428649223734141	0.0526285442051204	1.733
two_pleiotropy	two_pleiotropy	default	8	20291008	TRUE	FALSE	0.999999999999994	0.0416304283021735	0.0877484928181044	0.999999999999995	0.999999999999995	0.0416304283021734	0.315117019474812	0.315117019474812	1.53
two_pleiotropy	two_pleiotropy	default	9	20291009	TRUE	TRUE	0.99999999998984	0.238510515297234	0.999999999998163	0.999999999999998	0.999999999999998	0.23851051529689	0.0967771625299747	0.0392805764227404	1.381
two_pleiotropy	two_pleiotropy	default	10	20291010	TRUE	TRUE	0.999999999999999	0.0183364402456813	0.969483958431848	0.999999999999999	0.999999999999999	0.0183364402456813	0.283622631435776	0.0829682821016036	1.61
two_pleiotropy	two_pleiotropy	default	11	20291011	TRUE	TRUE	0.999999999999993	0.00844653434766317	0.999999229889056	0.999999999999993	0.999999999999993	0.00844653434766317	0.241406351030548	0.038842664489863	1.452
two_pleiotropy	two_pleiotropy	default	12	20291012	TRUE	FALSE	0.999999999999957	0.00866869878706403	0.0184986932257453	1	1	0.00866869878706364	10.5934621403297	0.205344264420091	1.732
two_pleiotropy	two_pleiotropy	default	13	20291013	TRUE	TRUE	0.999999999999988	0.0129199829310598	0.99999989810641	0.999999999999993	0.999999999999993	0.0129199829310597	0.287459616630031	0.0508469675637571	1.513
two_pleiotropy	two_pleiotropy	default	14	20291014	TRUE	FALSE	0.999999999999997	0.925814622065436	0.113707253669644	0.999999999999997	0.999999999999997	0.925814622065436	0.39777953255399	0.0466469486001841	1.561
two_pleiotropy	two_pleiotropy	default	15	20291015	TRUE	TRUE	0.999999999999999	0.0127678555389694	0.999999999998518	0.999999999999999	0.999999999999999	0.0127678555389694	0.221115438694419	0.0181422542497103	1.447
two_pleiotropy	two_pleiotropy	default	16	20291016	TRUE	TRUE	0.999999999999609	0.0126666744314739	0.999984337550141	1.00000000000001	1.00000000000001	0.0126666744314693	0.063058475603043	0.063058475603043	1.451
two_pleiotropy	two_pleiotropy	default	17	20291017	TRUE	TRUE	0.999999999949924	0.0203350711960937	0.999992243481646	0.999999999999998	0.999999999999998	0.020335071195178	0.0696775776311824	0.0434805401751106	1.635
two_pleiotropy	two_pleiotropy	default	18	20291018	TRUE	TRUE	0.999999999999997	0.0139997927418414	0.99965746275631	0.999999999999998	0.999999999999998	0.0139997927418413	0.567153876447549	0.0935105765631192	1.43
two_pleiotropy	two_pleiotropy	default	19	20291019	TRUE	TRUE	1	0.0112211251510216	0.999999997544546	1	1	0.0112211251510216	0.350322079107627	0.034731981440558	1.399
two_pleiotropy	two_pleiotropy	default	20	20291020	TRUE	TRUE	0.999999999992696	0.0883850718344956	0.999928039662003	0.999999999999995	0.999999999999995	0.0883850718343809	0.416655175629899	0.0611372903991878	1.627
two_pleiotropy	two_pleiotropy	default	21	20291021	TRUE	TRUE	1	0.0128860163976663	0.999998828214184	1	1	0.0128860163976663	0.154656179779181	0.0608827721480765	1.619
two_pleiotropy	two_pleiotropy	default	22	20291022	TRUE	TRUE	0.999999999999994	0.0346387970673423	0.97119161475424	0.999999999999996	0.999999999999996	0.0346387970673422	0.196630326164893	0.080492816347089	1.618
two_pleiotropy	two_pleiotropy	default	23	20291023	TRUE	TRUE	0.999999965020202	0.0201158003940396	0.999753549210875	0.999999999999997	0.999999999999997	0.020115799616122	0.149378049406806	0.149378049406806	1.555
two_pleiotropy	two_pleiotropy	default	24	20291024	TRUE	TRUE	0.999999999893785	0.0147007856387784	0.999995307850448	0.999999999999997	0.999999999999997	0.0147007856370706	0.215107801504189	0.117662089201588	1.674
two_pleiotropy	two_pleiotropy	default	25	20291025	TRUE	TRUE	0.999999999999997	0.0126403973150739	0.999964852015335	0.999999999999997	0.999999999999997	0.0126403973150739	0.204484032518735	0.0404405316691623	1.41099999999999
two_pleiotropy	two_pleiotropy	default	26	20291026	TRUE	TRUE	0.999999998331116	0.0121533340261443	0.999947566643634	1	1	0.0121533340096483	0.159547041413759	0.0234198354444004	1.392
two_pleiotropy	two_pleiotropy	default	27	20291027	TRUE	TRUE	0.999999999096365	0.025130667702541	0.999990219727792	0.999999999999995	0.999999999999995	0.0251306676853472	0.113848564786309	0.113848564786309	2.275
two_pleiotropy	two_pleiotropy	default	28	20291028	TRUE	TRUE	1.00000000000001	0.0126524479295923	0.999993765984659	1.00000000000001	1.00000000000001	0.0126524479295923	0.212131450709862	0.187698128674626	2.077
two_pleiotropy	two_pleiotropy	default	29	20291029	TRUE	TRUE	0.999999997410895	0.0124445398576166	0.99999953832831	0.999999999999997	0.999999999999997	0.0124445398248361	0.389912978156985	0.0429916037977449	2.207
two_pleiotropy	two_pleiotropy	default	30	20291030	TRUE	TRUE	0.999999999999998	0.021875287576249	0.999993314258262	0.999999999999998	0.999999999999998	0.021875287576249	0.747646103798502	0.0475885325108862	2.111
two_pleiotropy	two_pleiotropy	default	31	20291031	TRUE	TRUE	0.999999999999999	0.0096075464339329	0.999998252365092	0.999999999999999	0.999999999999999	0.0096075464339329	0.102132307864224	0.0323317749184469	2.183
two_pleiotropy	two_pleiotropy	default	32	20291032	TRUE	FALSE	0.999999999999996	0.037242910774258	0.0364765642085307	0.999999999999996	0.999999999999996	0.037242910774258	0.19329072214299	0.19329072214299	2.262
two_pleiotropy	two_pleiotropy	default	33	20291033	TRUE	TRUE	1	0.0273916824043395	0.997584986048536	1.00000000000001	1.00000000000001	0.0273916824043394	0.18543988367577	0.0957276210988027	2.203
two_pleiotropy	two_pleiotropy	default	34	20291034	TRUE	TRUE	0.999999999999995	0.0474211577302415	0.975873290210683	0.999999999999995	0.999999999999995	0.0474211577302415	0.148473842410112	0.125110497442748	2.111
two_pleiotropy	two_pleiotropy	default	35	20291035	TRUE	TRUE	0.999999999999475	0.0247527712769936	0.997049116273925	0.999999999999995	0.999999999999995	0.0247527712769842	0.0981809301152339	0.0981809301152339	1.461
two_pleiotropy	two_pleiotropy	default	36	20291036	TRUE	FALSE	0.99999682525016	0.0620695410147189	0.0642368244091013	1	1	0.0620693624959416	0.269282305528293	0.121654333020274	1.592
two_pleiotropy	two_pleiotropy	default	37	20291037	TRUE	TRUE	1	0.0152817928804309	0.999853801842078	1	1	0.0152817928804309	0.113710821209096	0.113710821209096	1.379
two_pleiotropy	two_pleiotropy	default	38	20291038	TRUE	FALSE	1.00000000000001	0.440234679379739	0.142696678354616	1.00000000000001	1.00000000000001	0.440234679379739	0.208931912156061	0.197494566077097	1.558
two_pleiotropy	two_pleiotropy	default	39	20291039	TRUE	FALSE	1	0.0860666525873353	0.114934861461717	1	1	0.0860666525873353	0.277690803486294	0.191002137870584	1.651
two_pleiotropy	two_pleiotropy	default	40	20291040	TRUE	TRUE	1	0.0180922875656456	0.918245528143082	1	1	0.0180922875656456	0.344913277918906	0.106329518738747	1.586
two_pleiotropy	two_pleiotropy	default	41	20291041	TRUE	TRUE	0.999999999999994	0.0694816977753702	0.94973320393857	0.999999999999994	0.999999999999994	0.0694816977753701	0.113093819855578	0.113093819855578	1.689
two_pleiotropy	two_pleiotropy	default	42	20291042	TRUE	TRUE	0.999999999999996	0.0251573712944334	0.997743239547949	0.999999999999996	0.999999999999996	0.0251573712944334	0.231651182396035	0.0618536679391042	1.383
two_pleiotropy	two_pleiotropy	default	43	20291043	TRUE	FALSE	0.99999999999747	0.0580047985399575	0.561834121198437	1	1	0.0580047985398501	0.281858520276458	0.272170547988424	1.581
two_pleiotropy	two_pleiotropy	default	44	20291044	TRUE	TRUE	0.999999999996302	0.0117996483772338	0.999999785845026	0.999999999999999	0.999999999999999	0.011799648377187	0.0436147644833085	0.0436147644833085	1.498
two_pleiotropy	two_pleiotropy	default	45	20291045	TRUE	TRUE	0.999999627507731	0.139433601692013	0.768808281477701	1	1	0.139433527154598	0.266028173267173	0.230270890968953	1.607
two_pleiotropy	two_pleiotropy	default	46	20291046	TRUE	FALSE	0.999999999994467	0.019433573850441	0.0396244256510608	0.999999999999994	0.999999999999994	0.0194335738503456	0.52982686792339	0.52982686792339	1.56
two_pleiotropy	two_pleiotropy	default	47	20291047	TRUE	TRUE	1	0.0463866242509197	0.999999461943657	1	1	0.0463866242509197	0.0732411213165065	0.0389967968152689	1.44199999999999
two_pleiotropy	two_pleiotropy	default	48	20291048	TRUE	TRUE	0.999999999816846	0.0220850959657343	0.999998665528305	0.999999999999998	0.999999999999998	0.0220850959569394	0.0695573727244039	0.0695573727244039	1.565
two_pleiotropy	two_pleiotropy	default	49	20291049	TRUE	TRUE	0.999999999999996	0.0237642432478388	0.991669933991325	0.999999999999996	0.999999999999996	0.0237642432478388	0.506954784584892	0.0842199548783071	1.48
two_pleiotropy	two_pleiotropy	default	50	20291050	TRUE	TRUE	0.9999996030029	0.00979284286609981	0.999999897543875	1	1	0.00979283883650583	0.0591475550251488	0.0591475550251488	1.653
mediation_sparse_20_blocks	diagnostic	default	1	20292001	TRUE	NA	0.460419753036064	0.995598360478597	0.999980190941757	0.00170226111056728	0.999980222922364	0.458356411103931	0.113967094318966	0.113967094318966	1.121
mediation_sparse_20_blocks	diagnostic	default	2	20292002	TRUE	NA	0.999999615384319	0.999992715909417	0.999777437032153	0.00179214325128443	0.999777773453436	0.999992331294086	0.234865910978357	0.152623179873444	1.155
mediation_sparse_20_blocks	diagnostic	default	3	20292003	TRUE	NA	0.999999999999478	0.983126276280617	0.0477337921255627	0.00326993532432992	0.0508052914406074	0.983126276280118	0.323684247099976	0.323684247099976	1.258
mediation_sparse_20_blocks	diagnostic	default	4	20292004	TRUE	NA	0.999999812227427	0.979203519543002	0.088292043101406	0.00180215040121673	0.089913815684237	0.979203343946398	0.284789035884728	0.284789035884728	1.17299999999999
mediation_sparse_20_blocks	diagnostic	default	5	20292005	TRUE	NA	0.999973178256185	0.97443259353279	0.688036877227464	0.00153154168670764	0.688516572867964	0.974408103065939	0.130087019447572	0.128302206720022	1.247
mediation_sparse_20_blocks	diagnostic	default	6	20292006	TRUE	NA	0.999999999997197	0.999914140887211	0.999999368286636	0.00320109659494801	0.999999369493135	0.999914140884408	0.263081922101421	0.0840329840093545	1.27
mediation_sparse_20_blocks	diagnostic	default	7	20292007	TRUE	NA	0.999252479623825	0.996479649455006	0.936886144473584	0.00170872264554554	0.936982742654245	0.995739609587778	0.0853329053747416	0.0853329053747416	1.245
mediation_sparse_20_blocks	diagnostic	default	8	20292008	TRUE	NA	0.999997122946897	0.286200202267467	0.994452021414543	0.00219662131991694	0.994468971139791	0.286199596610908	0.0846942098665835	0.0784513536853808	1.297
mediation_sparse_20_blocks	diagnostic	default	9	20292009	TRUE	NA	0.999613187779698	0.989216410398185	0.48113751653675	0.00607267352827658	0.485427113720703	0.988839316795559	0.133252746043098	0.124866080390063	1.285
mediation_sparse_20_blocks	diagnostic	default	10	20292010	TRUE	NA	0.999999999995632	0.999681851932632	0.999999999998948	0.0983311584608505	0.999999999998959	0.999681851928264	0.353081864079407	0.0505622175272435	1.293
mediation_sparse_20_blocks	diagnostic	default	11	20292011	TRUE	NA	0.999999967544494	0.782027210350239	0.90315856200661	0.00309788971226272	0.903347341658532	0.782027186149962	0.314134214989522	0.102163563427567	1.284
mediation_sparse_20_blocks	diagnostic	default	12	20292012	TRUE	NA	0.999991136571121	0.996120038272442	0.0351402200043994	0.00150820411166651	0.0365943402103577	0.996111390817269	0.222380661373862	0.20283435012891	1.32
mediation_sparse_20_blocks	diagnostic	default	13	20292013	TRUE	NA	0.945177058542137	0.987913492311324	0.939686511919452	0.00952805712593399	0.940230765206993	0.934224993793395	0.0983802675144716	0.0983802675144716	1.151
mediation_sparse_20_blocks	diagnostic	default	14	20292014	TRUE	NA	0.999837432730103	0.999999997296601	0.999999987702752	0.0024602845721259	0.999999988435468	0.999837430027022	0.0580821461559964	0.0371538090841739	1.217
mediation_sparse_20_blocks	diagnostic	default	15	20292015	TRUE	NA	0.999999999906316	0.943734439689435	0.999004635676053	0.00178347759549626	0.999006212687035	0.943734439605946	0.391275322827425	0.391275322827425	1.222
mediation_sparse_20_blocks	diagnostic	default	16	20292016	TRUE	NA	0.999977782140137	0.986717339427677	0.998053067414801	0.00195177017128899	0.998060484775666	0.986697079034056	0.0652869420313067	0.0642595506431292	1.218
mediation_sparse_20_blocks	diagnostic	default	17	20292017	TRUE	NA	0.99916769608902	0.976046650507494	0.257946782955166	0.0506325452644887	0.301199058934462	0.975320285008949	0.199626014461245	0.199626014461245	1.203
mediation_sparse_20_blocks	diagnostic	default	18	20292018	TRUE	NA	0.998867105093747	0.943982801423698	0.99999769451706	0.00195676883370959	0.999997717209461	0.942871367682159	0.0509500162957579	0.0455677255535107	1.166
mediation_sparse_20_blocks	diagnostic	default	19	20292019	TRUE	NA	0.999999343184591	0.999992950107185	0.999930155456628	0.00171532741354819	0.999930286551126	0.999992293316785	0.167544360016052	0.070136688706242	1.183
mediation_sparse_20_blocks	diagnostic	default	20	20292020	TRUE	NA	0.999670812560162	0.22425342520933	0.999241700861513	0.00200941406236808	0.999243001415488	0.224145325115476	0.107693960449524	0.0936737324880284	1.182
mediation_sparse_20_blocks	diagnostic	default	21	20292021	TRUE	NA	0.999999999993806	0.999931301184715	0.999999924463575	0.00620034249755137	0.999999924724087	0.999931301178529	0.377847940216924	0.10887524990676	1.216
mediation_sparse_20_blocks	diagnostic	default	22	20292022	TRUE	NA	0.999999999999397	0.986453914498232	0.92986767144844	0.00343794516227207	0.930079182052987	0.986453914497692	0.22820171428738	0.22820171428738	1.162
mediation_sparse_20_blocks	diagnostic	default	23	20292023	TRUE	NA	0.999999994258182	0.777215813016849	0.824002388171424	0.00181529431269214	0.824345545309082	0.777215809605661	0.157247506487749	0.154438182304418	1.169
mediation_sparse_20_blocks	diagnostic	default	24	20292024	TRUE	NA	0.999999973131916	0.993521927592884	0.357047696702132	0.0018643953761431	0.358180161956452	0.993521901320325	0.14082599784534	0.14082599784534	1.198
mediation_sparse_20_blocks	diagnostic	default	25	20292025	TRUE	NA	0.999998265840799	0.998443184119722	0.999998075903656	0.00227860284782153	0.999998078969008	0.998441775761324	0.123482037712293	0.101245127579034	1.114
mediation_sparse_20_blocks	diagnostic	default	26	20292026	TRUE	NA	0.947740953382484	0.911677080268369	0.99813686642796	0.00166100408646315	0.99813955066102	0.8866637085193	0.146378514387123	0.146378514387123	1.188
mediation_sparse_20_blocks	diagnostic	default	27	20292027	TRUE	NA	0.99999999941158	0.999995989433157	0.999892202200002	0.005919030791417	0.999895574526964	0.999995988844751	0.0720777322609081	0.0720777322609081	1.183
mediation_sparse_20_blocks	diagnostic	default	28	20292028	TRUE	NA	0.999979772564673	0.989175835562373	0.783102593510132	0.0016009631460271	0.78344568236365	0.989156224523834	0.0703661771750745	0.0703661771750745	1.158
mediation_sparse_20_blocks	diagnostic	default	29	20292029	TRUE	NA	0.999998294723818	0.998382018539723	0.999943604559494	0.00345783147691828	0.999944383956765	0.998380318711138	0.163948237306329	0.163948237306329	1.181
mediation_sparse_20_blocks	diagnostic	default	30	20292030	TRUE	NA	0.999999998814707	0.227430811355798	0.999999504458407	0.00439659378603273	0.99999950625945	0.227430810631399	0.154825090381081	0.154825090381081	1.284
mediation_sparse_20_blocks	diagnostic	default	31	20292031	TRUE	NA	0.999999736020449	0.993471494332629	0.641899787002678	0.00188733024633669	0.642583623480634	0.993471234173447	0.124393362497898	0.111818641276443	1.204
mediation_sparse_20_blocks	diagnostic	default	32	20292032	TRUE	NA	0.999999993586751	0.995553186891044	0.998877691809588	0.00154705907112226	0.99887930213489	0.995553180534542	0.150561594864627	0.112358399399113	1.172
mediation_sparse_20_blocks	diagnostic	default	33	20292033	TRUE	NA	0.99982595090381	0.99176938479465	0.99964534449468	0.00166223699390542	0.999646086398767	0.991620724992305	0.193824113812781	0.193824113812781	1.201
mediation_sparse_20_blocks	diagnostic	default	34	20292034	TRUE	NA	0.999991635752517	0.0971307995755065	0.999999999960424	0.00271572805384818	0.999999999960829	0.0971302996418234	0.0555065774767627	0.0462735794808822	1.155
mediation_sparse_20_blocks	diagnostic	default	35	20292035	TRUE	NA	0.999999999942876	0.970343559557865	0.0573064354189491	0.00187857631207111	0.0590699388402012	0.97034355950471	0.23890894314286	0.23890894314286	1.226
mediation_sparse_20_blocks	diagnostic	default	36	20292036	TRUE	NA	0.999956948886379	0.999975956509027	0.999205407300712	0.00157281202997437	0.999206688441574	0.999932948555165	0.237966237276027	0.0568438331558099	1.149
mediation_sparse_20_blocks	diagnostic	default	37	20292037	TRUE	NA	0.726261062104699	0.594466491802224	0.87179709199394	0.05402621231185	0.908120431178471	0.463495777301631	0.143989075763272	0.143989075763272	1.15300000000001
mediation_sparse_20_blocks	diagnostic	default	38	20292038	TRUE	NA	0.999999612874238	0.999331759435953	0.934126811172989	0.00183051166849304	0.93423041200128	0.999331376067406	0.0782913751657901	0.0782913751657901	1.101
mediation_sparse_20_blocks	diagnostic	default	39	20292039	TRUE	NA	0.99999512740643	0.228786453088356	0.999531578931417	0.00368561497873351	0.999532355447423	0.228784516524975	0.0929779476998647	0.087396280871161	1.174
mediation_sparse_20_blocks	diagnostic	default	40	20292040	TRUE	NA	0.999999999666993	0.993292634582193	0.881739059550068	0.00253690929623344	0.882626532601808	0.993292634261143	0.116655303580671	0.0787414003981297	1.195
mediation_sparse_20_blocks	diagnostic	default	41	20292041	TRUE	NA	0.989528102976282	0.995034454611857	0.767107236444816	0.00178412356814723	0.767619508191587	0.98472534009634	0.07125881379514	0.07125881379514	1.134
mediation_sparse_20_blocks	diagnostic	default	42	20292042	TRUE	NA	0.999977422056287	0.999542542302232	0.999999626892114	0.00211060007704735	0.999999627469288	0.999519969295289	0.0942488247176527	0.0942488247176527	1.199
mediation_sparse_20_blocks	diagnostic	default	43	20292043	TRUE	NA	0.999999998949014	0.965744722678332	0.999878602030103	0.00174976349725747	0.999878780627799	0.965744721640645	0.135066466945517	0.135066466945517	1.165
mediation_sparse_20_blocks	diagnostic	default	44	20292044	TRUE	NA	0.999995861159116	0.956058920576613	0.468287483046218	0.0270117214523934	0.491407022721119	0.956057216040317	0.290029367186932	0.202011772766213	1.183
mediation_sparse_20_blocks	diagnostic	default	45	20292045	TRUE	NA	0.996221707997573	0.999561113707112	0.997987536870013	0.0271945535892243	0.999820829159242	0.995784047107409	0.161978188080951	0.161978188080951	1.146
mediation_sparse_20_blocks	diagnostic	default	46	20292046	TRUE	NA	0.999998516050558	0.255894055068469	0.99743109793396	0.0204653789162184	0.997592437189249	0.255893988044728	0.364249263653946	0.320860615322005	1.134
mediation_sparse_20_blocks	diagnostic	default	47	20292047	TRUE	NA	0.999999997110896	0.986917122809676	0.999882538463301	0.00260356839196515	0.999888984238679	0.986917120270347	0.410270201432468	0.216839027847215	1.228
mediation_sparse_20_blocks	diagnostic	default	48	20292048	TRUE	NA	0.999999999973833	0.984215530361806	0.0695131188485228	0.00142315482695834	0.070831754261732	0.984215530340221	0.19904073527988	0.19904073527988	1.184
mediation_sparse_20_blocks	diagnostic	default	49	20292049	TRUE	NA	0.99999999999995	0.991279063049488	0.817696244131384	0.0020843557886154	0.818282140981272	0.991279063049447	0.166575567939717	0.112501514775346	1.13099999999999
mediation_sparse_20_blocks	diagnostic	default	50	20292050	TRUE	NA	0.997375238343392	0.291504202986572	0.813292910767921	0.0198734504262089	0.815773736776696	0.290857222345075	0.31151635439511	0.31151635439511	1.186
mediation_sparse_30_blocks	mediation_sparse	default	1	20292001	TRUE	TRUE	0.998931575712398	0.999999996105108	0.999999999998659	0.00154191789283911	0.999999999998662	0.998931571821141	0.166225646690179	0.0240712463533157	1.727
mediation_sparse_30_blocks	mediation_sparse	default	2	20292002	TRUE	TRUE	0.999971632513176	0.977046764821036	0.86000238390085	0.00388888683826666	0.860669160732155	0.977018963028117	0.21318536101694	0.21318536101694	1.645
mediation_sparse_30_blocks	mediation_sparse	default	3	20292003	TRUE	TRUE	0.999985286234409	0.999999994213392	0.999999999999946	0.00692682036078426	0.999999999999971	0.999985280447831	0.0818810939622665	0.0497926995642501	1.755
mediation_sparse_30_blocks	mediation_sparse	default	4	20292004	TRUE	TRUE	1.00000000000001	0.999999998596724	0.9999999999763	0.00134851689869018	0.999999999976331	0.999999998596724	0.236222932107708	0.0352864330174327	1.76600000000001
mediation_sparse_30_blocks	mediation_sparse	default	5	20292005	TRUE	TRUE	0.999853491719918	0.979267311980171	0.999999877864262	0.0013410958672256	0.999999878202977	0.979123066302886	0.0446715655504306	0.0446715655504306	1.867
mediation_sparse_30_blocks	mediation_sparse	default	6	20292006	TRUE	TRUE	0.999999999726155	0.964737228183231	0.898221818135259	0.00141556186086056	0.898342513121784	0.964737227920546	0.125566322636359	0.096895828323369	1.69
mediation_sparse_30_blocks	mediation_sparse	default	7	20292007	TRUE	FALSE	0.999999926807436	0.483054759177771	0.990545450787245	0.026258428407074	0.991880136207672	0.483054733089567	0.233504886960816	0.165749358291322	1.723
mediation_sparse_30_blocks	mediation_sparse	default	8	20292008	TRUE	TRUE	0.99999999999849	0.972245664165167	0.999694626631891	0.00182236917169104	0.999694991876319	0.972245664163653	0.118479209911129	0.0706540496022683	1.731
mediation_sparse_30_blocks	mediation_sparse	default	9	20292009	TRUE	TRUE	0.999999999995385	0.999999292745278	0.999999865571859	0.00146593548430974	0.999999865920344	0.999999292740676	0.113087890604817	0.030902735604144	1.749
mediation_sparse_30_blocks	mediation_sparse	default	10	20292010	TRUE	TRUE	0.99653212860625	0.999913226024282	0.997123550131406	0.00697417627049516	0.997282527913832	0.996448277754677	0.0741096267194337	0.0741096267194337	1.7
mediation_sparse_30_blocks	mediation_sparse	default	11	20292011	TRUE	TRUE	0.999999923421161	0.997381968768376	0.999963805624086	0.0015163090234721	0.999963859270962	0.997381893388793	0.16731840747795	0.0709866893952551	1.889
mediation_sparse_30_blocks	mediation_sparse	default	12	20292012	TRUE	TRUE	0.999990590488203	0.999993408165033	0.99999999950092	0.00123002974225761	0.999999999501934	0.999983998721006	0.217771625588028	0.0356368063845878	1.808
mediation_sparse_30_blocks	mediation_sparse	default	13	20292013	TRUE	TRUE	0.999999999976175	0.990151455310535	0.990835753335223	0.00270092230508539	0.990852659122174	0.990151455287742	0.192142866158406	0.192142866158406	1.90799999999999
mediation_sparse_30_blocks	mediation_sparse	default	14	20292014	TRUE	TRUE	0.999999999995172	0.999968861261649	0.99999377105994	0.00181576676532197	0.99999377875257	0.999968861256821	0.390493017878583	0.0629171149807917	1.856
mediation_sparse_30_blocks	mediation_sparse	default	15	20292015	TRUE	TRUE	0.99999999999984	0.999991865193935	0.999999999999269	0.00183329182005599	0.99999999999927	0.999991865193777	0.163952815694486	0.0529979072302069	1.90799999999999
mediation_sparse_30_blocks	mediation_sparse	default	16	20292016	TRUE	TRUE	0.999668230584444	0.999761473125937	0.999999929175524	0.00144421918700263	0.999999929344609	0.999429824351612	0.0491285025181014	0.0404553633730131	1.90600000000001
mediation_sparse_30_blocks	mediation_sparse	default	17	20292017	TRUE	TRUE	0.872074912277751	0.973517749455714	0.999999999687631	0.00431819451442193	0.999999999689585	0.845991734161278	0.140037791444598	0.0839006781974376	1.946
mediation_sparse_30_blocks	mediation_sparse	default	18	20292018	TRUE	TRUE	0.999361156817945	0.998654842273154	0.89065524391342	0.00124858032400395	0.890801963820254	0.998029059744264	0.23767841980569	0.23767841980569	1.867
mediation_sparse_30_blocks	mediation_sparse	default	19	20292019	TRUE	TRUE	1	0.999999633414307	0.99999741106167	0.0014480911229495	0.99999742169293	0.999999633414307	0.397738518054723	0.046165005433835	1.789
mediation_sparse_30_blocks	mediation_sparse	default	20	20292020	TRUE	TRUE	0.999986302664927	0.999994818279037	0.999999999996286	0.00128520462585448	0.999999999996291	0.999981120945168	0.0772031795513612	0.0267165076365643	1.841
mediation_sparse_30_blocks	mediation_sparse	default	21	20292021	TRUE	FALSE	0.999999999567292	0.962774438296254	0.606333688038891	0.00202134970333873	0.607266251988001	0.962774437904272	0.164654555314655	0.0568483704143432	1.782
mediation_sparse_30_blocks	mediation_sparse	default	22	20292022	TRUE	TRUE	0.999999995726804	0.999998428775478	0.999982605847031	0.00172398693561795	0.999982627869318	0.999998424502346	0.0909592763426019	0.0786155565354534	1.77700000000001
mediation_sparse_30_blocks	mediation_sparse	default	23	20292023	TRUE	TRUE	0.999998439954396	0.999980946092637	0.99766137142213	0.00136015080110818	0.997666804069762	0.999979386188025	0.28812974246992	0.163394234729594	1.79199999999999
mediation_sparse_30_blocks	mediation_sparse	default	24	20292024	TRUE	TRUE	0.999999984494824	0.999999999704565	0.999999968642849	0.00325951309000039	0.999999970309813	0.999999984199385	0.227489544548007	0.0561332980650207	1.747
mediation_sparse_30_blocks	mediation_sparse	default	25	20292025	TRUE	TRUE	0.999999999963014	0.999666865525934	0.721465495684109	0.00128056429211595	0.7218186351258	0.999666865489687	0.116559141018655	0.0913219003937513	1.717
mediation_sparse_30_blocks	mediation_sparse	default	26	20292026	TRUE	TRUE	0.999831281130544	0.999999274896208	0.999999988583913	0.00405895478678047	0.999999988597036	0.999830556093823	0.169549322307404	0.169549322307404	1.688
mediation_sparse_30_blocks	mediation_sparse	default	27	20292027	TRUE	TRUE	0.999999999998789	0.99998868780866	0.999999999995688	0.00248106601809443	0.999999999995695	0.999988687807455	0.145406946974447	0.0459315561462006	1.77
mediation_sparse_30_blocks	mediation_sparse	default	28	20292028	TRUE	TRUE	0.999999999998581	0.988995954941398	0.806093614463892	0.00130248654634944	0.806333984799984	0.988995954940037	0.121628452447737	0.121628452447737	1.718
mediation_sparse_30_blocks	mediation_sparse	default	29	20292029	TRUE	TRUE	1.00000000000001	0.999978424057745	0.999998902471197	0.00129862845990943	0.999998903782531	0.999978424057745	0.0704789315663561	0.0398019494754465	1.747
mediation_sparse_30_blocks	mediation_sparse	default	30	20292030	TRUE	FALSE	0.999904928623391	0.968643112120466	0.13998810027011	0.0026814736501911	0.142197786248551	0.968549876040443	0.321333682731279	0.321333682731279	1.76
mediation_sparse_30_blocks	mediation_sparse	default	31	20292031	TRUE	TRUE	0.999999999600467	0.999381893609127	0.999992941688747	0.0021105214921527	0.999993073054046	0.999381893210863	0.300210038702232	0.0743154838460782	1.726
mediation_sparse_30_blocks	mediation_sparse	default	32	20292032	TRUE	FALSE	0.999999998156518	0.9990121538456	0.678340139386612	0.00143846245523351	0.678859109219355	0.999012152014952	0.120691363350971	0.0690513262234731	1.721
mediation_sparse_30_blocks	mediation_sparse	default	33	20292033	TRUE	TRUE	0.99999999939769	0.99594766733098	0.999942768528446	0.0176184455780247	0.999942998058135	0.995947666728984	0.0571845712364905	0.0307222362001767	1.68400000000001
mediation_sparse_30_blocks	mediation_sparse	default	34	20292034	TRUE	TRUE	0.999999999999993	0.999693659405317	0.91010571333933	0.00170187652041387	0.910254800765303	0.999693659405317	0.0684427867771973	0.0653340162179461	1.706
mediation_sparse_30_blocks	mediation_sparse	default	35	20292035	TRUE	TRUE	0.999998378844693	0.999998910500965	0.999896121007961	0.00122383855193811	0.999896244356561	0.999997289597738	0.126925016301925	0.12153979320081	1.67899999999999
mediation_sparse_30_blocks	mediation_sparse	default	36	20292036	TRUE	TRUE	0.99999999998725	0.999865831705304	0.999999916987455	0.0013032948162033	0.99999991713419	0.99986583169256	0.0727225311132713	0.0466482022483206	1.64699999999999
mediation_sparse_30_blocks	mediation_sparse	default	37	20292037	TRUE	TRUE	0.999999993350243	0.999979294358245	0.999872514248233	0.00133789401662484	0.999872671817052	0.999979287709038	0.0465616214939075	0.0260092287275597	1.66900000000001
mediation_sparse_30_blocks	mediation_sparse	default	38	20292038	TRUE	TRUE	0.999999984087369	0.99961273864222	0.990346453120991	0.00477705082901481	0.990364776468731	0.999612722756886	0.246539915071764	0.246539915071764	1.71299999999999
mediation_sparse_30_blocks	mediation_sparse	default	39	20292039	TRUE	TRUE	0.999999999998582	0.999607543733188	0.996685227961708	0.00140774472998776	0.996689822701306	0.999607543731767	0.0783416025757333	0.0677713370239132	1.65900000000001
mediation_sparse_30_blocks	mediation_sparse	default	40	20292040	TRUE	TRUE	0.999999997363606	0.99998456950839	0.99999997121701	0.133313132910604	0.999999971755811	0.999984566871996	0.0739835247563292	0.0418181965474957	1.72499999999999
mediation_sparse_30_blocks	mediation_sparse	default	41	20292041	TRUE	TRUE	0.999999999269191	0.999997274812354	0.999984193021069	0.00345243118701999	0.99998421377274	0.999997274081569	0.0515003348927223	0.0380405242414383	1.73599999999999
mediation_sparse_30_blocks	mediation_sparse	default	42	20292042	TRUE	TRUE	0.999999999999172	0.999999988069436	0.999999371738816	0.00129484546720566	0.999999372476581	0.999999988068609	0.129781885046611	0.0918597702700481	1.76300000000001
mediation_sparse_30_blocks	mediation_sparse	default	43	20292043	TRUE	TRUE	0.999999990172062	0.999999998514131	0.99999995073324	0.00469164406177801	0.999999974841884	0.999999988686186	0.0515754795439136	0.042635489403807	1.79400000000001
mediation_sparse_30_blocks	mediation_sparse	default	44	20292044	TRUE	TRUE	0.999999999999075	0.999999999504008	0.999999999998942	0.00130172746908531	0.999999999998945	0.999999999503068	0.138907747995987	0.033059987746384	1.723
mediation_sparse_30_blocks	mediation_sparse	default	45	20292045	TRUE	TRUE	0.999999959738073	0.99999176101184	0.999984588059331	0.00140129586666665	0.999984613022312	0.999991720761501	0.261759674999752	0.0287590070228703	1.743
mediation_sparse_30_blocks	mediation_sparse	default	46	20292046	TRUE	FALSE	0.999999999999983	0.412308426942278	0.983383618733718	0.00132839071806073	0.983404991314518	0.412308426942277	0.0178331998799877	0.0144688202744305	1.718
mediation_sparse_30_blocks	mediation_sparse	default	47	20292047	TRUE	TRUE	1.00000000000001	0.99998941243168	0.999971443054157	0.00214535809561801	0.999971491750414	0.99998941243168	0.280845150258529	0.129850562167206	1.742
mediation_sparse_30_blocks	mediation_sparse	default	48	20292048	TRUE	TRUE	0.999999999999998	0.99999999981712	0.999999999995138	0.0013555858936066	0.999999999995319	0.99999999981712	0.396607605553811	0.0329323493834863	1.747
mediation_sparse_30_blocks	mediation_sparse	default	49	20292049	TRUE	TRUE	0.999999999999939	0.988773525516379	0.999897132346585	0.00511496578606013	0.999913504197466	0.988773525516321	0.126516256087058	0.0565001499057018	1.721
mediation_sparse_30_blocks	mediation_sparse	default	50	20292050	TRUE	TRUE	0.999999999993284	0.999999985426112	0.99999999999353	0.001447723037531	0.99999999999355	0.999999985419387	0.489376961072793	0.00866531746012811	1.68000000000001
declared_overlap_null	null	default	1	20294001	TRUE	TRUE	0.036485367924371	0.012461167240979	0.0192844174609624	0.00342693307354663	0.0226505327916314	0.000454181121455234	0.245601688876206	0.225592535394355	1.131
declared_overlap_null	null	default	2	20294002	TRUE	TRUE	0.034989379080479	0.00926004974408787	0.0186477144242772	0.00149166255742705	0.0201090666128927	0.000324664072958701	0.35049461671278	0.215075159067851	1.176
declared_overlap_null	null	default	3	20294003	TRUE	TRUE	0.0474301846675644	0.0098798462205269	0.0188749091168491	0.0013962411120359	0.0202440183831908	0.00046746493243388	0.206272501549904	0.195157218211307	1.19800000000001
declared_overlap_null	null	default	4	20294004	TRUE	TRUE	0.0376771609678573	0.0131291526251465	0.0352258738372521	0.00155532940111641	0.0367259163804298	0.000494697687954846	0.321719226895425	0.321719226895425	1.188
declared_overlap_null	null	default	5	20294005	TRUE	TRUE	0.036313752449889	0.0100627820864651	0.0204306958709915	0.00427390482334823	0.0246229514729676	0.000363086628897942	0.341712973609106	0.341712973609106	1.21299999999999
declared_overlap_null	null	default	6	20294006	TRUE	TRUE	0.0498478367551173	0.00834177954596884	0.0280330819690898	0.00186147627257539	0.0298448001070932	0.000413517547847104	0.294448059178876	0.294448059178876	1.182
declared_overlap_null	null	default	7	20294007	TRUE	TRUE	0.0291330229250083	0.00794010484962814	0.0147261837663609	0.00145827488109819	0.016162507111736	0.000231314033389319	0.392898856170547	0.352501406250951	1.131
declared_overlap_null	null	default	8	20294008	TRUE	TRUE	0.0534665982776732	0.0124384161758669	0.0238670061409226	0.361581708910422	0.377371890897939	0.000660249591935519	0.284921089412322	0.284921089412322	1.218
declared_overlap_null	null	default	9	20294009	TRUE	TRUE	0.0302824364986896	0.00721293774787459	0.0138794757552446	0.00138457979940676	0.0152445702325947	0.000218497387234248	0.197667754598953	0.196746374610029	1.181
declared_overlap_null	null	default	10	20294010	TRUE	TRUE	0.138729369261434	0.0222293091251648	0.0241499677720139	0.00149175862930049	0.0256052884027467	0.00308890777072969	0.311400873510166	0.29520665678757	1.152
declared_overlap_null	null	default	11	20294011	TRUE	TRUE	0.0492534344631893	0.00992315580885052	0.0165778451118315	0.0083803679446848	0.0248240624531577	0.000488247298035732	0.259066361261318	0.258320526252248	1.215
declared_overlap_null	null	default	12	20294012	TRUE	TRUE	0.0865618681925112	0.0244068499407356	0.0372393668101828	0.00160131422009903	0.0387776272768105	0.00208907937057247	0.336929773286556	0.336929773286556	1.239
declared_overlap_null	null	default	13	20294013	TRUE	TRUE	0.0322590495253609	0.0347705798712494	0.111836473971895	0.00505420385874765	0.116474861679157	0.00112269153092671	0.304174319239962	0.299938586420723	1.14700000000001
declared_overlap_null	null	default	14	20294014	TRUE	TRUE	0.100928072881964	0.00915861192425388	0.0160879483007318	0.00160420118020059	0.0176660433140776	0.000933134346583417	0.213236486522675	0.202860012484791	1.172
declared_overlap_null	null	default	15	20294015	TRUE	TRUE	0.0235471436612864	0.0155486644379887	0.0280299314960511	0.00386659609280517	0.0318008967293413	0.000363567934686548	0.350074803327544	0.350074803327544	1.246
declared_overlap_null	null	default	16	20294016	TRUE	TRUE	0.0678647885839422	0.00985618324369039	0.0381038211230359	0.0016269633312675	0.039645778945114	0.000673454326317992	0.181730489794177	0.181730489794177	1.149
declared_overlap_null	null	default	17	20294017	TRUE	TRUE	0.0290657849167362	0.0107109159598753	0.0183201789122575	0.00274721337336285	0.0210127748867192	0.000311256886408502	0.276912415910374	0.26663860214498	1.196
declared_overlap_null	null	default	18	20294018	TRUE	TRUE	0.0416552420909009	0.0620420818333316	0.0834381565379921	0.00182545214093458	0.0851045058441962	0.00257691454814699	0.34918488602753	0.34918488602753	1.154
declared_overlap_null	null	default	19	20294019	TRUE	TRUE	0.0375679205748033	0.0338897397043868	0.0486726942858454	0.00184961023679106	0.0504262315335828	0.00127358373874603	0.294407319046002	0.294407319046002	1.17500000000001
declared_overlap_null	null	default	20	20294020	TRUE	TRUE	0.0351346327308461	0.0127914110545372	0.0248907438168803	0.0134524823407234	0.0380106824983441	0.000450959497148252	0.275169554186533	0.256063062362784	1.194
declared_overlap_null	null	default	21	20294021	TRUE	TRUE	0.0380887212600913	0.00733746768371541	0.0142476925816373	0.00466631582731017	0.0188480761047127	0.00027924839396094	0.302257076836469	0.234116266631531	1.202
declared_overlap_null	null	default	22	20294022	TRUE	TRUE	0.0723531467677935	0.0109151043087892	0.0392379260111715	0.0049328781264599	0.0439210457348811	0.000791098515076276	0.298993178375866	0.298993178375866	1.17
declared_overlap_null	null	default	23	20294023	TRUE	TRUE	0.0447583691010797	0.0127078930329517	0.0201469310349082	0.00460748925105573	0.0246532697351203	0.000567954639051605	0.198424344070347	0.198424344070347	1.221
declared_overlap_null	null	default	24	20294024	TRUE	TRUE	0.0459988993642729	0.00821025730299891	0.0143632753980526	0.00142422585499783	0.0157667191751248	0.00037805599702802	0.252186603496909	0.23203859953972	1.20699999999999
declared_overlap_null	null	default	25	20294025	TRUE	TRUE	0.0431366536249329	0.00754490412535976	0.0148736532076095	0.00140482992890858	0.0162573677245424	0.000325426411597765	0.218680756627322	0.216820823283939	1.15599999999999
declared_overlap_null	null	default	26	20294026	TRUE	TRUE	0.0778637104672965	0.0113046001686431	0.02423628001692	0.00251482583639153	0.026687741719317	0.000884122724159144	0.34753355700326	0.34753355700326	1.257
declared_overlap_null	null	default	27	20294027	TRUE	TRUE	0.0315506851443894	0.010167851722433	0.020499786223249	0.00219465322977561	0.0226455611839752	0.000320857978172654	0.191011972859144	0.191011972859144	1.202
declared_overlap_null	null	default	28	20294028	TRUE	TRUE	0.0247367806623513	0.0103173067043066	0.0262453488465917	0.00183652365649665	0.028031339806964	0.000254410894719965	0.409388071699027	0.409388071699027	1.178
declared_overlap_null	null	default	29	20294029	TRUE	TRUE	0.0519685688831923	0.00915962139753321	0.0232019055657756	0.00170737807622704	0.0248685920145751	0.000479037004526395	0.427112503300194	0.427112503300194	1.173
declared_overlap_null	null	default	30	20294030	TRUE	TRUE	0.0655256245268557	0.0106386075446017	0.0350048793870652	0.0213946443895393	0.0559328712149588	0.000701009734209118	0.477256176617018	0.477256176617018	1.235
declared_overlap_null	null	default	31	20294031	TRUE	TRUE	0.0362292994468732	0.0121714866908196	0.0179552175732241	0.00143647620020021	0.0193656337883398	0.000440968502294993	0.219409086123306	0.19020895778948	1.18499999999999
declared_overlap_null	null	default	32	20294032	TRUE	TRUE	0.0330283592401446	0.00767221742673926	0.0150294519124651	0.00137656438017716	0.0163850752241063	0.000253112917272751	0.205810752176731	0.203268402051805	1.184
declared_overlap_null	null	default	33	20294033	TRUE	TRUE	0.0262852038659234	0.0117908704989005	0.026435467698566	0.00142354369056589	0.0278196567238521	0.000309866154097884	0.220500327289926	0.220500327289926	1.164
declared_overlap_null	null	default	34	20294034	TRUE	TRUE	0.134680928291876	0.0232394024451374	0.0431826765809534	0.0040123652171993	0.0469832911826973	0.00306773352485374	0.348765477526342	0.348765477526342	1.22200000000001
declared_overlap_null	null	default	35	20294035	TRUE	TRUE	0.0299293277895488	0.0199767991323522	0.0318543151025301	0.0118334014005465	0.0434258845943523	0.000598162452885471	0.23434486529527	0.23434486529527	1.179
declared_overlap_null	null	default	36	20294036	TRUE	TRUE	0.0795231290480177	0.00958518536678184	0.0181922722789781	0.00221937365373619	0.0203501892365653	0.000754213559085971	0.341138484397135	0.341138484397135	1.17699999999999
declared_overlap_null	null	default	37	20294037	TRUE	TRUE	0.029332285144645	0.00866038608714161	0.018016426626866	0.00170740894347871	0.0196926807644092	0.000254024174730592	0.247262603741291	0.247262603741291	1.16
declared_overlap_null	null	default	38	20294038	TRUE	TRUE	0.0310418997323296	0.1881797271843	0.087782770131879	0.00742938880063372	0.0947720425037123	0.0058700184257649	0.258507444920014	0.258507444920014	1.215
declared_overlap_null	null	default	39	20294039	TRUE	TRUE	0.13840373029916	0.00888244701396046	0.017118117086098	0.00322260738636516	0.0202778199652181	0.00124046341978162	0.332025519021954	0.332025519021954	1.155
declared_overlap_null	null	default	40	20294040	TRUE	TRUE	0.0334283856411859	0.00745193124018732	0.0138768144832355	0.00317936767317006	0.0170099598185507	0.000249133542517473	0.301428962749782	0.300155615547155	1.223
declared_overlap_null	null	default	41	20294041	TRUE	TRUE	0.0399705816412389	0.00996574171967487	0.0201385113595952	0.0015342496522313	0.0216381801782374	0.000398094987113395	0.216009009195261	0.216009009195261	1.152
declared_overlap_null	null	default	42	20294042	TRUE	TRUE	0.062761396947912	0.00727837688777454	0.0157393568307746	0.00178472987920968	0.0174945732158393	0.000454393298546217	0.348985043888092	0.348985043888092	1.193
declared_overlap_null	null	default	43	20294043	TRUE	TRUE	0.0380566021287529	0.00864297198562568	0.0147342652536955	0.00457988397517701	0.0192495082712077	0.000329533855087855	0.272039636999068	0.255027367728587	1.16600000000001
declared_overlap_null	null	default	44	20294044	TRUE	TRUE	0.0316409413298097	0.0145166929224426	0.204117747672474	0.00154474057857928	0.205280188807969	0.00045934636555869	0.10012395097948	0.10012395097948	1.148
declared_overlap_null	null	default	45	20294045	TRUE	TRUE	0.026176318314453	0.00887913662698625	0.017393543906875	0.00162701146713278	0.0189910212756628	0.000232402957149885	0.366185579932846	0.310990870277948	1.23800000000001
declared_overlap_null	null	default	46	20294046	TRUE	TRUE	0.12391674213692	0.0329556934805825	0.0631781374901772	0.00164047117267106	0.0647135189046189	0.00403021709922769	0.349655159547012	0.349655159547012	1.161
declared_overlap_null	null	default	47	20294047	TRUE	TRUE	0.0550981972434225	0.00972287606515129	0.0172324378420495	0.00256616332991764	0.0197571759752205	0.000539594429359027	0.357488180498265	0.319940498109787	1.203
declared_overlap_null	null	default	48	20294048	TRUE	TRUE	0.220307664601247	0.0135911198293532	0.0235566062664013	0.00341736136022424	0.0268775843895399	0.00301595398772143	0.179565261942656	0.179565261942656	1.154
declared_overlap_null	null	default	49	20294049	TRUE	TRUE	0.0303904350854274	0.0149126944920155	0.024480516250103	0.00148847316063665	0.0259288593582073	0.000455429079609637	0.347740076880655	0.340220819811407	1.16799999999999
declared_overlap_null	null	default	50	20294050	TRUE	TRUE	0.048759743716745	0.0191753885252585	0.0286009591524036	0.00205657741249548	0.0305990741108077	0.000926704590231122	0.268736058711028	0.264254054632715	1.14
undeclared_overlap_null	diagnostic	default	1	20295001	TRUE	NA	0.0537269522426027	0.0089927490361665	0.0175902825706431	0.00329630183278249	0.0208166983173208	0.000485809433090143	0.234712541253288	0.234712541253288	1.18300000000001
undeclared_overlap_null	diagnostic	default	2	20295002	TRUE	NA	0.038650787156109	0.0284716446936712	0.0438868822969537	0.00161351933091654	0.0454301262546411	0.00109408423988781	0.348945171574769	0.348945171574769	1.126
undeclared_overlap_null	diagnostic	default	3	20295003	TRUE	NA	0.0960284823964284	0.00851106046009476	0.0149500742986511	0.00141963417233029	0.0163481830189623	0.000822209534950192	0.211732848697437	0.211732848697437	1.18600000000001
undeclared_overlap_null	diagnostic	default	4	20295004	TRUE	NA	0.0544293042983216	0.0202013240067339	0.025359128156041	0.00407105050003397	0.0292897810327606	0.0011014220402252	0.233911292693506	0.233911292693506	1.173
undeclared_overlap_null	diagnostic	default	5	20295005	TRUE	NA	0.179835139442999	0.0116986382954508	0.0196655477187438	0.00202457560164034	0.0216504419485005	0.00210959459680644	0.205681407493586	0.205681407493586	1.182
undeclared_overlap_null	diagnostic	default	6	20295006	TRUE	NA	0.043863946023175	0.0104345213109498	0.0410681464600041	0.00267771168264848	0.0436329910467209	0.000456058263944831	0.274867316043185	0.263257944588787	1.092
undeclared_overlap_null	diagnostic	default	7	20295007	TRUE	NA	0.0460213920523219	0.0190287084204659	0.0500469199655846	0.00461295006536439	0.0544293207926116	0.000875434145189929	0.420545714035228	0.420545714035228	1.14399999999999
undeclared_overlap_null	diagnostic	default	8	20295008	TRUE	NA	0.0258394487316069	0.0141114282912292	0.0251556979416505	0.00142132300087847	0.0265397706741393	0.000364847307036009	0.169945804551446	0.169945804551446	1.17700000000001
undeclared_overlap_null	diagnostic	default	9	20295009	TRUE	NA	0.153115142504029	0.0112771921664627	0.0177464016774184	0.00635035872558634	0.0239947300654022	0.00175202216615759	0.269996266966416	0.269996266966416	1.23299999999999
undeclared_overlap_null	diagnostic	default	10	20295010	TRUE	NA	0.0505633848221904	0.0120182573349742	0.0285492288590719	0.00161254865095236	0.0301183367876895	0.000613881819592119	0.33562141685448	0.33562141685448	1.21299999999999
undeclared_overlap_null	diagnostic	default	11	20295011	TRUE	NA	0.0507709401583795	0.00972483937807685	0.0207381291805956	0.00185474880524259	0.0225546728463363	0.000492749788200511	0.340613369530416	0.330112080227508	1.232
undeclared_overlap_null	diagnostic	default	12	20295012	TRUE	NA	0.052695339931568	0.00989376579041081	0.0206572372744753	0.00440804051428498	0.0249156616784488	0.000514035308886425	0.348875570912469	0.348875570912469	1.142
undeclared_overlap_null	diagnostic	default	13	20295013	TRUE	NA	0.0379651713810688	0.00880053295233845	0.0188672419594482	0.00148824474563706	0.0203274653654911	0.000334552764933046	0.337613282177585	0.337613282177585	1.18899999999999
undeclared_overlap_null	diagnostic	default	14	20295014	TRUE	NA	0.0347866937204329	0.0094965978258144	0.0245631285624747	0.00151732029902938	0.0260406807920902	0.000330418714669218	0.381290184583037	0.381290184583037	1.10599999999999
undeclared_overlap_null	diagnostic	default	15	20295015	TRUE	NA	0.113817177278377	0.0092121661848445	0.0182540976857685	0.00393258815968324	0.0221134075668506	0.00104431201627433	0.211741238681938	0.211741238681938	1.18799999999999
undeclared_overlap_null	diagnostic	default	16	20295016	TRUE	NA	0.0481385819266274	0.0232343507395358	0.0277936109230257	0.00139535437892106	0.029149104388257	0.00112613481171044	0.242863700190014	0.230760203943589	1.188
undeclared_overlap_null	diagnostic	default	17	20295017	TRUE	NA	0.0563081691127814	0.00867784586102078	0.0170147439601014	0.00151673645831504	0.0185051334078651	0.000488934431780128	0.206302357170856	0.206302357170856	1.232
undeclared_overlap_null	diagnostic	default	18	20295018	TRUE	NA	0.038101816104344	0.0106975290156754	0.0331932858004394	0.00843712386409668	0.0414091110468297	0.000408507946596653	0.313348053230499	0.302339052764921	1.142
undeclared_overlap_null	diagnostic	default	19	20295019	TRUE	NA	0.0423580014081836	0.577585954550482	0.242073549737679	0.00153386730388418	0.243243005639034	0.0247737713704278	0.163360515260763	0.163360515260763	1.235
undeclared_overlap_null	diagnostic	default	20	20295020	TRUE	NA	0.0666177302346847	0.0101606228783165	0.0235906586362395	0.00142415004321085	0.0249804998219063	0.000663151951863099	0.348680232258118	0.348680232258118	1.20500000000001
undeclared_overlap_null	diagnostic	default	21	20295021	TRUE	NA	0.0294858329562718	0.0276853460189423	0.0299988463391628	0.00457622331096099	0.0344696698785284	0.000815691727354193	0.256809822295679	0.256809822295679	1.22800000000001
undeclared_overlap_null	diagnostic	default	22	20295022	TRUE	NA	0.029637104192592	0.0954720243158614	0.11724575431367	0.0057388287423664	0.122327987309666	0.00284084082186384	0.343226416565187	0.343226416565187	1.19500000000001
undeclared_overlap_null	diagnostic	default	23	20295023	TRUE	NA	0.032904230611243	0.0183225406842156	0.0320271924721317	0.00619601612913289	0.0380821062939697	0.000606141188229707	0.418193139094527	0.418193139094527	1.212
undeclared_overlap_null	diagnostic	default	24	20295024	TRUE	NA	0.039167618390785	0.0114045714986882	0.0326107793421734	0.00137506124924215	0.033938427121298	0.000446441894000739	0.126882448958668	0.126882448958668	1.18000000000001
undeclared_overlap_null	diagnostic	default	25	20295025	TRUE	NA	0.0399830906836305	0.0122455340779503	0.0293811774304683	0.00187840362818069	0.0312039356590023	0.000489699969138433	0.317375605980459	0.317375605980459	1.18600000000001
undeclared_overlap_null	diagnostic	default	26	20295026	TRUE	NA	0.0324798627151199	0.00862189815476824	0.0178479281927183	0.00149586668772599	0.0193163078798954	0.000279946995613055	0.314445804818689	0.24335626803466	1.146
undeclared_overlap_null	diagnostic	default	27	20295027	TRUE	NA	0.0339951126470627	0.147789257279351	0.0981822380403311	0.00321402000065565	0.101095574018831	0.00508342890654999	0.172983789789669	0.172983789789669	1.19300000000001
undeclared_overlap_null	diagnostic	default	28	20295028	TRUE	NA	0.0426292107661255	0.0233591529293236	0.0270415234736876	0.0600000980621491	0.0852207911499466	0.000990755133339394	0.242783517246323	0.242783517246323	1.229
undeclared_overlap_null	diagnostic	default	29	20295029	TRUE	NA	0.0584360717147804	0.0104641946049899	0.0221113179549715	0.00179067335810165	0.0238614932567928	0.000607885071914829	0.352421879829095	0.352421879829095	1.173
undeclared_overlap_null	diagnostic	default	30	20295030	TRUE	NA	0.0269477081255614	0.00728016879713821	0.011867443127899	0.00146498780384082	0.0133149741140196	0.000195994437185157	0.27060646874844	0.258429233221406	1.256
undeclared_overlap_null	diagnostic	default	31	20295031	TRUE	NA	0.0365818591149726	0.00662845673303075	0.0123235743425089	0.00222465127777132	0.0145193428452776	0.000242445718617103	0.230996608916513	0.213676467411034	1.221
undeclared_overlap_null	diagnostic	default	32	20295032	TRUE	NA	0.0307876459887293	0.00928479790565697	0.0150269542409793	0.00185685989665982	0.0168562609850833	0.000285908751833097	0.243892066062813	0.223371564278324	1.21400000000001
undeclared_overlap_null	diagnostic	default	33	20295033	TRUE	NA	0.024996174769302	0.00996841789060736	0.0195553815139405	0.00198046059692367	0.0214958651166109	0.000249198016351236	0.205641715616309	0.205641715616309	1.158
undeclared_overlap_null	diagnostic	default	34	20295034	TRUE	NA	0.125797407689397	0.0119662819894997	0.0548428318538847	0.00145036074868525	0.0562116341618636	0.00162798637853455	0.20134218102865	0.20134218102865	1.09699999999999
undeclared_overlap_null	diagnostic	default	35	20295035	TRUE	NA	0.0473445068029764	0.195893592949669	0.0847239978496383	0.00142493533579877	0.0860256037249506	0.00923498969307764	0.308229458911114	0.304982428100459	1.14500000000001
undeclared_overlap_null	diagnostic	default	36	20295036	TRUE	NA	0.0283919786842811	0.0104573789834403	0.0184450286923274	0.00146861458631296	0.0198855115496246	0.000297183196604517	0.241758359177339	0.210294564562062	1.17400000000001
undeclared_overlap_null	diagnostic	default	37	20295037	TRUE	NA	0.0265049633848715	0.00938922522893104	0.0162085386537847	0.00648090681627536	0.0225770915340815	0.000248701088198264	0.234389848923058	0.234389848923058	1.17399999999999
undeclared_overlap_null	diagnostic	default	38	20295038	TRUE	NA	0.105424034489332	0.0068850048601238	0.013024033779565	0.00188272217749334	0.0148813427039835	0.000726732895805002	0.231365037590635	0.223498379799395	1.17400000000001
undeclared_overlap_null	diagnostic	default	39	20295039	TRUE	NA	0.0504130422698742	0.00821346208878562	0.0314656543517609	0.00141267058936332	0.032832077658936	0.00041646892200499	0.416267256372862	0.416267256372862	1.13199999999999
undeclared_overlap_null	diagnostic	default	40	20295040	TRUE	NA	0.0604924912066846	0.0107787474413316	0.0222613659328747	0.00260848305586674	0.024807270720994	0.000651905696753293	0.215613877032467	0.215613877032467	1.14100000000001
undeclared_overlap_null	diagnostic	default	41	20295041	TRUE	NA	0.838293599995585	0.00989032786718537	0.014620994348229	0.00457884963279477	0.0191300121846428	0.0082783305634501	0.275758010343537	0.270064753742531	1.253
undeclared_overlap_null	diagnostic	default	42	20295042	TRUE	NA	0.0946004457262331	0.00970885534528911	0.0167708881798696	0.00138574032034654	0.0181329058416657	0.000918935534109255	0.244106857788779	0.225144116361861	1.155
undeclared_overlap_null	diagnostic	default	43	20295043	TRUE	NA	0.0332096278488352	0.00996465183592807	0.015141573255398	0.00696718125231794	0.0220125521409401	0.000330949322499763	0.326301238993125	0.326262175481105	1.26600000000001
undeclared_overlap_null	diagnostic	default	44	20295044	TRUE	NA	0.0507558807041377	0.010906953647305	0.0213691829174105	0.00367768751363265	0.0249630068400047	0.000553985692707219	0.188938196047559	0.188938196047559	1.161
undeclared_overlap_null	diagnostic	default	45	20295045	TRUE	NA	0.0305072480267919	0.04496534518288	0.0606972137356676	0.00394474036651035	0.0644283820232193	0.00137073200306238	0.460512121406538	0.460512121406538	1.271
undeclared_overlap_null	diagnostic	default	46	20295046	TRUE	NA	0.0689227922384107	0.013406630018423	0.0244643814795663	0.00141746864252716	0.0258452386575256	0.000902634736863094	0.348230430049668	0.348230430049668	1.232
undeclared_overlap_null	diagnostic	default	47	20295047	TRUE	NA	0.0477495774357461	0.00959621675964851	0.0232862072898298	0.00181107366828028	0.0250429651624155	0.000460489560982152	0.350633406821203	0.310143274777374	1.151
undeclared_overlap_null	diagnostic	default	48	20295048	TRUE	NA	0.0316446074155234	0.0100557832010858	0.0195047921701611	0.00372602652024539	0.0231526800286567	0.000318354985620972	0.196628499618129	0.196628499618129	1.20399999999999
undeclared_overlap_null	diagnostic	default	49	20295049	TRUE	NA	0.039179681248905	0.0132799472773036	0.0242989633301618	0.00139338771524492	0.0256581439158492	0.000507686285539236	0.684496613176663	0.351176431563658	1.18900000000001
undeclared_overlap_null	diagnostic	default	50	20295050	TRUE	NA	0.0898180439069305	0.0139388986037106	0.0191216763136929	0.0326812580737605	0.0513013504427343	0.00124855816283107	0.35018827194682	0.346511390239158	1.277
ld_null	null	default	1	20296001	TRUE	TRUE	0.0754809381058105	0.0130924148501592	0.0194693431300141	0.0018829918591057	0.0213141630861019	0.000979787691794905	0.260666399553969	0.249509213808267	1.15900000000001
ld_null	null	default	2	20296002	TRUE	TRUE	0.0463530862643582	0.0110329446244215	0.0158328335651549	0.0019680642426517	0.017771391096224	0.000511320856819844	0.229849658747611	0.213686622426394	1.209
ld_null	null	default	3	20296003	TRUE	TRUE	0.0494109384033823	0.0122294362810855	0.0406643133439866	0.0137549052605428	0.0540267549270659	0.000600568525903667	0.259347104694683	0.25393968059646	1.249
ld_null	null	default	4	20296004	TRUE	TRUE	0.0685555913098448	0.010442714625773	0.0254784353896001	0.00155761488560647	0.0269939092566001	0.000711223490344981	0.437873414060022	0.437873414060022	1.167
ld_null	null	default	5	20296005	TRUE	TRUE	0.0393582471600424	0.0101919485634449	0.0313734470215923	0.0140411675437878	0.0450696280655819	0.000400894439775633	0.238730270449224	0.238730270449224	1.16500000000001
ld_null	null	default	6	20296006	TRUE	TRUE	0.0378112790398004	0.0568347132918539	0.0428158392590331	0.00175975571649406	0.0445063352873208	0.00213830166070451	0.291350790071476	0.291350790071476	1.17200000000001
ld_null	null	default	7	20296007	TRUE	TRUE	0.0435612598022844	0.00904283735930216	0.0220625593850773	0.00349051032868729	0.0254798826206941	0.000393869458666131	0.377988008087272	0.377988008087272	1.148
ld_null	null	default	8	20296008	TRUE	TRUE	0.10740956478247	0.0093183938010041	0.019462618890206	0.00158905230522146	0.0210213452291645	0.00101354985736097	0.302210483268965	0.302210483268965	1.096
ld_null	null	default	9	20296009	TRUE	TRUE	0.048562690251737	0.0094387112853097	0.0194676815519193	0.00150376790092757	0.0209416263248607	0.000460534983055277	0.243191466777944	0.243191466777944	1.15900000000001
ld_null	null	default	10	20296010	TRUE	TRUE	0.039893434246662	0.0130639876171819	0.0198724705027057	0.00233259779626609	0.0221575731641261	0.000520672292534715	0.291649447600975	0.282350062854817	1.24300000000001
ld_null	null	default	11	20296011	TRUE	TRUE	0.172627842873607	0.0285385246702894	0.0347724563273011	0.00328171302514632	0.0378846009016433	0.00489024782210815	0.21979768388573	0.21979768388573	1.20999999999999
ld_null	null	default	12	20296012	TRUE	TRUE	0.0561178658764343	0.0271454138500249	0.0347890184311367	0.00396427194617843	0.0385935209894129	0.00154568858195388	0.265060226015606	0.260091951406679	1.19900000000001
ld_null	null	default	13	20296013	TRUE	TRUE	0.0384826159062927	0.0111334669138022	0.0262381166102821	0.0225134863005385	0.048187675131691	0.00042845891107941	0.346926738196743	0.346926738196743	1.17099999999999
ld_null	null	default	14	20296014	TRUE	TRUE	0.0406100354954694	0.0106178678938646	0.0227935226450648	0.00237882406749988	0.0251128884404192	0.00043244700470962	0.554302579554019	0.554302579554019	1.20699999999999
ld_null	null	default	15	20296015	TRUE	TRUE	0.093306128405748	0.00993362686492591	0.0173722146355754	0.00318614380923475	0.0205004553154361	0.000929917598593444	0.223451559625147	0.204790020008318	1.15100000000001
ld_null	null	default	16	20296016	TRUE	TRUE	0.0354286936362958	0.00943220574947002	0.0157359174369106	0.00168267502288851	0.0173910505272052	0.000334171798764064	0.320052977188624	0.310885715689267	1.18299999999999
ld_null	null	default	17	20296017	TRUE	TRUE	0.0470236695909616	0.0101116041117296	0.016921063168029	0.00204779834021796	0.0189342360410461	0.000475452578318415	0.265527279848527	0.242197100620103	1.19099999999999
ld_null	null	default	18	20296018	TRUE	TRUE	0.05362445158875	0.0106075800984214	0.0261876653796132	0.00171850193953647	0.0278598741057487	0.000567177522035178	0.40069100143603	0.40069100143603	1.14100000000001
ld_null	null	default	19	20296019	TRUE	TRUE	0.0756094144366269	0.0123932734737393	0.017270983167411	0.00188456698366538	0.0191229448187129	0.000933244572846212	0.284396782776156	0.271817347957636	1.15199999999999
ld_null	null	default	20	20296020	TRUE	TRUE	0.149609174975651	0.00698415341698008	0.013404586118833	0.0116339895372516	0.0248783640146559	0.00104271679353695	0.328437266446514	0.328437266446514	1.194
ld_null	null	default	21	20296021	TRUE	TRUE	0.0620645514427227	0.0101740602754351	0.0276815741368848	0.00142910240245453	0.0290693194180759	0.000635249099893368	0.303309743435449	0.303309743435449	1.134
ld_null	null	default	22	20296022	TRUE	TRUE	0.0369954969653919	0.0409477089414397	0.0430000046741135	0.00206082710811659	0.0449716698328149	0.00151548250306216	0.265180548854261	0.265180548854261	1.197
ld_null	null	default	23	20296023	TRUE	TRUE	0.0478862618358678	0.0221063304338802	0.0233995683484656	0.00153955103803303	0.0249019270453064	0.0010611477804699	0.315660198916049	0.298540054540581	1.17400000000001
ld_null	null	default	24	20296024	TRUE	TRUE	0.0377012133577613	0.00920836774017044	0.0190529131104969	0.00297267250032064	0.0219561218716466	0.000345725669356426	0.378591228614823	0.378591228614823	1.268
ld_null	null	default	25	20296025	TRUE	TRUE	0.0492190272052041	0.0234006523213708	0.0274950475491596	0.00510408562446155	0.0324845594764466	0.00115470469629019	0.30107195579248	0.299293181217479	1.20700000000001
ld_null	null	default	26	20296026	TRUE	TRUE	0.0539918769152299	0.00751234976664734	0.0190116902734026	0.00260392056433668	0.0215677692828711	0.000404426235227955	0.366833866312248	0.366833866312248	1.226
ld_null	null	default	27	20296027	TRUE	TRUE	0.0353564674428837	0.0465685440132371	0.0508351276394154	0.00183506327263188	0.0525838104807827	0.00164248124971087	0.201534103827242	0.201534103827242	1.145
ld_null	null	default	28	20296028	TRUE	TRUE	0.054976241643165	0.0110460386507317	0.0324813840059893	0.00176005712082845	0.0341857527907027	0.000608695959171968	0.283581352637043	0.283581352637043	1.114
ld_null	null	default	29	20296029	TRUE	TRUE	0.117703439530994	0.0350208774240509	0.0430784830790312	0.00143228303512443	0.0444471010016862	0.0042940460649785	0.210120835535861	0.180457207233985	1.19
ld_null	null	default	30	20296030	TRUE	TRUE	0.0384522200456034	0.00855760770679123	0.0226085797204083	0.00332837609809472	0.0258533836597486	0.000327631396279723	0.281050566850894	0.281050566850894	1.169
ld_null	null	default	31	20296031	TRUE	TRUE	0.0579058521979516	0.0119915838987108	0.0382480433857463	0.00353295281584526	0.0416369210604118	0.000693852678891379	0.507157376813836	0.507157376813836	1.17200000000001
ld_null	null	default	32	20296032	TRUE	TRUE	0.0469425024419791	0.0095559300408381	0.0303213684204003	0.00455612884896497	0.0347392300476584	0.000447349206855203	0.499257721094324	0.499257721094324	1.13
ld_null	null	default	33	20296033	TRUE	TRUE	0.0407531886961972	0.0107203314247299	0.0197121048101894	0.00172998915453135	0.0214079024423962	0.0004383682892533	0.24771958093794	0.24771958093794	1.16699999999999
ld_null	null	default	34	20296034	TRUE	TRUE	0.0738494839412593	0.00834188933721039	0.0155978711310187	0.00190003681268128	0.0174669420903283	0.000617075882643827	0.209374138075418	0.209374138075418	1.26000000000001
ld_null	null	default	35	20296035	TRUE	TRUE	0.0647726458476168	0.0120365519598249	0.0230582380968074	0.001460345864107	0.0244840860615919	0.000778097361501414	0.206145023686332	0.206145023686332	1.145
ld_null	null	default	36	20296036	TRUE	TRUE	0.0320437001267854	0.00866367368412831	0.0188839832110232	0.00290837241834599	0.0217277462309113	0.000277525853832247	0.346303616489706	0.346303616489706	1.173
ld_null	null	default	37	20296037	TRUE	TRUE	0.0318068529567498	0.0103277316497444	0.0220592493812675	0.0035439799010177	0.0255185986604145	0.000329974835310149	0.341790744354654	0.341790744354654	1.196
ld_null	null	default	38	20296038	TRUE	TRUE	0.0518690145026348	0.114597930409098	0.06264667095278	0.00354483467551091	0.0659149908455425	0.00586259361769353	0.274549935352411	0.273789898447802	1.182
ld_null	null	default	39	20296039	TRUE	TRUE	0.0353124217578665	0.0107621752075692	0.016066331951852	0.00174215301363994	0.0177793411565659	0.00037992826682165	0.313996827867641	0.271395952157349	1.235
ld_null	null	default	40	20296040	TRUE	TRUE	0.231581771264215	0.0121594194369375	0.0180645873730503	0.00148038550055626	0.019517630257928	0.00281887806915665	0.256024651121322	0.234657426452003	1.13799999999999
ld_null	null	default	41	20296041	TRUE	TRUE	0.0374802676241697	0.0104798874944397	0.0281238607523983	0.00158083198610408	0.0296595141407609	0.00039265404922888	0.286345358123981	0.286345358123981	1.191
ld_null	null	default	42	20296042	TRUE	TRUE	0.223308214801143	0.0104277697133412	0.0183275019157322	0.00187136541376208	0.0201637928778576	0.00230691650141297	0.252997704236066	0.250402723032721	1.14400000000001
ld_null	null	default	43	20296043	TRUE	TRUE	0.0391009464034181	0.0247809237347933	0.0251987196893858	0.00146054931951283	0.0266222343426031	0.000984374740327729	0.299589631959606	0.288311864789279	1.316
ld_null	null	default	44	20296044	TRUE	TRUE	0.0966269530367853	0.0107915960240875	0.0282936875676139	0.00239487908618825	0.030620838482207	0.00104232262288636	0.272522183773617	0.272522183773617	1.09700000000001
ld_null	null	default	45	20296045	TRUE	TRUE	0.0431682716571225	0.0129457772498459	0.0233603837094876	0.00153957427841811	0.0248639115230395	0.000559616229667946	0.204540140108776	0.191578864084903	1.113
ld_null	null	default	46	20296046	TRUE	TRUE	0.0800803062296163	0.015004602529455	0.0271970103642947	0.00490515844407794	0.0319521731869898	0.001204596714724	0.193530570092406	0.193530570092406	1.25399999999999
ld_null	null	default	47	20296047	TRUE	TRUE	0.0735336609471215	0.0217399901272514	0.0342099905330346	0.00194282924725612	0.0360933075414227	0.00156596576891734	0.2442130044968	0.2442130044968	1.146
ld_null	null	default	48	20296048	TRUE	TRUE	0.0451531108012972	0.0127902163559792	0.0256875650241464	0.00188331781502554	0.0275216675632504	0.000577065180057002	0.217838123013166	0.217838123013166	1.14400000000001
ld_null	null	default	49	20296049	TRUE	TRUE	0.0366623430417833	0.0239672569122833	0.0318636935257048	0.00154558566746227	0.0333590787010681	0.000879703660623091	0.228776472426034	0.228776472426034	1.169
ld_null	null	default	50	20296050	TRUE	TRUE	0.0389263369260582	0.0459394649519733	0.175335527670591	0.00378365052887944	0.178562850219101	0.00178550871762617	0.321580950745613	0.321580950745613	1.18799999999999
ld_mediation	mediation	default	1	20297001	TRUE	TRUE	0.997465076198279	0.978627103555263	0.0478550243304635	0.00163574954587532	0.0494117564478368	0.976199882168268	0.292865760538035	0.292865760538035	1.197
ld_mediation	mediation	default	2	20297002	TRUE	TRUE	0.999999976422629	0.951732751503641	0.0757210294087969	0.103480716983449	0.173614913530554	0.951732730121243	0.207156467531604	0.202752622568084	1.304
ld_mediation	mediation	default	3	20297003	TRUE	TRUE	0.999985561923174	0.930024243726445	0.105764006771651	0.00200946568529549	0.107556573930707	0.930012843953577	0.0745574712522625	0.0650277870807372	1.179
ld_mediation	mediation	default	4	20297004	TRUE	FALSE	0.192457937579179	0.873893749986873	0.156095414783217	0.00150225727022989	0.157358763301747	0.175645209867781	0.289446169286407	0.289446169286407	1.22
ld_mediation	mediation	default	5	20297005	TRUE	TRUE	0.832704316021807	0.970991415074896	0.0557686129579636	0.00181521391481098	0.0574787649185701	0.810792527621754	0.257459676398753	0.257459676398753	1.24900000000001
ld_mediation	mediation	default	6	20297006	TRUE	TRUE	0.999089244481779	0.888397512685778	0.157505065461106	0.0018346769753997	0.159075414628709	0.887714904005871	0.328398254103632	0.314026075668011	1.242
ld_mediation	mediation	default	7	20297007	TRUE	TRUE	0.91087654537733	0.913179011942811	0.126102764861643	0.00166356236575366	0.127559390551319	0.837225497201867	0.28183921741325	0.28183921741325	1.214
ld_mediation	mediation	default	8	20297008	TRUE	TRUE	0.999999446133189	0.984964036379407	0.0561215512652188	0.00157499137944726	0.0576044392174486	0.98496351779271	0.251983755561014	0.235239431404295	1.313
ld_mediation	mediation	default	9	20297009	TRUE	TRUE	0.999993592325027	0.956785078556132	0.0736160840449921	0.0017992962790461	0.0752907929826237	0.956779501915752	0.263616123089378	0.263616123089378	1.27799999999999
ld_mediation	mediation	default	10	20297010	TRUE	FALSE	0.918340175498474	0.864960996725385	0.169877509153937	0.0022374312938531	0.171710611308243	0.795778573124292	0.223003690747504	0.223003690747504	1.17699999999999
ld_mediation	mediation	default	11	20297011	TRUE	TRUE	0.999283332497086	0.957707393552158	0.0827374675248353	0.00569727098941731	0.0879464961458324	0.957077042000478	0.321363617950226	0.321363617950226	1.28699999999999
ld_mediation	mediation	default	12	20297012	TRUE	TRUE	0.999787566001401	0.960551968709473	0.0800213549298377	0.00408362849518527	0.0837910326694389	0.960359972298648	0.0938573167135246	0.0938573167135246	1.217
ld_mediation	mediation	default	13	20297013	TRUE	TRUE	0.999599684171595	0.988094940299009	0.0367835735637232	0.00144032150103458	0.0381697530699552	0.987705509154741	0.217776741019748	0.192260047384906	1.187
ld_mediation	mediation	default	14	20297014	TRUE	TRUE	0.99983625576018	0.96947712787047	0.0595876141290717	0.00226645945161397	0.0617092683713086	0.969324307819406	0.304104652774811	0.304104652774811	1.19500000000001
ld_mediation	mediation	default	15	20297015	TRUE	TRUE	0.999999751272875	0.980718708771578	0.0409304516953816	0.0100384350501328	0.0505798476260592	0.980718468280954	0.30139297084142	0.269072463770897	1.233
ld_mediation	mediation	default	16	20297016	TRUE	TRUE	0.99967582282437	0.979551624721034	0.0495652774497025	0.00338109356169157	0.0527895783357783	0.979245493368599	0.195753525981388	0.195449258339238	1.229
ld_mediation	mediation	default	17	20297017	TRUE	TRUE	0.999999975560624	0.953846283502816	0.0824891334429132	0.00150614675102005	0.0838678487385934	0.953846261911336	0.305042243925158	0.305042243925158	1.22000000000001
ld_mediation	mediation	default	18	20297018	TRUE	TRUE	0.999999985799644	0.982112802081711	0.0431291231274068	0.00141972955406161	0.0444865999831466	0.982112788674473	0.269890688453273	0.252796713743493	1.25399999999999
ld_mediation	mediation	default	19	20297019	TRUE	TRUE	0.999903437724853	0.867416574231283	0.18120286891473	0.00191105782750017	0.182712684640396	0.867347962195254	0.437819852011529	0.437819852011529	1.196
ld_mediation	mediation	default	20	20297020	TRUE	TRUE	0.999975649276692	0.976971921867011	0.0517040107801045	0.00264904787801949	0.0542027914091285	0.976949328848182	0.139243873800154	0.105883074554583	1.25200000000001
ld_mediation	mediation	default	21	20297021	TRUE	TRUE	0.999926975998767	0.964340556762924	0.0640025975083411	0.00183429336946684	0.0657202157537857	0.964275480039198	0.253097176247792	0.253097176247792	1.2
ld_mediation	mediation	default	22	20297022	TRUE	TRUE	0.998092168632326	0.95931878320427	0.0767690796345856	0.0329906147787369	0.106947639286002	0.957629008636656	0.155082332400724	0.155082332400724	1.20100000000001
ld_mediation	mediation	default	23	20297023	TRUE	TRUE	0.981426509755718	0.980166978276828	0.056456560771727	0.0014548371660245	0.0578263887932472	0.962338174847336	0.103915630313537	0.103915630313537	1.206
ld_mediation	mediation	default	24	20297024	TRUE	TRUE	0.986456499474321	0.976511723525299	0.0515562677981964	0.00154467337447016	0.0530191232716683	0.963680083046659	0.278703898129635	0.278703898129635	1.157
ld_mediation	mediation	default	25	20297025	TRUE	TRUE	0.999999833285618	0.968658051757408	0.0567397134157203	0.00165673211838221	0.0583032651141324	0.968657893009079	0.279727213393272	0.265255402612468	1.194
ld_mediation	mediation	default	26	20297026	TRUE	TRUE	0.999999999883443	0.973995184760639	0.0879882752741094	0.00146081654531978	0.0893071460941033	0.973995184661353	0.204491460138257	0.204491460138257	1.208
ld_mediation	mediation	default	27	20297027	TRUE	TRUE	0.999988902412674	0.990552471793265	0.0384895959754387	0.00174713467315561	0.040169533318405	0.990542122749716	0.206602755800475	0.206602755800475	1.193
ld_mediation	mediation	default	28	20297028	TRUE	FALSE	0.999999928152732	0.746357389215423	0.301325888572974	0.00474278225876192	0.305059004048651	0.74635736029478	0.368459538805382	0.33981144408537	1.23099999999999
ld_mediation	mediation	default	29	20297029	TRUE	FALSE	0.605797321145505	0.969117279995009	0.0523602129046524	0.0017765239195339	0.0540419475390038	0.590171444440036	0.274791830683512	0.274791830683512	1.233
ld_mediation	mediation	default	30	20297030	TRUE	FALSE	0.996240529947388	0.773510046909333	0.265724579997928	0.0015522383253823	0.266855566282136	0.77079667495429	0.385892561285431	0.385892561285431	1.206
ld_mediation	mediation	default	31	20297031	TRUE	TRUE	0.999999043272488	0.920371171450932	0.125484035469001	0.00694790867012772	0.131479682993899	0.920370445334347	0.205182756961619	0.205182756961619	1.169
ld_mediation	mediation	default	32	20297032	TRUE	FALSE	0.760938866192503	0.751474738999583	0.288821818331411	0.00152534118654253	0.289884245503275	0.574804814890205	0.324050057256244	0.324050057256244	1.193
ld_mediation	mediation	default	33	20297033	TRUE	TRUE	0.883380481565866	0.916644091877583	0.11681572638726	0.00172302084986727	0.118328238647943	0.817554509490055	0.253858030655664	0.253858030655664	1.18700000000001
ld_mediation	mediation	default	34	20297034	TRUE	TRUE	0.9999974214371	0.981685728720865	0.0502174180513483	0.0014238148914157	0.051563233979158	0.981683396527714	0.219050787325216	0.219050787325216	1.245
ld_mediation	mediation	default	35	20297035	TRUE	TRUE	0.999999873363027	0.975335953848572	0.0558772841004638	0.00170055902833864	0.0574804520286162	0.975335838459101	0.221339511421917	0.109492160339926	1.17099999999999
ld_mediation	mediation	default	36	20297036	TRUE	FALSE	0.61773369339654	0.957861511358354	0.0696269625427536	0.002459213432566	0.0719171651885844	0.599242141373207	0.264890352521576	0.264890352521576	1.227
ld_mediation	mediation	default	37	20297037	TRUE	TRUE	0.99999553465781	0.993563290509695	0.0417119386287126	0.00211755116719387	0.0437383517188258	0.993559005048465	0.237341390936507	0.237341390936507	1.157
ld_mediation	mediation	default	38	20297038	TRUE	TRUE	0.999998975299715	0.984547216309097	0.0444382082286613	0.0015815698663045	0.0459443808886738	0.984546230547944	0.132770353359803	0.0818301190479929	1.223
ld_mediation	mediation	default	39	20297039	TRUE	TRUE	0.99082101139691	0.910267999820386	0.130092326545104	0.00148062782291984	0.131367746616457	0.902949594356179	0.212374308033787	0.212374308033787	1.167
ld_mediation	mediation	default	40	20297040	TRUE	TRUE	0.999999948782308	0.97315000786486	0.0625882151200244	0.00187380081851428	0.0643476173223038	0.973149960904828	0.242597142407647	0.242597142407647	1.17699999999999
ld_mediation	mediation	default	41	20297041	TRUE	TRUE	0.999999999937713	0.997039363931136	0.0373766605525513	0.00223512496817135	0.039523564419733	0.99703936387006	0.171093151654105	0.0399381509460568	1.202
ld_mediation	mediation	default	42	20297042	TRUE	TRUE	0.999819805069083	0.942955961755668	0.0835959297415735	0.00227793190707638	0.0856670034541435	0.942792421610772	0.161556376251951	0.161556376251951	1.19300000000001
ld_mediation	mediation	default	43	20297043	TRUE	TRUE	0.999963543721785	0.969611481019794	0.0611856191210436	0.00147160553858054	0.0625643913514282	0.969577659721605	0.223641639450619	0.205108627940859	1.145
ld_mediation	mediation	default	44	20297044	TRUE	TRUE	0.999996836194395	0.977217205114287	0.0462626121169521	0.00153906350550256	0.0477295899145955	0.977214191781964	0.287328904318201	0.285887562505536	1.23699999999999
ld_mediation	mediation	default	45	20297045	TRUE	TRUE	0.998654180554346	0.872656585020217	0.184291086260873	0.00423877425936694	0.187872013572383	0.871451751127989	0.300232011764706	0.300232011764706	1.23
ld_mediation	mediation	default	46	20297046	TRUE	TRUE	0.999984300151605	0.957197508297675	0.0768270777650781	0.00717181481150576	0.083519605453835	0.957182698706247	0.254243689339319	0.254243689339319	1.15100000000001
ld_mediation	mediation	default	47	20297047	TRUE	TRUE	0.99830450706327	0.934951407617224	0.100517195459616	0.0038534192119795	0.104021237998925	0.933443062751579	0.326241669460387	0.326241669460387	1.166
ld_mediation	mediation	default	48	20297048	TRUE	TRUE	0.999999913590312	0.996098935131067	0.0358151670416793	0.00250123239379966	0.0382166241366616	0.996098851627276	0.228705333200693	0.174888828947417	1.191
ld_mediation	mediation	default	49	20297049	TRUE	FALSE	0.999999999992851	0.742163773765756	0.477967067644566	0.0187732034134099	0.48968353411895	0.742163773760333	0.229807173206325	0.229807173206325	1.123
ld_mediation	mediation	default	50	20297050	TRUE	TRUE	0.999964421314845	0.929207524574726	0.116318160307036	0.00159224902626657	0.117696284624338	0.929176313381584	0.234737750058656	0.234737750058656	1.17700000000001
high_scale_declared_null	null	default	1	20298001	TRUE	TRUE	0.0303174051026058	0.0107849686362422	0.0293231559501449	0.0055697693854214	0.0347373801869254	0.000327555898020608	0.313824126380943	0.313824126380943	1.154
high_scale_declared_null	null	default	2	20298002	TRUE	TRUE	0.0358648212665004	0.0126428261307478	0.0192442353833053	0.00351278918895302	0.0226851271149771	0.000453312905757312	0.168054791654995	0.168054791654995	1.155
high_scale_declared_null	null	default	3	20298003	TRUE	TRUE	0.0358416399808526	0.0135344428606423	0.0222679889430465	0.00260862106326888	0.0248182188802443	0.000485206022245041	0.175936691038842	0.175936691038842	1.131
high_scale_declared_null	null	default	4	20298004	TRUE	TRUE	0.0313749634343629	0.00965534827818509	0.0386535828919531	0.00335918568875807	0.0418863543765445	0.00030234403594966	0.471660726050906	0.471660726050906	1.19300000000001
high_scale_declared_null	null	default	5	20298005	TRUE	TRUE	0.192454954227569	0.0081788258623198	0.0181875400616631	0.00274344243170821	0.0208783286765123	0.00156388835868941	0.349980388685751	0.349980388685751	1.215
high_scale_declared_null	null	default	6	20298006	TRUE	TRUE	0.0412506428630815	0.00954250946932909	0.019397848113194	0.00444036155261912	0.0237484637084957	0.000393348118179854	0.30619173176818	0.266495087649758	1.14700000000001
high_scale_declared_null	null	default	7	20298007	TRUE	TRUE	0.304840265380568	0.00926738902458766	0.0182125328971685	0.00283582470681067	0.0209946651688407	0.00282347319809945	0.200023355591497	0.200023355591497	1.125
high_scale_declared_null	null	default	8	20298008	TRUE	TRUE	0.102668556461998	0.0200743095602526	0.0232227915050442	0.00276220703867936	0.0259217001721007	0.00205988919861426	0.269065908098845	0.191492840050451	1.19399999999999
high_scale_declared_null	null	default	9	20298009	TRUE	TRUE	0.065037564317459	0.0185451894911217	0.0269726257051094	0.00366698227709366	0.0305352737339601	0.00120292340808467	0.355169271554615	0.33362235140131	1.20100000000001
high_scale_declared_null	null	default	10	20298010	TRUE	TRUE	0.0434583857135748	0.0155737700152522	0.021030074750255	0.0100329173245337	0.030851042399868	0.00067568589113093	0.253326941037656	0.246438815430949	1.14
high_scale_declared_null	null	default	11	20298011	TRUE	TRUE	0.0481004661292346	0.012407193145815	0.0217203358526148	0.0249197874674746	0.0462050845322336	0.000597367060516346	0.20174067375288	0.20174067375288	1.22200000000001
high_scale_declared_null	null	default	12	20298012	TRUE	TRUE	0.0343444801936197	0.023542223442842	0.0321590270490052	0.00453481844042431	0.0365728159094742	0.000808647143328995	0.190252205115279	0.190252205115279	1.18700000000001
high_scale_declared_null	null	default	13	20298013	TRUE	TRUE	0.122756721584239	0.147614639709208	0.0660601615437372	0.00322740555093204	0.069083575054563	0.0181981454590657	0.249946535588776	0.249946535588776	1.152
high_scale_declared_null	null	default	14	20298014	TRUE	TRUE	0.0345584814692926	0.013177116412076	0.0239325253655403	0.00395557212989345	0.0278013058554239	0.000457026996196893	0.349947976261646	0.349947976261646	1.13499999999999
high_scale_declared_null	null	default	15	20298015	TRUE	TRUE	0.023421857830436	0.00836900547275831	0.0159629171268622	0.00262111675194657	0.0185411241490869	0.000196018054456541	0.188899742598437	0.188702240692777	1.143
high_scale_declared_null	null	default	16	20298016	TRUE	TRUE	0.0281549195587309	0.0811461037473076	0.0550382371993425	0.00278048429370076	0.057656098423197	0.00228277779692648	0.263073856035831	0.263073856035831	1.113
high_scale_declared_null	null	default	17	20298017	TRUE	TRUE	0.0537392264207699	0.025593960979005	0.0269070851904954	0.00369997486425365	0.0305165876741795	0.00137567623017827	0.240269558539779	0.240269558539779	1.184
high_scale_declared_null	null	default	18	20298018	TRUE	TRUE	0.0507298294129199	0.0111554571322947	0.0272299210336488	0.00388791624463906	0.0310137317033618	0.000565873324307065	0.296800725130268	0.296800725130268	1.113
high_scale_declared_null	null	default	19	20298019	TRUE	TRUE	0.0381486307775042	0.012516507146665	0.0256843050882518	0.00354702613200825	0.0291306410697579	0.000477595702181685	0.495850441472612	0.495850441472612	1.18600000000001
high_scale_declared_null	null	default	20	20298020	TRUE	TRUE	0.0298920388995447	0.00808425863119269	0.0134760473654521	0.00257141392870608	0.0160124626125736	0.000241654465789457	0.257213789432022	0.243259045913703	1.17700000000001
high_scale_declared_null	null	default	21	20298021	TRUE	TRUE	0.0250543205363815	0.0103899329704228	0.0216098773866324	0.00576344861284019	0.0272538005420359	0.000263873137693159	0.350419970839418	0.350419970839418	1.18900000000001
high_scale_declared_null	null	default	22	20298022	TRUE	TRUE	0.0445767165473715	0.0199302379621867	0.0214429354501668	0.00320204009847299	0.0245806213750519	0.000887637002271461	0.287635667431374	0.287635667431374	1.125
high_scale_declared_null	null	default	23	20298023	TRUE	TRUE	0.0297535081103036	0.0090059391342086	0.0187551517314923	0.00660473251432408	0.0252224804900367	0.00026920240555495	0.366450657548299	0.366450657548299	1.212
high_scale_declared_null	null	default	24	20298024	TRUE	TRUE	0.0464249418549794	0.0105288355774537	0.0202225912412784	0.00369203705654071	0.0238400431346383	0.000488876828674268	0.300901342463547	0.300901342463547	1.23
high_scale_declared_null	null	default	25	20298025	TRUE	TRUE	0.0481920818101217	0.0218982802093043	0.0233793362709738	0.00257721761530622	0.0258953134368654	0.00105688053617048	0.318307129594189	0.318307129594189	1.17100000000001
high_scale_declared_null	null	default	26	20298026	TRUE	TRUE	0.0286543087696922	0.00894401748262878	0.018877606302405	0.00342614124471232	0.0222412475343491	0.000256256710633362	0.350018465725952	0.350018465725952	1.10600000000001
high_scale_declared_null	null	default	27	20298027	TRUE	TRUE	0.0640817934675543	0.00960037352674322	0.0148143672156783	0.00260499916296592	0.0173796240558562	0.0006159567901639	0.219583827050684	0.210681496188784	1.304
high_scale_declared_null	null	default	28	20298028	TRUE	TRUE	0.106201078039822	0.00896434005846413	0.0269733842178796	0.00703093325949705	0.0338288154228615	0.000953880669992536	0.419673040747668	0.419673040747668	1.23100000000001
high_scale_declared_null	null	default	29	20298029	TRUE	TRUE	0.0304454828487672	0.00956561515764805	0.019191993738967	0.0029839229321533	0.0221187701473229	0.000283195350213804	0.352652554998123	0.352652554998123	1.131
high_scale_declared_null	null	default	30	20298030	TRUE	TRUE	0.0429254451680692	0.0074680888416687	0.0268352239622816	0.00339644724599784	0.0301512753795072	0.000320305995925073	0.371408568564178	0.371408568564178	1.13500000000001
high_scale_declared_null	null	default	31	20298031	TRUE	TRUE	0.0516041239252866	0.0108520866040653	0.0226339292512287	0.00259402803065569	0.0251684523764303	0.00055927216551107	0.234492083090785	0.234492083090785	1.18000000000001
high_scale_declared_null	null	default	32	20298032	TRUE	TRUE	0.0559600903241287	0.0100514699165746	0.0183947584729696	0.00750009643110455	0.0257602136073271	0.000562801849698247	0.219425670080341	0.219425670080341	1.22199999999999
high_scale_declared_null	null	default	33	20298033	TRUE	TRUE	0.0294051358398216	0.0102832038217761	0.02404852819712	0.00864371215939957	0.032490172934112	0.000301223018485081	0.34945786454162	0.346658061884007	1.188
high_scale_declared_null	null	default	34	20298034	TRUE	TRUE	0.0429190538744059	0.00965562132743852	0.0176916177383956	0.00310036895706639	0.0207368193178278	0.00041465397317479	0.297887153987816	0.297887153987816	1.197
high_scale_declared_null	null	default	35	20298035	TRUE	TRUE	0.0312841880746108	0.0125053745246092	0.0243524831833452	0.00258566568815868	0.0268738936889605	0.000391282135058181	0.287359768208276	0.287359768208276	1.134
high_scale_declared_null	null	default	36	20298036	TRUE	TRUE	0.0343150028668266	0.0103383713279798	0.017624877029282	0.0039286467290564	0.021481633852005	0.000355260404222773	0.343220798031069	0.343220798031069	1.16800000000001
high_scale_declared_null	null	default	37	20298037	TRUE	TRUE	0.129816981587591	0.0113433757822089	0.0319382992208437	0.00414360481279251	0.0359730582736817	0.00146548334235702	0.418557665924659	0.418557665924659	1.258
high_scale_declared_null	null	default	38	20298038	TRUE	TRUE	0.0291782789028571	0.0216165316621272	0.0318055946697163	0.00301382045146258	0.0347215608922757	0.000630439279227925	0.340624913593658	0.340624913593658	1.14500000000001
high_scale_declared_null	null	default	39	20298039	TRUE	TRUE	0.138517279481278	0.00844477496312294	0.0150610302451653	0.00326679090844298	0.018277813374205	0.00116873234341332	0.285499311088984	0.267398397487938	1.157
high_scale_declared_null	null	default	40	20298040	TRUE	TRUE	0.0318703495873698	0.0068041045742244	0.0127188005221762	0.00460375038176121	0.017262420991737	0.000216847328862916	0.220650437773998	0.19817821043673	1.232
high_scale_declared_null	null	default	41	20298041	TRUE	TRUE	0.0395718226753012	0.0493033704983701	0.0677632833439744	0.00478082283234505	0.072204891701318	0.00195809679719226	0.276624377580454	0.276624377580454	1.22200000000001
high_scale_declared_null	null	default	42	20298042	TRUE	TRUE	0.0455857052455673	0.0180714894267164	0.0380193418800008	0.0141312519835805	0.0517956673343807	0.000825311514785565	0.28012120265474	0.28012120265474	1.118
high_scale_declared_null	null	default	43	20298043	TRUE	TRUE	0.0531192225792382	0.0703473834861068	0.0562345368299448	0.00421240385626623	0.0601745591321873	0.00372912468525553	0.239943279548939	0.234820976325103	1.20099999999999
high_scale_declared_null	null	default	44	20298044	TRUE	TRUE	0.0404483972115835	0.00939748954038095	0.0159963550326161	0.00277831027411637	0.0187289558370878	0.000379841584235328	0.270010901674809	0.241096113260767	1.152
high_scale_declared_null	null	default	45	20298045	TRUE	TRUE	0.0299709095439986	0.0104389665987753	0.015233068494913	0.0027649627004254	0.0179562926591319	0.00031287124410663	0.27754394764451	0.266055024679744	1.187
high_scale_declared_null	null	default	46	20298046	TRUE	TRUE	0.0346338739758571	0.0391961070154642	0.0663899509920525	0.0159847396442951	0.0818239809967156	0.00135677490940656	0.432579813563002	0.432579813563002	1.184
high_scale_declared_null	null	default	47	20298047	TRUE	TRUE	0.0362323451951022	0.0203332488500201	0.0329423561127722	0.00618755722253568	0.0389449428555168	0.000733049102307254	0.350298421447469	0.350298421447469	1.145
high_scale_declared_null	null	default	48	20298048	TRUE	TRUE	0.0290516164821288	0.00824728567545451	0.0178340151883834	0.00267378312773155	0.020459962029703	0.000239794876212505	0.349500689860037	0.349500689860037	1.17
high_scale_declared_null	null	default	49	20298049	TRUE	TRUE	0.108601183478336	0.00816261406924092	0.0140159717852552	0.00298985846208285	0.016964133258017	0.000884439430659463	0.306596075597277	0.280333067382216	1.131
high_scale_declared_null	null	default	50	20298050	TRUE	TRUE	0.0313140029415856	0.00852114721721556	0.0183811510997576	0.00326450343248085	0.0215838956367162	0.000266851117371643	0.254787796491101	0.254787796491101	1.172
high_scale_misspecified_null	diagnostic	default	1	20299001	TRUE	NA	0.966781542913116	0.00628674355422099	0.711129592223445	0.00864141698275993	0.717516750845947	0.00604971345659461	0.614614887355813	0.614614887355813	1.172
high_scale_misspecified_null	diagnostic	default	2	20299002	TRUE	NA	0.0224077857616335	0.241815982509329	0.545860316040875	0.00194981879274259	0.546500786101381	0.00607679782951484	0.100691752639705	0.100691752639705	1.14
high_scale_misspecified_null	diagnostic	default	3	20299003	TRUE	NA	0.0386333288935932	0.136809848076407	0.53078332266266	0.00795846958859456	0.537119805016604	0.00530950247078427	0.349600277327568	0.349600277327568	1.11199999999999
high_scale_misspecified_null	diagnostic	default	4	20299004	TRUE	NA	0.037302765833847	0.0876235771197626	0.602183914847799	0.00354545140815045	0.604691940900893	0.00350677837591216	0.347137815728857	0.347137815728857	1.23
high_scale_misspecified_null	diagnostic	default	5	20299005	TRUE	NA	0.0807004601487206	0.00608075967310257	0.0364991716311933	0.00162766387844974	0.0380687696036698	0.000483945659795021	0.273336065814267	0.273336065814267	1.133
high_scale_misspecified_null	diagnostic	default	6	20299006	TRUE	NA	0.0187771018560245	0.00928308076597072	0.0767863648913055	0.00137221696956085	0.0780457345499395	0.000174494463724896	0.0582741008229881	0.0582741008229881	1.172
high_scale_misspecified_null	diagnostic	default	7	20299007	TRUE	NA	0.0249831868096225	0.0387132937798657	0.568475308953617	0.00484926276872048	0.571794738343937	0.00103175714307562	0.210101945092887	0.210101945092887	1.11999999999999
high_scale_misspecified_null	diagnostic	default	8	20299008	TRUE	NA	0.024229602495369	0.0605978386474691	0.0848064908246218	0.00138627101781743	0.086057638405879	0.00144549862020962	0.339496262175224	0.339496262175224	1.283
high_scale_misspecified_null	diagnostic	default	9	20299009	TRUE	NA	0.999955660636605	0.009477501318055	0.750478375855038	0.00161926728771879	0.75083615411888	0.00947694198270801	0.359582712685615	0.276416150868066	1.14
high_scale_misspecified_null	diagnostic	default	10	20299010	TRUE	NA	0.016334367182986	0.00667612666096456	0.999999932823413	0.00296176092557725	0.999999932999544	0.000108120684385424	0.108901111151109	0.104302827709326	1.14
high_scale_misspecified_null	diagnostic	default	11	20299011	TRUE	NA	0.0355920882709476	0.221627085538283	0.931966761970623	0.00356030053278368	0.93215093505598	0.00782663110826775	0.171412010046154	0.171412010046154	1.14
high_scale_misspecified_null	diagnostic	default	12	20299012	TRUE	NA	0.023206376932804	0.315543636628878	0.999993793895392	0.00388046700188902	0.999993803914907	0.00660724021261021	0.376293835113536	0.376293835113536	1.09999999999999
high_scale_misspecified_null	diagnostic	default	13	20299013	TRUE	NA	0.0283960723594581	0.00383136720221798	0.992920425096027	0.0648113460061895	0.996865626177176	0.000108411831539771	0.137498322777247	0.137498322777247	1.163
high_scale_misspecified_null	diagnostic	default	14	20299014	TRUE	NA	0.027163323805395	0.00739170680407957	0.421194745684336	0.00402673952334296	0.422141210307686	0.000201864614191723	0.167696870839329	0.167696870839329	1.262
high_scale_misspecified_null	diagnostic	default	15	20299015	TRUE	NA	0.0190081647198108	0.522883589947011	0.766224250677993	0.231524523994005	0.862782717511132	0.00871474966525638	0.131288594946813	0.131288594946813	1.113
high_scale_misspecified_null	diagnostic	default	16	20299016	TRUE	NA	0.320128816524925	0.0152586584482273	0.999027864825175	0.00194949458841571	0.999029376000739	0.00623660481052836	0.182073262110256	0.182073262110256	1.21300000000001
high_scale_misspecified_null	diagnostic	default	17	20299017	TRUE	NA	0.0197321199993758	0.023972055224259	0.999999852771455	0.00228979632884501	0.999999853704582	0.000473145636603879	0.106740743629498	0.106740743629498	1.116
high_scale_misspecified_null	diagnostic	default	18	20299018	TRUE	NA	0.726518226662911	0.812282113142014	0.999971436919861	0.00158975770649131	0.999971481357924	0.605767285126169	0.160176064194136	0.160176064194136	1.118
high_scale_misspecified_null	diagnostic	default	19	20299019	TRUE	NA	0.0682549230799633	0.00683764133061589	0.999995404511854	0.000876046961404196	0.999995422127092	0.000421404117643032	0.792668198777314	0.792668198777314	1.154
high_scale_misspecified_null	diagnostic	default	20	20299020	TRUE	NA	0.0127847603338791	0.0098002122201285	0.605174646503379	0.00272304908090145	0.606514013607076	0.000124736798007887	0.125948510856901	0.125206267878596	1.393
high_scale_misspecified_null	diagnostic	default	21	20299021	TRUE	NA	0.0288043394504298	0.00606354713714478	0.0405396011085745	0.00729885098281725	0.0474675084100666	0.000176638987426964	0.519343426173883	0.496089068922345	1.257
high_scale_misspecified_null	diagnostic	default	22	20299022	TRUE	NA	0.0243845303465403	0.0071270685017288	0.0187683751549963	0.0013798162245872	0.0201216148529365	0.000172837970001175	0.526215591161141	0.526215591161141	1.25500000000001
high_scale_misspecified_null	diagnostic	default	23	20299023	TRUE	NA	0.071519913580404	0.00493121214895132	0.0913204678252433	0.00350127170944004	0.0945334216937863	0.000371238666988327	0.260183833935834	0.260183833935834	1.21600000000001
high_scale_misspecified_null	diagnostic	default	24	20299024	TRUE	NA	0.192979564690929	0.194702763294882	0.997450270428418	0.242750482206783	0.999971197320394	0.0542441005274551	0.0704375930337449	0.0704375930337449	1.15900000000001
high_scale_misspecified_null	diagnostic	default	25	20299025	TRUE	NA	0.0149309161212638	0.446155442640771	0.961356697455332	0.00526007177938269	0.961444237510078	0.00674216963146145	0.243170771700292	0.243170771700292	1.17399999999999
high_scale_misspecified_null	diagnostic	default	26	20299026	TRUE	NA	0.0272640190775032	0.0440830143267272	0.999817412308606	0.00169312852443348	0.999817802516163	0.00123915253129061	0.156216964532192	0.156216964532192	1.256
high_scale_misspecified_null	diagnostic	default	27	20299027	TRUE	NA	0.0197800298273287	0.0398686511177924	0.999416145370193	0.00171345715885567	0.999416966266182	0.000800831136716368	0.111924551697616	0.111924551697616	1.15899999999999
high_scale_misspecified_null	diagnostic	default	28	20299028	TRUE	NA	0.99710975332561	0.393937540104874	0.621010311827691	0.0014658832604316	0.621545844648692	0.392550678097309	0.6938030975789	0.6938030975789	1.18299999999999
high_scale_misspecified_null	diagnostic	default	29	20299029	TRUE	NA	0.369371191370181	0.0253363615018803	0.114215481432275	0.064448496557295	0.175688978580798	0.00895127120588507	0.404524829164238	0.404524829164238	1.21700000000001
high_scale_misspecified_null	diagnostic	default	30	20299030	TRUE	NA	0.0214790138811681	0.14697956055252	0.733377805765714	0.803352331485427	0.974626076220956	0.00322257135712486	0.193975407575742	0.193975407575742	1.124
high_scale_misspecified_null	diagnostic	default	31	20299031	TRUE	NA	0.103759469211341	0.00636180930486989	0.999581403813885	0.0119130315645275	0.999583016662416	0.000688361791456807	0.118546166089972	0.118546166089972	1.184
high_scale_misspecified_null	diagnostic	default	32	20299032	TRUE	NA	0.0386318627188994	0.0102235451485234	0.721192101927288	0.997941624089461	0.998124462957928	0.000456847492119324	0.207175203852955	0.151237633634693	1.22
high_scale_misspecified_null	diagnostic	default	33	20299033	TRUE	NA	0.577970355958436	0.00690128853241902	0.976142564551587	0.00167667012120456	0.976180222653062	0.00394554659435175	0.173435293735722	0.173435293735722	1.188
high_scale_misspecified_null	diagnostic	default	34	20299034	TRUE	NA	0.0182226019771327	0.0164260753889356	0.179456265957281	0.240226808476882	0.397083453322849	0.000303735382121513	0.471052619322965	0.471052619322965	1.212
high_scale_misspecified_null	diagnostic	default	35	20299035	TRUE	NA	0.934808803659042	0.0747845672689656	0.997306413028232	0.00170535938380473	0.997310443226196	0.0708116597254806	0.101471672116979	0.101471672116979	1.15400000000001
high_scale_misspecified_null	diagnostic	default	36	20299036	TRUE	NA	0.0941344886148342	0.00627659310185329	0.0991037747851548	0.00169343051756617	0.100640754423404	0.000708621757452156	0.297444849617207	0.297444849617207	1.327
high_scale_misspecified_null	diagnostic	default	37	20299037	TRUE	NA	0.023134402331068	0.533395744443122	0.619804741338096	0.00260305257971005	0.621242839337547	0.0116105311591621	0.143708432364896	0.143708432364896	1.254
high_scale_misspecified_null	diagnostic	default	38	20299038	TRUE	NA	0.015642888856172	0.021674143734184	0.735448449008684	0.0363765293967079	0.765154017701162	0.000338752307181665	0.226110231350034	0.225520521156021	1.23299999999999
high_scale_misspecified_null	diagnostic	default	39	20299039	TRUE	NA	0.45478784694815	0.017847335330668	0.181554768102515	0.0019943043966988	0.183263176816443	0.00818664862428668	0.333763583338808	0.333763583338808	1.214
high_scale_misspecified_null	diagnostic	default	40	20299040	TRUE	NA	0.451456976502786	0.00750517591873197	0.195698489054172	0.00273959715501179	0.198088852619816	0.00327053554386047	0.06323644941574	0.06323644941574	1.505
high_scale_misspecified_null	diagnostic	default	41	20299041	TRUE	NA	0.0364307383194082	0.242985204233264	0.6478621106481	0.0286097554526716	0.649465186487718	0.0100024120672701	0.134642466860502	0.134642466860502	1.157
high_scale_misspecified_null	diagnostic	default	42	20299042	TRUE	NA	0.0162769953626319	0.00958276646393698	0.116558862496074	0.061647349144704	0.172460961516522	0.000156985602723733	0.132025742008516	0.132025742008516	1.33399999999999
high_scale_misspecified_null	diagnostic	default	43	20299043	TRUE	NA	0.0351941205953248	0.118595178567314	0.995025449741456	0.0019377951696876	0.995033941100388	0.00482000874364154	0.375688338547615	0.375688338547615	1.23399999999999
high_scale_misspecified_null	diagnostic	default	44	20299044	TRUE	NA	0.0249065258560635	0.0248780821494271	0.0555404906590956	0.952698369344958	0.955478285055513	0.000642857436770882	0.501842000748169	0.501842000748169	1.268
high_scale_misspecified_null	diagnostic	default	45	20299045	TRUE	NA	0.504234646134359	0.00465489649719361	0.0199204431504584	0.0015451117432283	0.0214355093994768	0.00236552858584544	0.42431289349922	0.42431289349922	1.26900000000001
high_scale_misspecified_null	diagnostic	default	46	20299046	TRUE	NA	0.134935850716033	0.0211289198339473	0.272040583047962	0.0111282458471354	0.281999286822586	0.0025358847711046	0.0712281219125099	0.0712281219125099	1.19300000000001
high_scale_misspecified_null	diagnostic	default	47	20299047	TRUE	NA	0.0317836932317143	0.0156021455131923	0.445069272691706	0.00320211471977882	0.446875154367638	0.000540477044366613	0.4321592424382	0.4321592424382	1.161
high_scale_misspecified_null	diagnostic	default	48	20299048	TRUE	NA	0.0194481558764745	0.00569027042680058	0.999830972370121	0.0030870740917203	0.999834636117656	0.000110174609000639	0.0243321162754313	0.0243321162754313	1.13
high_scale_misspecified_null	diagnostic	default	49	20299049	TRUE	NA	0.0257067996068332	0.00770044307705394	0.0280783005495478	0.983960696461774	0.984431729987267	0.000197995106789864	0.181254351227579	0.181254351227579	1.211
high_scale_misspecified_null	diagnostic	default	50	20299050	TRUE	NA	0.0326068782179242	0.0483375493674308	0.0874123856062263	0.0450444352415385	0.129997263170708	0.00179137928190869	0.11449154337744	0.11449154337744	1.178
low_scale_mediation	diagnostic	default	1	20300001	TRUE	NA	0.937048491769968	0.947208312470291	0.086847494632852	0.000974376929592879	0.0877367827417802	0.89200790427193	0.245185519781529	0.245185519781529	1.217
low_scale_mediation	diagnostic	default	2	20300002	TRUE	NA	0.895973622022118	0.610377145711506	0.427124448461975	0.00151259828078318	0.428112959377312	0.567389390054396	0.481401753042349	0.481401753042349	1.40299999999999
low_scale_mediation	diagnostic	default	3	20300003	TRUE	NA	0.994773011072877	0.985110500148354	0.082691345514447	0.00172193706837589	0.084285181544033	0.980241300022009	0.269729108564974	0.269729108564974	1.179
low_scale_mediation	diagnostic	default	4	20300004	TRUE	NA	0.995881119965563	0.205854352630769	0.792322126116882	0.00111288754403123	0.792566640708301	0.205514643541647	0.100739422581455	0.100414677445912	1.17100000000001
low_scale_mediation	diagnostic	default	5	20300005	TRUE	NA	0.959918709017093	0.901358859833839	0.154371436550081	0.00150291622338948	0.155602315640483	0.87244499091362	0.462126100365452	0.462126100365452	1.288
low_scale_mediation	diagnostic	default	6	20300006	TRUE	NA	0.994972079382778	0.984364082127125	0.0403890565431041	0.000870849452580382	0.0412240375440014	0.979602622625665	0.336931271166549	0.336931271166549	1.22
low_scale_mediation	diagnostic	default	7	20300007	TRUE	NA	0.998790955491892	0.97891726615785	0.0538950652069294	0.000861625627771907	0.0547093135624829	0.977781509574745	0.257477986849977	0.257477986849977	1.149
low_scale_mediation	diagnostic	default	8	20300008	TRUE	NA	0.993974743244292	0.978794395648682	0.0560043805604726	0.00110868776917653	0.0570418558352797	0.973268993287266	0.314399048520471	0.297698728187243	1.24000000000001
low_scale_mediation	diagnostic	default	9	20300009	TRUE	NA	0.997462723584356	0.970626643196106	0.0847430931075396	0.00103178906717418	0.0856858720100897	0.968306245566806	0.314801768324173	0.314801768324173	1.224
low_scale_mediation	diagnostic	default	10	20300010	TRUE	NA	0.998402742158105	0.908728020059986	0.1435560605738	0.000952405779092885	0.144365800176317	0.907714281824559	0.294958738751745	0.294958738751745	1.182
low_scale_mediation	diagnostic	default	11	20300011	TRUE	NA	0.977136193609106	0.991023832088567	0.0421837077842893	0.000957640124931934	0.0430977696881908	0.968965560210435	0.235953418764097	0.235953418764097	1.18900000000001
low_scale_mediation	diagnostic	default	12	20300012	TRUE	NA	0.772736282314573	0.861847632773587	0.139825586878059	0.00106246502278487	0.140744967602518	0.673915135530388	0.150686913739804	0.150686913739804	1.149
low_scale_mediation	diagnostic	default	13	20300013	TRUE	NA	0.999977797043015	0.987594865006808	0.048685195407264	0.00104504487196212	0.0496809336252358	0.987573563509341	0.288188269673981	0.288188269673981	1.208
low_scale_mediation	diagnostic	default	14	20300014	TRUE	NA	0.999999993143703	0.980418628741074	0.0593944580293925	0.00145796932877382	0.0607711575316384	0.980418622765948	0.277675303747458	0.238147467938177	1.232
low_scale_mediation	diagnostic	default	15	20300015	TRUE	NA	0.998931922164905	0.983375755669197	0.0533796456403579	0.00085874305230379	0.0541914912900945	0.982376514085056	0.182422883027073	0.182422883027073	1.14100000000001
low_scale_mediation	diagnostic	default	16	20300016	TRUE	NA	0.999998951822741	0.985642789727326	0.0540256520432984	0.000976035830701472	0.0549478818274637	0.98564187044111	0.321580762209749	0.321580762209749	1.17299999999999
low_scale_mediation	diagnostic	default	17	20300017	TRUE	NA	0.843479808136301	0.950158714340373	0.0816021839539175	0.000861194896101073	0.0823903115035174	0.809479266433531	0.340649518194056	0.340649518194056	1.2
low_scale_mediation	diagnostic	default	18	20300018	TRUE	NA	0.938028504999841	0.93593519900353	0.0961246763735511	0.00112115784745764	0.0971455364826958	0.881958456161457	0.294178814663638	0.294178814663638	1.16200000000001
low_scale_mediation	diagnostic	default	19	20300019	TRUE	NA	0.993470331457255	0.882103640286224	0.155820844207732	0.000909744781196428	0.156574904973547	0.876837050079583	0.0625389833604402	0.0625389833604402	1.17700000000001
low_scale_mediation	diagnostic	default	20	20300020	TRUE	NA	0.997790230430749	0.92268685141426	0.111650197452349	0.000960597882982431	0.112505589525408	0.92096075912299	0.204323830968548	0.204323830968548	1.158
low_scale_mediation	diagnostic	default	21	20300021	TRUE	NA	0.999473261071866	0.97826469163068	0.0686239671235878	0.0037215251207705	0.0721615319238471	0.977762788470993	0.344443429118968	0.344443429118968	1.232
low_scale_mediation	diagnostic	default	22	20300022	TRUE	NA	0.999995500165283	0.878650379530736	0.152871526571022	0.000900674820780057	0.153618528804238	0.878646589345147	0.14227345558939	0.0988819331299169	1.161
low_scale_mediation	diagnostic	default	23	20300023	TRUE	NA	0.999996852386961	0.890472106536045	0.124500817929731	0.000898171968924446	0.125284731898506	0.890469499567048	0.166264960026751	0.12995929241049	1.16500000000001
low_scale_mediation	diagnostic	default	24	20300024	TRUE	NA	0.999779299945475	0.977013342222279	0.0624329716926572	0.00152908871134054	0.0638755197319193	0.976810069398243	0.18728811418481	0.183386116061854	1.20699999999999
low_scale_mediation	diagnostic	default	25	20300025	TRUE	NA	0.999999998586526	0.947887383720916	0.11495500509648	0.000916336731105987	0.115758137054418	0.947887382518946	0.492758662386507	0.208609625054009	1.15599999999999
low_scale_mediation	diagnostic	default	26	20300026	TRUE	NA	0.997941225232034	0.950890288840877	0.074727054973262	0.000993583870331957	0.0756443809400029	0.949046214204921	0.332674321661671	0.319239539018952	1.23100000000001
low_scale_mediation	diagnostic	default	27	20300027	TRUE	NA	0.999999670420923	0.991570634470462	0.0372352061627643	0.000975119494617524	0.0381729499553992	0.991570320865171	0.257401783050113	0.243130643509971	1.19800000000001
low_scale_mediation	diagnostic	default	28	20300028	TRUE	NA	0.999152080202456	0.939104486873036	0.0985598367613039	0.000942985523995328	0.0994045148115659	0.938389256251868	0.144102820766506	0.144102820766506	1.19499999999999
low_scale_mediation	diagnostic	default	29	20300029	TRUE	NA	0.747744219418671	0.976443655237181	0.0709878258587727	0.00103503621596604	0.07195051242313	0.734682827676308	0.450614462982685	0.450614462982685	1.211
low_scale_mediation	diagnostic	default	30	20300030	TRUE	NA	0.984844656031649	0.616742235405099	0.431037166420969	0.00115954459784571	0.431690096944865	0.60729648290639	0.314040482746549	0.300129825002131	1.18600000000001
low_scale_mediation	diagnostic	default	31	20300031	TRUE	NA	0.999946848578382	0.943871189150557	0.0896576393980475	0.00232630604706653	0.0917455019018981	0.943821632349019	0.286019942686323	0.256053041438776	1.18300000000001
low_scale_mediation	diagnostic	default	32	20300032	TRUE	NA	0.556760217303209	0.959826477076361	0.0758904658820563	0.00120999012572702	0.0770040350092409	0.539493423706404	0.222843170451142	0.222843170451142	1.18600000000001
low_scale_mediation	diagnostic	default	33	20300033	TRUE	NA	0.991773845812031	0.96093867499662	0.0760420274611331	0.000899096389594776	0.0768699070252192	0.954396682211183	0.266894609457125	0.266894609457125	1.215
low_scale_mediation	diagnostic	default	34	20300034	TRUE	NA	0.999999663028083	0.936207760224887	0.0960499193083823	0.000862624753404151	0.09682583533309	0.936207473376104	0.224580637893581	0.224580637893581	1.16200000000001
low_scale_mediation	diagnostic	default	35	20300035	TRUE	NA	0.999993815435983	0.974778480954815	0.0632670984781949	0.00115139261978465	0.0643387078792261	0.974773455261667	0.236883085566234	0.236883085566234	1.16200000000001
low_scale_mediation	diagnostic	default	36	20300036	TRUE	NA	0.999996447432701	0.958020323720651	0.0831311336610506	0.00143757463188651	0.0844499795010673	0.95801741456086	0.181749859962906	0.158724822945629	1.20700000000001
low_scale_mediation	diagnostic	default	37	20300037	TRUE	NA	0.999995585884261	0.963402584927605	0.0710690136284364	0.000911159848234691	0.071915300426894	0.963398650502478	0.275100103517673	0.213760545082636	1.26300000000001
low_scale_mediation	diagnostic	default	38	20300038	TRUE	NA	0.999999307555857	0.979272221331299	0.0538310441946446	0.000937447748708774	0.0547050863525906	0.979271592787585	0.140871939821238	0.140871939821238	1.191
low_scale_mediation	diagnostic	default	39	20300039	TRUE	NA	0.998618699168003	0.9762952173238	0.0527818092499078	0.00411912972308838	0.0566600756389808	0.974996227359213	0.28332080343057	0.268357753616073	1.21900000000001
low_scale_mediation	diagnostic	default	40	20300040	TRUE	NA	0.998706586761207	0.974579464111951	0.0655951635363382	0.00123164972534454	0.0667462938643402	0.973354126272168	0.294620309717516	0.265680861275257	1.20099999999999
low_scale_mediation	diagnostic	default	41	20300041	TRUE	NA	0.862502966638744	0.693843075689322	0.352260841626724	0.00195387678380827	0.353349359136445	0.617645150823014	0.369243307583702	0.369243307583702	1.167
low_scale_mediation	diagnostic	default	42	20300042	TRUE	NA	0.999943023417914	0.985740354559974	0.0487797884565148	0.00102142846796923	0.0497490877285907	0.985685703266594	0.245551920685671	0.225580500330068	1.215
low_scale_mediation	diagnostic	default	43	20300043	TRUE	NA	0.999995289561995	0.333978302894139	0.105965000568225	0.00087463433638099	0.106746031361131	0.333976823411523	0.256014631171183	0.256014631171183	1.151
low_scale_mediation	diagnostic	default	44	20300044	TRUE	NA	0.979695810359453	0.840047054808167	0.217257210948082	0.000902926905781652	0.217956028479719	0.822812163581455	0.266781199911406	0.266781199911406	1.223
low_scale_mediation	diagnostic	default	45	20300045	TRUE	NA	0.998761106504397	0.91152226148417	0.168217261855628	0.000926075046548077	0.168973390799993	0.910611150264023	0.293566276049972	0.293566276049972	1.20399999999999
low_scale_mediation	diagnostic	default	46	20300046	TRUE	NA	0.999999939043169	0.963639625833208	0.090876887323308	0.00123865006197227	0.0920064322230144	0.96363957761753	0.208188654277336	0.207063310741177	1.20099999999999
low_scale_mediation	diagnostic	default	47	20300047	TRUE	NA	0.999999999711826	0.917589115900716	0.134264932094033	0.00133925234033309	0.135426152871037	0.917589115660112	0.351071222389407	0.351071222389407	1.20599999999999
low_scale_mediation	diagnostic	default	48	20300048	TRUE	NA	0.999999999300364	0.987200744825634	0.057497664996289	0.000926944311448195	0.0583669761005449	0.987200744176568	0.130864995521335	0.0723232164962724	1.194
low_scale_mediation	diagnostic	default	49	20300049	TRUE	NA	0.999607340043921	0.975400536820805	0.0668049211383189	0.00337818693054377	0.0699486447330478	0.97503831689086	0.265250250330951	0.265250250330951	1.19799999999999
low_scale_mediation	diagnostic	default	50	20300050	TRUE	NA	0.999999847134138	0.963511735920638	0.0912535357110009	0.00173692767217904	0.0928213364755557	0.963511590668244	0.308254239247532	0.284341144816608	1.17699999999999
few_blocks_sparse	diagnostic	default	1	20301001	TRUE	NA	0.999999879367559	0.0647892767603795	0.0897172347200216	0.00410329454488633	0.0934851266413996	0.0647892697413261	0.340721912876646	0.340721912876646	0.552999999999997
few_blocks_sparse	diagnostic	default	2	20301002	TRUE	NA	0.999993650951958	0.107897914763596	0.900217568569568	0.00382525627720864	0.900442788511893	0.107896457149377	0.25847006130877	0.184419296821012	0.480000000000004
few_blocks_sparse	diagnostic	default	3	20301003	TRUE	NA	0.77144944572876	0.663194095781976	0.268140941141566	0.00370388327961803	0.270286528469036	0.505308336812652	0.525827270733714	0.525827270733714	0.474000000000004
few_blocks_sparse	diagnostic	default	4	20301004	TRUE	NA	0.999999364390777	0.0167282656707101	0.0309933650785769	0.00306512798547963	0.0339636594572261	0.0167282550044768	0.493660251753319	0.339509081255798	0.480000000000004
few_blocks_sparse	diagnostic	default	5	20301005	TRUE	NA	0.999705359171367	0.013971672316388	0.0361063548142621	0.00236128211589515	0.0383851947966189	0.013967741349456	0.401713801736108	0.313815537462418	0.51700000000001
few_blocks_sparse	diagnostic	default	6	20301006	TRUE	NA	0.999999999999997	0.0797233909855612	0.956453827590807	0.00340010825391032	0.95661586535565	0.0797233909855612	0.192765137304695	0.0927103515188747	0.486999999999995
few_blocks_sparse	diagnostic	default	7	20301007	TRUE	NA	0.999989363060458	0.018633366162006	0.0392395044877783	0.0366523922967102	0.0749446774217989	0.0186331699687449	0.334479396963005	0.295992916200404	0.525000000000006
few_blocks_sparse	diagnostic	default	8	20301008	TRUE	NA	0.999999999999369	0.437839028439346	0.619130214784801	0.00240550358506233	0.620001639812707	0.43783902843885	0.330513817449521	0.145706512281436	0.439000000000007
few_blocks_sparse	diagnostic	default	9	20301009	TRUE	NA	0.999999999991091	0.0382645620997464	0.241925612145196	0.00743324979305688	0.248393533269029	0.0382645620994138	0.184136883269701	0.184136883269701	0.468999999999994
few_blocks_sparse	diagnostic	default	10	20301010	TRUE	NA	0.9998389814411	0.252229937142136	0.514781501348751	0.00840576319387785	0.519550709531766	0.252190810407759	0.349831463721344	0.349831463721344	0.488
few_blocks_sparse	diagnostic	default	11	20301011	TRUE	NA	0.999995131811384	0.0157072372689259	0.999999999054441	0.00399169928650727	0.999999999056611	0.0157071026979241	0.0748332493899895	0.0690847270198347	0.489000000000004
few_blocks_sparse	diagnostic	default	12	20301012	TRUE	NA	0.99998023548986	0.149530391068491	0.707105094432601	0.00306261051666456	0.708302377009967	0.149526060803677	0.301685004068474	0.219018559456103	0.470000000000013
few_blocks_sparse	diagnostic	default	13	20301013	TRUE	NA	0.999986769119744	0.0269861810234201	0.99999989380478	0.00221741566753131	0.999999894711365	0.0269858914883999	0.0477243163399876	0.0477243163399876	0.486000000000004
few_blocks_sparse	diagnostic	default	14	20301014	TRUE	NA	0.999999999994283	0.0245117509126842	0.874096743938472	0.148038650206718	0.968290042121009	0.0245117509125905	0.218984036775964	0.218984036775964	0.463999999999999
few_blocks_sparse	diagnostic	default	15	20301015	TRUE	NA	0.999989399281474	0.015075183154052	0.989794695496028	0.00252988925944139	0.989821890234868	0.0150750162809195	0.080257113987912	0.0775544586769144	0.463999999999999
few_blocks_sparse	diagnostic	default	16	20301016	TRUE	NA	0.999999998560718	0.0153668839172997	0.997084683132322	0.00544240961333386	0.997091990299499	0.0153668838917952	0.0523918230369844	0.0523918230369844	0.462000000000003
few_blocks_sparse	diagnostic	default	17	20301017	TRUE	NA	0.999999999998745	0.0135862220295068	0.999951097984482	0.00368194625667694	0.999951779700838	0.0135862220294762	0.0899897495416653	0.0495553429071407	0.489000000000004
few_blocks_sparse	diagnostic	default	18	20301018	TRUE	NA	0.999999999961971	0.197639828053314	0.836498443436816	0.00446683354501342	0.836853649267047	0.197639828037967	0.451326203119073	0.165232437328122	0.462000000000003
few_blocks_sparse	diagnostic	default	19	20301019	TRUE	NA	0.999999403765647	0.0529526307832714	0.484885235659379	0.00477841945147905	0.487775880364246	0.0529526106953573	0.146753150014035	0.146753150014035	0.447000000000003
few_blocks_sparse	diagnostic	default	20	20301020	TRUE	NA	0.999905512560303	0.0601438692881855	0.0930111231412335	0.00210056229724426	0.0948885822438272	0.0601381078589634	0.355398406130661	0.246939731971153	0.488
few_blocks_sparse	diagnostic	default	21	20301021	TRUE	NA	0.999981495518741	0.119462472434337	0.820473285728497	0.00223447911766929	0.820858325671717	0.119457716184148	0.220909888990704	0.117860330642102	0.48299999999999
few_blocks_sparse	diagnostic	default	22	20301022	TRUE	NA	0.654787746740772	0.0229929407974217	0.997333944036563	0.00487982499868201	0.99735096171061	0.0156914097310312	0.20691310541114	0.20691310541114	0.483999999999995
few_blocks_sparse	diagnostic	default	23	20301023	TRUE	NA	0.182476168401227	0.104354197961699	0.384188535232397	0.0172804398293056	0.398769317318147	0.0207766222279129	0.531617163540645	0.531617163540645	0.469999999999999
few_blocks_sparse	diagnostic	default	24	20301024	TRUE	NA	0.999999999991111	0.014110509568957	0.0431573000021749	0.00240429495623239	0.0454535803946237	0.0141105095688371	0.429072730898916	0.213374569216896	0.462999999999994
few_blocks_sparse	diagnostic	default	25	20301025	TRUE	NA	0.720253709794586	0.0332669531628001	0.921376591208636	0.00298691735682354	0.921543214399706	0.0269618669464038	0.0867131740016447	0.0867131740016447	0.492000000000004
few_blocks_sparse	diagnostic	default	26	20301026	TRUE	NA	0.999995337410401	0.0117627624532344	0.9999870776477	0.00240497503915562	0.99998712168518	0.011762624571616	0.0981869181973387	0.0981869181973387	0.533999999999992
few_blocks_sparse	diagnostic	default	27	20301027	TRUE	NA	0.999999999579606	0.128050296820715	0.914876359419826	0.0068133072930836	0.916926289065095	0.128050296785642	0.129803923238953	0.129803923238953	0.550000000000011
few_blocks_sparse	diagnostic	default	28	20301028	TRUE	NA	0.91449256011588	0.0311044245453261	0.120121530721676	0.0100833246570177	0.12898969056258	0.0282875983135102	0.361893104199289	0.361893104199289	0.530000000000001
few_blocks_sparse	diagnostic	default	29	20301029	TRUE	NA	0.999789764049224	0.0586077913525515	0.912777955064088	0.00334589136004454	0.913244608604008	0.0585382777432551	0.212156833228114	0.132548331503983	0.554000000000002
few_blocks_sparse	diagnostic	default	30	20301030	TRUE	NA	0.999977918833565	0.0214930000226048	0.0409988661580728	0.00228643056725694	0.0431914107193589	0.0214925314779654	0.35918541682549	0.328376679706508	0.537999999999997
few_blocks_sparse	diagnostic	default	31	20301031	TRUE	NA	0.373915958539393	0.017730097452482	0.999992685888947	0.00245886072169681	0.999992908270784	0.00609794497738477	0.109007389688657	0.109007389688657	0.539999999999992
few_blocks_sparse	diagnostic	default	32	20301032	TRUE	NA	0.999131952550991	0.0193323049281547	0.03651995207756	0.0160473233301869	0.0519550372014195	0.0193155462729368	0.352073442897051	0.352073442897051	0.530000000000001
few_blocks_sparse	diagnostic	default	33	20301033	TRUE	NA	1	0.431525934179915	0.553225859260622	0.00259575048029439	0.554321029732092	0.431525934179915	0.303310322309898	0.303310322309898	0.546999999999997
few_blocks_sparse	diagnostic	default	34	20301034	TRUE	NA	0.998836106033264	0.0245784742161587	0.999081811619758	0.053454391483442	0.999095217097867	0.024543940869929	0.0780176849814325	0.0780176849814325	0.551000000000002
few_blocks_sparse	diagnostic	default	35	20301035	TRUE	NA	1	0.297102757930154	0.676504267806412	0.00538946364028584	0.677432226519084	0.297102757930154	0.406319872664589	0.20985077535817	0.495999999999995
few_blocks_sparse	diagnostic	default	36	20301036	TRUE	NA	0.974573832743326	0.102090150541586	0.963437240292839	0.00363403699576069	0.963844313850028	0.0963323738815913	0.295643395444657	0.295643395444657	0.512
few_blocks_sparse	diagnostic	default	37	20301037	TRUE	NA	0.999996893491603	0.0248734076511482	0.835129579328138	0.00379878789203342	0.835529692951101	0.0248733713402739	0.198101828412064	0.077369602699008	0.503
few_blocks_sparse	diagnostic	default	38	20301038	TRUE	NA	0.601040384918386	0.0115953108163641	0.999998287332003	0.00227885560417154	0.999998315201923	0.00748759673095153	0.0470099404701898	0.0470099404701898	0.504000000000005
few_blocks_sparse	diagnostic	default	39	20301039	TRUE	NA	0.999733296025196	0.0530312336927069	0.0493536330181835	0.00238813509698499	0.0516204000638285	0.053016941495543	0.430633707780046	0.334294645839748	0.47399999999999
few_blocks_sparse	diagnostic	default	40	20301040	TRUE	NA	0.982227023450793	0.0882890950725888	0.283002336466758	0.00268168319852598	0.285012141652704	0.0865148215095203	0.549011256463146	0.458388154343176	0.477999999999994
few_blocks_sparse	diagnostic	default	41	20301041	TRUE	NA	0.999999982761506	0.0868644119164834	0.747166041068249	0.00510813931456903	0.75023778619823	0.0868644106030357	0.158096984760441	0.0920110905441334	0.466999999999999
few_blocks_sparse	diagnostic	default	42	20301042	TRUE	NA	0.999999963596391	0.396154518256304	0.618922062744082	0.00402851359079431	0.620609408107486	0.396154504092805	0.461063429791324	0.461063429791324	0.457999999999984
few_blocks_sparse	diagnostic	default	43	20301043	TRUE	NA	0.787369508152028	0.902569124792854	0.149154539646537	0.00243179841538437	0.151201885895314	0.733818395295247	0.409779061696227	0.409779061696227	0.474000000000004
few_blocks_sparse	diagnostic	default	44	20301044	TRUE	NA	0.999999592727873	0.136066442739945	0.890737898841225	0.00229072203168303	0.890988082295076	0.136066404089388	0.13865515307829	0.13865515307829	0.446000000000012
few_blocks_sparse	diagnostic	default	45	20301045	TRUE	NA	0.998859946528877	0.120239217625478	0.753152351412549	0.0354923290917887	0.776609166708928	0.120044264254194	0.24421318071046	0.24421318071046	0.499999999999986
few_blocks_sparse	diagnostic	default	46	20301046	TRUE	NA	0.885066108723438	0.29755420642811	0.724903231742576	0.00246352965558694	0.725546767918386	0.273996699896145	0.449337415852426	0.449337415852426	0.478000000000009
few_blocks_sparse	diagnostic	default	47	20301047	TRUE	NA	0.999858434599056	0.0275099323515804	0.992296048584685	0.00240663301579279	0.992318313802624	0.027502363740965	0.111308102847772	0.0784984158915378	0.469999999999999
few_blocks_sparse	diagnostic	default	48	20301048	TRUE	NA	0.290510616068669	0.0198987107883758	0.0424849557039445	0.00460267140780151	0.0468895746927833	0.00579400334824071	0.324708449269252	0.324708449269252	0.448999999999998
few_blocks_sparse	diagnostic	default	49	20301049	TRUE	NA	0.999999980812945	0.19060264652178	0.725259087988434	0.00331101416886787	0.72619589951617	0.190602641590206	0.337824041531125	0.171486713804896	0.438000000000002
few_blocks_sparse	diagnostic	default	50	20301050	TRUE	NA	0.999988019484036	0.0168420577104251	0.999764629400958	0.00397294072309934	0.99976513550007	0.0168417392104204	0.247369058762949	0.184419186632439	0.471000000000004
near_aligned_pleiotropy	diagnostic	default	1	20302001	TRUE	NA	0.999999999999986	0.986767966696059	0.0502686381247601	0.00285499044669865	0.0529753942200502	0.986767966696045	0.293274151823979	0.2590328249496	1.22800000000001
near_aligned_pleiotropy	diagnostic	default	2	20302002	TRUE	NA	1	0.634582302546158	0.4977796333765	0.0016468582697352	0.498559989617174	0.634582302546158	0.238378521776951	0.238378521776951	1.267
near_aligned_pleiotropy	diagnostic	default	3	20302003	TRUE	NA	1.00000000000001	0.89637555059044	0.154429392749024	0.00150364422704499	0.155679856953043	0.89637555059044	0.39791328536252	0.39791328536252	1.22999999999999
near_aligned_pleiotropy	diagnostic	default	4	20302004	TRUE	NA	0.999999999999993	0.0303103385509156	0.999715605075203	0.00293691111753628	0.999716337930716	0.0303103385509156	0.0580943293669947	0.0580943293669947	1.226
near_aligned_pleiotropy	diagnostic	default	5	20302005	TRUE	NA	0.999999999999837	0.121657607142679	0.917337704062912	0.00156474843797572	0.917519006171559	0.121657607142662	0.0832497032197637	0.0832497032197637	1.22899999999998
near_aligned_pleiotropy	diagnostic	default	6	20302006	TRUE	NA	0.999999999774512	0.965587124724182	0.0905490570384955	0.00224117539885391	0.0925980404308217	0.965587124509731	0.221902825314402	0.221902825314402	1.21100000000001
near_aligned_pleiotropy	diagnostic	default	7	20302007	TRUE	NA	0.999999999948798	0.432642087290517	0.622487198649337	0.00182855161005371	0.623042439296115	0.432642087247605	0.226567029149095	0.226567029149095	1.23399999999998
near_aligned_pleiotropy	diagnostic	default	8	20302008	TRUE	NA	0.999999999999911	0.297628955315437	0.792223230351544	0.00154959138410199	0.792522413476032	0.297628955315362	0.444732395663934	0.223440314348466	1.27799999999999
near_aligned_pleiotropy	diagnostic	default	9	20302009	TRUE	NA	0.999999995909365	0.186964967022063	0.854451789112651	0.00211950519487193	0.85486928291844	0.186964963340749	0.199108505974934	0.164523658973792	1.208
near_aligned_pleiotropy	diagnostic	default	10	20302010	TRUE	NA	0.999999999999704	0.0399065598087185	0.99069551341268	0.00181989599940052	0.99071261227581	0.039906559808707	0.100348863479411	0.100348863479411	1.20100000000002
near_aligned_pleiotropy	diagnostic	default	11	20302011	TRUE	NA	1.00000000000001	0.274381125687033	0.769198834886398	0.00381324330105354	0.770422925757804	0.274381125687033	0.223010362705992	0.209964483643375	1.268
near_aligned_pleiotropy	diagnostic	default	12	20302012	TRUE	NA	0.999999999999994	0.932605248899667	0.0946761704700394	0.00153143082167894	0.0960509382810642	0.932605248899667	0.318361357637627	0.305917644348909	1.30499999999998
near_aligned_pleiotropy	diagnostic	default	13	20302013	TRUE	NA	0.99999999905739	0.167188721942795	0.885938964493425	0.00164462642857138	0.886112167997742	0.167188721854695	0.188683630804746	0.124199822223204	1.20599999999999
near_aligned_pleiotropy	diagnostic	default	14	20302014	TRUE	NA	0.999999999999993	0.012825077584856	0.999999999993682	0.00205203810516839	0.999999999993692	0.0128250775848559	0.19866315092321	0.0319948021818561	1.25
near_aligned_pleiotropy	diagnostic	default	15	20302015	TRUE	NA	0.999999999999994	0.0260297835970299	0.999720627003003	0.00153430664848591	0.999721113283965	0.0260297835970299	0.391362010453875	0.0557974023904819	1.25999999999999
near_aligned_pleiotropy	diagnostic	default	16	20302016	TRUE	NA	0.999999999999998	0.897249587425305	0.146953252757379	0.0103360804311433	0.156104479357021	0.897249587425305	0.319157461437285	0.282237027676629	1.32900000000001
near_aligned_pleiotropy	diagnostic	default	17	20302017	TRUE	NA	0.999999997741321	0.976182480045866	0.0483559408647487	0.00152602650114782	0.04980445706266	0.976182477850721	0.270523714785384	0.270523714785384	1.226
near_aligned_pleiotropy	diagnostic	default	18	20302018	TRUE	NA	0.999999999999992	0.498633942803885	0.652228990253223	0.00170950910627298	0.652794975387812	0.498633942803883	0.122317716692876	0.122317716692876	1.20000000000002
near_aligned_pleiotropy	diagnostic	default	19	20302019	TRUE	NA	0.999999999981016	0.796535697005826	0.24974322498219	0.00147290072920539	0.250826902672666	0.796535696989133	0.430701992270841	0.430701992270841	1.257
near_aligned_pleiotropy	diagnostic	default	20	20302020	TRUE	NA	0.999999999999927	0.659438167172801	0.420167631867579	0.0019242386735235	0.421342813053593	0.659438167172746	0.311839713786995	0.302070734348064	1.38299999999998
near_aligned_pleiotropy	diagnostic	default	21	20302021	TRUE	NA	0.999979452154158	0.763480484815951	0.326145182057616	0.00293474317377325	0.328333858791645	0.763461226929315	0.413226569697343	0.413226569697343	1.19499999999999
near_aligned_pleiotropy	diagnostic	default	22	20302022	TRUE	NA	0.999999999994288	0.947119734667673	0.110517830706587	0.00229231511870194	0.11256053262941	0.947119734662075	0.265112689222434	0.204718589933691	1.255
near_aligned_pleiotropy	diagnostic	default	23	20302023	TRUE	NA	0.999999999999995	0.864319384627131	0.16861580236263	0.00288667318419899	0.171050441359035	0.864319384627131	0.204238733406399	0.175050766471159	1.327
near_aligned_pleiotropy	diagnostic	default	24	20302024	TRUE	NA	0.999999999994128	0.925231387145449	0.117491636864546	0.00217316832129174	0.119351409789885	0.925231387140037	0.287075025274021	0.287075025274021	1.334
near_aligned_pleiotropy	diagnostic	default	25	20302025	TRUE	NA	1.00000000000001	0.947243422352049	0.0788317707119253	0.00479161420407365	0.0833351841176583	0.947243422352049	0.333253713760683	0.333253713760683	1.274
near_aligned_pleiotropy	diagnostic	default	26	20302026	TRUE	NA	0.999999999999968	0.967215542167355	0.0613988691981855	0.00168298908963201	0.0629803018671741	0.96721554216733	0.267274679900027	0.267274679900027	1.24100000000001
near_aligned_pleiotropy	diagnostic	default	27	20302027	TRUE	NA	1	0.971888868561567	0.0725458660807004	0.00278479818368536	0.0751299475948484	0.971888868561567	0.199198993059497	0.187386824390444	1.22400000000002
near_aligned_pleiotropy	diagnostic	default	28	20302028	TRUE	NA	0.999999848025818	0.794328632338407	0.259353993678862	0.00559401575618669	0.263532240607391	0.794328490414664	0.314623280989139	0.314623280989139	1.268
near_aligned_pleiotropy	diagnostic	default	29	20302029	TRUE	NA	0.999999768001557	0.0207780622683555	0.999999950307546	0.0327219874394187	0.999999954103369	0.0207780541078824	0.111243513298177	0.0325236278138732	1.24199999999999
near_aligned_pleiotropy	diagnostic	default	30	20302030	TRUE	NA	0.999997329331655	0.0416082678094184	0.991964343151592	0.00432524543447812	0.991990742511632	0.0416080749970862	0.190962117896817	0.0672355716320681	1.21899999999999
near_aligned_pleiotropy	diagnostic	default	31	20302031	TRUE	NA	0.999999999999994	0.958599800345995	0.415415098280473	0.00326538585969733	0.41785383582932	0.958599800345995	0.27185420795243	0.27185420795243	1.274
near_aligned_pleiotropy	diagnostic	default	32	20302032	TRUE	NA	0.999999999999994	0.803882965870025	0.228035812140085	0.00180513170689288	0.229454709171105	0.803882965870025	0.364241567445248	0.364241567445248	1.23600000000002
near_aligned_pleiotropy	diagnostic	default	33	20302033	TRUE	NA	1	0.976374210729511	0.0586112129269878	0.00210675141670148	0.060591544259412	0.976374210729511	0.195858539915989	0.195858539915989	1.23099999999999
near_aligned_pleiotropy	diagnostic	default	34	20302034	TRUE	NA	0.999999986464696	0.976674972341209	0.0630306528252892	0.0028693422438794	0.0657105448548376	0.976674959124973	0.192838492543416	0.0449576502408036	1.18199999999999
near_aligned_pleiotropy	diagnostic	default	35	20302035	TRUE	NA	0.999999999994678	0.0441232697591649	0.992685731888671	0.0360596790959114	0.992970404171442	0.044123269758922	0.103721670210589	0.0645869978062592	1.22
near_aligned_pleiotropy	diagnostic	default	36	20302036	TRUE	NA	1	0.9575950810145	0.0759303830628424	0.00141293307101504	0.07723186611981	0.9575950810145	0.316273707121169	0.316273707121169	1.24300000000002
near_aligned_pleiotropy	diagnostic	default	37	20302037	TRUE	NA	0.999990462001175	0.06089950347601	0.964697806178815	0.00223243526114	0.965099681175863	0.0608988360868368	0.158543221486156	0.158543221486156	1.36800000000002
near_aligned_pleiotropy	diagnostic	default	38	20302038	TRUE	NA	0.99999990069273	0.897063730373802	0.151430439383499	0.00170711838365189	0.152867032294857	0.89706363272996	0.187288076388882	0.100955129384829	1.25500000000002
near_aligned_pleiotropy	diagnostic	default	39	20302039	TRUE	NA	0.999999999999997	0.955185800788988	0.103576738701348	0.00169193879178383	0.105053624365848	0.955185800788988	0.350126317656759	0.350126317656759	1.33200000000002
near_aligned_pleiotropy	diagnostic	default	40	20302040	TRUE	NA	0.997012927894188	0.346830928572205	0.712601240046212	0.0335996907130914	0.738390058701754	0.34448883386414	0.426742372863941	0.426742372863941	1.279
near_aligned_pleiotropy	diagnostic	default	41	20302041	TRUE	NA	0.999999999999997	0.0449578351445757	0.991658706006626	0.00149261173031811	0.991671166203933	0.0449578351445757	0.199488779623621	0.0493903707850194	1.21299999999999
near_aligned_pleiotropy	diagnostic	default	42	20302042	TRUE	NA	0.999999483047992	0.0413078324682451	0.988889136388523	0.00382931701164952	0.988943251181042	0.0413077591519462	0.0987436052409834	0.07040334752881	1.256
near_aligned_pleiotropy	diagnostic	default	43	20302043	TRUE	NA	0.999999862051552	0.0980065026320283	0.999300838371879	0.0014652710280384	0.999302198306499	0.0980064984018901	0.176944886913233	0.0479453736615483	1.26700000000002
near_aligned_pleiotropy	diagnostic	default	44	20302044	TRUE	NA	0.999999999999907	0.963035844010918	0.0692816895253626	0.00174361901175511	0.0708993084895198	0.963035844010831	0.350792738214636	0.350792738214636	1.29399999999998
near_aligned_pleiotropy	diagnostic	default	45	20302045	TRUE	NA	0.999999998962136	0.184104767832292	0.999991383345109	0.00508238365949972	0.999991842774896	0.184104767799626	0.0833108053212612	0.0784962182963795	1.19899999999998
near_aligned_pleiotropy	diagnostic	default	46	20302046	TRUE	NA	1.00000000000001	0.0468936535439388	0.999999939550274	0.00298431888289529	0.999999939815479	0.0468936535439388	0.0832462210396159	0.03448113564896	1.22999999999999
near_aligned_pleiotropy	diagnostic	default	47	20302047	TRUE	NA	0.999999999999998	0.882637157774098	0.150334318268951	0.00152311556498863	0.151625983778876	0.882637157774098	0.308430904084162	0.308430904084162	1.273
near_aligned_pleiotropy	diagnostic	default	48	20302048	TRUE	NA	1	0.649098683806428	0.412576295640745	0.0198994785944315	0.42718553392532	0.649098683806428	0.514231335453701	0.161532808599389	1.256
near_aligned_pleiotropy	diagnostic	default	49	20302049	TRUE	NA	0.999999999999994	0.0317966722259061	0.996771740364083	0.0017195657321659	0.996779915268161	0.0317966722259061	0.0702741512789373	0.0680090150605679	1.244
near_aligned_pleiotropy	diagnostic	default	50	20302050	TRUE	NA	0.999999999999978	0.918292917859185	0.120349041957318	0.00143908570222726	0.121593645523063	0.918292917859171	0.483244978133939	0.30114717126699	1.24600000000001
exact_aligned_pleiotropy	diagnostic	default	1	20303001	TRUE	NA	0.999999999668426	0.912557155417469	0.124396961815392	0.00144896626667225	0.125661941346085	0.91255715509847	0.128209923520529	0.128209923520529	1.196
exact_aligned_pleiotropy	diagnostic	default	2	20303002	TRUE	NA	1	0.978892304185773	0.0618891495321235	0.00485662631435313	0.0664130008967656	0.978892304185773	0.235987561926265	0.235987561926265	1.25899999999999
exact_aligned_pleiotropy	diagnostic	default	3	20303003	TRUE	NA	0.999999999424965	0.986814005294355	0.0390856721746041	0.00166376716504099	0.0406817087483813	0.986814004741777	0.182627006722697	0.182627006722697	1.17600000000002
exact_aligned_pleiotropy	diagnostic	default	4	20303004	TRUE	NA	0.999999999999998	0.987521898947804	0.0490021380700479	0.0111345935125733	0.0597247900789835	0.987521898947804	0.244412510095685	0.234037181364386	1.227
exact_aligned_pleiotropy	diagnostic	default	5	20303005	TRUE	NA	0.999999997047018	0.966142590912361	0.0610851139748975	0.00159509234925216	0.0625772775802269	0.966142588013125	0.268403028100579	0.268403028100579	1.262
exact_aligned_pleiotropy	diagnostic	default	6	20303006	TRUE	NA	0.999677416655682	0.844475837799545	0.182496405365544	0.0026645665723237	0.184738983762234	0.844193713850082	0.319357873522733	0.319357873522733	1.19699999999997
exact_aligned_pleiotropy	diagnostic	default	7	20303007	TRUE	NA	0.999999999999168	0.569766084656676	0.602477368029671	0.0264691016946904	0.62021101421892	0.569766084655872	0.244773919833307	0.244773919833307	1.161
exact_aligned_pleiotropy	diagnostic	default	8	20303008	TRUE	NA	0.999999999999481	0.912480620021794	0.130083494135053	0.00205927548937333	0.131898593568433	0.912480620021293	0.227246460687553	0.227246460687553	1.21100000000001
exact_aligned_pleiotropy	diagnostic	default	9	20303009	TRUE	NA	1	0.912501482333047	0.122606817098753	0.00185719172543503	0.12421925844409	0.912501482333047	0.300213008312781	0.278604054371158	1.25800000000001
exact_aligned_pleiotropy	diagnostic	default	10	20303010	TRUE	NA	0.999818482173945	0.974324029149173	0.0562555107322352	0.0217799352095808	0.0770145313046492	0.974150258070642	0.268362157315238	0.268362157315238	1.261
exact_aligned_pleiotropy	diagnostic	default	11	20303011	TRUE	NA	0.999999999999777	0.953234369976467	0.0726516253922739	0.00169779194150266	0.0742261354830214	0.953234369976254	0.310676492611321	0.310676492611321	1.27799999999999
exact_aligned_pleiotropy	diagnostic	default	12	20303012	TRUE	NA	0.999999999948681	0.977269006685781	0.076511159505885	0.00260028439174398	0.0789109429005423	0.977269006643407	0.268030453941662	0.268030453941662	1.215
exact_aligned_pleiotropy	diagnostic	default	13	20303013	TRUE	NA	0.999999999999998	0.988478009161571	0.0377146697887201	0.002088336896889	0.0397261917190837	0.988478009161571	0.290233267542902	0.279255301511512	1.24799999999999
exact_aligned_pleiotropy	diagnostic	default	14	20303014	TRUE	NA	0.99999999985724	0.805386136975928	0.251052490097508	0.00247133063292669	0.252952553824655	0.805386136848946	0.370374823677736	0.298498125017858	1.202
exact_aligned_pleiotropy	diagnostic	default	15	20303015	TRUE	NA	0.999999999999996	0.993479945481444	0.0328295394166767	0.0019395038749656	0.034703517034285	0.993479945481444	0.227122440225884	0.227122440225884	1.238
exact_aligned_pleiotropy	diagnostic	default	16	20303016	TRUE	NA	1	0.972608338543081	0.0725156636837987	0.0044339839198457	0.0766308496563346	0.972608338543081	0.306033163730149	0.306033163730149	1.203
exact_aligned_pleiotropy	diagnostic	default	17	20303017	TRUE	NA	0.999999999999979	0.952416746489288	0.0787953054131068	0.0016836357055738	0.0803451917275414	0.952416746489274	0.233960859455593	0.226724963112218	1.17699999999999
exact_aligned_pleiotropy	diagnostic	default	18	20303018	TRUE	NA	0.999999985239606	0.228801086201468	0.819604658101917	0.00587988145992151	0.820723777641535	0.228801073362728	0.304562483046112	0.266585046724089	1.233
exact_aligned_pleiotropy	diagnostic	default	19	20303019	TRUE	NA	0.999999999941527	0.948318068462374	0.0850103168441567	0.00175809651239332	0.0865993684760752	0.94831806840541	0.304614277956034	0.201252329450654	1.239
exact_aligned_pleiotropy	diagnostic	default	20	20303020	TRUE	NA	0.999999999946919	0.929000474203686	0.110929630544176	0.00149145818646822	0.112247114685607	0.92900047415188	0.191775977408057	0.131438980653002	1.21100000000001
exact_aligned_pleiotropy	diagnostic	default	21	20303021	TRUE	NA	0.999999999998413	0.945715273034662	0.0983948471895484	0.00211920076913954	0.100324121739436	0.945715273033124	0.187698974908898	0.113186356326423	1.249
exact_aligned_pleiotropy	diagnostic	default	22	20303022	TRUE	NA	1	0.947930413358653	0.0936507508079662	0.00144790309922771	0.0949570179446183	0.947930413358653	0.200866992061549	0.200866992061549	1.19
exact_aligned_pleiotropy	diagnostic	default	23	20303023	TRUE	NA	0.99999999968571	0.945839589343207	0.0994730525895914	0.00164221697128618	0.10095121736671	0.945839589042394	0.17648397919767	0.160466066812461	1.215
exact_aligned_pleiotropy	diagnostic	default	24	20303024	TRUE	NA	0.999999999999997	0.937343312284006	0.1341252782495	0.00167959889913288	0.135568820128406	0.937343312284006	0.346007030678535	0.0953554204869533	1.27799999999999
exact_aligned_pleiotropy	diagnostic	default	25	20303025	TRUE	NA	0.999999999999983	0.925382445252032	0.114431374785878	0.00148240266044089	0.115729737490637	0.92538244525202	0.257203262472757	0.257203262472757	1.202
exact_aligned_pleiotropy	diagnostic	default	26	20303026	TRUE	NA	0.999999739515808	0.907572026243622	0.148238457342017	0.00333038512300499	0.151071674752229	0.907571776599213	0.259643005097956	0.259643005097956	1.334
exact_aligned_pleiotropy	diagnostic	default	27	20303027	TRUE	NA	0.999999999828902	0.989114472990245	0.0662194142443661	0.00358039582349274	0.0695957721875899	0.989114472823281	0.289925030562898	0.224350965108925	1.232
exact_aligned_pleiotropy	diagnostic	default	28	20303028	TRUE	NA	0.999999999999994	0.961221034260862	0.0664304149732637	0.00633724542956393	0.072360135306993	0.961221034260862	0.289080277779419	0.289080277779419	1.22400000000002
exact_aligned_pleiotropy	diagnostic	default	29	20303029	TRUE	NA	0.999999999999994	0.939799007307817	0.118244552547377	0.0022555779696852	0.120233437685305	0.939799007307817	0.251616693122401	0.251616693122401	1.214
exact_aligned_pleiotropy	diagnostic	default	30	20303030	TRUE	NA	0.999998907947138	0.994163390115866	0.0304333859996985	0.00208770067276157	0.0324571824812734	0.994162328758894	0.271259626535056	0.271259626535056	1.21100000000001
exact_aligned_pleiotropy	diagnostic	default	31	20303031	TRUE	NA	1	0.824120626513236	0.248603208666495	0.00160122948617725	0.249802097209107	0.824120626513236	0.284247992333988	0.284247992333988	1.244
exact_aligned_pleiotropy	diagnostic	default	32	20303032	TRUE	NA	0.999999999999962	0.812125077930412	0.365526845761548	0.00171596523922166	0.366472156665829	0.81212507793038	0.289950603936433	0.289950603936433	1.12700000000001
exact_aligned_pleiotropy	diagnostic	default	33	20303033	TRUE	NA	0.999999999999992	0.80768684087271	0.248598317973155	0.00144307239544958	0.249680599172495	0.80768684087271	0.264610462117076	0.264610462117076	1.19499999999999
exact_aligned_pleiotropy	diagnostic	default	34	20303034	TRUE	NA	0.999999999999947	0.992060190721498	0.0456925390407487	0.00147827966863305	0.0471022149880811	0.992060190721443	0.284822767994939	0.284822767994939	1.25800000000001
exact_aligned_pleiotropy	diagnostic	default	35	20303035	TRUE	NA	0.999999990860001	0.9226026102185	0.12276076934104	0.00345587064928996	0.125845820676015	0.922602601611444	0.236789202104333	0.184879642078442	1.21899999999999
exact_aligned_pleiotropy	diagnostic	default	36	20303036	TRUE	NA	0.999999999988706	0.666186222310966	0.35480152531486	0.00163936839939772	0.35589963189045	0.666186222300091	0.31946640214656	0.316766302665783	1.251
exact_aligned_pleiotropy	diagnostic	default	37	20303037	TRUE	NA	0.999999999999766	0.839486200386498	0.193025885235915	0.00144973661603245	0.194193476305995	0.839486200386287	0.339976589781656	0.339976589781656	1.22300000000001
exact_aligned_pleiotropy	diagnostic	default	38	20303038	TRUE	NA	0.999999999999997	0.960673502173461	0.0669594960411667	0.00145182676418007	0.0683126788073056	0.960673502173461	0.225904595546496	0.225904595546496	1.23999999999998
exact_aligned_pleiotropy	diagnostic	default	39	20303039	TRUE	NA	0.999999999999993	0.917216592151529	0.124457639270238	0.00167186414741695	0.125930429817816	0.917216592151529	0.417187194379949	0.417187194379949	1.32499999999999
exact_aligned_pleiotropy	diagnostic	default	40	20303040	TRUE	NA	0.999999999999439	0.881684953715454	0.153229172982174	0.00189106447377489	0.15478052629519	0.881684953714913	0.260152216157735	0.260152216157735	1.203
exact_aligned_pleiotropy	diagnostic	default	41	20303041	TRUE	NA	0.999999999999993	0.986209095078595	0.0490635661071562	0.00240633262742922	0.0513556941000684	0.986209095078595	0.251634338385585	0.219051810075001	1.26000000000002
exact_aligned_pleiotropy	diagnostic	default	42	20303042	TRUE	NA	0.999999999999876	0.978813488448366	0.0847222227077923	0.00209807414915754	0.0866301914351949	0.978813488448239	0.34662826425857	0.242133194101314	1.18900000000002
exact_aligned_pleiotropy	diagnostic	default	43	20303043	TRUE	NA	1	0.973350724270753	0.0763599007854565	0.00426355417775864	0.0803348226885518	0.973350724270753	0.221158676416337	0.211253821325556	1.25900000000001
exact_aligned_pleiotropy	diagnostic	default	44	20303044	TRUE	NA	1.00000000000001	0.911012812747829	0.1445047187257	0.00212586219561437	0.146326782630703	0.911012812747829	0.23205966335918	0.153237920838905	1.20100000000002
exact_aligned_pleiotropy	diagnostic	default	45	20303045	TRUE	NA	0.999999993439998	0.922587450190507	0.107179352355569	0.00145378328625429	0.1084734113917	0.922587443881927	0.335660728071559	0.335660728071559	1.22
exact_aligned_pleiotropy	diagnostic	default	46	20303046	TRUE	NA	1	0.962571089964449	0.176604120137914	0.00501181868856213	0.181030715902811	0.962571089964449	0.295854220937372	0.153090292438932	1.18199999999999
exact_aligned_pleiotropy	diagnostic	default	47	20303047	TRUE	NA	0.999999999993711	0.893677554561727	0.137613942139507	0.00145193664405481	0.138853853624969	0.893677554555567	0.369785414377063	0.369785414377063	1.22200000000001
exact_aligned_pleiotropy	diagnostic	default	48	20303048	TRUE	NA	0.999999992201521	0.93142040065703	0.109553808748709	0.00200996110473025	0.111364382915655	0.931420393052634	0.222248868052418	0.19051492233001	1.24600000000001
exact_aligned_pleiotropy	diagnostic	default	49	20303049	TRUE	NA	0.999999999999851	0.667939560915136	0.395054664418009	0.00802419020022495	0.398385005571001	0.667939560914988	0.454655132784325	0.412996733229306	1.34799999999998
exact_aligned_pleiotropy	diagnostic	default	50	20303050	TRUE	NA	0.999999999999999	0.973376419189823	0.068534890957307	0.00390626240449044	0.0722153744139091	0.973376419189823	0.271413192007046	0.271413192007046	1.28
orientation_70pct	directional	default	1	20304001	TRUE	TRUE	1.00000000000001	0.0135058202103734	0.0277078613111957	1.00000000000001	1.00000000000001	0.0135058202103734	0.313962985242192	0.254866121962138	3.42099999999999
orientation_70pct	directional	default	2	20304002	TRUE	TRUE	0.99999995385749	0.010177654236953	0.0169448718254505	1	1	0.0101776537758751	0.212962779690329	0.209999438797979	3.363
orientation_70pct	directional	default	3	20304003	TRUE	TRUE	0.999999999999995	0.0110307680572522	0.0207844777685022	0.999999999999996	0.999999999999996	0.0110307680572522	1.55577222386853	0.346669741479815	3.51299999999998
orientation_70pct	directional	default	4	20304004	TRUE	TRUE	0.999999999998631	0.0115995729384505	0.0206555096644488	0.999999999999997	0.999999999999997	0.0115995729384357	0.245561296290646	0.24099995358128	3.35400000000001
orientation_70pct	directional	default	5	20304005	TRUE	TRUE	0.999999999999995	0.0115927609713103	0.0249474150644005	0.999999999999995	0.999999999999995	0.0115927609713103	0.209918537967582	0.209918537967582	3.737
orientation_70pct	directional	default	6	20304006	TRUE	TRUE	0.999999438634115	0.00850627108355059	0.0186025023157599	1	1	0.00850626645416857	0.212707324981807	0.212427720420123	4.17000000000002
orientation_70pct	directional	default	7	20304007	TRUE	TRUE	1.00000000000001	0.0315238228332853	0.035034485790426	1.00000000000001	1.00000000000001	0.0315238228332853	0.258055281843653	0.258055281843653	3.60599999999999
orientation_70pct	directional	default	8	20304008	TRUE	TRUE	0.999999911708822	0.0382893809272041	0.0977597107716264	1	1	0.0382893775203204	0.277222873045957	0.191915097649314	3.541
orientation_70pct	directional	default	9	20304009	TRUE	TRUE	0.999999916574893	0.0105820078259974	0.0224858725537384	0.999999999999999	0.999999999999999	0.0105820069551855	0.604307616742986	0.219854362491247	3.71600000000001
orientation_70pct	directional	default	10	20304010	TRUE	TRUE	0.999999999999994	0.00986192434662347	0.0219659598864277	1	1	0.0098619243466234	0.356562324383916	0.356562324383916	3.666
orientation_70pct	directional	default	11	20304011	TRUE	TRUE	0.999999975134598	0.0120760757530012	0.0259806955624092	0.999999999999993	0.999999999999993	0.0120760754622953	0.34659379364362	0.208969633459702	3.607
orientation_70pct	directional	default	12	20304012	TRUE	TRUE	0.999999994013935	0.0122285849932056	0.0216163957285072	1	1	0.0122285849218322	0.300685451108507	0.187944433384473	3.928
orientation_70pct	directional	default	13	20304013	TRUE	TRUE	1	0.0628870894054491	0.138934128195077	1	1	0.0628870894054491	0.422496893897497	0.193271992405201	3.57500000000002
orientation_70pct	directional	default	14	20304014	TRUE	TRUE	0.99999999896565	0.00765812397319037	0.0134890492011946	0.999999999999995	0.999999999999995	0.00765812396522375	0.261870197795076	0.261870197795076	3.733
orientation_70pct	directional	default	15	20304015	TRUE	TRUE	0.999999997291344	0.00984244331634598	0.0196452880752179	0.999999999999996	0.999999999999996	0.009842443290256	0.222885217741435	0.206920728546692	4.04300000000001
orientation_70pct	directional	default	16	20304016	TRUE	TRUE	0.999999999999995	0.0101156510536106	0.0242142361817671	0.999999999999995	0.999999999999995	0.0101156510536106	0.296739000384761	0.244229528877895	3.46800000000002
orientation_70pct	directional	default	17	20304017	TRUE	TRUE	0.999999999999995	0.0191525098882969	0.0228945201277157	0.999999999999995	0.999999999999995	0.0191525098882969	0.169519118481773	0.169519118481773	3.97699999999998
orientation_70pct	directional	default	18	20304018	TRUE	TRUE	0.999275254971872	0.0150570709838619	0.0332093519209272	0.999999999999993	0.999999999999993	0.0150464000698109	0.448159805531205	0.448159805531205	4.03
orientation_70pct	directional	default	19	20304019	TRUE	TRUE	1.00000000000001	0.0108848339189166	0.019061996075552	1.00000000000001	1.00000000000001	0.0108848339189166	0.322729236394423	0.231471573570346	3.60399999999998
orientation_70pct	directional	default	20	20304020	TRUE	TRUE	1.00000000000001	0.00629199852928645	0.0111232932151001	1.00000000000001	1.00000000000001	0.00629199852928645	0.420818358839199	0.333835620060938	3.374
orientation_70pct	directional	default	21	20304021	TRUE	TRUE	1	0.00845534920828358	0.0156292234722065	1	1	0.00845534920828358	0.345327159134925	0.345327159134925	3.191
orientation_70pct	directional	default	22	20304022	TRUE	TRUE	1.00000000000001	0.0251949820453541	0.0617280932874195	1.00000000000001	1.00000000000001	0.0251949820453541	0.465642624065254	0.201410390620708	3.61599999999999
orientation_70pct	directional	default	23	20304023	TRUE	TRUE	0.999999999999996	0.0100803690616065	0.0153307413759758	0.999999999999996	0.999999999999996	0.0100803690616065	0.294270972112471	0.278602675475213	3.54400000000001
orientation_70pct	directional	default	24	20304024	TRUE	TRUE	0.99999996657349	0.0136005661952926	0.0428763000367506	1.00000000000001	1.00000000000001	0.0136005657626477	0.270800042403692	0.270800042403692	3.114
orientation_70pct	directional	default	25	20304025	TRUE	TRUE	0.999999999999322	0.00785895365731793	0.0167126136705545	1	1	0.00785895365731259	0.348491502139723	0.206099685200215	4.04899999999998
orientation_70pct	directional	default	26	20304026	TRUE	TRUE	0.999999999999561	0.00915071554397489	0.0285754481924774	1	1	0.00915071554397092	0.446552236280624	0.303738343216452	3.822
orientation_70pct	directional	default	27	20304027	TRUE	TRUE	0.999999999999994	0.0218289091274916	0.055398470800727	0.999999999999994	0.999999999999994	0.0218289091274916	0.253036741482873	0.122135876610429	3.33799999999999
orientation_70pct	directional	default	28	20304028	TRUE	TRUE	0.999999985731428	0.00792045749696086	0.0122346094455388	1	1	0.00792045738304527	6.11205031985924	0.293168880001247	3.578
orientation_70pct	directional	default	29	20304029	TRUE	TRUE	0.999999999999996	0.0120055898559463	0.0284411743757936	0.999999999999996	0.999999999999996	0.0120055898559463	3.96810050053119	0.211055408589132	3.827
orientation_70pct	directional	default	30	20304030	TRUE	TRUE	0.999999999999996	0.00886869503941604	0.0140152618870951	0.999999999999996	0.999999999999996	0.00886869503941604	0.289022521558294	0.289022521558294	3.34199999999998
orientation_70pct	directional	default	31	20304031	TRUE	TRUE	0.999999999999999	0.00822679847546655	0.0173641214852448	0.999999999999999	0.999999999999999	0.00822679847546655	0.230260178311951	0.230260178311951	3.63999999999999
orientation_70pct	directional	default	32	20304032	TRUE	TRUE	0.999999969705043	0.00918362201397539	0.0183258784151302	1.00000000000001	1.00000000000001	0.00918362173813559	0.206869323809741	0.196990488130311	3.78299999999999
orientation_70pct	directional	default	33	20304033	TRUE	TRUE	0.999999999999269	0.009833403110106	0.0187685859282404	1	1	0.00983340311009862	0.331211599404142	0.289189784818191	4.18700000000001
orientation_70pct	directional	default	34	20304034	TRUE	TRUE	0.999957159413227	0.0170515548211233	0.0210361176240212	1	1	0.0170508330548316	0.404868351549283	0.255006194660211	4.125
orientation_70pct	directional	default	35	20304035	TRUE	TRUE	0.999998206711243	0.0520298319992933	0.0515743885011922	1	1	0.0520297368104324	0.324731412410586	0.315515729499694	3.63400000000001
orientation_70pct	directional	default	36	20304036	TRUE	TRUE	0.991523320421045	0.00919854454891713	0.0175627487481246	1.00000000000001	1.00000000000001	0.00912053095198278	0.280953907872814	0.280953907872814	3.96299999999999
orientation_70pct	directional	default	37	20304037	TRUE	TRUE	0.99999999417309	0.00939596410089658	0.0195093391385053	0.999999999999998	0.999999999999998	0.00939596404616814	0.301508727112221	0.301508727112221	3.59400000000002
orientation_70pct	directional	default	38	20304038	TRUE	TRUE	0.999999999995056	0.0365359640943982	0.0319159227201245	1	1	0.0365359640941953	0.276215014233145	0.276215014233145	3.37700000000001
orientation_70pct	directional	default	39	20304039	TRUE	TRUE	1	0.00823190828428845	0.0237255714308052	1	1	0.00823190828428845	0.347869561594045	0.238008887445062	3.739
orientation_70pct	directional	default	40	20304040	TRUE	TRUE	1	0.0084582095076432	0.0293289633430727	1	1	0.0084582095076432	0.400295811812839	0.3177873194211	3.643
orientation_70pct	directional	default	41	20304041	TRUE	TRUE	0.999999999999995	0.00959360427878505	0.0177025281092402	0.999999999999996	0.999999999999996	0.00959360427878504	0.266554100994298	0.205497468337029	3.488
orientation_70pct	directional	default	42	20304042	TRUE	TRUE	0.999999999900854	0.156347123824448	0.432284928021554	0.999999999999996	0.999999999999996	0.156347123804135	0.319778475102424	0.319778475102424	3.64700000000002
orientation_70pct	directional	default	43	20304043	TRUE	TRUE	1	0.0110764010400027	0.0224445781311807	1	1	0.0110764010400027	0.290778546213275	0.290428488453443	3.518
orientation_70pct	directional	default	44	20304044	TRUE	TRUE	0.99999999999932	0.0168911947909399	0.0302573867575779	1	1	0.0168911947909289	1.95358223964269	0.364059732949698	3.78
orientation_70pct	directional	default	45	20304045	TRUE	TRUE	1	0.00833833561602759	0.018078347414502	1	1	0.00833833561602759	0.377271181676214	0.221559677624953	3.31199999999998
orientation_70pct	directional	default	46	20304046	TRUE	TRUE	0.999999999749796	0.00771455628784584	0.0133759397891463	0.999999999999995	0.999999999999995	0.00771455628591068	0.628173345655512	0.255755761267139	3.797
orientation_70pct	directional	default	47	20304047	TRUE	TRUE	1	0.00799079175035211	0.0157107477665334	1	1	0.00799079175035211	0.233998002686263	0.216498106615234	3.84
orientation_70pct	directional	default	48	20304048	TRUE	TRUE	0.999999999996726	0.01804235037257	0.0223386231162743	0.999999999999994	0.999999999999994	0.0180423503725039	0.232919447610413	0.232919447610413	3.56399999999999
orientation_70pct	directional	default	49	20304049	TRUE	TRUE	0.999999999206148	0.0256242505052939	0.0563198855629862	1	1	0.0256242504842594	0.260735281919153	0.155995210057299	3.512
orientation_70pct	directional	default	50	20304050	TRUE	TRUE	0.999999999999996	0.00730005000131419	0.0175000646038449	0.999999999999996	0.999999999999996	0.00730005000131419	0.348754422597683	0.261781828282665	3.30799999999999
skeptical_prior_mediation	mediation	skeptical	1	20287001	TRUE	TRUE	1	0.991008858542771	0.0266340947824002	0.00783296234512316	0.0342443828331962	0.991008858542771	0.285369384088085	0.285369384088085	1.20299999999997
skeptical_prior_mediation	mediation	skeptical	2	20287002	TRUE	FALSE	0.996874378246157	0.726665152342785	0.301515612972822	0.00094853851971387	0.302172308564813	0.72496778493984	0.309706279606985	0.309706279606985	1.10500000000002
skeptical_prior_mediation	mediation	skeptical	3	20287003	TRUE	TRUE	0.999999828376817	0.950665968960074	0.0835533986082733	0.0013691458637647	0.0848067883464317	0.950665812348321	0.461446029125895	0.269958267328377	1.12400000000002
skeptical_prior_mediation	mediation	skeptical	4	20287004	TRUE	TRUE	0.998993890862216	0.94087114562159	0.0832181881791798	0.00108221247943071	0.0842125072772004	0.940073657409723	0.314027784351111	0.28698509929599	1.14400000000001
skeptical_prior_mediation	mediation	skeptical	5	20287005	TRUE	TRUE	0.999686452261538	0.963213731889327	0.0599843904688661	0.00738821610513045	0.0670296516245009	0.962928303334539	0.308458964458225	0.275201906813834	1.137
skeptical_prior_mediation	mediation	skeptical	6	20287006	TRUE	TRUE	0.999999749330093	0.943915623942127	0.0761235354142797	0.00106301136900266	0.0770980316687446	0.943915400334845	0.306003308141129	0.279828488360081	1.17999999999998
skeptical_prior_mediation	mediation	skeptical	7	20287007	TRUE	TRUE	0.999999979948235	0.992309840427143	0.0729564031516588	0.000936950229969242	0.0738209793452038	0.992309821371197	0.324000168637752	0.19701948041741	1.143
skeptical_prior_mediation	mediation	skeptical	8	20287008	TRUE	TRUE	0.999999999987714	0.967755171997013	0.0497889960854949	0.00166664199012504	0.0513801972487949	0.9677551719857	0.25007188435842	0.243612343971265	1.14600000000002
skeptical_prior_mediation	mediation	skeptical	9	20287009	TRUE	TRUE	0.999185256961804	0.952810414655998	0.0607083737137279	0.00138129420094589	0.0620060905061911	0.952061078884747	0.251672603776228	0.250584469636777	1.143
skeptical_prior_mediation	mediation	skeptical	10	20287010	TRUE	TRUE	0.999999999997632	0.959378064491193	0.0586144711179542	0.000939531979573048	0.0594909819088436	0.959378064489188	0.22126895390906	0.22126895390906	1.208
skeptical_prior_mediation	mediation	skeptical	11	20287011	TRUE	TRUE	0.999999999992152	0.958313589972358	0.0602353386207145	0.0016604894965068	0.0617956630763794	0.958313589965691	0.328173824149644	0.328173824149644	1.15900000000002
skeptical_prior_mediation	mediation	skeptical	12	20287012	TRUE	FALSE	0.354548220427295	0.919066106300775	0.0996591697681989	0.00165900744715947	0.101153336205753	0.33338077753182	0.201248476242284	0.201248476242284	1.15599999999998
skeptical_prior_mediation	mediation	skeptical	13	20287013	TRUE	TRUE	0.993703982817655	0.916679726569914	0.110514553581034	0.00120464953779485	0.111527052232253	0.911491465991245	0.300677912220451	0.300677912220451	1.15000000000001
skeptical_prior_mediation	mediation	skeptical	14	20287014	TRUE	TRUE	0.999995681848785	0.977882199463437	0.0552001221637982	0.00210367170082239	0.0571748578624276	0.97787820101807	0.401916016095043	0.401916016095043	1.167
skeptical_prior_mediation	mediation	skeptical	15	20287015	TRUE	TRUE	0.999142699173936	0.914345937254451	0.112248334859295	0.00234169982228043	0.114334119767388	0.913595158270832	0.356760014548144	0.356760014548144	1.126
skeptical_prior_mediation	mediation	skeptical	16	20287016	TRUE	TRUE	0.999999992109936	0.938541446831754	0.0839880567158014	0.000933589403864141	0.0848340494128403	0.938541440214429	0.212742045024967	0.132565096410872	1.16
skeptical_prior_mediation	mediation	skeptical	17	20287017	TRUE	TRUE	0.999982158648053	0.991506948557339	0.0259846029215954	0.00104417285775595	0.0270018253424586	0.991489603267219	0.284260091226741	0.255475062227958	1.21200000000002
skeptical_prior_mediation	mediation	skeptical	18	20287018	TRUE	TRUE	0.999999999420171	0.982056697477977	0.0416208584637704	0.000917696450001753	0.0424981404472571	0.982056696941179	0.313944542250724	0.313944542250724	1.16
skeptical_prior_mediation	mediation	skeptical	19	20287019	TRUE	TRUE	0.999998594925901	0.973322344915575	0.0475883609696394	0.00114296535189961	0.0486768287394739	0.973321225822525	0.153003860525217	0.0655695433354992	1.17099999999999
skeptical_prior_mediation	mediation	skeptical	20	20287020	TRUE	TRUE	0.999798641590476	0.935167397577665	0.0819069792834756	0.00160526544574143	0.0833805395993072	0.934999333573136	0.313596842029099	0.304129980772615	1.143
skeptical_prior_mediation	mediation	skeptical	21	20287021	TRUE	TRUE	0.999999999862689	0.963692328178162	0.0595104434419765	0.00107325731253726	0.0605202074940047	0.963692328054047	0.23426947513741	0.164117739723878	1.13300000000001
skeptical_prior_mediation	mediation	skeptical	22	20287022	TRUE	TRUE	0.999936066274608	0.991667223185533	0.0235023669321244	0.00444626638510626	0.0278380814484919	0.991604682738067	0.264323771905509	0.245929261325642	1.18700000000001
skeptical_prior_mediation	mediation	skeptical	23	20287023	TRUE	FALSE	0.999999997135199	0.713049037021882	0.323845499504412	0.00179376752823985	0.325165803195275	0.713049035429436	0.319977067348532	0.174653050798042	1.11399999999998
skeptical_prior_mediation	mediation	skeptical	24	20287024	TRUE	TRUE	0.995602580132676	0.952150308414421	0.0697158508949745	0.000979391872837926	0.0706206377698484	0.948370929243051	0.254544679615464	0.254544679615464	1.16499999999999
skeptical_prior_mediation	mediation	skeptical	25	20287025	TRUE	TRUE	0.99999094949368	0.946312725580616	0.073782680479073	0.00133262369166557	0.0749942734713733	0.946304409065487	0.185414965528494	0.126511452679367	1.15199999999999
skeptical_prior_mediation	mediation	skeptical	26	20287026	TRUE	TRUE	0.999999990237653	0.984476055513623	0.029511891573061	0.00103204261441788	0.0305136256289964	0.984476046208694	0.270357384731113	0.261361943781822	1.19
skeptical_prior_mediation	mediation	skeptical	27	20287027	TRUE	TRUE	0.999999999999996	0.978074972669142	0.0422353402339315	0.00192903041798373	0.0440937371589555	0.978074972669141	0.14429859028003	0.0999615189705878	1.208
skeptical_prior_mediation	mediation	skeptical	28	20287028	TRUE	TRUE	0.996710097632928	0.961365043408539	0.0602426104892548	0.00117634376390549	0.0613527129540824	0.95848244245321	0.2628710187997	0.252100572324593	1.10199999999998
skeptical_prior_mediation	mediation	skeptical	29	20287029	TRUE	TRUE	0.998803794145285	0.925008967658356	0.137391846831647	0.000998010250490234	0.138249813051841	0.92395677797495	0.126752956465282	0.11202337114689	1.22300000000001
skeptical_prior_mediation	mediation	skeptical	30	20287030	TRUE	TRUE	0.999999999404635	0.991633397313521	0.0313557314632498	0.00103951502795274	0.0323612854733791	0.991633396736085	0.228662488811551	0.1240312922925	1.14600000000002
skeptical_prior_mediation	mediation	skeptical	31	20287031	TRUE	TRUE	0.999662597774822	0.974937573590191	0.0586229316245145	0.00150051021245999	0.0600429926742627	0.9746216855231	0.41009142269175	0.41009142269175	1.15700000000001
skeptical_prior_mediation	mediation	skeptical	32	20287032	TRUE	TRUE	0.998060872998482	0.961735287081059	0.0561630245545327	0.00112026604569291	0.0572211803564817	0.959950549949301	0.226944919308124	0.226944919308124	1.124
skeptical_prior_mediation	mediation	skeptical	33	20287033	TRUE	TRUE	0.999663455046777	0.96109429414538	0.0614997079220291	0.00102428655226826	0.0624604788823278	0.960811716093536	0.1921269665674	0.1921269665674	1.20000000000002
skeptical_prior_mediation	mediation	skeptical	34	20287034	TRUE	FALSE	0.999983609014409	0.506829081288548	0.547145810667427	0.00933394355793442	0.554424649682444	0.506824965916357	0.258741969049154	0.258741969049154	1.19200000000001
skeptical_prior_mediation	mediation	skeptical	35	20287035	TRUE	TRUE	0.999700005899788	0.957044719903048	0.0741834385397672	0.00193554531265993	0.075950389002819	0.956772642261697	0.346593940250017	0.346593940250017	1.16799999999998
skeptical_prior_mediation	mediation	skeptical	36	20287036	TRUE	TRUE	0.999999998324529	0.972711569948518	0.0836748079931017	0.000930363780322541	0.0845204485291337	0.972711568647443	0.288534887715457	0.260240747488666	1.161
skeptical_prior_mediation	mediation	skeptical	37	20287037	TRUE	TRUE	0.999998564767562	0.990797426583938	0.026757583911855	0.00101313939699043	0.0277434650246809	0.990796038395852	0.18890425516139	0.18890425516139	1.18199999999999
skeptical_prior_mediation	mediation	skeptical	38	20287038	TRUE	TRUE	0.999249843999678	0.98795750465405	0.0381963725334189	0.00110125441994873	0.0392488134228674	0.987253229179304	0.33027690301995	0.305368645408393	1.27000000000001
skeptical_prior_mediation	mediation	skeptical	39	20287039	TRUE	TRUE	0.981923689805645	0.987188648245119	0.0352732609486397	0.00145910890110234	0.0366825492276526	0.969649853988932	0.287622005453045	0.287622005453045	1.26499999999999
skeptical_prior_mediation	mediation	skeptical	40	20287040	TRUE	TRUE	1.00000000000001	0.935070527834681	0.0926348267259827	0.00169402326892567	0.094182495799868	0.93507052783468	0.258352190224471	0.0795014696559662	1.19899999999998
skeptical_prior_mediation	mediation	skeptical	41	20287041	TRUE	TRUE	0.999813424485143	0.988291131040032	0.0327613219105031	0.00619329791368731	0.0387420477008698	0.988114488877881	0.138667981274537	0.138667981274537	1.178
skeptical_prior_mediation	mediation	skeptical	42	20287042	TRUE	TRUE	0.999999999820554	0.940850401949049	0.0782534983576905	0.00194738326249794	0.080025688535612	0.940850401787193	0.218138574798189	0.218138574798189	1.16500000000002
skeptical_prior_mediation	mediation	skeptical	43	20287043	TRUE	TRUE	0.965286003869058	0.938490815128606	0.0826411815898948	0.00406476851274895	0.0861991182589739	0.907944937091337	0.265994801136642	0.265994801136642	1.13300000000001
skeptical_prior_mediation	mediation	skeptical	44	20287044	TRUE	FALSE	0.999663644177596	0.745063733471641	0.286479937173214	0.00230279096370724	0.287973607847236	0.744915132722455	0.41537329498081	0.41537329498081	1.24799999999999
skeptical_prior_mediation	mediation	skeptical	45	20287045	TRUE	TRUE	0.999999948677796	0.987718790087544	0.0305585725138037	0.00215654884927579	0.0326375490720476	0.987718740926686	0.25021022008471	0.25021022008471	1.14999999999998
skeptical_prior_mediation	mediation	skeptical	46	20287046	TRUE	TRUE	0.999999992770044	0.916097452306948	0.113976368311601	0.00604958490101054	0.119306782719812	0.916097447042156	0.343624843303118	0.343624843303118	1.15299999999999
skeptical_prior_mediation	mediation	skeptical	47	20287047	TRUE	TRUE	0.992496650837501	0.909448959108199	0.11471980484247	0.00172319218174719	0.116177505798423	0.903933796413133	0.32724178375156	0.32724178375156	1.18600000000001
skeptical_prior_mediation	mediation	skeptical	48	20287048	TRUE	TRUE	0.9999999516304	0.995837787960074	0.0260243635651217	0.000957143932065624	0.026955666354676	0.995837740864586	0.185928718049638	0.101803744588892	1.14000000000001
skeptical_prior_mediation	mediation	skeptical	49	20287049	TRUE	TRUE	0.999999999997926	0.992290907749	0.0246644567664683	0.000937274934537539	0.0255781741438844	0.992290907747025	0.361730288718476	0.25264833511028	1.20499999999998
skeptical_prior_mediation	mediation	skeptical	50	20287050	TRUE	FALSE	0.999318180419888	0.323518712204393	0.709022397139201	0.00140088081580304	0.709378696925531	0.323346116777525	0.144474358800196	0.144474358800196	1.16999999999999
diffuse_prior_null	null	diffuse	1	20286001	TRUE	TRUE	0.119322774224662	0.0406316454136147	0.0447048910020658	0.0028788878524049	0.0474660901796518	0.00479904923914529	0.307137752466247	0.307137752466247	1.23100000000002
diffuse_prior_null	null	diffuse	2	20286002	TRUE	TRUE	0.245580256037839	0.0939984981213871	0.0664962616677867	0.00291909949278449	0.0692319512463025	0.0227590136716304	0.274550633797645	0.274550633797645	1.233
diffuse_prior_null	null	diffuse	3	20286003	TRUE	TRUE	0.104401103059075	0.0265119960297038	0.029042070884418	0.00236154634515152	0.0313336348269658	0.0027683069536895	0.255412180185544	0.255412180185544	1.23099999999999
diffuse_prior_null	null	diffuse	4	20286004	TRUE	TRUE	0.0769729957245483	0.0180487521951958	0.0267227518077394	0.00575943818664856	0.0323123526354889	0.00138729502673502	0.448810840763471	0.448810840763471	1.239
diffuse_prior_null	null	diffuse	5	20286005	TRUE	TRUE	0.0778386963676378	0.0274561671117942	0.0290402437533716	0.00223040093092661	0.0312032811851757	0.00213267756001897	0.218278833293752	0.218278833293752	1.28100000000001
diffuse_prior_null	null	diffuse	6	20286006	TRUE	TRUE	0.142886638879018	0.0262012654581484	0.039866282957963	0.00224628812413329	0.0420219672151555	0.00373392081205825	0.44809482704909	0.44809482704909	1.21199999999999
diffuse_prior_null	null	diffuse	7	20286007	TRUE	TRUE	0.0630146329621468	0.0979946187703703	0.103729578014795	0.00296615081523901	0.106409513682019	0.00616586152617281	0.335580062348981	0.335580062348981	1.232
diffuse_prior_null	null	diffuse	8	20286008	TRUE	TRUE	0.0761376001396136	0.0422159049557345	0.0379430420574537	0.00233094663517184	0.0401848346886341	0.00321174315713768	0.251227954976457	0.251227954976457	1.20500000000001
diffuse_prior_null	null	diffuse	9	20286009	TRUE	TRUE	0.557048299609073	0.129486885571357	0.0652388444059866	0.00226221110250854	0.0673435231969534	0.0725069632417758	0.285183712084603	0.285183712084603	1.239
diffuse_prior_null	null	diffuse	10	20286010	TRUE	TRUE	0.171931210934024	0.0304295909304243	0.0345053809934398	0.00651616232398341	0.0408039515505072	0.0052250362219986	0.196946848378872	0.196946848378872	1.16900000000001
diffuse_prior_null	null	diffuse	11	20286011	TRUE	TRUE	0.106645050727002	0.0515513771632484	0.0480162198043688	0.00219667815076593	0.0501039673943419	0.00549781778868404	0.348046922016991	0.348046922016991	1.22400000000002
diffuse_prior_null	null	diffuse	12	20286012	TRUE	TRUE	0.0709888035788835	0.0207468050015918	0.024575246017699	0.00302967867486065	0.027534311285486	0.0014731064417619	0.291288520845171	0.291288520845171	1.29600000000002
diffuse_prior_null	null	diffuse	13	20286013	TRUE	TRUE	0.0776878285437611	0.099438830527135	0.109199495444764	0.00752241165211895	0.116162198313635	0.00778830361812902	0.562130941128601	0.562130941128601	1.279
diffuse_prior_null	null	diffuse	14	20286014	TRUE	TRUE	0.107686776031813	0.0394835988081142	0.0348735579959621	0.00560858837006845	0.0403055587894573	0.00422698530951335	0.149846315714285	0.149846315714285	1.274
diffuse_prior_null	null	diffuse	15	20286015	TRUE	TRUE	0.401292284775632	0.0429087698596215	0.161025093614272	0.002263124694164	0.162914969607578	0.0173283155733028	0.376488706340865	0.376488706340865	1.238
diffuse_prior_null	null	diffuse	16	20286016	TRUE	TRUE	0.0815129150196663	0.0255625990667115	0.0247757715572785	0.00216639275755462	0.0268879834667435	0.00208819057128321	0.234692030026196	0.234692030026196	1.19799999999998
diffuse_prior_null	null	diffuse	17	20286017	TRUE	TRUE	0.0622268244370993	0.0195234376681874	0.0194030987034987	0.00885234460948614	0.0280621743439199	0.0012148619882302	0.263883648974087	0.263046952625103	1.28899999999999
diffuse_prior_null	null	diffuse	18	20286018	TRUE	TRUE	0.211056189302907	0.133246956040603	0.0635727448256549	0.00255205069091895	0.0659516527844367	0.0279668326577694	0.29067839402731	0.29067839402731	1.25999999999999
diffuse_prior_null	null	diffuse	19	20286019	TRUE	TRUE	0.0558730308729535	0.0914376220907208	0.0764659579330583	0.00217734762571995	0.0784712448765308	0.00510861335457291	0.348845299895729	0.348845299895729	1.21099999999998
diffuse_prior_null	null	diffuse	20	20286020	TRUE	TRUE	0.0612259126234637	0.0280947939783912	0.0224287583922967	0.00500253184480222	0.0273187438758851	0.00171909282854191	0.262052935433758	0.25782735653938	1.27599999999998
diffuse_prior_null	null	diffuse	21	20286021	TRUE	TRUE	0.0814930884515061	0.0234721965545469	0.0247458583205115	0.00542220720597482	0.0300338769171647	0.00191249401091919	0.223578880288272	0.223578880288272	1.238
diffuse_prior_null	null	diffuse	22	20286022	TRUE	TRUE	0.39244027225083	0.0273485227124388	0.0256094324932492	0.00334900006866478	0.0288719921567822	0.0107611706969072	0.240378078435299	0.240378078435299	1.19499999999999
diffuse_prior_null	null	diffuse	23	20286023	TRUE	TRUE	0.0667919704248618	0.0214404709202954	0.027434405153749	0.0108107808525434	0.0379111853611855	0.00143241137037789	0.24901989937112	0.24901989937112	1.215
diffuse_prior_null	null	diffuse	24	20286024	TRUE	TRUE	0.283447470731654	0.0290984848139444	0.0542560571724407	0.00998155371194265	0.0636982456104239	0.0083389550238076	0.286502089564294	0.286502089564294	1.185
diffuse_prior_null	null	diffuse	25	20286025	TRUE	TRUE	0.0758912367154794	0.0316924830032662	0.043760587626552	0.00219573532482227	0.0458602056886515	0.0024142079292323	0.246461141392501	0.246461141392501	1.20699999999999
diffuse_prior_null	null	diffuse	26	20286026	TRUE	TRUE	0.0693462069536386	0.018647213936826	0.0205333207269996	0.00214767187317333	0.0226364950398694	0.00129290950953274	0.212457648057281	0.212457648057281	1.215
diffuse_prior_null	null	diffuse	27	20286027	TRUE	TRUE	0.0747493085589043	0.0445043921036415	0.0550916565806325	0.00432051002260526	0.0590110637384573	0.00333261963847201	0.417938059747485	0.417938059747485	1.20699999999999
diffuse_prior_null	null	diffuse	28	20286028	TRUE	TRUE	0.0634449599269266	0.0244733298363371	0.02841826602243	0.00309183915406707	0.031426801962496	0.00155257242094262	0.195222844200202	0.195222844200202	1.17699999999999
diffuse_prior_null	null	diffuse	29	20286029	TRUE	TRUE	0.0813417330386406	0.0213354809335238	0.0221354594813534	0.00225820633949038	0.0243435759190653	0.00173550213557453	0.31778137633836	0.316099151006057	1.18700000000001
diffuse_prior_null	null	diffuse	30	20286030	TRUE	TRUE	0.191376954150356	0.0397852781491967	0.0617555221694334	0.00224397228046314	0.063850422929204	0.00760772506515175	0.223281307582454	0.223281307582454	1.209
diffuse_prior_null	null	diffuse	31	20286031	TRUE	TRUE	0.0574327074871533	0.0259505064277359	0.0340647647356394	0.00217961834284439	0.0361688015364346	0.00149943266824431	0.482158457207532	0.429508260113977	1.309
diffuse_prior_null	null	diffuse	32	20286032	TRUE	TRUE	0.0705417818965443	0.0261811314444269	0.0310902166252388	0.00278845708851673	0.0337968444114592	0.00185918955540667	0.355517212207872	0.355517212207872	1.23599999999999
diffuse_prior_null	null	diffuse	33	20286033	TRUE	TRUE	0.0598599302015466	0.0208493646526285	0.0217034509134005	0.00323379608870603	0.0248647609675481	0.0012474965929443	0.259274407724035	0.258701057331763	1.25300000000001
diffuse_prior_null	null	diffuse	34	20286034	TRUE	TRUE	0.0779040184637228	0.0259848894972324	0.0376226997766496	0.00223727831834429	0.0397758161154079	0.0020266609425837	0.434474908126319	0.434474908126319	1.22400000000002
diffuse_prior_null	null	diffuse	35	20286035	TRUE	TRUE	0.0713159449344593	0.0404142359933235	0.040272376847123	0.00255502716506728	0.0427195679266691	0.00288038421016316	0.346027222285556	0.346027222285556	1.21800000000002
diffuse_prior_null	null	diffuse	36	20286036	TRUE	TRUE	0.0801956862371313	0.0255262043537625	0.0258711493695525	0.00374761697328793	0.0295134045081873	0.00204402002645602	0.291624273972076	0.291624273972076	1.21899999999999
diffuse_prior_null	null	diffuse	37	20286037	TRUE	TRUE	0.0834405056714959	0.0767434366417877	0.0861247845384451	0.00258498177881254	0.0884777624595147	0.00640852414524036	0.454493401472405	0.454493401472405	1.23099999999999
diffuse_prior_null	null	diffuse	38	20286038	TRUE	TRUE	0.170750780513828	0.0262386472604646	0.0250193751616324	0.00369531799742964	0.0286253914527422	0.00448612853393594	0.289179368348385	0.288560240129911	1.23599999999999
diffuse_prior_null	null	diffuse	39	20286039	TRUE	TRUE	0.106561241348408	0.0307722404897583	0.0343077055679065	0.0831558722318924	0.114587414083485	0.0032763309738452	0.314521395246373	0.314521395246373	1.19299999999998
diffuse_prior_null	null	diffuse	40	20286040	TRUE	TRUE	0.071122022442106	0.164268580316384	0.0726944802042558	0.00219550878836794	0.0747278856954081	0.0117089768034966	0.260024272244863	0.260024272244863	1.21199999999999
diffuse_prior_null	null	diffuse	41	20286041	TRUE	TRUE	0.0795672613805727	0.0256324853088532	0.0270502387161217	0.00240847060209592	0.0293933645161822	0.00204182120682593	0.225897409320424	0.224966602142615	1.24199999999999
diffuse_prior_null	null	diffuse	42	20286042	TRUE	TRUE	0.0706425618206814	0.0312748029487993	0.040981328079722	0.00756879916921382	0.0482069118502005	0.00221810608864851	0.4887354132578	0.4887354132578	1.16200000000001
diffuse_prior_null	null	diffuse	43	20286043	TRUE	TRUE	0.338381540410482	0.0200073822335488	0.0225062445330157	0.00250065701463573	0.0249488166920563	0.00679508331685909	0.320339748368269	0.320339748368269	1.23699999999999
diffuse_prior_null	null	diffuse	44	20286044	TRUE	TRUE	0.0939920843777881	0.0938209967268191	0.0528532244462446	0.00937071346940504	0.0615468481287882	0.00869937381881186	0.223393165896823	0.223393165896823	1.22
diffuse_prior_null	null	diffuse	45	20286045	TRUE	TRUE	0.0890235677380022	0.0295650126735563	0.0319951703254422	0.00239494414561248	0.0343120749916443	0.00263811694077108	0.195410710212514	0.195410710212514	1.17099999999999
diffuse_prior_null	null	diffuse	46	20286046	TRUE	TRUE	0.0759074415340216	0.0376837057070399	0.0521894278215146	0.00866330791506546	0.0604445043928013	0.00285834154726243	0.333341576972515	0.333341576972515	1.13800000000001
diffuse_prior_null	null	diffuse	47	20286047	TRUE	TRUE	0.121389725131824	0.130998897802512	0.120306598959471	0.00303894066049581	0.12288968350579	0.01603677459305	0.379711718367986	0.379711718367986	1.13
diffuse_prior_null	null	diffuse	48	20286048	TRUE	TRUE	0.0750362319170835	0.026716000490105	0.0288738785520187	0.00770032091038059	0.0363651819424128	0.00200473174593609	0.285145794682194	0.282414202233838	1.06100000000001
diffuse_prior_null	null	diffuse	49	20286049	TRUE	TRUE	0.0892559277689148	0.027261095103598	0.0705346755090468	0.00478942813091043	0.0749485699158293	0.00243209739309108	0.323986236912901	0.323986236912901	1.03
diffuse_prior_null	null	diffuse	50	20286050	TRUE	TRUE	0.0675654686380112	0.0525254028474106	0.0341013972094484	0.00223800873842009	0.0362601542918331	0.0035532307349398	0.30826673903087	0.307857344565264	1.06100000000001
