scenario	pattern	profile	replicate	seed	success	pattern_correct	PP_XM	PP_global_MY	PP_sparse_P	PP_directional_P	PP_any_P	PP_two_path	max_adaptive_laplace_difference	elapsed_seconds
matched_null	null	default	1	20265001	TRUE	TRUE	0.0291357460866112	0.0108694771652307	0.0237025832925327	0.00273672399085433	0.0263758097718111	0.000314977439319572	0.348929725079245	1.277
matched_null	null	default	2	20265002	TRUE	TRUE	0.0459526020329391	0.0079032997477119	0.0143807932125155	0.00158969923150037	0.0159478519937527	0.000363450591052396	0.257457170049406	1.203
matched_null	null	default	3	20265003	TRUE	TRUE	0.0424611482846803	0.0192181201926717	0.0271845652243267	0.00163771946312276	0.02876919654813	0.000813567592231346	0.179835948094535	1.175
matched_null	null	default	4	20265004	TRUE	TRUE	0.0394322679371865	0.00813897452213115	0.0167949857858239	0.00159443958703839	0.018362316939951	0.000320884066899769	0.231030828149528	1.233
matched_null	null	default	5	20265005	TRUE	TRUE	0.0378508595454959	0.00829763186082906	0.0294376456393106	0.00155234569742741	0.0309345360570293	0.000314100079954665	0.319522230490008	1.189
matched_null	null	default	6	20265006	TRUE	TRUE	0.053021715599463	0.00845163120375017	0.0405689394905096	0.00177896401288532	0.042276935750832	0.00045005026390748	0.295762457336778	1.081
matched_null	null	default	7	20265007	TRUE	TRUE	0.0305602478014934	0.00918929411286634	0.014522142219681	0.00175264711014767	0.016249026209555	0.000280783636751194	0.28371396227439	1.228
matched_null	null	default	8	20265008	TRUE	TRUE	0.249724259591032	0.0106648516835615	0.0298836107437914	0.00187814012681651	0.0317006846156795	0.00266262679190903	0.252290488383764	1.151
matched_null	null	default	9	20265009	TRUE	TRUE	0.0481082539016152	0.029363856009577	0.0569587950749339	0.00193103803164519	0.0587890001529436	0.00143134226356114	0.347576984563887	1.15
matched_null	null	default	10	20265010	TRUE	TRUE	0.0293310455576018	0.00838493131469308	0.0141743086082833	0.00444653983274681	0.0185596313176471	0.000245936615061161	0.268232030314124	1.209
matched_null	null	default	11	20265011	TRUE	TRUE	0.0353201222654574	0.00844873130835386	0.0172817302418753	0.00138861123151783	0.0186455171590002	0.000298673820969985	0.278413048344021	1.18
matched_null	null	default	12	20265012	TRUE	TRUE	0.502728470057321	0.00824037371971052	0.0244279587328854	0.00251716860311754	0.0268906991723283	0.00414480694598328	0.313271761844533	1.116
matched_null	null	default	13	20265013	TRUE	TRUE	0.101760095350535	0.0102610450041927	0.0186891724523138	0.00182755271541997	0.0204804173926821	0.00104286575650337	0.198231060856301	1.099
matched_null	null	default	14	20265014	TRUE	TRUE	0.0709401382067085	0.00848829285030081	0.0195187263830257	0.0013895373185368	0.020880924967544	0.000603684940647543	0.294218550145018	1.158
matched_null	null	default	15	20265015	TRUE	TRUE	0.02807252151096	0.0461299800611723	0.0433508934430802	0.00208897240837699	0.0453575822045547	0.00129641456342118	0.248358086161829	1.146
matched_null	null	default	16	20265016	TRUE	TRUE	0.0518077897101109	0.00852951803602902	0.0158151951011057	0.00708266968463688	0.0227879545852065	0.000442713851957795	0.206268080498305	1.173
matched_null	null	default	17	20265017	TRUE	TRUE	0.0267138400942314	0.0228795403979401	0.0282420579240584	0.00141970584592948	0.0296211751915309	0.000612106395419928	0.258646511648351	1.139
matched_null	null	default	18	20265018	TRUE	TRUE	0.0345288635716803	0.0204340143950043	0.0463731842679644	0.00230607220057654	0.0485950852197567	0.000706769640114488	0.357946016336285	1.129
matched_null	null	default	19	20265019	TRUE	TRUE	0.0418586442075383	0.00922415669861895	0.0133310137050245	0.00142917441655237	0.0147409039729274	0.000386173419683338	0.261960382177591	1.175
matched_null	null	default	20	20265020	TRUE	TRUE	0.0602433438964114	0.00864500222947211	0.0167876925066062	0.00185794881212016	0.018616458381684	0.000520204670880569	0.256787433184996	1.204
matched_null	null	default	21	20265021	TRUE	TRUE	0.0572775003954719	0.00860423924896395	0.0164231524987275	0.00154001475967912	0.0179351226548774	0.000494375855407209	0.202003424278416	1.159
matched_null	null	default	22	20265022	TRUE	TRUE	0.0440007878483433	0.0166926323929312	0.0356905949839357	0.0082839267314798	0.0436454435781782	0.00073907306486406	0.312820868913022	1.157
matched_null	null	default	23	20265023	TRUE	TRUE	0.0407154010406139	0.0454567011764553	0.0845958223184948	0.00139516501684667	0.0858657282232076	0.001841938010839	0.374137346863478	1.126
matched_null	null	default	24	20265024	TRUE	TRUE	0.0402807081479136	0.0112104591326443	0.0274500012925605	0.00139140805310189	0.0288024718168967	0.000451350038703382	0.425130775544858	1.1
matched_null	null	default	25	20265025	TRUE	TRUE	0.0361813733592568	0.00734244480476301	0.0130636113045586	0.00139957849028542	0.0144448561580585	0.000265655168669092	0.269294011645201	1.136
matched_null	null	default	26	20265026	TRUE	TRUE	0.0508516289688689	0.00937777288803374	0.0199634140639171	0.00141491820996457	0.0213500846236414	0.000479877548310327	0.345934588967509	1.148
matched_null	null	default	27	20265027	TRUE	TRUE	0.206189214124475	0.00718549322214577	0.0124998356732092	0.00279372598733176	0.0152573683339553	0.00148824838841675	0.241798665123994	1.201
matched_null	null	default	28	20265028	TRUE	TRUE	0.0388199983043126	0.018850525943166	0.0404582227355653	0.00144294922456723	0.0418405311297059	0.000730640678410663	0.25117151809917	1.196
matched_null	null	default	29	20265029	TRUE	TRUE	0.0399514959717008	0.00992731623301646	0.0182501381932702	0.00363759331800809	0.0218219343433662	0.00039648418473671	0.230332686864671	1.175
matched_null	null	default	30	20265030	TRUE	TRUE	0.056388002436021	0.0546454284425683	0.0729056917612205	0.00252845013049928	0.0752387619984468	0.00305717631944415	0.328670854130536	1.186
matched_null	null	default	31	20265031	TRUE	TRUE	0.0418862330433705	0.00875324561082409	0.0142408377013646	0.00136832053983568	0.015589542503232	0.000366002497597611	0.262192988537237	1.219
matched_null	null	default	32	20265032	TRUE	TRUE	0.0308650594585261	0.0092251932260854	0.0417956149070483	0.00286805375631072	0.0445072512134048	0.000284679842763002	0.436837391327444	1.154
matched_null	null	default	33	20265033	TRUE	TRUE	0.0466911907410489	0.00941777955162309	0.0162987988708989	0.00175807150382506	0.0180281129487435	0.000437484399516774	0.184627583596153	1.287
matched_null	null	default	34	20265034	TRUE	TRUE	0.058778169110555	0.0172197031132464	0.0255830805378181	0.00137637488805343	0.0269237276809803	0.00101850842151248	0.193660655111529	1.256
matched_null	null	default	35	20265035	TRUE	TRUE	0.159635498219564	0.0081700270765689	0.0169334065871686	0.00140176710557356	0.0183109059075427	0.00129409925536568	0.34839705379693	1.291
matched_null	null	default	36	20265036	TRUE	TRUE	0.0413416793270411	0.0113350114972595	0.0283105661102401	0.00138690656273923	0.029657557548601	0.000466413174250071	0.342386102562301	1.269
matched_null	null	default	37	20265037	TRUE	TRUE	0.0516443553569563	0.0111086644274987	0.0185177184171082	0.00165261967270952	0.0201405175597089	0.0005756330402996	0.240056758128389	1.277
matched_null	null	default	38	20265038	TRUE	TRUE	0.167319031798289	0.00907871921298055	0.0218145604656265	0.00142501004780825	0.0232078106198757	0.00147197948944631	0.349218422464347	1.281
matched_null	null	default	39	20265039	TRUE	TRUE	0.035297819943547	0.0105672669992658	0.016421897919968	0.00792403330467239	0.0242128994526895	0.000373440005780011	0.254400111430442	1.328
matched_null	null	default	40	20265040	TRUE	TRUE	0.039950107490717	0.00852696134051176	0.0195000871424952	0.00150886012933815	0.0209786433878516	0.000342164233302214	0.333927712860145	1.244
matched_null	null	default	41	20265041	TRUE	TRUE	0.0384567641455309	0.0226638123831675	0.0302944159779377	0.0036051350039101	0.0337843345407828	0.000869041236473186	0.221221216971145	1.25
matched_null	null	default	42	20265042	TRUE	TRUE	0.0310057817174397	0.0150941577470612	0.0215941615853229	0.00199780325660771	0.023541492038914	0.000467890090374103	0.235699726947644	1.241
matched_null	null	default	43	20265043	TRUE	TRUE	0.062541869943177	0.0201579809067803	0.0248454839572773	0.00162453998075449	0.0264282172767307	0.0012563605527794	0.203149402452397	1.257
matched_null	null	default	44	20265044	TRUE	TRUE	0.173714130952012	0.0124251024095227	0.0199312081597442	0.00142895298347366	0.0213311187136025	0.00214318449195247	0.187294880056072	1.246
matched_null	null	default	45	20265045	TRUE	TRUE	0.07811596339215	0.0123247064402959	0.0220824209590255	0.00747132954427964	0.0293692926205339	0.000958792203829257	0.226138977743773	1.304
matched_null	null	default	46	20265046	TRUE	TRUE	0.0265513271334383	0.0132022953346577	0.0227462829246647	0.00944169896472841	0.0319976485330146	0.000350125327008276	0.299570167542754	1.318
matched_null	null	default	47	20265047	TRUE	TRUE	0.332832888727634	0.0110942071125491	0.0203653089521251	0.00145248887813289	0.021787992774301	0.00369372513568144	0.300392886039958	1.256
matched_null	null	default	48	20265048	TRUE	TRUE	0.0310894212584167	0.00850157371882149	0.02337290786705	0.00142597009603045	0.0247645409906811	0.000264193578175843	0.293244637645756	1.251
matched_null	null	default	49	20265049	TRUE	TRUE	0.0267833241514919	0.0322033936756901	0.105335408532259	0.0218849512392303	0.12581735867319	0.000861568240616779	0.196932913174408	1.377
matched_null	null	default	50	20265050	TRUE	TRUE	0.0403969507565344	0.00921852422784723	0.0207369681171493	0.00136003602093346	0.0220678112999476	0.000372183982975685	0.294269791853139	1.373
moderate_mediation	mediation	default	1	20266001	TRUE	TRUE	0.999999997763601	0.977035577530742	0.0573162006113088	0.00309326642090807	0.060210985564937	0.977035575425678	0.254687366168923	1.322
moderate_mediation	mediation	default	2	20266002	TRUE	TRUE	0.992287731784623	0.963533812696855	0.067390745026526	0.00145034277733904	0.0687367363261814	0.95636305673719	0.308268533692399	1.341
moderate_mediation	mediation	default	3	20266003	TRUE	TRUE	0.989294541215182	0.931133995225505	0.100057474380662	0.00923911875327113	0.108445959352809	0.921405185375047	0.24691737061535	1.343
moderate_mediation	mediation	default	4	20266004	TRUE	FALSE	0.796070478774825	0.92735137504008	0.104314038007475	0.00177491383449252	0.105896473004628	0.745932685398843	0.322497642237892	1.333
moderate_mediation	mediation	default	5	20266005	TRUE	TRUE	0.999953984700883	0.97479691778424	0.0752641546274448	0.00139528177509611	0.0765498569119241	0.974753025314021	0.142321407359915	1.339
moderate_mediation	mediation	default	6	20266006	TRUE	TRUE	0.99998793751689	0.986004198592333	0.0446483709125694	0.00210831191005189	0.0466597562236161	0.985992457864172	0.265637296519969	1.349
moderate_mediation	mediation	default	7	20266007	TRUE	TRUE	0.99997131858076	0.974249371418471	0.0557102936344021	0.00877468169238504	0.0639924591937708	0.9742236035628	0.279238074139244	1.284
moderate_mediation	mediation	default	8	20266008	TRUE	TRUE	0.99999968338683	0.895978156914119	0.170050944521321	0.00155854540420222	0.171250745462191	0.895977946911416	0.238155193548948	1.23
moderate_mediation	mediation	default	9	20266009	TRUE	TRUE	0.999999996880942	0.975581342791918	0.0607142791700108	0.00148090980844025	0.0620947738580139	0.975581339809017	0.218739113419701	1.292
moderate_mediation	mediation	default	10	20266010	TRUE	TRUE	0.999999891293865	0.984894004668731	0.0600561318389658	0.00293364389842737	0.062801871108865	0.984893901726617	0.32275991293676	1.277
moderate_mediation	mediation	default	11	20266011	TRUE	TRUE	0.975258504661445	0.946427276597102	0.0983467131995149	0.00185116031014531	0.100020748577275	0.925052633675238	0.412139329050063	1.232
moderate_mediation	mediation	default	12	20266012	TRUE	TRUE	0.999998384020308	0.986197128972088	0.0384357507772827	0.00153690861482609	0.0399120469615445	0.986195581396046	0.247047430567775	1.31
moderate_mediation	mediation	default	13	20266013	TRUE	TRUE	0.999863555811627	0.987618570533536	0.036930979743974	0.00142963150620504	0.0383063193525798	0.987491956482308	0.274280850039673	1.347
moderate_mediation	mediation	default	14	20266014	TRUE	FALSE	0.999993721140992	0.50848480955645	0.586597384772359	0.00431580561904846	0.588796804356332	0.508480890969922	0.426745196800056	1.229
moderate_mediation	mediation	default	15	20266015	TRUE	TRUE	0.999792948280716	0.985280642490916	0.0418994605077896	0.00157767603793344	0.0434100855829646	0.985081718934327	0.320105921703856	1.239
moderate_mediation	mediation	default	16	20266016	TRUE	TRUE	0.999985115900986	0.986074520200584	0.0374606688560057	0.0014314568649862	0.0388366629535189	0.986060146917123	0.255713390227754	1.251
moderate_mediation	mediation	default	17	20266017	TRUE	TRUE	0.993559898391093	0.989285229080548	0.0381717422947229	0.00203441395525269	0.0401315678307324	0.983094214734835	0.279197382405513	1.244
moderate_mediation	mediation	default	18	20266018	TRUE	FALSE	0.999903228566311	0.989440801533858	0.198901121384566	0.00161658824419537	0.200154683400841	0.989346440276552	0.12295380165807	1.23
moderate_mediation	mediation	default	19	20266019	TRUE	TRUE	0.990341995913446	0.901897330463051	0.124162133713236	0.00150182685779918	0.1254757840196	0.893778173581368	0.35768660580635	1.16
moderate_mediation	mediation	default	20	20266020	TRUE	TRUE	0.895784849085153	0.97320274249693	0.0682597788131058	0.00149152457882039	0.0696470763283194	0.877043250005342	0.43387785979175	1.246
moderate_mediation	mediation	default	21	20266021	TRUE	TRUE	0.995681491210246	0.841913344638177	0.184178637467174	0.00154507053508906	0.185444113804148	0.838617179676522	0.280020356621549	1.202
moderate_mediation	mediation	default	22	20266022	TRUE	TRUE	0.999999682035511	0.984657997505296	0.0549274815383326	0.00141723485800129	0.0562614856182132	0.984657694073797	0.351012777628142	1.221
moderate_mediation	mediation	default	23	20266023	TRUE	TRUE	0.999957526069501	0.938458528044265	0.0898133159383702	0.00174127353853558	0.0913960627285532	0.938420212473269	0.253535836713695	1.191
moderate_mediation	mediation	default	24	20266024	TRUE	TRUE	0.999999999999847	0.996895769286992	0.0524356432557316	0.00142417262642837	0.053781916296616	0.99689576928685	0.130639351299564	1.28
moderate_mediation	mediation	default	25	20266025	TRUE	TRUE	0.998953729728685	0.9477448456867	0.0866647635968637	0.00199588587561865	0.0884731316268262	0.946778187897442	0.130332345133255	1.197
moderate_mediation	mediation	default	26	20266026	TRUE	TRUE	0.999999999998025	0.970661864313025	0.0525927849690034	0.00145428140118612	0.0539698635627593	0.970661864311197	0.354353987743679	1.203
moderate_mediation	mediation	default	27	20266027	TRUE	TRUE	0.999743849281242	0.911694043911413	0.134797459029611	0.00325254937116646	0.137655407882763	0.911476530849427	0.374232567103689	1.231
moderate_mediation	mediation	default	28	20266028	TRUE	TRUE	0.999999999988349	0.981635237538467	0.0495816685679767	0.00159161325876369	0.0510899193376971	0.981635237527445	0.204117453623411	1.171
moderate_mediation	mediation	default	29	20266029	TRUE	TRUE	0.999999973838072	0.984527241952018	0.0400941182046785	0.00192762621454987	0.0419452750760236	0.984527217985901	0.298423219185921	1.258
moderate_mediation	mediation	default	30	20266030	TRUE	TRUE	0.999999998415574	0.992038443028055	0.037937797557177	0.00263982751268483	0.0404695830551872	0.992038441545132	0.279549647279126	1.299
moderate_mediation	mediation	default	31	20266031	TRUE	TRUE	0.999999999738919	0.974414711507338	0.0534291354131933	0.00146393997387749	0.0548123882538664	0.974414711261888	0.248975940920246	1.247
moderate_mediation	mediation	default	32	20266032	TRUE	TRUE	0.999679826462835	0.894496260080208	0.145184310528236	0.00206756539736581	0.146989075723006	0.894238981207591	0.296505023962993	1.242
moderate_mediation	mediation	default	33	20266033	TRUE	FALSE	0.99998912426153	0.829692864335959	0.212536034807862	0.023508189214615	0.231945742730654	0.829684659966571	0.366201562132403	1.243
moderate_mediation	mediation	default	34	20266034	TRUE	TRUE	0.999999999891681	0.982915774716042	0.0508817309940972	0.00145688725914823	0.052261435777267	0.982915774612895	0.228649643177334	1.241
moderate_mediation	mediation	default	35	20266035	TRUE	TRUE	0.99943790791448	0.993197511927605	0.0363934947135372	0.00143934658333039	0.0377788587388903	0.992665557885377	0.246983956111137	1.205
moderate_mediation	mediation	default	36	20266036	TRUE	TRUE	0.999709203881607	0.990724616147817	0.030632445529685	0.00150242811859956	0.0320888006327381	0.990441883980582	0.265630273520628	1.2
moderate_mediation	mediation	default	37	20266037	TRUE	FALSE	0.999999968775249	0.817591339975148	0.235094840576138	0.00536152065898785	0.237787502827234	0.81759131967453	0.257525586602767	1.276
moderate_mediation	mediation	default	38	20266038	TRUE	TRUE	0.999999997388217	0.986196037483329	0.0357401821842484	0.00144106733241503	0.0371287351197945	0.986196035007612	0.245267729630157	1.198
moderate_mediation	mediation	default	39	20266039	TRUE	TRUE	1	0.993412466661114	0.0321562141158947	0.00272337111537724	0.0347832768444855	0.993412466661113	0.234807981897973	1.232
moderate_mediation	mediation	default	40	20266040	TRUE	TRUE	0.999997564453742	0.981054284265461	0.0463165878514356	0.00143135309284022	0.047680550332598	0.981051985410323	0.25428256290499	1.214
moderate_mediation	mediation	default	41	20266041	TRUE	TRUE	0.999999481786017	0.966439035895438	0.0643711446215455	0.00183711700120395	0.0660976753279419	0.966438570144317	0.201722744786565	1.186
moderate_mediation	mediation	default	42	20266042	TRUE	FALSE	0.994649108918105	0.750514028132449	0.310044570570796	0.0754462608267379	0.36766365265233	0.746943148876118	0.389766937393887	1.25
moderate_mediation	mediation	default	43	20266043	TRUE	FALSE	0.722853813077523	0.96714500421163	0.0600192658808855	0.00269714342154139	0.0625457357631208	0.706606666004621	0.0821352156883108	1.24
moderate_mediation	mediation	default	44	20266044	TRUE	TRUE	0.996889247458904	0.980258957889965	0.0387709500256569	0.00144638019041385	0.0401603436468523	0.977270965553002	0.268589441401986	1.193
moderate_mediation	mediation	default	45	20266045	TRUE	TRUE	0.999999929665281	0.953204411359089	0.090924587875074	0.00222352788389583	0.0929505044520182	0.953204346518563	0.383860340899787	1.216
moderate_mediation	mediation	default	46	20266046	TRUE	TRUE	0.999999998653486	0.982843896637865	0.0654651151309355	0.00268788937613606	0.0679928539940419	0.982843895614165	0.353241020127982	1.249
moderate_mediation	mediation	default	47	20266047	TRUE	TRUE	0.999926294376247	0.990048747397276	0.0427892265585159	0.00163538194626879	0.0443534577840905	0.989976847795614	0.335197500501835	1.244
moderate_mediation	mediation	default	48	20266048	TRUE	TRUE	0.999999998757093	0.979077064411571	0.0610997743170422	0.00244618325912832	0.0633664905155611	0.979077063288958	0.303847015504985	1.206
moderate_mediation	mediation	default	49	20266049	TRUE	TRUE	0.985176867288657	0.982302133099253	0.0437830127583125	0.00454200764295998	0.0481220013639621	0.968093684521463	0.287522030271987	1.237
moderate_mediation	mediation	default	50	20266050	TRUE	TRUE	0.977987390772728	0.967823631136174	0.0617624759530937	0.00144694052479898	0.0631170564010715	0.948234558803369	0.314930391210709	1.202
weak_mediation	diagnostic	default	1	20264051	TRUE	NA	0.272475177525642	0.312902891587098	0.711083823586311	0.00196404849590923	0.711659313392379	0.0910908876514377	0.309769620761074	1.18
weak_mediation	diagnostic	default	2	20264052	TRUE	NA	0.428193936704233	0.285917390794275	0.217150270578821	0.00452654950096795	0.220867808039191	0.123681766833231	0.294199739061895	1.16
weak_mediation	diagnostic	default	3	20264053	TRUE	NA	0.734644142558168	0.755529851443132	0.187941895944362	0.00201633038182546	0.189604580796947	0.561809508986901	0.286449924236763	1.143
weak_mediation	diagnostic	default	4	20264054	TRUE	NA	0.467511206092136	0.744492071522189	0.218657209919203	0.00234491817312626	0.22032341675738	0.358028093510025	0.19663897261286	1.219
weak_mediation	diagnostic	default	5	20264055	TRUE	NA	0.994431942107041	0.168152951385243	0.13751636689943	0.00187652864856493	0.139106990023436	0.167199631434912	0.157394660704199	1.208
weak_mediation	diagnostic	default	6	20264056	TRUE	NA	0.11224463356829	0.804868961395739	0.217213737685605	0.00309824289806626	0.219570985189622	0.0915476752591481	0.171065630075418	1.228
weak_mediation	diagnostic	default	7	20264057	TRUE	NA	0.608647235609248	0.1422972505379	0.146675272473226	0.00154511926941156	0.147939871164695	0.085707864673558	0.34892917435522	1.207
weak_mediation	diagnostic	default	8	20264058	TRUE	NA	0.998671604428033	0.937981986078945	0.0816548895497223	0.00146546300246347	0.0830005829874451	0.936801781275261	0.290142681984037	1.216
weak_mediation	diagnostic	default	9	20264059	TRUE	NA	0.99148229689407	0.761766111711129	0.227735214599535	0.00294069875172654	0.229971866909598	0.755234425026097	0.293324608816278	1.234
weak_mediation	diagnostic	default	10	20264060	TRUE	NA	0.177075328085807	0.10059996189162	0.0568825664253671	0.00147615208103515	0.058260765416107	0.0178874883150729	0.280019363143793	1.183
weak_mediation	diagnostic	default	11	20264061	TRUE	NA	0.349704409697253	0.890043723392223	0.135628629639548	0.00161443069341757	0.137020210146081	0.313394085280704	0.296594176051002	1.217
weak_mediation	diagnostic	default	12	20264062	TRUE	NA	0.849963824327511	0.712672858562728	0.305036024822482	0.0014661935317555	0.306043631491328	0.610817157710822	0.348851688158177	1.225
weak_mediation	diagnostic	default	13	20264063	TRUE	NA	0.610440716883445	0.369011283993427	0.608573683904256	0.00166678141797798	0.609233174653696	0.218126346520076	0.235962766944183	1.169
weak_mediation	diagnostic	default	14	20264064	TRUE	NA	0.999999965626878	0.159327876027576	0.07114622225459	0.00167218413194494	0.0727074903329572	0.159327870450174	0.294024578715209	1.229
weak_mediation	diagnostic	default	15	20264065	TRUE	NA	0.634878641229865	0.728111183351724	0.260290376652571	0.00142782471119483	0.26133950325474	0.470284071484658	0.289508051805967	1.188
weak_mediation	diagnostic	default	16	20264066	TRUE	NA	0.958171097286762	0.836843752356605	0.178132963441707	0.00206430690443981	0.179829805707426	0.806694981749093	0.346949825900381	1.252
weak_mediation	diagnostic	default	17	20264067	TRUE	NA	0.0538724449646981	0.865573719172567	0.155068400351113	0.00221729862845798	0.156978118775787	0.0471586882750368	0.335129501563131	1.257
weak_mediation	diagnostic	default	18	20264068	TRUE	NA	0.51277387241852	0.722474596970902	0.309861535489045	0.00897575319613532	0.316389407684243	0.35141168708289	0.334684020121159	1.334
weak_mediation	diagnostic	default	19	20264069	TRUE	NA	0.998587826568595	0.874075104267391	0.141006042224781	0.00351600830606858	0.144083862027048	0.872919146437046	0.291877790325998	1.196
weak_mediation	diagnostic	default	20	20264070	TRUE	NA	0.0804443874739672	0.441602573243495	0.236171625676346	0.00219067074476698	0.237903185209903	0.0365168810406749	0.279662050243843	1.216
weak_mediation	diagnostic	default	21	20264071	TRUE	NA	0.0329738600677636	0.654810855995484	0.279774337391192	0.00312357676617212	0.281936626089544	0.0217803376519895	0.311804110751496	1.174
weak_mediation	diagnostic	default	22	20264072	TRUE	NA	0.275155315805423	0.620122036306764	0.364366918933463	0.00258923629835082	0.366088161446623	0.177803563953441	0.344864280692406	1.167
weak_mediation	diagnostic	default	23	20264073	TRUE	NA	0.0854046163372065	0.66084103778615	0.243738971789853	0.00186952962188577	0.245174731200302	0.0565192814532635	0.193181139018947	1.196
weak_mediation	diagnostic	default	24	20264074	TRUE	NA	0.822977614784645	0.0834019530698868	0.190051158981196	0.00167747564446048	0.191400416776529	0.0705106802939601	0.248721586366514	1.19
weak_mediation	diagnostic	default	25	20264075	TRUE	NA	0.0787891612085736	0.77746500675895	0.233296958776085	0.00313881768169327	0.235591043002207	0.0618114801368448	0.122736369751152	1.15
weak_mediation	diagnostic	default	26	20264076	TRUE	NA	0.540750122165383	0.821062681783995	0.203315270707213	0.00206134248103306	0.204906042884194	0.447790758238906	0.150201610713111	1.164
weak_mediation	diagnostic	default	27	20264077	TRUE	NA	0.999987750849679	0.235733257025503	0.793398227858018	0.00170615417750494	0.793773649606475	0.235730602607711	0.216202323365934	1.224
weak_mediation	diagnostic	default	28	20264078	TRUE	NA	0.683273935330512	0.702663216402821	0.30127673862016	0.00218467779150922	0.302862841343117	0.484741754876959	0.215528521487954	1.259
weak_mediation	diagnostic	default	29	20264079	TRUE	NA	0.107382724103713	0.850493479722067	0.242909418301394	0.00302834414659529	0.245277691901668	0.0924998723605496	0.237667352461614	1.232
weak_mediation	diagnostic	default	30	20264080	TRUE	NA	0.901620238824067	0.699886656707974	0.220888913293912	0.00275721300778837	0.223093647139217	0.631890819876207	0.327812390297737	1.243
weak_mediation	diagnostic	default	31	20264081	TRUE	NA	0.664551441645151	0.21392710467133	0.108965084568852	0.00169932521164304	0.110488387023334	0.143414908269234	0.245715746070431	1.2
weak_mediation	diagnostic	default	32	20264082	TRUE	NA	0.229095543510603	0.368835249392302	0.649686757333302	0.001741275240664	0.650276385765103	0.0977182146937872	0.369554330507327	1.195
weak_mediation	diagnostic	default	33	20264083	TRUE	NA	0.289772130542508	0.911536824876807	0.105365716454223	0.00138682244697689	0.106602939007057	0.267611356463617	0.30786402270391	1.231
weak_mediation	diagnostic	default	34	20264084	TRUE	NA	0.981350515571362	0.846115059163666	0.171473084785518	0.00196475301914894	0.173126362592518	0.832072542366789	0.330498635082279	1.272
weak_mediation	diagnostic	default	35	20264085	TRUE	NA	0.318831830037045	0.692595242833664	0.327751890963777	0.00164094183363978	0.328856274180888	0.225530283606933	0.333244857306937	1.219
weak_mediation	diagnostic	default	36	20264086	TRUE	NA	0.277785485563044	0.150795545278493	0.131675672014731	0.00304312049615107	0.134469343468834	0.0429337757259246	0.275502411050127	1.186
weak_mediation	diagnostic	default	37	20264087	TRUE	NA	0.994992726288482	0.865655995996617	0.155851265863225	0.00171505825421269	0.157314464365544	0.861500207392911	0.110974716378323	1.188
weak_mediation	diagnostic	default	38	20264088	TRUE	NA	0.435646152805493	0.147173280069985	0.876963510506633	0.00166190897086383	0.87713398561201	0.0724502971014286	0.356712041256742	1.171
weak_mediation	diagnostic	default	39	20264089	TRUE	NA	0.98944919545088	0.888567874917387	0.137175323937039	0.00429863535766077	0.140889172836869	0.879554563958229	0.203919401523052	1.21
weak_mediation	diagnostic	default	40	20264090	TRUE	NA	0.291802780847154	0.878596759305638	0.128123324366854	0.00156831816542264	0.129486993426086	0.261148022803	0.265623839062414	1.243
weak_mediation	diagnostic	default	41	20264091	TRUE	NA	0.0398595757322694	0.585137460624798	0.291919066401623	0.00177526102449308	0.293161936296771	0.0238717173295946	0.077437162898633	1.177
weak_mediation	diagnostic	default	42	20264092	TRUE	NA	0.614935036242647	0.950482398589283	0.0726028788510113	0.00163742808414925	0.074124986990686	0.588303930056821	0.297261408597166	1.234
weak_mediation	diagnostic	default	43	20264093	TRUE	NA	0.594338592776819	0.373933262049461	0.516072480084513	0.00141234101212685	0.516743493216574	0.235947182576505	0.33966818919609	1.28
weak_mediation	diagnostic	default	44	20264094	TRUE	NA	0.978286812137109	0.956789954223236	0.062767668092046	0.00280545966752421	0.0654026261252152	0.936415488177813	0.26674866191307	1.206
weak_mediation	diagnostic	default	45	20264095	TRUE	NA	0.0551914202327661	0.654293175737935	0.350774442827492	0.00151596671548473	0.35174954555572	0.0382321227597679	0.347404708358056	1.212
weak_mediation	diagnostic	default	46	20264096	TRUE	NA	0.977015705638063	0.875085508958086	0.152114981093646	0.00162643567484433	0.15350124882462	0.85673716841875	0.253312627579646	1.279
weak_mediation	diagnostic	default	47	20264097	TRUE	NA	0.230048386865906	0.765133604971206	0.196734397852414	0.00142406026721483	0.19787210364591	0.177515708649274	0.189150629030564	1.215
weak_mediation	diagnostic	default	48	20264098	TRUE	NA	0.922645980054688	0.659648088482379	0.272606799722481	0.00782379036785117	0.278435342852329	0.611376344246049	0.290060910814844	1.245
weak_mediation	diagnostic	default	49	20264099	TRUE	NA	0.854761432439912	0.0343587776280163	0.0752902298122836	0.00139743900083955	0.0765825723163458	0.0294445781900164	0.483071772418356	1.262
weak_mediation	diagnostic	default	50	20264100	TRUE	NA	0.669231741559343	0.801730224136113	0.157622486560056	0.00184220699523342	0.159180076679765	0.538588760919848	0.291506542491959	1.225
sparse_pleiotropy	sparse	default	1	20268001	TRUE	TRUE	1	0.189444057604614	0.91788245949319	0.0264466929319529	0.918179804367798	0.189444057604614	0.171340772957777	1.201
sparse_pleiotropy	sparse	default	2	20268002	TRUE	TRUE	1	0.0105310885391091	0.99999999933932	0.00536042081091292	0.999999999341677	0.0105310885391091	0.319722698586716	1.158
sparse_pleiotropy	sparse	default	3	20268003	TRUE	TRUE	0.999999999999998	0.0436776204840663	0.997225755613281	0.00150547761121483	0.997230342010059	0.0436776204840663	0.12184860972981	1.148
sparse_pleiotropy	sparse	default	4	20268004	TRUE	TRUE	0.999999798892965	0.098040378207721	0.999991290467846	0.00167255145192554	0.999991304430173	0.0980402608438412	0.179588146794316	1.329
sparse_pleiotropy	sparse	default	5	20268005	TRUE	TRUE	0.999999990225996	0.0265365975727236	0.999929878084989	0.00154811718366209	0.999929975739407	0.0265365973076097	0.0706924767905548	1.39
sparse_pleiotropy	sparse	default	6	20268006	TRUE	TRUE	1	0.0315640049646969	0.998843821050151	0.00550736688051475	0.998845641683591	0.0315640049646969	0.129882572601289	1.283
sparse_pleiotropy	sparse	default	7	20268007	TRUE	TRUE	0.999999999999998	0.0187311560219579	0.999654547807777	0.00467024447879514	0.999686508744122	0.0187311560219579	0.0961731862752799	1.341
sparse_pleiotropy	sparse	default	8	20268008	TRUE	TRUE	0.999999999910027	0.0147696261088137	0.99958420584479	0.00179655081403343	0.999585021901394	0.0147696261064259	0.0801684293841163	1.244
sparse_pleiotropy	sparse	default	9	20268009	TRUE	TRUE	1	0.0896452782658341	0.947208601990169	0.00709442551189687	0.947607917088222	0.0896452782658341	0.1534513157075	1.216
sparse_pleiotropy	sparse	default	10	20268010	TRUE	TRUE	0.999999998515763	0.0312837950951645	0.994976578801352	0.00951405780835638	0.995094435108329	0.0312837950705539	0.0767701271865064	1.143
sparse_pleiotropy	sparse	default	11	20268011	TRUE	TRUE	0.999999999834043	0.0246806149012942	0.995885311405559	0.00182900583713402	0.995897607775418	0.0246806148920909	0.431800993825192	1.158
sparse_pleiotropy	sparse	default	12	20268012	TRUE	TRUE	0.999999728929508	0.0150779155725064	0.993298363729406	0.00169132890567238	0.99330754781771	0.0150779118194395	0.468965059784779	1.161
sparse_pleiotropy	sparse	default	13	20268013	TRUE	TRUE	0.999983102320507	0.0282625182752239	0.992333703625625	0.0056379651252841	0.992538406106355	0.0282615640566411	0.0978067081420875	1.184
sparse_pleiotropy	sparse	default	14	20268014	TRUE	TRUE	0.999999999999996	0.0576969503342005	0.999999999957737	0.0019809987566846	0.999999999957877	0.0576969503342004	0.0518651775485637	1.215
sparse_pleiotropy	sparse	default	15	20268015	TRUE	TRUE	0.999999230446112	0.0230813520548077	0.999006752433903	0.00176652536526782	0.999009812070242	0.023081339694211	0.0927908297890667	1.191
sparse_pleiotropy	sparse	default	16	20268016	TRUE	TRUE	1	0.0206938916281274	0.999981161863828	0.00211725304779452	0.999981265362785	0.0206938916281274	0.254688260554403	1.287
sparse_pleiotropy	sparse	default	17	20268017	TRUE	FALSE	0.999999999855914	0.324005635204626	0.858756375148287	0.00165764668168324	0.858964940584213	0.32400563515209	0.268854612082677	1.267
sparse_pleiotropy	sparse	default	18	20268018	TRUE	FALSE	0.999999998056519	0.00944454205683182	0.243216164644686	0.00244984886756119	0.245002165548842	0.00944454203759075	0.166505067542829	1.165
sparse_pleiotropy	sparse	default	19	20268019	TRUE	TRUE	0.999999997361484	0.0124534380694857	0.999968367271379	0.00238477283362754	0.999968593554428	0.0124534379937553	0.259748636048101	1.18
sparse_pleiotropy	sparse	default	20	20268020	TRUE	TRUE	0.999999986574663	0.0141398189406878	0.998968451956805	0.00980687656812479	0.998976421474205	0.0141398187372985	0.135038925054133	1.142
sparse_pleiotropy	sparse	default	21	20268021	TRUE	TRUE	0.999999999891014	0.181581593640164	0.999995358007323	0.00257638496834611	0.99999536445418	0.181581593637551	0.0867240881867275	1.125
sparse_pleiotropy	sparse	default	22	20268022	TRUE	TRUE	0.999999999999999	0.0105622625568901	0.999999993439568	0.00160983147543797	0.999999993448808	0.0105622625568901	0.192954891556653	1.161
sparse_pleiotropy	sparse	default	23	20268023	TRUE	FALSE	0.999999999999998	0.534899037441723	0.487846777672842	0.0017849199637485	0.488712008174523	0.534899037441723	0.372839938517529	1.177
sparse_pleiotropy	sparse	default	24	20268024	TRUE	TRUE	1	0.011887085022917	0.999999999999992	0.00188605112464049	0.999999999999992	0.011887085022917	0.080461038387412	1.232
sparse_pleiotropy	sparse	default	25	20268025	TRUE	TRUE	1	0.0436217937312591	0.999982404984228	0.00185401485252603	0.999982429695757	0.0436217937312591	0.0769572828119038	1.236
sparse_pleiotropy	sparse	default	26	20268026	TRUE	TRUE	0.999999999999999	0.0230382521026476	0.999688636931347	0.00364323417062485	0.99968941546477	0.0230382521026476	0.149447366204299	1.264
sparse_pleiotropy	sparse	default	27	20268027	TRUE	TRUE	0.999999999995198	0.0158638497192963	0.997308804800821	0.00148397981155085	0.997312844494773	0.0158638497191976	0.110705321259744	1.128
sparse_pleiotropy	sparse	default	28	20268028	TRUE	TRUE	0.999999999999998	0.0172304974465382	0.999996340893973	0.00181178443602445	0.99999634743832	0.0172304974465382	0.057851165472627	1.158
sparse_pleiotropy	sparse	default	29	20268029	TRUE	FALSE	1	0.0344305846370537	0.180405742126834	0.00204381384284861	0.181687804434375	0.0344305846370536	0.177651710189508	1.144
sparse_pleiotropy	sparse	default	30	20268030	TRUE	TRUE	0.999999999989022	0.0187999088800422	0.999999762130958	0.00204858116992123	0.999999762461051	0.0187999088799017	0.075389794195857	1.151
sparse_pleiotropy	sparse	default	31	20268031	TRUE	TRUE	0.999999995387679	0.0133488859075298	0.9999427646891	0.00167222058740402	0.999942843161277	0.0133488858352794	0.143176229858796	1.166
sparse_pleiotropy	sparse	default	32	20268032	TRUE	FALSE	0.999999999999981	0.102212499114433	0.162483668647927	0.00183223254925858	0.164032961403237	0.102212499114433	0.302898579549691	1.308
sparse_pleiotropy	sparse	default	33	20268033	TRUE	FALSE	0.999999999999985	0.127748902391406	0.120869097729593	0.00150645468536585	0.122193152931657	0.127748902391405	0.348575532984569	1.291
sparse_pleiotropy	sparse	default	34	20268034	TRUE	TRUE	0.999999999999999	0.0384814669549672	0.999760861128121	0.00548864764242832	0.999761283423413	0.0384814669549672	0.0870958490998675	1.109
sparse_pleiotropy	sparse	default	35	20268035	TRUE	TRUE	0.999999999941544	0.0151907762787988	0.999999315245139	0.00175521027842426	0.999999316792793	0.0151907762780354	0.0559062485316701	1.138
sparse_pleiotropy	sparse	default	36	20268036	TRUE	TRUE	0.999999999999996	0.015807829610492	0.999862806956799	0.00865106690733458	0.999951677115494	0.015807829610492	0.0970875434700531	1.162
sparse_pleiotropy	sparse	default	37	20268037	TRUE	FALSE	0.999999999999789	0.500099438376157	0.537221327923653	0.00408832393808482	0.538680745556187	0.50009943837609	0.223137408058932	1.186
sparse_pleiotropy	sparse	default	38	20268038	TRUE	TRUE	1	0.0134660391922505	0.99999999998216	0.0016470333073248	0.999999999982201	0.0134660391922505	0.194186263870066	1.172
sparse_pleiotropy	sparse	default	39	20268039	TRUE	TRUE	0.999999999599008	0.0143986519994844	0.999923004757188	0.003633070074975	0.999923112746459	0.014398651994278	0.0897080755746344	1.128
sparse_pleiotropy	sparse	default	40	20268040	TRUE	TRUE	0.995182216848384	0.0194136917622294	0.996200497778424	0.00159704069335518	0.996208195403331	0.0193225329883232	0.221405064190492	1.198
sparse_pleiotropy	sparse	default	41	20268041	TRUE	TRUE	0.999999999999925	0.0206076461685974	0.997154242263574	0.00412694749825324	0.997221615616025	0.0206076461685967	0.101752334180361	1.227
sparse_pleiotropy	sparse	default	42	20268042	TRUE	TRUE	0.999999999867431	0.0709526098513881	0.980680874716718	0.003583006936529	0.980719512238613	0.0709526097855498	0.206118016789546	1.238
sparse_pleiotropy	sparse	default	43	20268043	TRUE	TRUE	1	0.0837959557706957	0.999392895815042	0.00566820861096177	0.999416981209805	0.0837959557706957	0.210582159242421	1.186
sparse_pleiotropy	sparse	default	44	20268044	TRUE	TRUE	1.00000000000001	0.0741378462756572	0.989900131084067	0.00242279822987041	0.989925109266773	0.0741378462756572	0.141073505164172	1.22
sparse_pleiotropy	sparse	default	45	20268045	TRUE	TRUE	0.999998647744632	0.0105972664763868	0.999996256420223	0.00165589389659636	0.999996262423577	0.0105972415418086	0.169344657640679	1.158
sparse_pleiotropy	sparse	default	46	20268046	TRUE	TRUE	0.999999481169097	0.0251115549918738	0.999624484174418	0.00956097941146631	0.999676901006601	0.0251115400963162	0.0715082529008271	1.209
sparse_pleiotropy	sparse	default	47	20268047	TRUE	TRUE	0.999999999999992	0.0289212104496518	0.999986345573065	0.00199581835165597	0.999986644678973	0.0289212104496517	0.366011499109547	1.265
sparse_pleiotropy	sparse	default	48	20268048	TRUE	TRUE	0.996573789233919	0.00980865600361821	0.999999999993097	0.00160966274051955	0.999999999993121	0.00976934907398773	0.0326653056721256	1.204
sparse_pleiotropy	sparse	default	49	20268049	TRUE	TRUE	0.999999999988968	0.0463801018321212	0.977303976607321	0.0206923942899678	0.978162426128896	0.0463801018314668	0.106060989771294	1.208
sparse_pleiotropy	sparse	default	50	20268050	TRUE	FALSE	0.999999999999968	0.0130733337387084	0.184553939781298	0.00148598623216922	0.185751035283097	0.0130733337387077	0.102491822562399	1.157
directional_pleiotropy	directional	default	1	20269001	TRUE	TRUE	1	0.00875761034596574	0.01642299971594	1	1	0.00875761034596574	0.385718018799288	1.519
directional_pleiotropy	directional	default	2	20269002	TRUE	TRUE	1.00000000000001	0.00736241800202342	0.0120891429718151	1.00000000000001	1.00000000000001	0.00736241800202342	0.533524095051689	1.566
directional_pleiotropy	directional	default	3	20269003	TRUE	TRUE	0.999999999989456	0.0176608983773236	0.0277770748094218	0.999999999999997	0.999999999999997	0.0176608983771543	0.252792578408503	1.609
directional_pleiotropy	directional	default	4	20269004	TRUE	TRUE	0.999999999999891	0.0115191562455684	0.0187576805430124	1.00000000000001	1.00000000000001	0.0115191562455671	0.264130298813186	1.601
directional_pleiotropy	directional	default	5	20269005	TRUE	TRUE	0.999999976225734	0.00835967294772685	0.014063657024568	1	1	0.00835967274853011	0.257410689411813	1.623
directional_pleiotropy	directional	default	6	20269006	TRUE	TRUE	0.999999740073967	0.0245449652082893	0.0235463417123506	0.999999999999999	0.999999999999999	0.0245449589187487	0.251169387808574	1.693
directional_pleiotropy	directional	default	7	20269007	TRUE	TRUE	0.999999999999165	0.00846594388041945	0.014755620267971	1.00000000000001	1.00000000000001	0.00846594388041214	0.307886982550883	1.58
directional_pleiotropy	directional	default	8	20269008	TRUE	TRUE	0.999999999998371	0.00844152067420212	0.0151325554497702	1	1	0.00844152067418868	0.288105895196125	1.709
directional_pleiotropy	directional	default	9	20269009	TRUE	TRUE	0.999999999999994	0.0202437550585861	0.0356270938422188	0.999999999999998	0.999999999999998	0.020243755058586	0.348104538402936	1.725
directional_pleiotropy	directional	default	10	20269010	TRUE	TRUE	0.99999999999876	0.0192944189689126	0.0769039014567386	0.999999999999996	0.999999999999996	0.0192944189688916	0.391859283389181	1.788
directional_pleiotropy	directional	default	11	20269011	TRUE	TRUE	1	0.0158521942609669	0.0270193815353234	1	1	0.0158521942609669	0.2606887820277	1.773
directional_pleiotropy	directional	default	12	20269012	TRUE	TRUE	1	0.00879151601641963	0.0180771621370813	1	1	0.00879151601641963	0.183507154719251	1.621
directional_pleiotropy	directional	default	13	20269013	TRUE	TRUE	0.999999999999988	0.0116139875053662	0.0182940653913922	0.999999999999998	0.999999999999998	0.0116139875053661	0.315433760295136	1.71
directional_pleiotropy	directional	default	14	20269014	TRUE	TRUE	0.999999995389173	0.0122463826744662	0.0290632962890637	0.999999999999993	0.999999999999993	0.0122463826187461	0.835414340538364	1.644
directional_pleiotropy	directional	default	15	20269015	TRUE	TRUE	1	0.0146965303155987	0.0206546276978375	1	1	0.0146965303155987	0.316974230903895	1.628
directional_pleiotropy	directional	default	16	20269016	TRUE	TRUE	0.999999999999994	0.016350719830294	0.0223240940050789	0.999999999999994	0.999999999999994	0.016350719830294	0.281575686561993	1.689
directional_pleiotropy	directional	default	17	20269017	TRUE	TRUE	0.999999999999996	0.033506324955289	0.0359927187370982	0.999999999999996	0.999999999999996	0.033506324955289	0.279218141189475	1.693
directional_pleiotropy	directional	default	18	20269018	TRUE	TRUE	0.999999999999783	0.0113952439377496	0.0189457716852843	0.999999999999999	0.999999999999999	0.011395243937747	0.773505042530701	1.738
directional_pleiotropy	directional	default	19	20269019	TRUE	TRUE	0.999999999998534	0.00920569425605668	0.0168669214536512	1	1	0.00920569425604369	0.271871118552696	1.662
directional_pleiotropy	directional	default	20	20269020	TRUE	TRUE	0.998330987108632	0.0170896362753482	0.0581047906165263	1	1	0.0170632213855716	0.292524322354978	1.621
directional_pleiotropy	directional	default	21	20269021	TRUE	TRUE	0.999999992312412	0.0122166752046316	0.0262803467387074	0.999999999999995	0.999999999999995	0.0122166751137819	0.235297337610973	1.77
directional_pleiotropy	directional	default	22	20269022	TRUE	TRUE	0.999999999999993	0.00997247753491469	0.0192807066238675	0.999999999999993	0.999999999999993	0.00997247753491469	0.194111747085046	1.585
directional_pleiotropy	directional	default	23	20269023	TRUE	TRUE	1.00000000000001	0.0188423989670102	0.0289016908973422	1.00000000000001	1.00000000000001	0.0188423989670102	0.337045362035099	1.727
directional_pleiotropy	directional	default	24	20269024	TRUE	TRUE	0.999999999999993	0.0568934290811021	0.0485133503894452	0.999999999999993	0.999999999999993	0.0568934290811021	0.222739589597722	1.716
directional_pleiotropy	directional	default	25	20269025	TRUE	TRUE	0.999999999999997	0.00902203409790009	0.0194649778451954	0.999999999999997	0.999999999999997	0.00902203409790009	0.278818820653953	1.593
directional_pleiotropy	directional	default	26	20269026	FALSE	FALSE	NA	NA	NA	NA	NA	NA	NA	1.659
directional_pleiotropy	directional	default	27	20269027	TRUE	TRUE	0.999999999999956	0.0200376142155677	0.0226066948045682	0.999999999999996	0.999999999999996	0.0200376142155669	0.264534794708837	1.72
directional_pleiotropy	directional	default	28	20269028	TRUE	TRUE	1	0.0133181877400666	0.0184894744198042	1	1	0.0133181877400666	0.346293766116901	1.812
directional_pleiotropy	directional	default	29	20269029	TRUE	TRUE	0.999999999999983	0.0120406975776384	0.0237239799889087	0.999999999999998	0.999999999999998	0.0120406975776383	0.27164777700844	1.668
directional_pleiotropy	directional	default	30	20269030	TRUE	TRUE	1	0.0783745987778651	0.0831178676016496	1	1	0.0783745987778651	0.67667600535259	1.625
directional_pleiotropy	directional	default	31	20269031	TRUE	TRUE	1	0.00971453508664016	0.021932257068466	1	1	0.00971453508664016	0.284146269478526	1.79
directional_pleiotropy	directional	default	32	20269032	FALSE	FALSE	NA	NA	NA	NA	NA	NA	NA	1.753
directional_pleiotropy	directional	default	33	20269033	FALSE	FALSE	NA	NA	NA	NA	NA	NA	NA	1.638
directional_pleiotropy	directional	default	34	20269034	TRUE	TRUE	0.999999999999954	0.010126101760892	0.0232652208917414	0.999999999999996	0.999999999999996	0.0101261017608915	0.402444778704194	1.734
directional_pleiotropy	directional	default	35	20269035	TRUE	TRUE	0.999999999995832	0.0102177390223537	0.0291968092032055	1	1	0.0102177390223128	0.203829986114442	1.648
directional_pleiotropy	directional	default	36	20269036	TRUE	TRUE	0.999999891852599	0.0354612418580227	0.103586284941763	0.999999999999999	0.999999999999999	0.0354612381747805	0.455099683818474	1.931
directional_pleiotropy	directional	default	37	20269037	TRUE	TRUE	0.999999999999998	0.0137374210545605	0.0229436494553837	1	1	0.0137374210545604	0.32546326609264	1.689
directional_pleiotropy	directional	default	38	20269038	TRUE	TRUE	0.999971187160636	0.015117882752965	0.0238528113874981	1	1	0.0151174493900958	0.29940866685655	1.94
directional_pleiotropy	directional	default	39	20269039	TRUE	TRUE	0.999999999999996	0.0117974666238161	0.0236985571802261	0.999999999999996	0.999999999999996	0.0117974666238161	0.310325574710987	2.012
directional_pleiotropy	directional	default	40	20269040	TRUE	TRUE	1	0.0209861713364918	0.0820003528191565	1	1	0.0209861713364918	0.207826059368841	1.818
directional_pleiotropy	directional	default	41	20269041	TRUE	TRUE	1	0.0142639158618992	0.0240165065767364	1	1	0.0142639158618992	0.415713802532196	2.079
directional_pleiotropy	directional	default	42	20269042	TRUE	TRUE	0.999995138402137	0.0357018882107764	0.0627950944286377	0.999999999999996	0.999999999999996	0.0357017268298694	0.383064998404777	2.102
directional_pleiotropy	directional	default	43	20269043	TRUE	TRUE	0.999999999999997	0.010257578693278	0.0202485572840155	0.999999999999997	0.999999999999997	0.010257578693278	0.246591232844594	2.148
directional_pleiotropy	directional	default	44	20269044	TRUE	TRUE	1	0.0113843551593835	0.021501897417869	1	1	0.0113843551593835	0.272965226454431	1.757
directional_pleiotropy	directional	default	45	20269045	TRUE	TRUE	0.999999999999999	0.0125286765383922	0.0258210644852043	1	1	0.0125286765383921	0.37067563615588	1.984
directional_pleiotropy	directional	default	46	20269046	TRUE	TRUE	0.999999997185459	0.07038050021269	0.109023177519824	1.00000000000001	1.00000000000001	0.0703805000117352	0.367536713614413	1.963
directional_pleiotropy	directional	default	47	20269047	TRUE	TRUE	0.999999999518814	0.0088461865842946	0.0172037226633446	0.999999999999996	0.999999999999996	0.00884618658002202	0.309009062160982	1.817
directional_pleiotropy	directional	default	48	20269048	FALSE	FALSE	NA	NA	NA	NA	NA	NA	NA	1.75
directional_pleiotropy	directional	default	49	20269049	TRUE	TRUE	0.999999866809132	0.0449338414825771	0.0533824620817457	1	1	0.0449338355957229	0.667500892321826	2.024
directional_pleiotropy	directional	default	50	20269050	TRUE	TRUE	0.999999999988567	0.0184890095404123	0.0220293055037757	0.999999999999996	0.999999999999996	0.0184890095402028	0.295742748424956	2.032
two_pleiotropy	two_pleiotropy	default	1	20270001	TRUE	TRUE	0.999999999999862	0.0241080851207016	0.999996511204664	1	1	0.0241080851206996	0.362315424549394	1.808
two_pleiotropy	two_pleiotropy	default	2	20270002	TRUE	TRUE	0.999999997961121	0.0105226102518848	0.999999992053994	1	1	0.0105226102328522	0.0587951581910318	2.068
two_pleiotropy	two_pleiotropy	default	3	20270003	TRUE	TRUE	0.999999999999998	0.0399764896889128	0.997429444111732	0.999999999999998	0.999999999999998	0.0399764896889128	0.366342998011994	1.809
two_pleiotropy	two_pleiotropy	default	4	20270004	TRUE	TRUE	0.999999999999994	0.0402986924274062	0.999980132856595	0.999999999999994	0.999999999999994	0.0402986924274062	0.173342039971885	1.739
two_pleiotropy	two_pleiotropy	default	5	20270005	TRUE	TRUE	0.999999999965654	0.0118009875463172	0.999998076420429	1.00000000000001	1.00000000000001	0.0118009875460038	0.379325746336917	1.756
two_pleiotropy	two_pleiotropy	default	6	20270006	TRUE	TRUE	0.999999988750255	0.00883777018850817	0.997696137165167	1.00000000000001	1.00000000000001	0.00883777009306012	0.185783377972371	1.754
two_pleiotropy	two_pleiotropy	default	7	20270007	TRUE	TRUE	0.999999992244833	0.0298328831944898	0.999999974695663	0.999999999999998	0.999999999999998	0.0298328830854212	0.0843255760877923	1.84099999999999
two_pleiotropy	two_pleiotropy	default	8	20270008	TRUE	TRUE	1.00000000000001	0.0407991211012667	0.99916448932954	1.00000000000001	1.00000000000001	0.0407991211012667	0.146116316196071	1.641
two_pleiotropy	two_pleiotropy	default	9	20270009	TRUE	TRUE	0.999999999999994	0.0125330383270616	0.999999999999994	0.999999999999994	0.999999999999994	0.0125330383270616	0.265133434775748	1.667
two_pleiotropy	two_pleiotropy	default	10	20270010	TRUE	TRUE	0.999999999999994	0.0240905404339907	0.981086587597936	0.999999999999996	0.999999999999996	0.0240905404339906	0.242380207255366	1.69
two_pleiotropy	two_pleiotropy	default	11	20270011	TRUE	TRUE	1	0.0126341624278151	0.998001489301024	1	1	0.0126341624278151	0.230160061908862	1.738
two_pleiotropy	two_pleiotropy	default	12	20270012	TRUE	TRUE	0.999999999999997	0.0289684341065771	0.998403321570861	0.999999999999997	0.999999999999997	0.0289684341065771	0.231487395066154	1.768
two_pleiotropy	two_pleiotropy	default	13	20270013	TRUE	TRUE	1	0.0145622629630443	0.999999999541874	1	1	0.0145622629630443	0.660729349734993	1.644
two_pleiotropy	two_pleiotropy	default	14	20270014	TRUE	TRUE	0.999999999959869	0.0298013608373769	0.999173088111346	1	1	0.0298013608252184	0.159573126720957	1.613
two_pleiotropy	two_pleiotropy	default	15	20270015	TRUE	TRUE	0.999999999996659	0.0201062019453072	0.999669998069704	0.999999999999999	0.999999999999999	0.0201062019452351	0.253635488021814	1.634
two_pleiotropy	two_pleiotropy	default	16	20270016	TRUE	TRUE	0.999999999999999	0.0182428636763159	0.999999999426471	0.999999999999999	0.999999999999999	0.0182428636763159	0.204548834653224	1.646
two_pleiotropy	two_pleiotropy	default	17	20270017	TRUE	FALSE	0.999999999639632	0.0237278449899081	0.0321820326705814	0.999999999999992	0.999999999999992	0.0237278449821944	0.286537770738022	1.93
two_pleiotropy	two_pleiotropy	default	18	20270018	TRUE	TRUE	0.999999999999915	0.0560452552782683	0.999987047982041	1	1	0.0560452552782672	0.140270792240869	1.545
two_pleiotropy	two_pleiotropy	default	19	20270019	TRUE	TRUE	0.999999999999998	0.0137502846826493	0.999999999919413	0.999999999999998	0.999999999999998	0.0137502846826493	0.227520349989163	1.649
two_pleiotropy	two_pleiotropy	default	20	20270020	TRUE	TRUE	0.999999999999947	0.0162608346184122	0.999999997007386	1.00000000000001	1.00000000000001	0.0162608346184068	0.242209544197237	1.834
two_pleiotropy	two_pleiotropy	default	21	20270021	TRUE	TRUE	0.999999999938975	0.0246430728289609	0.997596905236316	1	1	0.0246430728282751	0.207661389758158	1.664
two_pleiotropy	two_pleiotropy	default	22	20270022	TRUE	FALSE	1	0.198215140690988	0.112531844955362	1	1	0.198215140690988	0.189560028917526	1.783
two_pleiotropy	two_pleiotropy	default	23	20270023	TRUE	TRUE	0.999999999999998	0.0166109469087903	0.999999952043327	0.999999999999998	0.999999999999998	0.0166109469087903	0.369041957259185	1.482
two_pleiotropy	two_pleiotropy	default	24	20270024	TRUE	TRUE	0.999999999999997	0.0300523816939448	0.9999849894513	0.999999999999997	0.999999999999997	0.0300523816939448	0.135252842303032	1.68
two_pleiotropy	two_pleiotropy	default	25	20270025	TRUE	FALSE	0.999999999999432	0.070356617098122	0.101579685352988	0.999999999999994	0.999999999999994	0.0703566170980871	0.290930079684557	1.886
two_pleiotropy	two_pleiotropy	default	26	20270026	TRUE	TRUE	0.999999999999996	0.00938795516610896	0.99999984355249	0.999999999999999	0.999999999999999	0.00938795516610894	0.0714282992165778	1.566
two_pleiotropy	two_pleiotropy	default	27	20270027	TRUE	TRUE	0.999999999998749	0.0127671489761165	0.999999998967338	0.999999999999997	0.999999999999997	0.0127671489760974	0.0627693976217927	1.577
two_pleiotropy	two_pleiotropy	default	28	20270028	TRUE	FALSE	1	0.0175631272647905	0.618260493617994	1	1	0.0175631272647905	0.29933286606888	1.733
two_pleiotropy	two_pleiotropy	default	29	20270029	TRUE	TRUE	0.999999999994353	0.0452414682280342	0.949803943120283	1	1	0.0452414682279504	0.120958097892085	1.522
two_pleiotropy	two_pleiotropy	default	30	20270030	TRUE	FALSE	0.999999999522825	0.0332593606855372	0.155166830331559	1	1	0.0332593606703198	0.259868212568136	1.626
two_pleiotropy	two_pleiotropy	default	31	20270031	TRUE	TRUE	0.999999999999964	0.0192919378652696	0.999963515851619	1.00000000000001	1.00000000000001	0.0192919378652689	0.194292988265346	1.618
two_pleiotropy	two_pleiotropy	default	32	20270032	TRUE	TRUE	0.999999999999998	0.159862956369638	0.998796411192623	0.999999999999998	0.999999999999998	0.159862956369638	0.232809528759446	1.534
two_pleiotropy	two_pleiotropy	default	33	20270033	TRUE	TRUE	0.999999999999993	0.118114971383613	0.904443789976025	0.999999999999995	0.999999999999995	0.118114971383613	0.161625910527789	1.558
two_pleiotropy	two_pleiotropy	default	34	20270034	TRUE	TRUE	0.999999999998173	0.026523151687092	0.999812443413675	1	1	0.026523151687057	0.0690047877052393	1.557
two_pleiotropy	two_pleiotropy	default	35	20270035	TRUE	FALSE	1	0.0732387323162449	0.42829644578826	1	1	0.0732387323162449	0.189230409142482	1.53299999999999
two_pleiotropy	two_pleiotropy	default	36	20270036	TRUE	TRUE	0.999999999999942	0.0659068023820288	0.968691583781928	0.999999999999999	0.999999999999999	0.065906802382014	0.272243120721598	1.59
two_pleiotropy	two_pleiotropy	default	37	20270037	TRUE	TRUE	0.99999999999998	0.0155149553751067	0.998968785051524	0.999999999999995	0.999999999999995	0.0155149553751063	0.249213106105955	1.547
two_pleiotropy	two_pleiotropy	default	38	20270038	TRUE	TRUE	0.99999999999959	0.0291732762938573	0.99980296909062	0.999999999999999	0.999999999999999	0.0291732762938475	0.146203535034317	1.433
two_pleiotropy	two_pleiotropy	default	39	20270039	TRUE	TRUE	1	0.0241439047028342	0.999999999895358	1	1	0.0241439047028342	0.347310863707449	1.546
two_pleiotropy	two_pleiotropy	default	40	20270040	TRUE	TRUE	0.999999861708785	0.0414915717237542	0.999999798637942	0.999999999999996	0.999999999999996	0.0414915667682193	0.120461942254721	1.493
two_pleiotropy	two_pleiotropy	default	41	20270041	TRUE	TRUE	0.999999999999733	0.010694503998977	0.999999997107083	1	1	0.0106945039989728	0.195293284936781	1.574
two_pleiotropy	two_pleiotropy	default	42	20270042	TRUE	TRUE	1.00000000000001	0.0100835684465647	0.999996493435328	1.00000000000001	1.00000000000001	0.0100835684465647	0.0751190783580853	1.41
two_pleiotropy	two_pleiotropy	default	43	20270043	TRUE	FALSE	1	0.0332281147718236	0.191103037489698	1	1	0.0332281147718235	0.610226045125216	1.619
two_pleiotropy	two_pleiotropy	default	44	20270044	TRUE	TRUE	0.999999999996196	0.029934988685158	0.999996764539135	0.999999999999997	0.999999999999997	0.0299349886850812	0.29359942584442	1.59
two_pleiotropy	two_pleiotropy	default	45	20270045	TRUE	TRUE	1	0.0140172252717711	0.999986668359715	1	1	0.0140172252717711	0.398351088749081	1.556
two_pleiotropy	two_pleiotropy	default	46	20270046	TRUE	TRUE	0.999999999999997	0.0108226585270527	0.99996123437823	0.999999999999997	0.999999999999997	0.0108226585270527	0.129373019707387	1.528
two_pleiotropy	two_pleiotropy	default	47	20270047	TRUE	TRUE	1	0.0179215311886891	0.999852585804939	1	1	0.0179215311886891	0.528848821480267	1.637
two_pleiotropy	two_pleiotropy	default	48	20270048	TRUE	FALSE	0.999999999999994	0.0106799276352102	0.0225987305251897	0.999999999999994	0.999999999999994	0.0106799276352102	0.257909823431433	1.63
two_pleiotropy	two_pleiotropy	default	49	20270049	TRUE	TRUE	1	0.206703560789423	0.9999999995423	1	1	0.206703560789423	0.112121591519042	1.471
two_pleiotropy	two_pleiotropy	default	50	20270050	TRUE	TRUE	0.999999999999997	0.0546860900950339	0.971174484988009	0.999999999999997	0.999999999999997	0.0546860900950339	0.0764177364667944	1.659
mediation_sparse	mediation_sparse	default	1	20271001	TRUE	TRUE	0.999234762726693	0.999335823362726	0.999862205142558	0.0022656277862269	0.999862479019929	0.998570998963919	0.110238670204623	1.229
mediation_sparse	mediation_sparse	default	2	20271002	TRUE	TRUE	0.999998080790964	0.918737568533524	0.955590498694928	0.00190947405009195	0.955790830803087	0.918736050381004	0.157813673142698	1.214
mediation_sparse	mediation_sparse	default	3	20271003	TRUE	TRUE	0.991523927402842	0.981637667038811	0.999709607582061	0.00221521506713306	0.999711479274484	0.973344387136489	0.184408324572857	1.165
mediation_sparse	mediation_sparse	default	4	20271004	TRUE	FALSE	0.999995685840097	0.904501798814898	0.131263624921873	0.00141195228995215	0.132480306032075	0.904498816731909	0.158181870317634	1.236
mediation_sparse	mediation_sparse	default	5	20271005	TRUE	TRUE	0.999999999995	0.999999999104168	0.999999999998879	0.00171800310422117	0.999999999998882	0.999999999099169	0.433166124670109	1.248
mediation_sparse	mediation_sparse	default	6	20271006	TRUE	FALSE	0.999903838469048	0.630605777009522	0.998929004368458	0.0069089226267278	0.998930581844548	0.630564730691538	0.0786389879977349	1.207
mediation_sparse	mediation_sparse	default	7	20271007	TRUE	FALSE	0.999999995183631	0.99523017226067	0.036953693666636	0.00226644698517803	0.0391372724729446	0.995230167800425	0.252433013686414	1.201
mediation_sparse	mediation_sparse	default	8	20271008	TRUE	FALSE	0.987634799491669	0.701411687549958	0.954523950697861	0.00577903179044782	0.954714864142123	0.693691665237667	0.201221216023981	1.203
mediation_sparse	mediation_sparse	default	9	20271009	TRUE	FALSE	0.999749140436858	0.964590989886108	0.197436845923406	0.00312603957646132	0.200115058143716	0.96436030812712	0.241757466118543	1.268
mediation_sparse	mediation_sparse	default	10	20271010	TRUE	TRUE	0.859034360751395	0.999999002485494	0.999999997778199	0.00292222695442903	0.999999997928487	0.859033394187293	0.283238054499336	1.258
mediation_sparse	mediation_sparse	default	11	20271011	TRUE	FALSE	0.999034239683722	0.978272148673795	0.658017328309673	0.00331800236663136	0.659441852970941	0.977353115341567	0.0904765421761056	1.192
mediation_sparse	mediation_sparse	default	12	20271012	TRUE	TRUE	0.847481736188477	0.999201202480506	0.999997309037495	0.0016212729584801	0.999997313419586	0.846946169245998	0.155960668002251	1.188
mediation_sparse	mediation_sparse	default	13	20271013	TRUE	TRUE	0.999999999972582	0.998244281534701	0.751047123178784	0.00493313169075689	0.751576854707164	0.998244281507526	0.594769434700737	1.201
mediation_sparse	mediation_sparse	default	14	20271014	TRUE	FALSE	0.994987851922946	0.927696863960546	0.493149718310266	0.00353589383341104	0.495396070791056	0.923285899028253	0.145323082638285	1.241
mediation_sparse	mediation_sparse	default	15	20271015	TRUE	FALSE	0.495119437867802	0.999995264680412	0.999997833187129	0.00180187440544965	0.999997836270213	0.495117569619695	0.105969341152559	1.205
mediation_sparse	mediation_sparse	default	16	20271016	TRUE	TRUE	0.999999619448532	0.999863189888756	0.990743885820484	0.00172127517622694	0.990758306516124	0.999862809450771	0.0572347078820314	1.216
mediation_sparse	mediation_sparse	default	17	20271017	TRUE	FALSE	0.999999957474278	0.925311080357928	0.15730941717465	0.00206770253308014	0.158920885223064	0.925311043754895	0.403968108186703	1.16
mediation_sparse	mediation_sparse	default	18	20271018	TRUE	TRUE	0.999974869700332	0.999150189519226	0.950595015318098	0.00155130324419607	0.950665561235652	0.999125079042842	0.199443299946964	1.198
mediation_sparse	mediation_sparse	default	19	20271019	TRUE	TRUE	0.999179662513972	0.870100067657208	0.999692629942485	0.00169733553607873	0.999693594069243	0.869541075914107	0.0728874267505404	1.256
mediation_sparse	mediation_sparse	default	20	20271020	TRUE	TRUE	0.999930860606953	0.998483440747485	1	0.00327326756879919	1	0.998414420452002	0.0643871532605402	1.20999999999999
mediation_sparse	mediation_sparse	default	21	20271021	TRUE	TRUE	0.994350372165322	0.989836788232465	0.724574909368485	0.00226933897551445	0.725509056851502	0.984232788269497	0.129766384535813	1.235
mediation_sparse	mediation_sparse	default	22	20271022	TRUE	TRUE	0.999999996233524	0.963552631277667	0.946002635226963	0.00494262657861385	0.946676183354225	0.963552627558241	0.128181393172582	1.257
mediation_sparse	mediation_sparse	default	23	20271023	TRUE	TRUE	0.992750136950508	0.99994414353174	0.99907085249343	0.0015636795837157	0.999073148593349	0.992694597169469	0.178677899945072	1.245
mediation_sparse	mediation_sparse	default	24	20271024	TRUE	TRUE	0.999985621372334	0.76266819604968	0.951507392376602	0.00198197481815747	0.951698709244235	0.762662112537976	0.0918497367380127	1.266
mediation_sparse	mediation_sparse	default	25	20271025	TRUE	TRUE	0.999996665816	0.960808514844106	0.999917286966546	0.0100322106944407	0.999920796341765	0.960805190928772	0.182395067178206	1.234
mediation_sparse	mediation_sparse	default	26	20271026	TRUE	TRUE	0.999573475884014	0.95821333170364	0.992383976061551	0.0032334789197358	0.992397674068414	0.957790593781048	0.275418089354133	1.255
mediation_sparse	mediation_sparse	default	27	20271027	TRUE	FALSE	0.999999999988449	0.997029335023567	0.193581485692419	0.00232936455140707	0.195439570491887	0.997029335012698	0.231739899128058	1.259
mediation_sparse	mediation_sparse	default	28	20271028	TRUE	FALSE	0.999801530531919	0.989521877514589	0.218302899202003	0.00175189508155392	0.219664336288358	0.989331657470283	0.0830876995254926	1.286
mediation_sparse	mediation_sparse	default	29	20271029	TRUE	FALSE	0.999901305479072	0.340879625072603	0.988490575534808	0.0016269547091236	0.988507321998103	0.340812329847575	0.128492337810457	1.221
mediation_sparse	mediation_sparse	default	30	20271030	TRUE	TRUE	0.999999746991149	0.999339846128864	0.999999891279908	0.00205475608882403	0.999999891506997	0.999339593689769	0.2587365300502	1.242
mediation_sparse	mediation_sparse	default	31	20271031	TRUE	FALSE	0.999999833325465	0.650163844292954	0.999932908919004	0.00180801262453828	0.999933035762038	0.650163718660648	0.13257758611816	1.208
mediation_sparse	mediation_sparse	default	32	20271032	TRUE	TRUE	0.992939223422876	0.999998699241967	0.999999403963824	0.0047841450847616	0.999999474985456	0.992937966419387	0.319785604927574	1.306
mediation_sparse	mediation_sparse	default	33	20271033	TRUE	TRUE	0.999999998963455	0.999867206748934	0.999995346520874	0.002149197776973	0.99999536476805	0.999867205712515	0.0421476412177242	1.281
mediation_sparse	mediation_sparse	default	34	20271034	TRUE	TRUE	0.999999955867236	0.947342540601489	0.925387310999218	0.00396066706695885	0.926289431473753	0.947342510105281	0.309041858860041	1.185
mediation_sparse	mediation_sparse	default	35	20271035	TRUE	TRUE	0.997289496893387	0.999994872016813	0.999995259132645	0.00173424716858511	0.999995276298378	0.997284387059242	0.296376369887909	1.264
mediation_sparse	mediation_sparse	default	36	20271036	TRUE	FALSE	0.999809477570442	0.914051781777405	0.14030287323566	0.00497366133106768	0.144362188226463	0.913916300849653	0.554696915586788	1.318
mediation_sparse	mediation_sparse	default	37	20271037	TRUE	FALSE	0.999970448520606	0.949547502730348	0.430330198474775	0.00238560267853569	0.431488862804496	0.94952600836582	0.103484313964231	1.169
mediation_sparse	mediation_sparse	default	38	20271038	TRUE	TRUE	0.999999983635318	0.999678171435552	0.999999999970281	0.00178113050531723	0.999999999970342	0.999678155092702	0.156470294475753	1.205
mediation_sparse	mediation_sparse	default	39	20271039	TRUE	TRUE	0.999999993044924	0.99999736830383	0.999812178150133	0.00180616677211585	0.999812455410205	0.999997361349504	0.0799258646219982	1.198
mediation_sparse	mediation_sparse	default	40	20271040	TRUE	FALSE	0.999828241706095	0.994233760067244	0.542023934733907	0.00383235357021879	0.544175996023012	0.994065789447914	0.0866095448733262	1.283
mediation_sparse	mediation_sparse	default	41	20271041	TRUE	FALSE	0.998524994804882	0.401275558229025	0.974414958346878	0.0045812480273388	0.974484535072939	0.400781499360861	0.0756957404167622	1.264
mediation_sparse	mediation_sparse	default	42	20271042	TRUE	TRUE	0.999991050477796	0.999993450598344	0.999999994781812	0.00152954892274363	0.999999994792679	0.999984501431413	0.131803680288272	1.225
mediation_sparse	mediation_sparse	default	43	20271043	TRUE	TRUE	0.999994898153962	0.997570736585711	0.994333247333098	0.00176170904141495	0.994349727532977	0.997565856609403	0.493151350226896	1.203
mediation_sparse	mediation_sparse	default	44	20271044	TRUE	FALSE	0.994818407797922	0.966460370718989	0.0828120988380241	0.00161580840293329	0.0842917762048294	0.961572667137692	0.494807915558226	1.322
mediation_sparse	mediation_sparse	default	45	20271045	TRUE	TRUE	0.983813778371782	0.999754930697236	0.999999999341215	0.00166749854619157	0.999999999342262	0.983569462475908	0.530488278033246	1.265
mediation_sparse	mediation_sparse	default	46	20271046	TRUE	FALSE	0.99976876290307	0.954924293608943	0.113674918370867	0.00175376250888135	0.115216254597474	0.954700779766628	0.358073898686698	1.295
mediation_sparse	mediation_sparse	default	47	20271047	TRUE	TRUE	0.99999913461386	0.948414149585714	0.944103795915759	0.00286960243238436	0.944232404610987	0.948413438224267	0.141138338098827	1.209
mediation_sparse	mediation_sparse	default	48	20271048	TRUE	FALSE	0.999995124816318	0.706201673058151	0.465429197546142	0.00706978415935568	0.466726961137269	0.706197731477146	0.132331497744516	1.276
mediation_sparse	mediation_sparse	default	49	20271049	TRUE	FALSE	0.999992217613569	0.983517713441183	0.40077970648251	0.00534818292239968	0.404707110254527	0.983510203920585	0.058211395167632	1.223
mediation_sparse	mediation_sparse	default	50	20271050	TRUE	TRUE	0.999887342081736	0.999989520946816	0.999999999433467	0.00162567160307545	0.999999999434326	0.999876863439558	0.41349800310644	1.236
declared_overlap_null	null	default	1	20272001	TRUE	TRUE	0.0351374638940075	0.040275218775812	0.223353725453506	0.00567434769630457	0.22758851461474	0.00143247432989189	0.201921990210025	1.201
declared_overlap_null	null	default	2	20272002	TRUE	TRUE	0.0666918708669976	0.00898927657449705	0.019418649578555	0.00163660100787933	0.0210238580711255	0.000596497930379364	0.348753724846318	1.196
declared_overlap_null	null	default	3	20272003	TRUE	TRUE	0.037429846938129	0.00806240848701009	0.0147427912463128	0.00296474996292728	0.0176613689944814	0.000301732613672971	0.284288837777268	1.245
declared_overlap_null	null	default	4	20272004	TRUE	TRUE	0.0288577777311732	0.0163374830606422	0.0261562494240623	0.00150985789773995	0.0276265560921162	0.000474593024241299	0.284676992197447	1.223
declared_overlap_null	null	default	5	20272005	TRUE	TRUE	0.0364317030595076	0.0185454906586457	0.0280532521714515	0.00140187591374972	0.0294150003144902	0.000674922613185786	0.17917071949708	1.239
declared_overlap_null	null	default	6	20272006	TRUE	TRUE	0.0405086951393305	0.0169315073563871	0.0234429608731945	0.00138941977095242	0.0247997426610498	0.000684224296761861	0.245190611625844	1.175
declared_overlap_null	null	default	7	20272007	TRUE	TRUE	0.0368252269101109	0.00968227653871387	0.0189045450850052	0.00157458882103976	0.0204483598631705	0.000356203932270615	0.310347325557018	1.196
declared_overlap_null	null	default	8	20272008	TRUE	TRUE	0.0517303219253944	0.0131045481011099	0.019896528031663	0.00509230694706931	0.0248918289583454	0.000674245544240336	0.250912154261584	1.20699999999999
declared_overlap_null	null	default	9	20272009	TRUE	TRUE	0.0353567599106168	0.130048124345754	0.120864990687339	0.0066182300673843	0.126435730456155	0.00453674625513918	0.225023130738194	1.305
declared_overlap_null	null	default	10	20272010	TRUE	TRUE	0.0425903945203109	0.00785137537070519	0.0169212964175909	0.00553462225393598	0.022369829027498	0.000334817536456045	0.341739176496844	1.23
declared_overlap_null	null	default	11	20272011	TRUE	TRUE	0.0378283291442804	0.010371773251522	0.0237954783191842	0.00185191487436556	0.0256036823193915	0.000392002891635301	0.347593952584702	1.20499999999999
declared_overlap_null	null	default	12	20272012	TRUE	TRUE	0.042186487750299	0.0067905973132297	0.0185393039991543	0.00140566871356437	0.0199180977257919	0.000286407760593986	0.379459849518327	1.21600000000001
declared_overlap_null	null	default	13	20272013	TRUE	TRUE	0.0595001363633677	0.037341715002589	0.0355820797713217	0.00179386629208337	0.0373186669119407	0.00225007712481373	0.258398975645733	1.16800000000001
declared_overlap_null	null	default	14	20272014	TRUE	TRUE	0.0364657830834446	0.00760437046711128	0.0142110910911469	0.001542916353949	0.0157320527798526	0.000277325001692971	0.186736467653674	1.218
declared_overlap_null	null	default	15	20272015	TRUE	TRUE	0.0441976448677233	0.00949444783507191	0.0149985093953445	0.00693781245471935	0.0218405067518009	0.000421141258924476	0.260651921057189	1.211
declared_overlap_null	null	default	16	20272016	TRUE	TRUE	0.0348158279074978	0.0287192495895286	0.163194963026485	0.00143038233322329	0.164380786077196	0.00100411465912218	0.1471348069214	1.14299999999999
declared_overlap_null	null	default	17	20272017	TRUE	TRUE	0.0651757387642607	0.0127223684681099	0.0234262776409181	0.00145796212845403	0.0248465088003359	0.000827441011365885	0.373760099882105	1.292
declared_overlap_null	null	default	18	20272018	TRUE	TRUE	0.033266536168931	0.0149005610948225	0.0259905322916154	0.00137689184417706	0.0273311205202032	0.000496373547623398	0.334076562698044	1.246
declared_overlap_null	null	default	19	20272019	TRUE	TRUE	0.0486950117686392	0.0315556180492801	0.039689311631434	0.00427535927328379	0.0437540619419903	0.00153284877913164	0.273664985202402	1.24499999999999
declared_overlap_null	null	default	20	20272020	TRUE	TRUE	0.0315884112532524	0.010989094255775	0.0183216502799478	0.0013776190499953	0.0196737374158769	0.000346177649936277	0.186041408425893	1.19200000000001
declared_overlap_null	null	default	21	20272021	TRUE	TRUE	0.0359239484359041	0.0558642974621795	0.0508903771653253	0.00701971380221246	0.0575671461524952	0.00201123895172566	0.188238846846019	1.208
declared_overlap_null	null	default	22	20272022	TRUE	TRUE	0.0575295889363368	0.00966088437714609	0.020710053346754	0.0014180436779293	0.0220988710955799	0.000537937141422979	0.348946601410319	1.238
declared_overlap_null	null	default	23	20272023	TRUE	TRUE	0.0467359214982025	0.0104052701993449	0.0241499119949893	0.00374408598666049	0.0278090644485598	0.000486001207889431	0.289890451915966	1.2
declared_overlap_null	null	default	24	20272024	TRUE	TRUE	0.0421991978753435	0.00778484940195698	0.0176420185251035	0.0014258624608521	0.0190409749514299	0.000328480002599754	0.350525093416877	1.23099999999999
declared_overlap_null	null	default	25	20272025	TRUE	TRUE	0.0399865203823143	0.0115732378978179	0.0362569985864902	0.00150331640675854	0.0377059182640742	0.000462760274144552	0.333814460670084	1.14
declared_overlap_null	null	default	26	20272026	TRUE	TRUE	0.0364082331916419	0.00880059108935349	0.0161180333939057	0.00229924195924014	0.0183816856982216	0.000320642283870174	0.362682924751326	1.205
declared_overlap_null	null	default	27	20272027	TRUE	TRUE	0.0390653373378774	0.122628059367878	0.119235482678576	0.00138889156287834	0.120457561397027	0.00470548287251239	0.148576358813102	1.17400000000001
declared_overlap_null	null	default	28	20272028	TRUE	TRUE	0.028189783664337	0.00770891141818828	0.0151644565560906	0.00148864621179183	0.0166302988752761	0.000217372850003823	0.2905637302093	1.23099999999999
declared_overlap_null	null	default	29	20272029	TRUE	TRUE	0.0836923241006745	0.0175212379692443	0.0627977645595955	0.00653199968088073	0.0689930363898034	0.00144389335418859	0.274373441642382	1.255
declared_overlap_null	null	default	30	20272030	TRUE	TRUE	0.0501119457235203	0.0118166981164074	0.0210189335167701	0.00141730660651323	0.0224064977301301	0.000592117165391323	0.248101278392511	1.17100000000001
declared_overlap_null	null	default	31	20272031	TRUE	TRUE	0.0560048312419276	0.00743232417918606	0.0208061032757464	0.00173996512273624	0.0225038114887557	0.000418574543784723	0.450709717705692	1.17200000000001
declared_overlap_null	null	default	32	20272032	TRUE	TRUE	0.0629078588281435	0.00994094862059112	0.0452407954220871	0.00257854116588736	0.0477005196284188	0.000617959487662905	0.250182718403124	1.247
declared_overlap_null	null	default	33	20272033	TRUE	TRUE	0.052273652199064	0.0100032207196715	0.019168665091194	0.00162488662680994	0.0207600046422291	0.000522423494645095	0.188785728801861	1.209
declared_overlap_null	null	default	34	20272034	TRUE	TRUE	0.0390329700334523	0.00867181318451367	0.0149508684170485	0.00137781371201107	0.0163079238866714	0.000338114299912377	0.299028641265778	1.224
declared_overlap_null	null	default	35	20272035	TRUE	TRUE	0.0618839237340456	0.0118354964269494	0.0246475038039733	0.00209190658546359	0.0266890463712089	0.000720611125488614	0.348928199660094	1.238
declared_overlap_null	null	default	36	20272036	TRUE	TRUE	0.0301685274201993	0.0112694573927572	0.0232089147660285	0.00159355012528953	0.0247647755360979	0.000340585403960942	0.348960617797061	1.20200000000001
declared_overlap_null	null	default	37	20272037	TRUE	TRUE	0.0466527214139945	0.00987498565437254	0.0185921503692013	0.00146117290561901	0.0200260836337829	0.000460552703314321	0.290549396290658	1.208
declared_overlap_null	null	default	38	20272038	TRUE	TRUE	0.0368301585418603	0.0138759084931798	0.0256221406493385	0.0018766931021814	0.0274463871281699	0.000512022281614383	0.279788254934545	1.241
declared_overlap_null	null	default	39	20272039	TRUE	TRUE	0.0258703046254499	0.0119192749848235	0.0224719509990529	0.00158796871548084	0.0240232942608691	0.000307240922220772	0.304812437277221	1.22999999999999
declared_overlap_null	null	default	40	20272040	TRUE	FALSE	0.0483681114687317	0.272881241521508	0.489722211491727	0.0026082809235055	0.491314695558347	0.0135355884889072	0.544982213384998	1.244
declared_overlap_null	null	default	41	20272041	TRUE	TRUE	0.0685023638497811	0.0114916761643212	0.0232526489105995	0.00245823498516577	0.0256554895065998	0.000790744962269846	0.271449387923795	1.233
declared_overlap_null	null	default	42	20272042	TRUE	TRUE	0.0384746436437972	0.0117020664474848	0.0259249592415039	0.00144014899941528	0.0273260967948582	0.000447280323722759	0.348643319476565	1.244
declared_overlap_null	null	default	43	20272043	TRUE	TRUE	0.0573612893127185	0.00911878886562712	0.0153931371456744	0.00146908331263111	0.0168391927564595	0.00052375235863069	0.23702073556052	1.16
declared_overlap_null	null	default	44	20272044	TRUE	TRUE	0.176756463265206	0.0096087721402855	0.0186548119849553	0.00143106032611215	0.0200589920341169	0.00170649582164113	0.347478803472498	1.21599999999999
declared_overlap_null	null	default	45	20272045	TRUE	TRUE	0.0504848412574384	0.0129555810258195	0.0192793792581929	0.00202616005692624	0.0212670304310086	0.0006517284974644	0.198045162617831	1.209
declared_overlap_null	null	default	46	20272046	TRUE	TRUE	0.0455847930049073	0.0127523359929899	0.0205820453751963	0.00161412344284621	0.0221640550775865	0.000579672999031892	0.243593206806196	1.21299999999999
declared_overlap_null	null	default	47	20272047	TRUE	TRUE	0.119539359105486	0.0679171406007174	0.0513810644310958	0.00212116777026921	0.0533996689666928	0.0084119732753503	0.304720623581687	1.22
declared_overlap_null	null	default	48	20272048	TRUE	TRUE	0.0594269614922853	0.00980811128257914	0.0217735082362436	0.0106998999168465	0.0322645686311191	0.000572329442437028	0.349182935363729	1.27499999999999
declared_overlap_null	null	default	49	20272049	TRUE	TRUE	0.0393620216721229	0.0158519995133099	0.0253164565118769	0.00169724725986466	0.026973328315247	0.000620613276888	0.296984317773436	1.25500000000001
declared_overlap_null	null	default	50	20272050	TRUE	TRUE	0.0375624755037074	0.0107323917726239	0.0334457660268559	0.0013713727407932	0.034769350338734	0.000402616882634655	0.331733788938834	1.188
undeclared_overlap_null	diagnostic	default	1	20273001	TRUE	NA	0.0507603190517177	0.0111366935160356	0.0172421046146487	0.0019258068092952	0.0191344132847688	0.00056530502688854	0.268444346501326	1.244
undeclared_overlap_null	diagnostic	default	2	20273002	TRUE	NA	0.0547279314000192	0.00880409064654286	0.0275340789887276	0.00139986885821408	0.0288946818172651	0.000482470143300104	0.396868241055131	1.129
undeclared_overlap_null	diagnostic	default	3	20273003	TRUE	NA	0.0350584027941217	0.0327798957286025	0.0469002613618814	0.00197829697794971	0.0487966124659563	0.00117225627170317	0.351173036459159	1.164
undeclared_overlap_null	diagnostic	default	4	20273004	TRUE	NA	0.038026431565064	0.00811798377206666	0.0139084794748431	0.00140401825786322	0.0152925297075303	0.000308557023774398	0.261977407347075	1.191
undeclared_overlap_null	diagnostic	default	5	20273005	TRUE	NA	0.0399424375461547	0.0147761159545571	0.0214931835106427	0.00513882934303227	0.026545049692159	0.000592833497349542	0.238579117100713	1.212
undeclared_overlap_null	diagnostic	default	6	20273006	TRUE	NA	0.0416834691636986	0.0102917247165477	0.028732555407166	0.00496164849679628	0.0335839040074417	0.000428807056108495	0.291234536561291	1.19600000000001
undeclared_overlap_null	diagnostic	default	7	20273007	TRUE	NA	0.0300743567449502	0.00878333114116939	0.0159917917187165	0.00408302910381497	0.0200057382994111	0.000264152313524606	0.219578028040189	1.23999999999999
undeclared_overlap_null	diagnostic	default	8	20273008	TRUE	NA	0.0340335375293984	0.00987263821171927	0.0241579048700193	0.00137221570087764	0.0254961410447501	0.000333747779034419	0.553242332875769	1.274
undeclared_overlap_null	diagnostic	default	9	20273009	TRUE	NA	0.0263351255176455	0.0183599353024391	0.027114546554251	0.00172323078130089	0.0287839000032195	0.000482880588847554	0.211860498161712	1.197
undeclared_overlap_null	diagnostic	default	10	20273010	TRUE	NA	0.381553825587576	0.0225771945050085	0.0657303495355526	0.00157539758807338	0.0672032135847644	0.00862950648738415	0.354216709220111	1.16800000000001
undeclared_overlap_null	diagnostic	default	11	20273011	TRUE	NA	0.0444593224680376	0.00931209522048085	0.0168370158331341	0.00205135807778928	0.0188546307964665	0.000413923756653717	0.338205767921451	1.145
undeclared_overlap_null	diagnostic	default	12	20273012	TRUE	NA	0.0353345018652354	0.00947674708568652	0.0173312040835431	0.00538120621080495	0.0226188144827413	0.000335336914512894	0.250509958341539	1.292
undeclared_overlap_null	diagnostic	default	13	20273013	TRUE	NA	0.0290072634936832	0.0119149428820907	0.0259433749896823	0.00141672213661601	0.0273194929520257	0.000345538275697867	0.349036779632229	1.244
undeclared_overlap_null	diagnostic	default	14	20273014	TRUE	NA	0.0356826990774412	0.00776586679902841	0.0137746777691466	0.00843984624334663	0.0220976804687741	0.000277023470786682	0.273734060150645	1.244
undeclared_overlap_null	diagnostic	default	15	20273015	TRUE	NA	0.0891951638747039	0.00980124472664109	0.0213885547248362	0.00145718905998226	0.0228146617546898	0.00087432066270238	0.317288849219011	1.151
undeclared_overlap_null	diagnostic	default	16	20273016	TRUE	NA	0.0341183384034291	0.00870393431847738	0.015649359192629	0.00234491943384577	0.0179566346040142	0.000297145431530466	0.277356493434297	1.22799999999999
undeclared_overlap_null	diagnostic	default	17	20273017	TRUE	NA	0.0321621044853203	0.00916103244513438	0.0195161097477402	0.0014218330670433	0.0209090134189681	0.000292408558635605	0.349043638483437	1.298
undeclared_overlap_null	diagnostic	default	18	20273018	TRUE	NA	0.042117635975657	0.0230676007769427	0.039223955178709	0.00143113686211988	0.0405960581353471	0.000968094875200596	0.19518406655331	1.223
undeclared_overlap_null	diagnostic	default	19	20273019	TRUE	NA	0.0333446920170692	0.00905816018464855	0.0149493634038789	0.0053960742206721	0.020258684966408	0.000302180096493715	0.234342560380838	1.26300000000001
undeclared_overlap_null	diagnostic	default	20	20273020	TRUE	NA	0.043209938171465	0.00869830584581898	0.0162936406377995	0.00144453517311939	0.0177145384910257	0.000375890037781353	0.214667937207395	1.24300000000001
undeclared_overlap_null	diagnostic	default	21	20273021	TRUE	NA	0.0385457214952156	0.0141064542512701	0.0199701196044373	0.00201474392466118	0.0219393532075938	0.000543708727345042	0.247014171505015	1.16200000000001
undeclared_overlap_null	diagnostic	default	22	20273022	TRUE	NA	0.0776095375738683	0.0271215612964926	0.0308797464012912	0.0114132232390251	0.0418458444396799	0.00213390627497441	0.238398624325953	1.28400000000001
undeclared_overlap_null	diagnostic	default	23	20273023	TRUE	NA	0.039955513722618	0.00827148091001298	0.01771214759407	0.0139435074021229	0.0314412658790371	0.000330907746776687	0.288293630761302	1.27
undeclared_overlap_null	diagnostic	default	24	20273024	TRUE	NA	0.0322148195986266	0.00925389954583621	0.0193509623590273	0.00253794234346472	0.0218396259720296	0.000297951331720808	0.238055988517289	1.31699999999999
undeclared_overlap_null	diagnostic	default	25	20273025	TRUE	NA	0.0611334006449903	0.00879058698139693	0.0156813680724282	0.00146962551100576	0.0171277562979096	0.000540723386796738	0.198693067212275	1.27000000000001
undeclared_overlap_null	diagnostic	default	26	20273026	TRUE	NA	0.0335579330706183	0.0111957256415833	0.0201570921898761	0.00146920148518276	0.0215961911189144	0.000375547035070041	0.199503584358098	1.25200000000001
undeclared_overlap_null	diagnostic	default	27	20273027	TRUE	NA	0.193263707600453	0.015145737526635	0.0305739243548505	0.00754596827385114	0.0378481544004872	0.00294886042693395	0.312604732505022	1.22799999999999
undeclared_overlap_null	diagnostic	default	28	20273028	TRUE	NA	0.0325435719426808	0.00995050283577115	0.0201677662091387	0.00341169593125415	0.0235054477838582	0.0003236664339396	0.361140919202825	1.2
undeclared_overlap_null	diagnostic	default	29	20273029	TRUE	NA	0.045890249177313	0.0168053490536842	0.0227647219374024	0.00165553907059639	0.0243843213229366	0.000773977325579991	0.282442871737146	1.22799999999999
undeclared_overlap_null	diagnostic	default	30	20273030	TRUE	NA	0.0326767594649461	0.00892715206035834	0.0209225722552573	0.00686769278711216	0.0276679377182896	0.000291652210583679	0.320130515445044	1.26900000000001
undeclared_overlap_null	diagnostic	default	31	20273031	TRUE	NA	0.0539408193011459	0.00876891640630229	0.0179285079007223	0.00152161919366455	0.0194222189494816	0.000472602597927081	0.207903039287388	1.188
undeclared_overlap_null	diagnostic	default	32	20273032	TRUE	NA	0.0330082208212196	0.00959634674463805	0.0297071924708279	0.00138585326253337	0.0310512491479062	0.000316279755785064	0.281820701361482	1.24900000000001
undeclared_overlap_null	diagnostic	default	33	20273033	TRUE	NA	0.0525335759213131	0.0133869919176704	0.0279776034140911	0.00366494315160602	0.0315611678429377	0.000698369107148297	0.347643012441921	1.26100000000001
undeclared_overlap_null	diagnostic	default	34	20273034	TRUE	NA	0.0451894854069086	0.00878643757307255	0.0175507944125887	0.00290454604509506	0.0204069228459448	0.000397174726401806	0.210649097271556	1.203
undeclared_overlap_null	diagnostic	default	35	20273035	TRUE	NA	0.046903830231356	0.0109615732336518	0.0214395087402421	0.0342982823161371	0.0550902742606877	0.000514724958085273	0.285174212433361	1.306
undeclared_overlap_null	diagnostic	default	36	20273036	TRUE	NA	0.0286460032428649	0.00931458172482862	0.0232601516571485	0.00255798676598842	0.025760833346899	0.00026684253079326	0.467233143344231	1.209
undeclared_overlap_null	diagnostic	default	37	20273037	TRUE	NA	0.180054240829149	0.0069062440569908	0.0142828743099765	0.00154643228983034	0.0158068644391122	0.00124828130848822	0.269551774849674	1.26599999999999
undeclared_overlap_null	diagnostic	default	38	20273038	TRUE	NA	0.0774003474987226	0.0162762770279563	0.0202516631651683	0.00145413349164921	0.0216757099780625	0.00125537690964333	0.24191398712162	1.264
undeclared_overlap_null	diagnostic	default	39	20273039	TRUE	NA	0.0456608430355072	0.00903120772441938	0.0160303430324795	0.0287371000159348	0.0442975422758512	0.00041230977410745	0.246112651752043	1.29100000000001
undeclared_overlap_null	diagnostic	default	40	20273040	TRUE	NA	0.0650416299054161	0.00837565967224506	0.022677156962376	0.0013593858399588	0.0240044230923885	0.000546160020284435	0.322531818471631	1.307
undeclared_overlap_null	diagnostic	default	41	20273041	TRUE	NA	0.0492287558552607	0.0302401686492408	0.0365294548711187	0.00183437238649097	0.0382958868526492	0.00149489472678982	0.202833686193685	1.282
undeclared_overlap_null	diagnostic	default	42	20273042	TRUE	NA	0.0383864449516351	0.00879690121038301	0.0145380594779786	0.0014704407352671	0.0159859756495761	0.000338309256055045	0.291082946956067	1.25
undeclared_overlap_null	diagnostic	default	43	20273043	TRUE	NA	0.0318097093381488	0.0086364357997639	0.0172375826463399	0.00169744551402473	0.0189067632834216	0.000275338315783086	0.20268127977829	1.253
undeclared_overlap_null	diagnostic	default	44	20273044	TRUE	NA	0.0529262547101545	0.00924914086654888	0.0176912304227749	0.00171190606319248	0.0193724695754949	0.000487535049090444	0.210496793245255	1.246
undeclared_overlap_null	diagnostic	default	45	20273045	TRUE	NA	0.335912458142797	0.00923880915831803	0.0225917639999667	0.00419458578899176	0.0266867691620073	0.00312205067409028	0.348197947678997	1.319
undeclared_overlap_null	diagnostic	default	46	20273046	TRUE	NA	0.392110099961526	0.0175631966032925	0.0392112644525281	0.00137543557735775	0.0405282900758233	0.00685711201596678	0.366469405118806	1.271
undeclared_overlap_null	diagnostic	default	47	20273047	TRUE	NA	0.0479132894471866	0.50607032548726	0.280920541722041	0.00194202922781615	0.282290308554994	0.0244333555626987	0.196108737021262	1.241
undeclared_overlap_null	diagnostic	default	48	20273048	TRUE	NA	0.0885921040159651	0.00777185110658401	0.0154019652947275	0.00181262367609975	0.0171863587321052	0.000687310690397308	0.217128507306711	1.28699999999999
undeclared_overlap_null	diagnostic	default	49	20273049	TRUE	NA	0.0676553858364798	0.00855963606282806	0.0143858224220322	0.00219487072401376	0.0165468098510493	0.000580479710248819	0.280443970065122	1.35300000000001
undeclared_overlap_null	diagnostic	default	50	20273050	TRUE	NA	0.106196160122703	0.0102768821559137	0.016509265934257	0.00217997029884988	0.0186542245391099	0.00109259812607924	0.282998049929688	1.34500000000001
ld_null	null	default	1	20274001	TRUE	TRUE	0.0385519212633637	0.0294845651425521	0.0359362568087013	0.00164568041452877	0.0375263049068449	0.00113571042520478	0.163702471405145	1.34
ld_null	null	default	2	20274002	TRUE	TRUE	0.0521967173338928	0.013651215117884	0.0231707468403302	0.00342987167433278	0.02653195751935	0.000704224725219875	0.348914300761436	1.32700000000001
ld_null	null	default	3	20274003	TRUE	TRUE	0.0956520548363056	0.0088437411194298	0.0147234151777157	0.00182308543801295	0.0165196358831813	0.000855648912338532	0.250599574735531	1.273
ld_null	null	default	4	20274004	TRUE	TRUE	0.0372274456478041	0.00960355281363036	0.0164203204955364	0.00143641044245264	0.0178330296734821	0.000357765656705813	0.29824841605938	1.294
ld_null	null	default	5	20274005	TRUE	TRUE	0.0612536675931748	0.00879346896545505	0.0407651296356898	0.00150330595326535	0.0421921630833842	0.00053842601194465	0.232560129409904	1.155
ld_null	null	default	6	20274006	TRUE	TRUE	0.0455630730981966	0.0207035731512116	0.0242568568809798	0.00143671276801355	0.025658418107211	0.000956270170435925	0.238215046745552	1.452
ld_null	null	default	7	20274007	TRUE	TRUE	0.0423465906271393	0.0481413923606782	0.11372813530393	0.00147364914332202	0.115023572145941	0.00204875705189631	0.282783324815597	1.223
ld_null	null	default	8	20274008	TRUE	TRUE	0.032998882928899	0.00934693137207956	0.0207776414206788	0.00203671035963541	0.0227726384277264	0.000311250449373579	0.329151039516091	1.325
ld_null	null	default	9	20274009	TRUE	TRUE	0.0564094435670035	0.0886099808198782	0.0720696207677327	0.00144047541199289	0.0734013907986969	0.00505087850953668	0.172069045523813	1.255
ld_null	null	default	10	20274010	TRUE	TRUE	0.0581072493854959	0.00998930118383371	0.0190898315663141	0.00236515685905662	0.0214096454691714	0.000582450110143392	0.190160171843871	1.301
ld_null	null	default	11	20274011	TRUE	TRUE	0.0420726993608921	0.00830675958068832	0.0149174518425533	0.00162530171250058	0.016518338681856	0.000348554707063571	0.284809034102665	1.31099999999999
ld_null	null	default	12	20274012	TRUE	TRUE	0.0349958840558265	0.00797960538766911	0.0148058782923928	0.0015944569744473	0.016376112709812	0.000279109774021078	0.300174226047574	1.26199999999999
ld_null	null	default	13	20274013	TRUE	TRUE	0.0400496157874728	0.0118491267667671	0.0248802485006448	0.00155843278888896	0.0263990188599547	0.000472980112550693	0.216969773105205	1.26899999999999
ld_null	null	default	14	20274014	TRUE	TRUE	0.0652758354164027	0.0133447290492954	0.0337843201549599	0.00335119409821561	0.0370257544768044	0.00086034177724577	0.371515198382781	1.32299999999999
ld_null	null	default	15	20274015	TRUE	TRUE	0.0377099599783329	0.0108476689075732	0.0206384409086775	0.00256972804425758	0.0231586920218774	0.000408751944163377	0.22956652998289	1.32799999999999
ld_null	null	default	16	20274016	TRUE	TRUE	0.0382269225101555	0.0477251196609263	0.0417578262748023	0.0295699818031655	0.0706188478735531	0.0018236973930695	0.293202445485718	1.384
ld_null	null	default	17	20274017	TRUE	FALSE	0.0863941655092479	0.484867855821201	0.198846360537842	0.00158130283989415	0.200112337741845	0.0423343819069839	0.223035798511773	1.29900000000001
ld_null	null	default	18	20274018	TRUE	TRUE	0.100871312847651	0.0101608776009417	0.0171457425083775	0.00210284548151869	0.019213781090699	0.00101653190713876	0.225908604863093	1.29299999999999
ld_null	null	default	19	20274019	TRUE	TRUE	0.0778019151534804	0.0109056202788093	0.0192760383039392	0.00192476035876243	0.0211628286816845	0.0008637262946067	0.254227186864767	1.265
ld_null	null	default	20	20274020	TRUE	TRUE	0.0454315523992671	0.0104411185116814	0.0173852351689788	0.00151879714231966	0.0188771432177881	0.000473949395735421	0.252341566010841	1.324
ld_null	null	default	21	20274021	TRUE	TRUE	0.0440547868185818	0.00956575984455918	0.0169047216988823	0.00186866445393536	0.0187419726068324	0.000420630644789647	0.281143622953067	1.342
ld_null	null	default	22	20274022	TRUE	TRUE	0.0436274530862596	0.0098995307015225	0.0363783113459472	0.00394308776899931	0.0401707123657778	0.000430408274798157	0.346209496147708	1.31899999999999
ld_null	null	default	23	20274023	TRUE	TRUE	0.618467527655536	0.0102013419120835	0.0172407274150511	0.00145296303310177	0.0186684085107977	0.00630309086292477	0.270880005291474	1.271
ld_null	null	default	24	20274024	TRUE	TRUE	0.0549849881592469	0.0137439633731989	0.0182482680671584	0.00451577442188411	0.0226889221709685	0.000752739919568396	0.256716864454802	1.267
ld_null	null	default	25	20274025	TRUE	TRUE	0.0534139786693764	0.0179500412585082	0.0374728371946478	0.0015771369295195	0.0389927166312653	0.000968232816314933	0.403641828969768	1.27300000000001
ld_null	null	default	26	20274026	TRUE	TRUE	0.0311937551235471	0.0127222237252457	0.0207968364127152	0.00218720038981131	0.0229359056663663	0.000398280451455685	0.187009308452701	1.27300000000001
ld_null	null	default	27	20274027	TRUE	TRUE	0.0296314859007069	0.00921149158234396	0.0162743481527799	0.00368934247887878	0.0199037291946654	0.00027287410262434	0.239043407977277	1.26300000000001
ld_null	null	default	28	20274028	TRUE	TRUE	0.0945924248137029	0.0529061172767456	0.0459189054779352	0.001521011861553	0.0473506796908116	0.00496288903038084	0.283641926674733	1.254
ld_null	null	default	29	20274029	TRUE	TRUE	0.0346214186847234	0.00920804567198161	0.0213446558505712	0.00150545449431809	0.022816828849162	0.000319755221950775	0.177440773152682	1.27499999999999
ld_null	null	default	30	20274030	TRUE	TRUE	0.100499014385381	0.0139623567017402	0.0846795687998833	0.00147407187498115	0.0860195207067225	0.00139611052858226	0.542279673836418	1.27
ld_null	null	default	31	20274031	TRUE	TRUE	0.0428061898125874	0.00747498668488958	0.0129931404128345	0.00144457378680769	0.0144181313332091	0.000320320925561401	0.290862875077892	1.307
ld_null	null	default	32	20274032	TRUE	TRUE	0.0456961306117063	0.00825891259692023	0.0149830429320048	0.00407579164243195	0.0189938915235977	0.000377562112412508	0.256952594373843	1.274
ld_null	null	default	33	20274033	TRUE	TRUE	0.0498281076827723	0.0083669096151089	0.0146158932914504	0.00252507666024865	0.0171039623325481	0.000417408752685789	0.273120429290572	1.27199999999999
ld_null	null	default	34	20274034	TRUE	TRUE	0.0357548517404796	0.00863067455363929	0.0159278583687928	0.0014747110884995	0.0173788474645564	0.000309384252860269	0.195932048592908	1.241
ld_null	null	default	35	20274035	TRUE	TRUE	0.0331884421013538	0.0504938512216332	0.128172294071858	0.00163170438112102	0.129568073912258	0.00167292848858288	0.221275705310177	1.26600000000001
ld_null	null	default	36	20274036	TRUE	TRUE	0.117655245165309	0.0123981726241847	0.0181543840402173	0.00142551812799053	0.0195532276804207	0.00147951067140223	0.318144525511457	1.29799999999999
ld_null	null	default	37	20274037	TRUE	TRUE	0.0323953131674769	0.013078672310961	0.0310818273682261	0.00151528152120976	0.0325494360641021	0.000423898828047575	0.448796857673386	1.22799999999999
ld_null	null	default	38	20274038	TRUE	TRUE	0.0704053004832105	0.00917458217728199	0.0161798337998824	0.00158634587316559	0.0177405665018094	0.000644846034641849	0.262013006173731	1.29899999999999
ld_null	null	default	39	20274039	TRUE	FALSE	0.0398805978847892	0.200612389646897	0.107270264410439	0.00144730445580149	0.108559673355055	0.0080922259294267	0.27477635907394	1.373
ld_null	null	default	40	20274040	TRUE	TRUE	0.187831664703317	0.145009059510668	0.139211842006596	0.00149769484007554	0.140472624236801	0.0256625888686894	0.393894084191231	1.30200000000001
ld_null	null	default	41	20274041	TRUE	TRUE	0.0471724944890947	0.0227469906685487	0.041081703710284	0.00272152351057112	0.0436869184778104	0.00107456155786059	0.214559804626958	1.29300000000001
ld_null	null	default	42	20274042	TRUE	TRUE	0.0553628146969624	0.0089799191381788	0.0176638010428516	0.00371308740603344	0.0213093872948341	0.000496167523901202	0.282974983430904	1.25500000000001
ld_null	null	default	43	20274043	TRUE	TRUE	0.0372940761880032	0.0100416259717694	0.021881293987753	0.00206917215647897	0.023901345018444	0.00037458460003053	0.313187165445299	1.33799999999999
ld_null	null	default	44	20274044	TRUE	TRUE	0.0361066429269742	0.00884845396561019	0.0228255196670493	0.0126136918262634	0.0351820313568173	0.000319636750969818	0.39205877679899	1.357
ld_null	null	default	45	20274045	TRUE	TRUE	0.0536312006768891	0.00994585920732442	0.0270308573125845	0.0014442834543866	0.0284353705485842	0.000534527222092969	0.297851876838109	1.265
ld_null	null	default	46	20274046	TRUE	TRUE	0.0370141042304205	0.00897821356121932	0.0199773147625984	0.00161466357045466	0.0215593874357407	0.00033232197013854	0.34790155658942	1.31
ld_null	null	default	47	20274047	TRUE	TRUE	0.0583211002294654	0.00785697568114726	0.0157561426143291	0.00144720226557075	0.0171798021297993	0.000458117425588492	0.223760569027803	1.264
ld_null	null	default	48	20274048	TRUE	FALSE	0.0403266326592845	0.407636895457079	0.189342689488439	0.00148428479955238	0.190546321723814	0.0165717402049207	0.162347857157357	1.312
ld_null	null	default	49	20274049	TRUE	TRUE	0.76057878962759	0.00786865986843215	0.0227773698517666	0.00384208434757492	0.0265270309884609	0.00596774102016627	0.305158402286679	1.33
ld_null	null	default	50	20274050	TRUE	TRUE	0.0330757384097544	0.0244625087306666	0.0267626513015728	0.00137749414416166	0.0281022411710458	0.00079462360644642	0.232677417841472	1.29600000000001
ld_mediation	mediation	default	1	20275001	TRUE	TRUE	0.999870343535718	0.952280889084736	0.0729859164684744	0.00215683606041944	0.0749764385067718	0.952162093243102	0.30768536510152	1.285
ld_mediation	mediation	default	2	20275002	TRUE	TRUE	0.999981698678349	0.952467459276718	0.0764535626523085	0.00149662670469036	0.0778325842343629	0.952450788955396	0.229777887397574	1.28500000000001
ld_mediation	mediation	default	3	20275003	TRUE	TRUE	0.999992629784702	0.980527619218439	0.0551086365025935	0.00409351755065892	0.058955961603764	0.980520876578823	0.355238663366407	1.334
ld_mediation	mediation	default	4	20275004	TRUE	TRUE	0.999998996695689	0.992944256451384	0.0376312050392767	0.00373479220066552	0.0412089461042809	0.99294327767691	0.0611823984924342	1.20699999999999
ld_mediation	mediation	default	5	20275005	TRUE	TRUE	0.949907030630814	0.977000938775797	0.0464879034173445	0.00259198381536098	0.0489567297359618	0.929282294342484	0.263563113239229	1.21900000000001
ld_mediation	mediation	default	6	20275006	TRUE	TRUE	0.961451524099883	0.971973384498195	0.0575470115532548	0.00399979787682038	0.0612891145939923	0.936248897483783	0.265350236755353	1.202
ld_mediation	mediation	default	7	20275007	TRUE	TRUE	0.999999998013341	0.982533870791208	0.0555191403927935	0.00451084440065955	0.0598193715586978	0.982533868901273	0.207840291932314	1.226
ld_mediation	mediation	default	8	20275008	TRUE	TRUE	0.99999164320629	0.972333217147231	0.0931121707933873	0.001586355618383	0.0945501797229182	0.972325353053106	0.281748559585907	1.12899999999999
ld_mediation	mediation	default	9	20275009	TRUE	TRUE	0.999999998541575	0.982507645047994	0.0463112553682183	0.00243041295663899	0.0486241567810504	0.982507643658634	0.263332525767424	1.22
ld_mediation	mediation	default	10	20275010	TRUE	TRUE	0.999999999984528	0.943199443541108	0.0940125389410101	0.00146324878059755	0.0953340502024955	0.94319944352748	0.171822245502966	1.176
ld_mediation	mediation	default	11	20275011	TRUE	TRUE	0.98644547400661	0.955204485990826	0.0944860650964744	0.0475255994020449	0.13878857452098	0.943393582957464	0.338824993487179	1.22399999999999
ld_mediation	mediation	default	12	20275012	TRUE	TRUE	0.999999819887618	0.934062266128068	0.141426392381553	0.0016110013931388	0.142722744303044	0.934062186443043	0.465478721238668	1.224
ld_mediation	mediation	default	13	20275013	TRUE	TRUE	0.99999850165475	0.959420998717753	0.0698241632617728	0.00152517137720226	0.0712387100416746	0.95941958386837	0.220327910797664	1.202
ld_mediation	mediation	default	14	20275014	TRUE	TRUE	0.959536195078402	0.898670814350723	0.14205600976283	0.00650315396881036	0.147398881826878	0.869549779737972	0.436320703571653	1.17
ld_mediation	mediation	default	15	20275015	TRUE	FALSE	0.631825790256838	0.95862470811325	0.0654510468565099	0.00151834940296537	0.066865444969712	0.61132920782168	0.2692610377037	1.19999999999999
ld_mediation	mediation	default	16	20275016	TRUE	TRUE	0.99998068247039	0.97774470531657	0.0473117132570747	0.00174503320786093	0.0489759706127516	0.977726523959879	0.284470659512692	1.20399999999999
ld_mediation	mediation	default	17	20275017	TRUE	TRUE	0.99999432678552	0.921399199879591	0.123114348327421	0.00192265618385576	0.124772742556416	0.921394694242686	0.326022326955751	1.21199999999999
ld_mediation	mediation	default	18	20275018	TRUE	TRUE	0.999999514756144	0.948479568557398	0.0794563950243776	0.00165715396996914	0.0809853518018842	0.948479167303567	0.280420948324831	1.178
ld_mediation	mediation	default	19	20275019	TRUE	FALSE	0.567422891364938	0.95446681161639	0.0755670076100031	0.00721358798793104	0.0823284536221393	0.550729186651349	0.132751215731702	1.267
ld_mediation	mediation	default	20	20275020	TRUE	TRUE	0.999999382530559	0.995768550479874	0.053682014360363	0.00181491992498114	0.0553890975748267	0.995767955101442	0.293335554393394	1.244
ld_mediation	mediation	default	21	20275021	TRUE	TRUE	0.999999997703638	0.993672040595472	0.0511727584867313	0.00153320496286491	0.0526251585407035	0.993672038368634	0.264850004516163	1.23999999999999
ld_mediation	mediation	default	22	20275022	TRUE	FALSE	0.999996649955422	0.621584034370423	0.426703990024903	0.00156149475415025	0.427561720660108	0.621581996962199	0.231720136618293	1.14700000000001
ld_mediation	mediation	default	23	20275023	TRUE	TRUE	0.999996963181175	0.990938658848814	0.0433915597791107	0.00149310722939913	0.0448178655213622	0.990935800359035	0.23341682427224	1.22
ld_mediation	mediation	default	24	20275024	TRUE	TRUE	0.999137089557743	0.969638628533735	0.0532107004268055	0.00511250541290075	0.0580522132214509	0.968816344205579	0.243153172776715	1.208
ld_mediation	mediation	default	25	20275025	TRUE	TRUE	0.999720763804177	0.977732177336525	0.0645492858025269	0.00168722296274476	0.0660810030729255	0.97747601692503	0.345563543434793	1.18899999999999
ld_mediation	mediation	default	26	20275026	TRUE	TRUE	0.999964824811962	0.965678336298115	0.0776602615952642	0.00149849854002602	0.079040261361835	0.965645442672252	0.23241205988765	1.19800000000001
ld_mediation	mediation	default	27	20275027	TRUE	TRUE	0.992744717258662	0.983155311370084	0.0418598556315646	0.00180138810160244	0.0435839917694871	0.976267072502552	0.262855708981107	1.194
ld_mediation	mediation	default	28	20275028	TRUE	TRUE	0.999999999987121	0.991390739025333	0.0299262457572409	0.00171306828245135	0.0315871492016955	0.991390739012887	0.258806296181604	1.244
ld_mediation	mediation	default	29	20275029	TRUE	TRUE	0.999545875925274	0.986144853790796	0.0397492214822265	0.00156967659368684	0.0412531336407654	0.98571440936802	0.293215862223434	1.21499999999999
ld_mediation	mediation	default	30	20275030	TRUE	TRUE	0.999438081673988	0.975431704886541	0.0530246401845134	0.00196691839791224	0.0548857212158295	0.974906366735995	0.271374014734192	1.23399999999999
ld_mediation	mediation	default	31	20275031	TRUE	TRUE	0.974604059939497	0.992963162373981	0.038327177197024	0.00231373264831097	0.0405516197119871	0.968351356015544	0.2017073086013	1.267
ld_mediation	mediation	default	32	20275032	TRUE	TRUE	0.999867857456556	0.954984669857384	0.0741589145608182	0.00480712605083046	0.078648190511944	0.954882075112429	0.293814836127893	1.21899999999999
ld_mediation	mediation	default	33	20275033	TRUE	FALSE	0.4972590215754	0.955091248618469	0.0667771802258113	0.00185570678638114	0.0685153917321328	0.48107815380814	0.304359613802689	1.185
ld_mediation	mediation	default	34	20275034	TRUE	TRUE	0.958926610399821	0.955535047832891	0.0746712382566387	0.00230993567047143	0.0767575167991414	0.918969183781766	0.227689124135395	1.23699999999999
ld_mediation	mediation	default	35	20275035	TRUE	TRUE	0.999808586187636	0.985117002780696	0.0379735568628583	0.00146582150397195	0.0393829267353566	0.984935007409021	0.272777805093966	1.15599999999999
ld_mediation	mediation	default	36	20275036	TRUE	FALSE	0.570119177613342	0.950508239427904	0.0772647417060389	0.00161159289051607	0.0787490324194999	0.549777954955216	0.147408628812968	1.187
ld_mediation	mediation	default	37	20275037	TRUE	TRUE	0.997872773169291	0.987910438116867	0.044241516047232	0.00149912129308451	0.0456735946278715	0.985873443134505	0.236286808962689	1.19199999999999
ld_mediation	mediation	default	38	20275038	TRUE	TRUE	0.999996183784986	0.989671023471999	0.0389716694079066	0.00473505208496968	0.0435014088169754	0.989667367498543	0.208153669729967	1.15599999999999
ld_mediation	mediation	default	39	20275039	TRUE	TRUE	0.999997207329192	0.99564616069492	0.034781340410602	0.00573815810616826	0.0403226754918256	0.995643525480649	0.292450139473971	1.17700000000001
ld_mediation	mediation	default	40	20275040	TRUE	TRUE	0.99992378017216	0.865975026902669	0.168515118538575	0.0024017494488289	0.170459580698469	0.865922780847265	0.245757584737788	1.19200000000001
ld_mediation	mediation	default	41	20275041	TRUE	TRUE	0.976335099520218	0.994432450506819	0.0471069167095798	0.00547819609610961	0.0523114966112133	0.971669126641581	0.446213504088263	1.369
ld_mediation	mediation	default	42	20275042	TRUE	TRUE	0.96672378460763	0.856762025412688	0.176802557505409	0.00160853596522761	0.178088403585562	0.829997644125093	0.14672820744741	1.19
ld_mediation	mediation	default	43	20275043	TRUE	TRUE	0.999999937914453	0.947212749235663	0.10578599235489	0.00164057843252188	0.107233105221157	0.947212698275221	0.379331485135964	1.214
ld_mediation	mediation	default	44	20275044	TRUE	TRUE	0.903727516005025	0.96753634849791	0.0547536837585947	0.0015235944022935	0.0561923242983063	0.877531742954205	0.283298666359201	1.18299999999999
ld_mediation	mediation	default	45	20275045	TRUE	TRUE	0.99995516037939	0.96978477161624	0.0571106668811702	0.00212570713398433	0.0591223464948596	0.969742319818265	0.303585716916444	1.23599999999999
ld_mediation	mediation	default	46	20275046	TRUE	FALSE	0.310545671448303	0.864330828713914	0.158601640173035	0.00218623585271985	0.160465205609375	0.284699567439049	0.333026890292075	1.217
ld_mediation	mediation	default	47	20275047	TRUE	TRUE	0.999999968743703	0.934760303999086	0.124589612319591	0.0014785618015636	0.125875774627427	0.934760280914683	0.273753069079618	1.116
ld_mediation	mediation	default	48	20275048	TRUE	TRUE	0.999998955796232	0.970890571552509	0.0584894745059459	0.00272492522626723	0.0610383376348943	0.970889601253718	0.265542713133684	1.18900000000001
ld_mediation	mediation	default	49	20275049	TRUE	TRUE	0.998727582713954	0.94128018590834	0.0906050400804034	0.0018985003589461	0.092343396586542	0.940125832420278	0.2485291672144	1.223
ld_mediation	mediation	default	50	20275050	TRUE	TRUE	0.99999999999991	0.985204595896198	0.0498144198643118	0.00819419061564336	0.0575269321773932	0.985204595896126	0.1862567190135	1.16499999999999
high_scale_declared_null	null	default	1	20276001	TRUE	TRUE	0.0523897016431759	0.00943453391268383	0.0208326612749506	0.00317079993961624	0.0239401577333243	0.000493210163545541	0.221809522961095	1.125
high_scale_declared_null	null	default	2	20276002	TRUE	TRUE	0.0353135809453718	0.0107735941795826	0.0200470061317162	0.0032286739275125	0.02321133279658	0.000380439162185162	0.189674309976439	1.10300000000001
high_scale_declared_null	null	default	3	20276003	TRUE	TRUE	0.0345800463129757	0.0112784532123111	0.0238759134851649	0.00418150220291009	0.0279458388642017	0.000390785060271255	0.295981313232417	1.113
high_scale_declared_null	null	default	4	20276004	TRUE	TRUE	0.0495572491152112	0.0172917356210105	0.0231000160163124	0.00262514798961826	0.0256640673966928	0.000855262938932422	0.227329876297013	1.125
high_scale_declared_null	null	default	5	20276005	TRUE	TRUE	0.0321199144525946	0.00937973346905684	0.0247125897649614	0.00259031601594424	0.0272375825079337	0.000301083075876128	0.405003993187478	1.14700000000001
high_scale_declared_null	null	default	6	20276006	TRUE	TRUE	0.0420531823947815	0.0275631226450664	0.0284586109653816	0.0231816901625873	0.0511576956220703	0.00116069229222802	0.22930960695895	1.20999999999999
high_scale_declared_null	null	default	7	20276007	TRUE	TRUE	0.083163505732361	0.0170123363112664	0.0356375077232261	0.0127146892247621	0.0479610344825984	0.00141169429824004	0.38158718285041	1.17700000000001
high_scale_declared_null	null	default	8	20276008	TRUE	TRUE	0.0390466797474625	0.008937573949085	0.0159027383646161	0.00434381197239266	0.0201765807100777	0.000348587352893984	0.244271192401399	1.196
high_scale_declared_null	null	default	9	20276009	TRUE	TRUE	0.0584482984954764	0.00813982715682507	0.0157153028852441	0.00271920357172512	0.018390739642757	0.000475809900565694	0.20227208252345	1.227
high_scale_declared_null	null	default	10	20276010	TRUE	TRUE	0.0325269891724966	0.00853003783361119	0.0150750799631812	0.00559529233496371	0.0205899209024392	0.000277462938400377	0.235487185977505	1.15100000000001
high_scale_declared_null	null	default	11	20276011	TRUE	TRUE	0.0401706958337333	0.0075513595868205	0.015210824970225	0.00327082063978412	0.0184311896870542	0.000303357413110302	0.193908124788905	1.19799999999999
high_scale_declared_null	null	default	12	20276012	TRUE	TRUE	0.0721536868861563	0.0302040831208891	0.0286310176051963	0.0066358012832438	0.0350855168339756	0.00217410081323709	0.287097682816842	1.19500000000001
high_scale_declared_null	null	default	13	20276013	TRUE	TRUE	0.0515622903618148	0.0086942761378781	0.079330342601702	0.00765637245581866	0.0865404365308656	0.000447863508144838	0.440169143367811	1.187
high_scale_declared_null	null	default	14	20276014	TRUE	TRUE	0.0282926240869019	0.00889603254103518	0.0153637667989502	0.00263664525871488	0.0179596221463427	0.000251686657813488	0.298181419300988	1.18900000000001
high_scale_declared_null	null	default	15	20276015	TRUE	TRUE	0.0260704421929404	0.0109342798328097	0.0204251540870883	0.00265109001006671	0.0230217456259983	0.000285259680325995	0.201279720773357	1.20999999999999
high_scale_declared_null	null	default	16	20276016	TRUE	TRUE	0.0266609004037291	0.0090267508289242	0.0153181124300134	0.0101815258069868	0.0253474222117296	0.000240543104081848	0.191034465836893	1.24900000000001
high_scale_declared_null	null	default	17	20276017	TRUE	TRUE	0.0382777402656304	0.016767996932594	0.0212098562511701	0.0150418309397068	0.0356145338606315	0.0006427184752594	0.335059704362067	1.182
high_scale_declared_null	null	default	18	20276018	TRUE	TRUE	0.0760837102963346	0.0112696378098702	0.025762903925559	0.00259284869942373	0.0282868501046341	0.000859922414788608	0.386134467992548	1.175
high_scale_declared_null	null	default	19	20276019	TRUE	TRUE	0.0344681397472903	0.0077269314785443	0.0183753630911368	0.00257161067783854	0.0208992989607447	0.000266336916771001	0.433732854506673	1.121
high_scale_declared_null	null	default	20	20276020	TRUE	TRUE	0.148781688770221	0.115122301898069	0.072527564104768	0.00672813693302148	0.0789205535704106	0.0172468697616394	0.281252249897818	1.19800000000001
high_scale_declared_null	null	default	21	20276021	TRUE	TRUE	0.0330813286554565	0.0292408520327108	0.03241648436375	0.0028382442666604	0.0351555209296241	0.000967269938796037	0.19298916665587	1.22200000000001
high_scale_declared_null	null	default	22	20276022	TRUE	TRUE	0.0595124839418189	0.0222024871121843	0.0351484014143304	0.00454846716308273	0.0395777392720051	0.00131512442810618	0.34197968199971	1.155
high_scale_declared_null	null	default	23	20276023	TRUE	TRUE	0.838715324724334	0.0147740879586328	0.0243993045196778	0.00274006344263204	0.0270645411351663	0.0123976031346243	0.262795721895138	1.15299999999999
high_scale_declared_null	null	default	24	20276024	TRUE	FALSE	0.0412692185191353	0.302339311469827	0.155089481399437	0.00261519230923066	0.15728778634359	0.0124038873694128	0.24306416907001	1.167
high_scale_declared_null	null	default	25	20276025	TRUE	TRUE	0.0711243622828213	0.0102327279151275	0.0137901442034448	0.00299497583234191	0.0167420727183927	0.000727463317773914	0.354783406461188	1.20100000000001
high_scale_declared_null	null	default	26	20276026	TRUE	TRUE	0.0326699106035144	0.017668731178532	0.0279154781940162	0.00270070382818413	0.0305400669985614	0.000577233690877104	0.17610387385028	1.152
high_scale_declared_null	null	default	27	20276027	TRUE	TRUE	0.0466242574944483	0.0176049318083513	0.0246751145958557	0.00268258933418827	0.0272890643770783	0.000821755986266833	0.269422673030746	1.137
high_scale_declared_null	null	default	28	20276028	TRUE	TRUE	0.0381920645326707	0.00852498069891391	0.0262930583483672	0.00273025528689345	0.0289491105930611	0.000325465602882182	0.341796595353756	1.16699999999999
high_scale_declared_null	null	default	29	20276029	TRUE	TRUE	0.0373512855422197	0.00694839239008958	0.0133184522733941	0.00426182760148249	0.0175247743348425	0.000259477486877548	0.263051543666833	1.19699999999999
high_scale_declared_null	null	default	30	20276030	TRUE	TRUE	0.0252078675862151	0.0477091677713562	0.0599108899063333	0.00325519329387958	0.0629663700582011	0.00120250598211854	0.343907647291722	1.197
high_scale_declared_null	null	default	31	20276031	TRUE	TRUE	0.0244978398536063	0.0124345875433664	0.0198175156033105	0.00296185935559528	0.022717091919879	0.000304699614049474	0.177444137367985	1.16500000000001
high_scale_declared_null	null	default	32	20276032	TRUE	TRUE	0.0465603293894109	0.00783739382124144	0.0168006928616908	0.00506866772827893	0.0217830573587812	0.000364852475567648	0.241272087187092	1.20700000000001
high_scale_declared_null	null	default	33	20276033	TRUE	TRUE	0.0438671894259486	0.0239742374327304	0.0219725373282136	0.00320542368885183	0.0251039236380599	0.00105162011356768	0.281172357003932	1.254
high_scale_declared_null	null	default	34	20276034	TRUE	TRUE	0.0300257604061097	0.0329505539305663	0.0363075400316346	0.00455728283973061	0.0406975578672221	0.000989916926362874	0.260428285922416	1.176
high_scale_declared_null	null	default	35	20276035	TRUE	TRUE	0.0338906014360559	0.0106497543555875	0.0195431103520625	0.0026144454001596	0.0221035767638115	0.000360798189292343	0.202900625990736	1.236
high_scale_declared_null	null	default	36	20276036	TRUE	TRUE	0.0387408726404159	0.0151528780261385	0.0263831760604197	0.00288585686008509	0.0291902642286795	0.000587302633819253	0.186544031388074	1.17599999999999
high_scale_declared_null	null	default	37	20276037	TRUE	TRUE	0.153207286139356	0.012178345313363	0.0258914260693554	0.00285449894306877	0.028671671325921	0.00186865741498079	0.316034196423786	1.15100000000001
high_scale_declared_null	null	default	38	20276038	TRUE	TRUE	0.0645755011516861	0.019852796051369	0.0303506911192291	0.0101474087442166	0.0402414929691188	0.00128356353470203	0.308150943868043	1.22499999999999
high_scale_declared_null	null	default	39	20276039	TRUE	TRUE	0.0246742256633865	0.0125516728922699	0.0195930880841446	0.00363892671696462	0.0231557806627842	0.000309614403292287	0.297656158961686	1.149
high_scale_declared_null	null	default	40	20276040	TRUE	TRUE	0.0541916325682946	0.00743535142106733	0.0166125547797071	0.0040204345874617	0.0205657723840476	0.000402945195321686	0.338818460309085	1.196
high_scale_declared_null	null	default	41	20276041	TRUE	TRUE	0.0452553217245652	0.0222618645120183	0.0397364979056812	0.0157505990570995	0.0548832573676263	0.00100909632980695	0.342836716966602	1.22199999999999
high_scale_declared_null	null	default	42	20276042	TRUE	TRUE	0.0569117489883084	0.0267172363516006	0.0632246871937801	0.00557629558306257	0.0685574452943691	0.0015109827108949	0.327017519288347	1.199
high_scale_declared_null	null	default	43	20276043	TRUE	TRUE	0.0561473588843281	0.00708401124403779	0.0127593672313148	0.00258662511338114	0.0153128864645923	0.000397912204369181	0.25277416412758	1.193
high_scale_declared_null	null	default	44	20276044	TRUE	TRUE	0.127577119898418	0.0102996753147814	0.0182190079906557	0.00263891892668814	0.0208084876902438	0.00131455366938268	0.194069989269337	1.134
high_scale_declared_null	null	default	45	20276045	TRUE	TRUE	0.111490453977059	0.0144366741927771	0.0246878363535401	0.00281035828181309	0.0274219488576318	0.00161558639826473	0.187538112489989	1.18300000000001
high_scale_declared_null	null	default	46	20276046	TRUE	TRUE	0.026475828397218	0.00800630021457569	0.0351038214335787	0.00325856893836288	0.038234296404567	0.000211119648478655	0.441131491051152	1.131
high_scale_declared_null	null	default	47	20276047	TRUE	TRUE	0.0498929126861925	0.0195022809645018	0.0244397558400535	0.00271275769942901	0.0270850712647789	0.000972866353684246	0.20649855255644	1.2
high_scale_declared_null	null	default	48	20276048	TRUE	TRUE	0.0412496820915596	0.00893711001086682	0.0434777419213404	0.00324660462554005	0.0465955499703248	0.000369450179594245	0.364694560073033	1.078
high_scale_declared_null	null	default	49	20276049	TRUE	TRUE	0.0417367267749822	0.00905700271138823	0.0676323898100019	0.00388545312014503	0.0711278852531341	0.000378800642360653	0.416012479071178	1.068
high_scale_declared_null	null	default	50	20276050	TRUE	TRUE	0.0292617861639171	0.0106417341503071	0.0257882943943825	0.00289432973349448	0.0286021250129607	0.000312283599760798	0.352374822179527	1.154
high_scale_misspecified_null	diagnostic	default	1	20277001	TRUE	NA	0.0489003410313857	0.473169751103063	0.526721577149558	0.00184326410352804	0.527610289933246	0.0323013833614199	0.417742235338125	1.31299999999999
high_scale_misspecified_null	diagnostic	default	2	20277002	TRUE	NA	0.0241414384879982	0.0070704199795657	0.967081741831929	0.00181373616367093	0.967158547331166	0.000171616704819904	0.181479674040105	1.23899999999999
high_scale_misspecified_null	diagnostic	default	3	20277003	TRUE	NA	0.0299865520086228	0.00557249897492994	0.999953804477138	0.00567749201471639	0.999954657755305	0.000167210337952466	0.165907008358388	1.25999999999999
high_scale_misspecified_null	diagnostic	default	4	20277004	TRUE	NA	0.0274773131050608	0.0396345968613596	0.46765344780042	0.00311899575153648	0.468397061564696	0.00112575082508788	0.413537700853986	1.14100000000001
high_scale_misspecified_null	diagnostic	default	5	20277005	TRUE	NA	0.0213003858464986	0.00664318680340415	0.93826465843702	0.0113035691761822	0.9385764741203	0.000141852892676573	0.276205457075619	1.166
high_scale_misspecified_null	diagnostic	default	6	20277006	TRUE	NA	0.0384014263958621	0.102019896145244	0.434549253762652	0.00153761162060723	0.435376651430051	0.00349469652276537	0.250433559933942	1.21300000000001
high_scale_misspecified_null	diagnostic	default	7	20277007	TRUE	NA	0.0133745758260122	0.0102264639447944	0.0608580598151218	0.599006417626473	0.620974922453631	0.000137196892183326	0.156427508227839	1.29899999999999
high_scale_misspecified_null	diagnostic	default	8	20277008	TRUE	NA	0.0301141904230903	0.982461642178086	0.998981513168834	0.00182238251143118	0.998983020392642	0.0296796055824082	0.0337409632180226	1.145
high_scale_misspecified_null	diagnostic	default	9	20277009	TRUE	NA	0.0843983050777791	0.502665312981301	0.970197718337154	0.00248991103454074	0.970305296788136	0.0556534553862377	0.178957202935322	1.14
high_scale_misspecified_null	diagnostic	default	10	20277010	TRUE	NA	0.039871612374595	0.0456864613493652	0.141472250803162	0.00241023645951181	0.142822572525834	0.00166744536787023	0.123932074010533	1.206
high_scale_misspecified_null	diagnostic	default	11	20277011	TRUE	NA	0.0156437912170313	0.00966098456141383	0.0859152380837914	0.00151715025449633	0.0872433182962705	0.0001509939807706	0.0920911529268622	1.22499999999999
high_scale_misspecified_null	diagnostic	default	12	20277012	TRUE	NA	0.0428148038845696	0.0252547647167308	0.979589779388242	0.000388235666476602	0.979696624221712	0.00160258268584805	0.322456743199195	1.17999999999999
high_scale_misspecified_null	diagnostic	default	13	20277013	TRUE	NA	0.0255826851048303	0.11885314392912	0.28415340951704	0.00179591801421159	0.285493431122899	0.00303472497131821	0.113877653493596	1.105
high_scale_misspecified_null	diagnostic	default	14	20277014	TRUE	NA	0.0157846961969669	0.00436861313473244	0.990660071563378	0.00757244671351734	0.991027843577288	6.90647929703423e-05	0.128478151938765	1.417
high_scale_misspecified_null	diagnostic	default	15	20277015	TRUE	NA	0.0126908512499421	0.0137315235763087	0.110876253327993	0.23537906647707	0.260166526986455	0.000176627868015191	0.264691615839197	1.26299999999999
high_scale_misspecified_null	diagnostic	default	16	20277016	TRUE	NA	0.0354816216363204	0.00891360176866993	0.0305592588362775	0.0334065493687457	0.0632380564838197	0.00032279080585258	0.253379913424425	1.24799999999999
high_scale_misspecified_null	diagnostic	default	17	20277017	TRUE	NA	0.0945125915370942	0.0138862478076534	0.0395788180352254	0.00678771898946682	0.0461556239599023	0.00148212854516293	0.259476512511368	1.18299999999999
high_scale_misspecified_null	diagnostic	default	18	20277018	TRUE	NA	0.56808841585259	0.00832066197876923	0.030815449543415	0.00152428840257752	0.0322884615133799	0.00482593330546139	0.272367927687775	1.13800000000001
high_scale_misspecified_null	diagnostic	default	19	20277019	TRUE	NA	0.108115046408696	0.0475549814355611	0.917652548123708	0.00355294066224702	0.917784777610944	0.00438919373112778	0.134138300050211	1.11199999999999
high_scale_misspecified_null	diagnostic	default	20	20277020	TRUE	NA	0.0171999540878578	0.128616785974559	0.858877175197524	0.00161266010391728	0.859080347568219	0.00222505736601351	0.174817253011824	1.22199999999999
high_scale_misspecified_null	diagnostic	default	21	20277021	TRUE	NA	0.0334919569248245	0.082613810547946	0.0963523801728435	0.00239793211325277	0.0985677157593976	0.00274949207154324	0.266300026357943	1.167
high_scale_misspecified_null	diagnostic	default	22	20277022	TRUE	NA	0.0486166705651325	0.0172300384513815	0.316176355456518	0.0268222777775662	0.335630692949344	0.00104246775293291	0.40668483378488	1.16499999999999
high_scale_misspecified_null	diagnostic	default	23	20277023	TRUE	NA	0.0248308381016871	0.951895194853882	0.99980914461047	0.00158467674512497	0.999809420755568	0.0235304343476588	0.18843962688085	1.17500000000001
high_scale_misspecified_null	diagnostic	default	24	20277024	TRUE	NA	0.0401869595412772	0.00799987593443527	0.0545018217206366	0.00148999961429008	0.0558901813508573	0.000328875692821413	0.290872018605107	1.17599999999999
high_scale_misspecified_null	diagnostic	default	25	20277025	TRUE	NA	0.862792324091194	0.0111797213388376	0.969097737864555	0.999959589839672	0.999998767474378	0.00953675431554322	0.120691562378955	1.161
high_scale_misspecified_null	diagnostic	default	26	20277026	TRUE	NA	0.0456783551793739	0.715943781510929	0.809699143253574	0.0019376262064183	0.809958071094033	0.0345926474293776	0.260541860088253	1.11200000000001
high_scale_misspecified_null	diagnostic	default	27	20277027	TRUE	NA	0.95076801673304	0.0646588351133414	0.42329290335737	0.00307199828406743	0.425386039966693	0.0639054014459135	0.383286301837479	1.10799999999999
high_scale_misspecified_null	diagnostic	default	28	20277028	TRUE	NA	0.361211557585128	0.633712985269047	0.998256782149444	0.00311217207589332	0.99825916301721	0.233022739797023	0.483026658154209	1.16
high_scale_misspecified_null	diagnostic	default	29	20277029	TRUE	NA	0.0170204478427697	0.196526040516228	0.546767725447593	0.00208304173495632	0.547619247002857	0.00336956104052462	0.0984225597946491	1.14699999999999
high_scale_misspecified_null	diagnostic	default	30	20277030	TRUE	NA	0.014856271121003	0.00630806803249062	0.276107770067694	0.0173932808839189	0.291776427057007	9.41368955383706e-05	0.268846764790316	1.142
high_scale_misspecified_null	diagnostic	default	31	20277031	TRUE	NA	0.0520655326347407	0.746163580897586	0.999999999829787	0.00252715355218736	0.99999999983047	0.040582356324359	0.057573264713696	1.089
high_scale_misspecified_null	diagnostic	default	32	20277032	TRUE	NA	0.997729036825144	0.0466083034295788	0.106481757286224	0.0721671989036463	0.175862682646561	0.0465054436849424	0.182600025154905	1.14
high_scale_misspecified_null	diagnostic	default	33	20277033	TRUE	NA	0.0250823566104091	0.676264345842639	0.192033736245422	0.730345471340083	0.792397842675325	0.0170830575985137	0.349925065831712	1.25500000000001
high_scale_misspecified_null	diagnostic	default	34	20277034	TRUE	NA	0.0204599678866048	0.0210274892497366	0.986227411184751	0.00565075829234272	0.986291679992444	0.000439725144465214	0.111285339313021	1.209
high_scale_misspecified_null	diagnostic	default	35	20277035	TRUE	NA	0.0191877097522322	0.549303611622213	0.467239173930138	0.00253843107635296	0.468343186594319	0.0100210213104272	0.27179794121195	1.24799999999999
high_scale_misspecified_null	diagnostic	default	36	20277036	TRUE	NA	0.050614320136361	0.0750440014726515	0.992065720406908	0.00195643471655303	0.992079391125163	0.0031568220441029	0.134288396881601	1.161
high_scale_misspecified_null	diagnostic	default	37	20277037	TRUE	NA	0.0280992701530592	0.97856546849792	0.999974676764237	0.00275569594774817	0.999974774342763	0.0274619925863359	0.337943799202071	1.15499999999999
high_scale_misspecified_null	diagnostic	default	38	20277038	TRUE	NA	0.024575122325106	0.00650189697206318	0.999999636530117	0.00197828310282305	0.999999637066472	0.00015967138060015	0.152771473933115	1.268
high_scale_misspecified_null	diagnostic	default	39	20277039	TRUE	NA	0.0159603300479825	0.00741428699665136	0.170186714279644	0.00854862240641572	0.17552778986378	0.000119553157729731	0.336695375017612	1.319
high_scale_misspecified_null	diagnostic	default	40	20277040	TRUE	NA	0.245747984759564	0.957230193259123	0.999998599705336	0.908280709039031	0.999999075010663	0.235936775836231	0.132273559838964	1.15300000000001
high_scale_misspecified_null	diagnostic	default	41	20277041	TRUE	NA	0.0513880487353587	0.355211460381666	0.740665571170237	0.00160390682042969	0.741020925850102	0.0174615343511276	0.14922744909699	1.13199999999999
high_scale_misspecified_null	diagnostic	default	42	20277042	TRUE	NA	0.0142364319627171	0.00430950549608053	0.0187209593907096	0.00157119048246042	0.0202591361065879	6.13552655629684e-05	0.506708476973103	1.23399999999999
high_scale_misspecified_null	diagnostic	default	43	20277043	TRUE	NA	0.0413902288242091	0.0656282999655695	0.913709912424862	0.1821467004614	0.9234178254218	0.00309778219615906	0.127230840902016	1.19500000000001
high_scale_misspecified_null	diagnostic	default	44	20277044	TRUE	NA	0.136510339875343	0.0262978728623914	0.325729238435457	0.00175608569549808	0.326875838858278	0.0043344932634865	0.20644443299523	1.224
high_scale_misspecified_null	diagnostic	default	45	20277045	TRUE	NA	0.215414690332338	0.00466491095614698	0.999950351925607	0.0528060327318044	0.999985688846925	0.00100861515569559	0.0836849307862799	1.199
high_scale_misspecified_null	diagnostic	default	46	20277046	TRUE	NA	0.0241634004386875	0.993258964543763	0.999989994265724	0.00321353159444551	0.999990038897526	0.0240122810260948	0.213827876000423	1.20999999999999
high_scale_misspecified_null	diagnostic	default	47	20277047	TRUE	NA	0.0191933505999173	0.415674125536285	0.991608589823814	0.00403907843495672	0.991630411035664	0.00926411830722582	0.344887758131449	1.283
high_scale_misspecified_null	diagnostic	default	48	20277048	TRUE	NA	0.50073977825611	0.999999848196276	0.999999999992781	0.00161511184298847	0.999999999992791	0.500739669080043	0.0300606597748256	1.188
high_scale_misspecified_null	diagnostic	default	49	20277049	TRUE	NA	0.0199336225893728	0.0287684822934695	0.857051827486708	0.0569239306293482	0.880923130240009	0.00054649588372956	0.318269073818868	1.291
high_scale_misspecified_null	diagnostic	default	50	20277050	TRUE	NA	0.415490630291345	0.0525640565979302	0.998391369261911	0.00193469207698219	0.998394442213616	0.0271025402095369	0.10745542834362	1.238
low_scale_mediation	diagnostic	default	1	20278001	TRUE	NA	0.999999999991694	0.993215783822621	0.0384341241319994	0.00600600350379104	0.0442339795560665	0.99321578381469	0.29680075994608	1.274
low_scale_mediation	diagnostic	default	2	20278002	TRUE	NA	0.999975612494385	0.96095765786261	0.0767913913676531	0.00281430016925926	0.0794138432667917	0.960936812066023	0.218476798586494	1.27000000000001
low_scale_mediation	diagnostic	default	3	20278003	TRUE	NA	0.99997852340344	0.990245606684457	0.0413503702863024	0.0028972942110132	0.0441405376884533	0.990225029336249	0.306035737637529	1.238
low_scale_mediation	diagnostic	default	4	20278004	TRUE	NA	0.998327105944953	0.852848338466477	0.17220136228706	0.00100219533105211	0.173024101097788	0.851561985695918	0.391145374740574	1.29000000000001
low_scale_mediation	diagnostic	default	5	20278005	TRUE	NA	0.999620832392449	0.937698956862306	0.134900756146607	0.00172398666038946	0.136430621793116	0.937401222628113	0.283891876471387	1.30199999999999
low_scale_mediation	diagnostic	default	6	20278006	TRUE	NA	0.999999896367783	0.960486853880622	0.0702353586161059	0.00145015772508219	0.0715867447463698	0.960486760707915	0.290222771794078	1.25500000000001
low_scale_mediation	diagnostic	default	7	20278007	TRUE	NA	0.999999967623516	0.951660623335175	0.103748357817781	0.000885507841023899	0.104521387431535	0.95166059291802	0.338203443678793	1.23700000000001
low_scale_mediation	diagnostic	default	8	20278008	TRUE	NA	0.999637134982138	0.849416529457438	0.155290064020093	0.00212969786916668	0.157093839171636	0.849164761921179	0.285912268543285	1.27500000000001
low_scale_mediation	diagnostic	default	9	20278009	TRUE	NA	0.999950059141211	0.627080832852449	0.412021876231231	0.00137446620571314	0.41284833766375	0.627060206023485	0.383425638681928	1.27800000000001
low_scale_mediation	diagnostic	default	10	20278010	TRUE	NA	0.999987561831552	0.961070203745875	0.0782884935386975	0.00194409762305239	0.0800838012329384	0.961058819402772	0.210433565293471	1.27900000000001
low_scale_mediation	diagnostic	default	11	20278011	TRUE	NA	0.99542469934824	0.45976051555589	0.815027836910488	0.00111012964431617	0.815299146663987	0.458944602494507	0.0784606124151992	1.363
low_scale_mediation	diagnostic	default	12	20278012	TRUE	NA	0.975953420338212	0.84502719434627	0.191462101224	0.00447990609769135	0.195254427644315	0.825965737383021	0.155789383243217	1.214
low_scale_mediation	diagnostic	default	13	20278013	TRUE	NA	0.99297522828165	0.839927402715164	0.211543500845465	0.000914629691294954	0.212235304600754	0.835037977030983	0.377162340803324	1.399
low_scale_mediation	diagnostic	default	14	20278014	TRUE	NA	0.997220059033947	0.879380273883694	0.145469707289233	0.000892369463171541	0.146226207014341	0.877192030762753	0.226072053555896	1.309
low_scale_mediation	diagnostic	default	15	20278015	TRUE	NA	0.906519134900382	0.979467536331676	0.050784083770989	0.000895163872689015	0.051633287566564	0.889823970577167	0.261114317976279	2.00500000000001
low_scale_mediation	diagnostic	default	16	20278016	TRUE	NA	0.970218269575383	0.979934266998912	0.0588252370598067	0.00144260176745596	0.0601787818958788	0.952700789732395	0.256186182652357	2.095
low_scale_mediation	diagnostic	default	17	20278017	TRUE	NA	0.999768826061995	0.963455800958389	0.0677597817830377	0.0010124427873428	0.0686967844532402	0.963243545217468	0.29375761909472	2.08
low_scale_mediation	diagnostic	default	18	20278018	TRUE	NA	0.999178692885966	0.982514613261656	0.0747593012546974	0.000870880747394408	0.0755642561485769	0.981742829567636	0.354091100864338	2.12299999999999
low_scale_mediation	diagnostic	default	19	20278019	TRUE	NA	0.915391785331374	0.922412447659767	0.10903379553617	0.00121441954134798	0.110111397951107	0.849956742967371	0.227150360976481	2.08900000000001
low_scale_mediation	diagnostic	default	20	20278020	TRUE	NA	0.997854950830193	0.718028155902229	0.330186883567246	0.0109861986940184	0.33848583696142	0.716807846144738	0.460787120898146	2.221
low_scale_mediation	diagnostic	default	21	20278021	TRUE	NA	0.999514304799735	0.950709940889329	0.0866056735552988	0.000897097540602653	0.0874179712713983	0.950254547516803	0.284975369946778	1.926
low_scale_mediation	diagnostic	default	22	20278022	TRUE	NA	0.999958796197247	0.968474230581981	0.0941018723469396	0.00129623141331186	0.095288875516928	0.968438191784988	0.258920177417252	1.709
low_scale_mediation	diagnostic	default	23	20278023	TRUE	NA	0.999999814313278	0.940812952166679	0.0882465341379695	0.000906644170888575	0.0890716292754312	0.940812799434457	0.280747606800617	1.215
low_scale_mediation	diagnostic	default	24	20278024	TRUE	NA	0.999981779519102	0.959585953590968	0.0768039225054481	0.0012379027561463	0.077929936019667	0.959569400291542	0.255840971894344	1.167
low_scale_mediation	diagnostic	default	25	20278025	TRUE	NA	0.998115268139278	0.948121537873831	0.0820810333454413	0.000901058819606009	0.0829044060702998	0.946401490203789	0.26611810587903	1.24600000000001
low_scale_mediation	diagnostic	default	26	20278026	TRUE	NA	0.999995887672345	0.969068673358712	0.0644027497664723	0.0015841047543076	0.065891070988787	0.969064994096392	0.235804411762956	1.26100000000001
low_scale_mediation	diagnostic	default	27	20278027	TRUE	NA	0.996290008840671	0.916201975547796	0.120792310128366	0.000880308845381078	0.121554602128461	0.91361526676346	0.177416044099317	1.23400000000001
low_scale_mediation	diagnostic	default	28	20278028	TRUE	NA	0.999807758867907	0.993231081109258	0.0380773328776494	0.000908384008726878	0.0389503824449807	0.993045956262842	0.240577329674977	1.262
low_scale_mediation	diagnostic	default	29	20278029	TRUE	NA	0.999729924167852	0.881791360064802	0.179901502596407	0.00101667698070232	0.180737405169297	0.881591650359313	0.361850509857504	1.3
low_scale_mediation	diagnostic	default	30	20278030	TRUE	NA	0.994231439556947	0.9102804765256	0.159418788238329	0.0308356056500445	0.187800434607344	0.905669176287141	0.302758540092299	1.375
low_scale_mediation	diagnostic	default	31	20278031	TRUE	NA	0.672351025212058	0.928434895239674	0.0999712265208993	0.00340420899152752	0.103044679260276	0.631144536062499	0.291568177540938	1.277
low_scale_mediation	diagnostic	default	32	20278032	TRUE	NA	0.999127993603698	0.952222219905472	0.0929412115286173	0.00109756395178852	0.0939304588377912	0.951456237404415	0.3496371795149	1.28
low_scale_mediation	diagnostic	default	33	20278033	TRUE	NA	0.989538864343165	0.969928852087351	0.0654017625894613	0.000892569159223414	0.0662344177111516	0.960207044698377	0.0911884645934151	1.248
low_scale_mediation	diagnostic	default	34	20278034	TRUE	NA	0.972766113568748	0.967917006280318	0.0641223831150208	0.00213720252791078	0.066127751167946	0.942582936523316	0.272057695980209	1.24499999999999
low_scale_mediation	diagnostic	default	35	20278035	TRUE	NA	0.952081547993646	0.915462733073513	0.1216371899197	0.000904688412255991	0.122426684658669	0.876230454154583	0.178476354983019	1.239
low_scale_mediation	diagnostic	default	36	20278036	TRUE	NA	0.999990492409797	0.950478538364573	0.0860010201348591	0.00101608227355607	0.0869189975214442	0.950470425228737	0.247230924053895	1.273
low_scale_mediation	diagnostic	default	37	20278037	TRUE	NA	0.999329521160576	0.87791898048053	0.156652933915908	0.00255770444157228	0.158772127228214	0.877368246444214	0.125666272234469	1.265
low_scale_mediation	diagnostic	default	38	20278038	TRUE	NA	0.978456047227838	0.881198362454991	0.159545654064597	0.00115450836421485	0.160480284325504	0.862946190542675	0.370379254746155	1.252
low_scale_mediation	diagnostic	default	39	20278039	TRUE	NA	0.999998460891067	0.877509368972939	0.133043694912917	0.00162219383975494	0.134429376359949	0.87750803532776	0.242193937037399	1.241
low_scale_mediation	diagnostic	default	40	20278040	TRUE	NA	0.998433253783974	0.940104726834925	0.0922101556112428	0.00146214241117535	0.0935375558490193	0.938683272131007	0.27361773087236	1.23899999999999
low_scale_mediation	diagnostic	default	41	20278041	TRUE	NA	0.998876382907307	0.957589655915231	0.0803268615769132	0.00281322971643087	0.0829258157661204	0.95657509656085	0.317896641087856	1.246
low_scale_mediation	diagnostic	default	42	20278042	TRUE	NA	0.999922600861802	0.874812216490944	0.121335103981852	0.000885513916795438	0.122110931372647	0.874748098513096	0.240246085061528	1.18700000000001
low_scale_mediation	diagnostic	default	43	20278043	TRUE	NA	0.999535792623427	0.97945868582903	0.0474313274890181	0.00121939963327732	0.0485933639747019	0.979032166227765	0.292668466624747	1.19200000000001
low_scale_mediation	diagnostic	default	44	20278044	TRUE	NA	0.999993622999686	0.957722111458306	0.0714689679708148	0.00186194623537724	0.0732088980232325	0.957716315639594	0.245266511172844	1.267
low_scale_mediation	diagnostic	default	45	20278045	TRUE	NA	0.999796231565993	0.886928579476295	0.146635375106873	0.000965688474500906	0.147448097120208	0.886755322210798	0.269985777232961	1.24600000000001
low_scale_mediation	diagnostic	default	46	20278046	TRUE	NA	0.981273415862736	0.96547876034161	0.0906568943836067	0.021360545498195	0.109084874673477	0.948058943769402	0.315180470079071	1.307
low_scale_mediation	diagnostic	default	47	20278047	TRUE	NA	0.685651028928452	0.931201334717068	0.0967927727091961	0.00091640172838195	0.0976155701171419	0.646943470100496	0.30581965048907	1.352
low_scale_mediation	diagnostic	default	48	20278048	TRUE	NA	0.999988938372306	0.992526860812469	0.0396302857227245	0.00127575894966715	0.0408543435318693	0.992516182622503	0.0941148655073789	1.29600000000001
low_scale_mediation	diagnostic	default	49	20278049	TRUE	NA	0.268227055128479	0.876613025490636	0.155852975629066	0.00234500291707796	0.15783313950108	0.243915127116627	0.279119676357823	1.355
low_scale_mediation	diagnostic	default	50	20278050	TRUE	NA	0.999996868974899	0.965671394825793	0.0774600855177447	0.00247699851516391	0.0797147190235958	0.965668796476559	0.203336045579562	1.319
few_blocks_sparse	diagnostic	default	1	20279001	TRUE	NA	0.937238117119833	0.011681211686776	0.0204297045361312	0.0103163895897909	0.0305107933577089	0.0109406444237965	0.409491095000718	0.541999999999987
few_blocks_sparse	diagnostic	default	2	20279002	TRUE	NA	0.999999999941694	0.0402924677599111	0.997755582145599	0.00564406607282014	0.998073634267926	0.0402924677574127	0.113850478819515	0.553000000000011
few_blocks_sparse	diagnostic	default	3	20279003	TRUE	NA	0.99999999999982	0.0226070967060934	0.999989548260944	0.00327654463948108	0.999990801979327	0.0226070967060878	0.0661219611555239	0.599000000000004
few_blocks_sparse	diagnostic	default	4	20279004	TRUE	NA	0.999656424732614	0.017946342229466	0.999605921085201	0.0114369264373805	0.999606768805111	0.0179395945706812	0.363120692622445	0.515000000000001
few_blocks_sparse	diagnostic	default	5	20279005	TRUE	NA	0.999999285061104	0.602355074120316	0.45134419002262	0.00384713435879187	0.453962836071819	0.602354722781569	0.513005260088377	0.569999999999993
few_blocks_sparse	diagnostic	default	6	20279006	TRUE	NA	0.992630260015581	0.0101095132905681	0.0192602903694622	0.0036450569104588	0.0228322024753797	0.0100335889257277	0.516099768174293	0.544000000000011
few_blocks_sparse	diagnostic	default	7	20279007	TRUE	NA	0.999999859073245	0.153321670006896	0.87926206583459	0.00401338639417699	0.87951566053463	0.153321625977764	0.260848554589494	0.554000000000002
few_blocks_sparse	diagnostic	default	8	20279008	TRUE	NA	0.992888452165491	0.0330795151135982	0.991797099569931	0.00251248645756997	0.99181511953653	0.0325753242159342	0.0804302714182299	0.582999999999998
few_blocks_sparse	diagnostic	default	9	20279009	TRUE	NA	0.999999999996101	0.372726206352241	0.647668578898118	0.00316135986295195	0.648796088279189	0.372726206351648	0.230909114833825	0.541999999999987
few_blocks_sparse	diagnostic	default	10	20279010	TRUE	NA	0.999998219146024	0.0684954363508601	0.999967433645709	0.00285688603945201	0.999967520370482	0.068495408896825	0.139277629817343	0.506
few_blocks_sparse	diagnostic	default	11	20279011	TRUE	NA	0.998634309528606	0.0136228250772084	0.0191629420968136	0.003703686613643	0.0228017692256198	0.013603780884429	0.396635642170295	0.605999999999995
few_blocks_sparse	diagnostic	default	12	20279012	TRUE	NA	0.999600770685174	0.0289305740613457	0.993446770133156	0.00467482997378568	0.993676997371413	0.0289166476742131	0.185246133837808	0.543999999999997
few_blocks_sparse	diagnostic	default	13	20279013	TRUE	NA	0.999999999999863	0.227828702864735	0.855284847364225	0.00281886640663709	0.855830250795024	0.22782870286462	0.190851398685258	0.555000000000007
few_blocks_sparse	diagnostic	default	14	20279014	TRUE	NA	0.971080504680153	0.127031557314945	0.138961141748884	0.00493878482964942	0.143376712164066	0.123334947107228	0.268630874528284	0.489999999999995
few_blocks_sparse	diagnostic	default	15	20279015	TRUE	NA	0.999726929870209	0.714447599799945	0.22027120677804	0.0102884965206022	0.228267231531153	0.714283898375385	0.531899938874858	0.551999999999992
few_blocks_sparse	diagnostic	default	16	20279016	TRUE	NA	0.998727071211217	0.0662734771271893	0.0864021041364231	0.0043568039380248	0.0904183872949996	0.0661784036655957	0.313791184351068	0.557000000000002
few_blocks_sparse	diagnostic	default	17	20279017	TRUE	NA	0.999999881506787	0.0221085131623584	0.0364865738023938	0.00285857121588985	0.0392399026581606	0.0221085105817719	0.359043156625873	0.525999999999996
few_blocks_sparse	diagnostic	default	18	20279018	TRUE	NA	0.999687001794218	0.0447969775115288	0.99996975046906	0.00228844002889674	0.999969821167652	0.0447916313307559	0.14983190378971	0.557999999999993
few_blocks_sparse	diagnostic	default	19	20279019	TRUE	NA	0.999999999999998	0.0321116323551358	0.549560313746809	0.00244819722834062	0.550532941992515	0.0321116323551358	0.121062188750585	0.521000000000001
few_blocks_sparse	diagnostic	default	20	20279020	TRUE	NA	0.99999999982415	0.0192025687931375	0.999830572123133	0.00219401016067123	0.999831394243998	0.0192025687886323	0.0729422504218391	0.525999999999996
few_blocks_sparse	diagnostic	default	21	20279021	TRUE	NA	0.999943568799136	0.0153669731215492	0.0268068321868945	0.00285147376537027	0.029581633343248	0.015366100192099	0.448565321905576	0.552000000000007
few_blocks_sparse	diagnostic	default	22	20279022	TRUE	NA	0.999283060342779	0.0674032133213348	0.985492861454226	0.0141740004508609	0.987020354190126	0.0673787279438007	0.343294984566725	0.563000000000002
few_blocks_sparse	diagnostic	default	23	20279023	TRUE	NA	0.999999760028308	0.0282841937059118	0.0441591564868599	0.00208433169498642	0.046146639712634	0.0282841866455993	0.34484314064283	0.531999999999996
few_blocks_sparse	diagnostic	default	24	20279024	TRUE	NA	0.99999999803978	0.0330748146457822	0.999831172340712	0.00501811891321357	0.999832778099924	0.0330748146041828	0.147750479449641	0.542000000000002
few_blocks_sparse	diagnostic	default	25	20279025	TRUE	NA	0.99998058531409	0.0435097161057389	0.727165550016087	0.00667039029880846	0.72857317398367	0.0435086886544575	0.28174275544373	0.494
few_blocks_sparse	diagnostic	default	26	20279026	TRUE	NA	0.99990455991558	0.0128805181716607	0.0721366785132172	0.00257853076658345	0.0745330596637796	0.0128793182674372	0.313753620932204	0.534000000000006
few_blocks_sparse	diagnostic	default	27	20279027	TRUE	NA	0.999999691861318	0.550130687324877	0.508093963391569	0.00237197392548384	0.509253786524907	0.550130569341774	0.319587466340543	0.527000000000001
few_blocks_sparse	diagnostic	default	28	20279028	TRUE	NA	0.999997290664396	0.016954948379694	0.999810958079402	0.00267069909405966	0.999812391389978	0.0169548948360208	0.0665911866801068	0.534000000000006
few_blocks_sparse	diagnostic	default	29	20279029	TRUE	NA	0.999999998960773	0.0635121325622679	0.965572455339826	0.00302086302032544	0.965675649812884	0.0635121321659365	0.403644725142108	0.551000000000002
few_blocks_sparse	diagnostic	default	30	20279030	TRUE	NA	0.989761705330949	0.0234330023839937	0.0280713386797808	0.00497138077679662	0.0329092273446121	0.0232010861670655	0.455397315625831	0.540000000000006
few_blocks_sparse	diagnostic	default	31	20279031	TRUE	NA	0.999999303015983	0.129390404306727	0.0789527549476833	0.00239200095391511	0.0811185014138642	0.129390296306882	0.353024289877872	0.555999999999997
few_blocks_sparse	diagnostic	default	32	20279032	TRUE	NA	0.974341604363735	0.156487547382501	0.730097985205519	0.00216336441888161	0.730647684490252	0.153743634989986	0.313867974113876	0.535000000000011
few_blocks_sparse	diagnostic	default	33	20279033	TRUE	NA	1	0.0220017153992668	0.073832890765967	0.00538718816229833	0.078883175085839	0.0220017153992668	0.424273006250957	0.539000000000001
few_blocks_sparse	diagnostic	default	34	20279034	TRUE	NA	0.999830655177192	0.0100565695221505	0.0228879559767642	0.00253744409497453	0.0253657948333086	0.0100548257627182	0.37188488759471	0.527999999999992
few_blocks_sparse	diagnostic	default	35	20279035	TRUE	NA	0.999912633989644	0.0122480109767401	0.927631004238989	0.00558098435015288	0.928821185090985	0.0122469817331816	0.43712390387735	0.549000000000007
few_blocks_sparse	diagnostic	default	36	20279036	TRUE	NA	0.99999961679513	0.0246198795744239	0.128483373590766	0.00312604892146622	0.131288291568632	0.0246198696495631	0.497316417215671	0.501000000000005
few_blocks_sparse	diagnostic	default	37	20279037	TRUE	NA	0.999999992290364	0.0349933220678862	0.035368948576215	0.00501991229108568	0.0401996267865801	0.034993321818412	0.581804160075279	0.540000000000006
few_blocks_sparse	diagnostic	default	38	20279038	TRUE	NA	0.999999987045775	0.0611767065311071	0.999043210394181	0.00364723618029624	0.99909267309657	0.0611767061250093	0.105743391155535	0.536000000000001
few_blocks_sparse	diagnostic	default	39	20279039	TRUE	NA	0.962662792852391	0.0253922474817884	0.985321420053642	0.00238070032091739	0.985464165701062	0.0245819755010135	0.0882578426636655	0.538000000000011
few_blocks_sparse	diagnostic	default	40	20279040	TRUE	NA	0.999999999993145	0.119208431073402	0.858581748521198	0.00499434822346564	0.858902982950039	0.119208431072696	0.148632207480944	0.489000000000004
few_blocks_sparse	diagnostic	default	41	20279041	TRUE	NA	0.999995640372082	0.0186339252965148	0.0342203292176622	0.00509159713748402	0.039140570904728	0.018633836808742	0.368214917308684	0.572999999999993
few_blocks_sparse	diagnostic	default	42	20279042	TRUE	NA	0.237248525801719	0.194750264127715	0.217844550739451	0.00250946195698257	0.219824417702589	0.0433788060195507	0.320165550889556	0.590999999999994
few_blocks_sparse	diagnostic	default	43	20279043	TRUE	NA	0.99999650514817	0.125182466979201	0.933020403582494	0.0141429749141452	0.942277045736668	0.125181346857459	0.399767635202721	0.563999999999993
few_blocks_sparse	diagnostic	default	44	20279044	TRUE	NA	0.999882968582478	0.0139742954859794	0.064149425836257	0.00305029692750944	0.0669316686183336	0.0139726714785682	0.557437647023548	0.519999999999996
few_blocks_sparse	diagnostic	default	45	20279045	TRUE	NA	0.999999998797691	0.0171618352583944	0.0524151394880479	0.00390232006276039	0.0561568147047445	0.0171618352392266	0.436925328885913	0.552999999999997
few_blocks_sparse	diagnostic	default	46	20279046	TRUE	NA	0.999976735910996	0.0258608692107503	0.995845728205333	0.00279507488289	0.99586224812258	0.025858803987263	0.145144840268784	0.530000000000001
few_blocks_sparse	diagnostic	default	47	20279047	TRUE	NA	0.999994293201645	0.0300349886125123	0.999052448266158	0.00249977340660319	0.999057908289853	0.0300348723879628	0.0614291238967155	0.518000000000001
few_blocks_sparse	diagnostic	default	48	20279048	TRUE	NA	0.999617916085143	0.0381156922757948	0.955001298922415	0.00566091958611556	0.955127008533395	0.0380859530975575	0.112745343303146	0.533000000000001
few_blocks_sparse	diagnostic	default	49	20279049	TRUE	NA	0.999526642095713	0.0190856242006709	0.0554785680680523	0.00444276248524402	0.0596889165643528	0.0190768642787647	0.321780215110508	0.546000000000006
few_blocks_sparse	diagnostic	default	50	20279050	TRUE	NA	0.815848545854813	0.0908670796390973	0.074970977154461	0.00217351420122452	0.0769566221204038	0.0733041388211245	0.293219729757212	0.568999999999988
near_aligned_pleiotropy	diagnostic	default	1	20280001	TRUE	NA	0.999999999999692	0.993996493023987	0.0364711638156577	0.00176943610532286	0.0381749199377741	0.993996493023694	0.242294771180013	1.214
near_aligned_pleiotropy	diagnostic	default	2	20280002	TRUE	NA	0.999999999979163	0.0333383652932721	0.999998232006104	0.00274131186395259	0.999998237170349	0.0333383652912382	0.0641420980985572	1.18299999999999
near_aligned_pleiotropy	diagnostic	default	3	20280003	TRUE	NA	1.00000000000001	0.988041343228651	0.0392313302461797	0.00345101115428723	0.042541237196352	0.988041343228651	0.30441327559339	1.26899999999999
near_aligned_pleiotropy	diagnostic	default	4	20280004	TRUE	NA	1	0.0979851195543971	0.94371270063891	0.00153832008552208	0.943796373307956	0.0979851195543971	0.302970593213189	1.29599999999999
near_aligned_pleiotropy	diagnostic	default	5	20280005	TRUE	NA	0.999999999878151	0.0400449199639959	0.989097454837631	0.00175764693906261	0.989113281831984	0.0400449199588801	0.107116492589867	1.384
near_aligned_pleiotropy	diagnostic	default	6	20280006	TRUE	NA	0.99999999999997	0.257346653813447	0.774537342603218	0.00786923595719645	0.775896375905802	0.257346653813446	0.218280761755238	1.236
near_aligned_pleiotropy	diagnostic	default	7	20280007	TRUE	NA	0.999999999903366	0.0216752294321587	0.999749344305381	0.00233476618779602	0.999749841692707	0.0216752294289884	0.0635480818823169	1.206
near_aligned_pleiotropy	diagnostic	default	8	20280008	TRUE	NA	0.999999999999996	0.953785262388876	0.0901857767705943	0.0014629163235905	0.0915096293337644	0.953785262388876	0.298337185141577	1.23999999999999
near_aligned_pleiotropy	diagnostic	default	9	20280009	TRUE	NA	1	0.0375046816289312	0.989069317977904	0.0015557675319286	0.989098800873917	0.0375046816289312	0.266547115339819	1.249
near_aligned_pleiotropy	diagnostic	default	10	20280010	TRUE	NA	0.99801687632123	0.904807964242837	0.127613699035822	0.00334169496857353	0.130497042070056	0.902882262975385	0.250846752019555	1.226
near_aligned_pleiotropy	diagnostic	default	11	20280011	TRUE	NA	0.999999999999994	0.871700461861002	0.295461845763565	0.00154641099060037	0.296540135668944	0.871700461861001	0.156506579766585	1.17099999999999
near_aligned_pleiotropy	diagnostic	default	12	20280012	TRUE	NA	1	0.908649126173475	0.135370422202024	0.00144089354212846	0.136599902312517	0.908649126173475	0.207982438452319	1.276
near_aligned_pleiotropy	diagnostic	default	13	20280013	TRUE	NA	1	0.950341012077597	0.126730210156548	0.0102211816649662	0.135969875024068	0.950341012077597	0.322997410635836	1.28100000000001
near_aligned_pleiotropy	diagnostic	default	14	20280014	TRUE	NA	0.999999999979468	0.832646830985811	0.275676050013464	0.00151404080899408	0.276725938919085	0.832646830966761	0.241204953082544	1.22699999999999
near_aligned_pleiotropy	diagnostic	default	15	20280015	TRUE	NA	1.00000000000001	0.068220588259237	0.997189700974005	0.00334459506931875	0.997236011112297	0.068220588259237	0.486153713104443	1.233
near_aligned_pleiotropy	diagnostic	default	16	20280016	TRUE	NA	0.999999998394607	0.985594617910198	0.0381127885537589	0.00637584002499183	0.0442539724175832	0.985594616338099	0.240748082605364	1.333
near_aligned_pleiotropy	diagnostic	default	17	20280017	TRUE	NA	0.999999999999996	0.318124967049004	0.72797980157493	0.00261294782907512	0.729081753038145	0.318124967049004	0.440804856411077	1.23099999999999
near_aligned_pleiotropy	diagnostic	default	18	20280018	TRUE	NA	1	0.023348458595567	0.997482462408012	0.00181851095837706	0.997486125449466	0.0233484585955669	0.082235119471548	1.27900000000001
near_aligned_pleiotropy	diagnostic	default	19	20280019	TRUE	NA	0.999999999599677	0.760169456275888	0.270480365229733	0.00148593322083979	0.271563314304819	0.760169455945623	0.335768515128933	1.245
near_aligned_pleiotropy	diagnostic	default	20	20280020	TRUE	NA	0.999999963640067	0.981099814028259	0.052407891672218	0.00158015181948269	0.05390400416425	0.981099779368978	0.203595204520653	1.27800000000001
near_aligned_pleiotropy	diagnostic	default	21	20280021	TRUE	NA	0.999987710578946	0.0344381628168967	0.999114753252369	0.00162881905299299	0.999117931909098	0.0344375766298346	0.0364876692479328	1.337
near_aligned_pleiotropy	diagnostic	default	22	20280022	TRUE	NA	1	0.103821438765972	0.991212319824755	0.00214413146798049	0.991225656905016	0.103821438765972	0.107753475527275	1.252
near_aligned_pleiotropy	diagnostic	default	23	20280023	TRUE	NA	0.999999997595618	0.836580281064549	0.211246379630941	0.00325896206924442	0.214029114092956	0.836580278719776	0.21566584320837	1.343
near_aligned_pleiotropy	diagnostic	default	24	20280024	TRUE	NA	1.00000000000001	0.815299998384917	0.238905578307448	0.00208585066165424	0.240267270250999	0.815299998384917	0.319058576699078	1.33399999999999
near_aligned_pleiotropy	diagnostic	default	25	20280025	TRUE	NA	0.999999999999938	0.700336517973998	0.376919936346778	0.00524553091541808	0.379867739805431	0.700336517973938	0.210490358850265	1.292
near_aligned_pleiotropy	diagnostic	default	26	20280026	TRUE	NA	0.999999999999998	0.0340901064638436	0.996697927301408	0.00166352869035962	0.996703249729788	0.0340901064638436	0.115595142396643	1.18900000000001
near_aligned_pleiotropy	diagnostic	default	27	20280027	TRUE	NA	0.999996197889195	0.196107167370491	0.836042414517109	0.00147839734972695	0.836282039944966	0.196105350026703	0.304905032914562	1.348
near_aligned_pleiotropy	diagnostic	default	28	20280028	TRUE	NA	1	0.896884892378962	0.13348579533542	0.00558474829647343	0.138391770152145	0.896884892378962	0.345142177797754	1.29899999999999
near_aligned_pleiotropy	diagnostic	default	29	20280029	TRUE	NA	0.999999999970084	0.719613145862742	0.387623108809736	0.00410255285026652	0.389725614798278	0.719613145834435	0.241841404688046	1.30099999999999
near_aligned_pleiotropy	diagnostic	default	30	20280030	TRUE	NA	0.99999999999992	0.959451229921701	0.0830518379363033	0.00400838133850221	0.0867795278414049	0.959451229921621	0.18961470517587	1.32000000000001
near_aligned_pleiotropy	diagnostic	default	31	20280031	TRUE	NA	0.999999999995044	0.0265255859468338	0.999901705959546	0.00224161747141919	0.999901856214759	0.0265255859466868	0.439435847162954	1.30500000000001
near_aligned_pleiotropy	diagnostic	default	32	20280032	TRUE	NA	0.999999999999998	0.965331690735794	0.0714621533411989	0.0103813443009131	0.0805879297735256	0.965331690735794	0.229510797474404	1.292
near_aligned_pleiotropy	diagnostic	default	33	20280033	TRUE	NA	1	0.0197325992208304	0.999636246976326	0.00462052601804634	0.99963738537475	0.0197325992208304	0.065985320258477	1.236
near_aligned_pleiotropy	diagnostic	default	34	20280034	TRUE	NA	1	0.703722315933529	0.343927442654853	0.00563323571548619	0.348221169489831	0.703722315933529	0.31017588791839	1.257
near_aligned_pleiotropy	diagnostic	default	35	20280035	TRUE	NA	0.999999999999988	0.938652700384413	0.101550826627547	0.00162713156194004	0.103008730196169	0.938652700384403	0.265518812478916	1.20699999999999
near_aligned_pleiotropy	diagnostic	default	36	20280036	TRUE	NA	0.999999999999994	0.988473847396527	0.176526482109574	0.0240715515913901	0.197980137604884	0.988473847396527	0.334487418982903	1.19200000000001
near_aligned_pleiotropy	diagnostic	default	37	20280037	TRUE	NA	0.999999999999941	0.987377954269103	0.0386367435951163	0.0016851523256336	0.0402511440891788	0.987377954269049	0.284429576412066	1.21599999999999
near_aligned_pleiotropy	diagnostic	default	38	20280038	TRUE	NA	0.999999999999679	0.825047428980552	0.294958057247095	0.00683828388863397	0.300582686443402	0.825047428980258	0.2431905732019	1.203
near_aligned_pleiotropy	diagnostic	default	39	20280039	TRUE	NA	0.99999999999594	0.892986636565059	0.137499753542682	0.00160348211206608	0.138888592789684	0.892986636561186	0.290856220364901	1.256
near_aligned_pleiotropy	diagnostic	default	40	20280040	TRUE	NA	0.99999999999353	0.0183472441841917	0.999938202584553	0.00452210301007452	0.999938524238097	0.0183472441840742	0.0659101625763725	1.15899999999999
near_aligned_pleiotropy	diagnostic	default	41	20280041	TRUE	NA	1	0.974839495776628	0.196447885696658	0.0137208455998923	0.20812817939842	0.974839495776628	0.388412200666593	1.208
near_aligned_pleiotropy	diagnostic	default	42	20280042	TRUE	NA	1	0.952845272386201	0.0923045683252156	0.00329630716848837	0.0953706910399892	0.952845272386201	0.240234817738369	1.31399999999999
near_aligned_pleiotropy	diagnostic	default	43	20280043	TRUE	NA	0.999999998826278	0.547146941682073	0.498959357918816	0.00617555471156229	0.502575272235022	0.547146940567026	0.381351159096852	1.28699999999998
near_aligned_pleiotropy	diagnostic	default	44	20280044	TRUE	NA	0.99999998702943	0.0229057742138919	0.999694088870945	0.00371542667667061	0.99969716488227	0.0229057713948262	0.0583633626017104	1.23699999999999
near_aligned_pleiotropy	diagnostic	default	45	20280045	TRUE	NA	1	0.985731441277963	0.0586181166944282	0.00163271629999467	0.0601503093009281	0.985731441277963	0.21050609735822	1.21699999999998
near_aligned_pleiotropy	diagnostic	default	46	20280046	TRUE	NA	1	0.903689383452718	0.126210228706175	0.00201693567558441	0.127971940215881	0.903689383452718	0.301984420812829	1.27599999999998
near_aligned_pleiotropy	diagnostic	default	47	20280047	TRUE	NA	0.984730199898843	0.804557460486598	0.241483628466374	0.0014673845040293	0.242582719729196	0.79078868466019	0.3433217213977	1.20500000000001
near_aligned_pleiotropy	diagnostic	default	48	20280048	TRUE	NA	1	0.935323907122935	0.145713663699702	0.00160334535532685	0.147073476273005	0.935323907122935	0.259545419952161	1.15900000000002
near_aligned_pleiotropy	diagnostic	default	49	20280049	TRUE	NA	0.99999994607567	0.851131794817058	0.19060487214645	0.00206358814345897	0.192293567575557	0.851131751548483	0.245296999516256	1.21199999999999
near_aligned_pleiotropy	diagnostic	default	50	20280050	TRUE	NA	0.999999999999999	0.936851913331788	0.130986833996716	0.00481002762097151	0.135187072680784	0.936851913331788	0.3167796817539	1.20500000000001
exact_aligned_pleiotropy	diagnostic	default	1	20281001	TRUE	NA	0.999999999999996	0.959536466202294	0.117642763345055	0.00192008535354514	0.119331732281279	0.959536466202294	0.209438586232437	1.18299999999999
exact_aligned_pleiotropy	diagnostic	default	2	20281002	TRUE	NA	0.999990853205677	0.843970928074548	0.196898190344642	0.00153567218233244	0.198122053261025	0.843963935100826	0.158494146961431	1.24199999999999
exact_aligned_pleiotropy	diagnostic	default	3	20281003	TRUE	NA	0.999999999910342	0.969305339374324	0.0538394857041773	0.001915877398651	0.0556555635504044	0.96930533929107	0.327690039713545	1.25199999999998
exact_aligned_pleiotropy	diagnostic	default	4	20281004	TRUE	NA	0.999999999999994	0.973605698873544	0.0541833320161752	0.0117891025542592	0.065304166135512	0.973605698873544	0.258167045588948	1.24100000000001
exact_aligned_pleiotropy	diagnostic	default	5	20281005	TRUE	NA	0.999999999999578	0.927459783511763	0.125976342443674	0.00203180071707825	0.127760215487588	0.927459783511534	0.262838499168254	1.23099999999999
exact_aligned_pleiotropy	diagnostic	default	6	20281006	TRUE	NA	0.999999999999998	0.912340537990244	0.151811780731494	0.0015048597283639	0.153072312237673	0.912340537990244	0.3972549637367	1.19499999999999
exact_aligned_pleiotropy	diagnostic	default	7	20281007	TRUE	NA	0.999999999999945	0.861241671624382	0.183912145892469	0.00372261026623005	0.187007598442923	0.861241671624337	0.238483098861408	1.244
exact_aligned_pleiotropy	diagnostic	default	8	20281008	TRUE	NA	0.99999999999782	0.903842603123738	0.128187950547442	0.00266953408984357	0.13036021337757	0.903842603121622	0.27747294446786	1.19800000000001
exact_aligned_pleiotropy	diagnostic	default	9	20281009	TRUE	NA	0.99999999999942	0.961271745983168	0.0838683312358778	0.00149800062118109	0.085238370311516	0.961271745982653	0.347015210549898	1.245
exact_aligned_pleiotropy	diagnostic	default	10	20281010	TRUE	NA	0.999999999999996	0.991000969911156	0.0451757125322607	0.00175352968142483	0.0468424321502851	0.991000969911156	0.243703469189271	1.24000000000001
exact_aligned_pleiotropy	diagnostic	default	11	20281011	TRUE	NA	1	0.932197986109077	0.13029942665863	0.00196443166207234	0.132016724616164	0.932197986109077	0.266191437368178	1.20500000000001
exact_aligned_pleiotropy	diagnostic	default	12	20281012	TRUE	NA	0.99999999854556	0.951598308813869	0.160776059465674	0.00188299400207293	0.162366088895598	0.951598307380528	0.198118891577565	1.22399999999999
exact_aligned_pleiotropy	diagnostic	default	13	20281013	TRUE	NA	0.999999999999998	0.942202454021165	0.101182201381677	0.00159356805140862	0.102617340041797	0.942202454021159	0.296731356574469	1.29299999999998
exact_aligned_pleiotropy	diagnostic	default	14	20281014	TRUE	NA	0.999999999999993	0.925674260826014	0.114409985616718	0.00149327345429557	0.115722911108281	0.925674260826012	0.31857975698307	1.25300000000001
exact_aligned_pleiotropy	diagnostic	default	15	20281015	TRUE	NA	0.999999999999997	0.692145390651937	0.392977602876063	0.00168090720858237	0.393927610196913	0.692145390651937	0.240183454654442	1.279
exact_aligned_pleiotropy	diagnostic	default	16	20281016	TRUE	NA	0.99999999999883	0.985519286488317	0.0391369852631446	0.00329640745937997	0.0422946522815171	0.985519286487169	0.264282806891231	1.23099999999999
exact_aligned_pleiotropy	diagnostic	default	17	20281017	TRUE	NA	0.999999999901295	0.962544662903948	0.119864820391325	0.00187493462774165	0.121489201501218	0.962544662808639	0.182290334932446	1.17500000000001
exact_aligned_pleiotropy	diagnostic	default	18	20281018	TRUE	NA	0.999920786888712	0.96418738726309	0.0597066070057737	0.00309683198230116	0.0626231150356104	0.964110074244673	0.260210927484707	1.27100000000002
exact_aligned_pleiotropy	diagnostic	default	19	20281019	TRUE	NA	0.999999999498839	0.7915223109888	0.270392745656052	0.00150571106957435	0.271486500168664	0.791522310514496	0.326901666806833	1.27800000000002
exact_aligned_pleiotropy	diagnostic	default	20	20281020	TRUE	NA	0.999999687885421	0.954168820806082	0.0751697391676354	0.00275293466648978	0.0777344031480236	0.95416851948132	0.295431538129321	1.26900000000001
exact_aligned_pleiotropy	diagnostic	default	21	20281021	TRUE	NA	0.999999999998097	0.971151942335198	0.056632385235025	0.00148085674087722	0.0580271442252355	0.97115194233334	0.342195321317035	1.27000000000001
exact_aligned_pleiotropy	diagnostic	default	22	20281022	TRUE	NA	1.00000000000001	0.958016717403987	0.116207001229351	0.0021481166403858	0.11806583216534	0.958016717403987	0.273165840047838	1.23700000000002
exact_aligned_pleiotropy	diagnostic	default	23	20281023	TRUE	NA	0.999999999995307	0.965788936031827	0.0615869925073885	0.0015811485847758	0.063073025805255	0.965788936027259	0.286172082978169	1.21699999999998
exact_aligned_pleiotropy	diagnostic	default	24	20281024	TRUE	NA	0.999999997648373	0.990599791677783	0.0371187417647405	0.00195330270524857	0.0389967069972183	0.990599789385381	0.230612057570397	1.304
exact_aligned_pleiotropy	diagnostic	default	25	20281025	TRUE	NA	1	0.992807999160728	0.0436136911724226	0.00159130121094933	0.0451337446764696	0.992807999160728	0.305409393471265	1.221
exact_aligned_pleiotropy	diagnostic	default	26	20281026	TRUE	NA	1	0.985573018432173	0.0439729261005873	0.00150097111842402	0.045406963831264	0.985573018432173	0.139127764042826	1.251
exact_aligned_pleiotropy	diagnostic	default	27	20281027	TRUE	NA	0.999999999240388	0.939809159919399	0.0865934123263157	0.00153170614395049	0.0879844421678439	0.93980915921684	0.293470896666804	1.173
exact_aligned_pleiotropy	diagnostic	default	28	20281028	TRUE	NA	0.999999999999564	0.839084863151856	0.186449599221965	0.00145402713071584	0.187620971730435	0.839084863151481	0.321836843488825	1.25200000000001
exact_aligned_pleiotropy	diagnostic	default	29	20281029	TRUE	NA	0.999999999521451	0.895725234666092	0.196788877042122	0.00318632012750837	0.199498917435248	0.895725234196051	0.258459959099071	1.28999999999999
exact_aligned_pleiotropy	diagnostic	default	30	20281030	TRUE	NA	0.999999999999972	0.962922626158709	0.241135426894857	0.00291931713920232	0.243202034974627	0.962922626158686	0.216002730562678	1.23099999999999
exact_aligned_pleiotropy	diagnostic	default	31	20281031	TRUE	NA	0.999999999999994	0.988912518128378	0.0527597001289479	0.00149458149529435	0.0541708231321371	0.988912518128378	0.378753829717013	1.257
exact_aligned_pleiotropy	diagnostic	default	32	20281032	TRUE	NA	0.999866540399425	0.892935281235891	0.149346349825006	0.00147538054973728	0.150574276178198	0.892804718138899	0.248666946421309	1.21799999999999
exact_aligned_pleiotropy	diagnostic	default	33	20281033	TRUE	NA	0.99999999999981	0.880258766172569	0.168394047327579	0.00286178492922157	0.170752343095586	0.880258766172403	0.22106364162812	1.22899999999998
exact_aligned_pleiotropy	diagnostic	default	34	20281034	TRUE	NA	0.999999999634177	0.787805086059733	0.253585690953362	0.00214446987417863	0.255237973873519	0.787805085734202	0.347598760156586	1.20600000000002
exact_aligned_pleiotropy	diagnostic	default	35	20281035	TRUE	NA	0.999999999821451	0.974215025015514	0.0735265902371809	0.00286410401865375	0.076192843202665	0.974215024845092	0.182891141118603	1.18200000000002
exact_aligned_pleiotropy	diagnostic	default	36	20281036	TRUE	NA	0.999999999996859	0.904242285729785	0.186052238848363	0.0077019935709204	0.1922586886405	0.90424228572675	0.261079350019926	1.23099999999999
exact_aligned_pleiotropy	diagnostic	default	37	20281037	TRUE	NA	0.999999999972631	0.972309066117904	0.0635433940191247	0.00484194284243361	0.0680289505488816	0.972309066091298	0.195178691735236	1.23100000000002
exact_aligned_pleiotropy	diagnostic	default	38	20281038	TRUE	NA	0.999999999998869	0.944785348310537	0.0923402950855942	0.00154027058262628	0.0937349597675153	0.944785348309422	0.249166810146448	1.256
exact_aligned_pleiotropy	diagnostic	default	39	20281039	TRUE	NA	1.00000000000001	0.976288645867898	0.0625010147536924	0.00765177593460437	0.0697290575552781	0.976288645867898	0.288315614301212	1.27199999999999
exact_aligned_pleiotropy	diagnostic	default	40	20281040	TRUE	NA	0.999999999999996	0.993588658467227	0.0466010024697204	0.00293528245614957	0.049409261834246	0.993588658467227	0.257314634033861	1.26999999999998
exact_aligned_pleiotropy	diagnostic	default	41	20281041	TRUE	NA	0.99999999997428	0.988789541038678	0.0383247392564361	0.00289378292109283	0.0411067608839037	0.988789541013518	0.266993990493205	1.21700000000001
exact_aligned_pleiotropy	diagnostic	default	42	20281042	TRUE	NA	0.99999999869233	0.924125907849437	0.105025456496764	0.00342296802042673	0.108103590990935	0.924125906596672	0.27975871792745	1.28799999999998
exact_aligned_pleiotropy	diagnostic	default	43	20281043	TRUE	NA	0.999999999999378	0.955983796179242	0.0845699238751544	0.00146856485443605	0.0859092381094023	0.955983796178627	0.277840796884391	1.25899999999999
exact_aligned_pleiotropy	diagnostic	default	44	20281044	TRUE	NA	1.00000000000001	0.923148988771685	0.121882792420863	0.00147655378316065	0.123169380885481	0.923148988771685	0.204966719128109	1.23499999999999
exact_aligned_pleiotropy	diagnostic	default	45	20281045	TRUE	NA	1.00000000000001	0.985678685149799	0.0926438165088811	0.00165698434003102	0.094149045802077	0.985678685149799	0.324383905956921	1.262
exact_aligned_pleiotropy	diagnostic	default	46	20281046	TRUE	NA	0.999999999993448	0.9508307584497	0.0934397327367384	0.00344582282551518	0.0965326807341198	0.950830758443358	0.477475471275056	1.23599999999999
exact_aligned_pleiotropy	diagnostic	default	47	20281047	TRUE	NA	0.999999999999999	0.977474069576593	0.0519491889391007	0.0021347867915823	0.053975294837174	0.977474069576586	0.232604727371481	1.227
exact_aligned_pleiotropy	diagnostic	default	48	20281048	TRUE	NA	1.00000000000001	0.655485452803987	0.392598665341179	0.00203200072389905	0.393743865369257	0.655485452803987	0.279500759210208	1.22200000000001
exact_aligned_pleiotropy	diagnostic	default	49	20281049	TRUE	NA	1.00000000000001	0.958509211276128	0.0799333042858804	0.00233298677851168	0.0820828237561634	0.958509211276128	0.210961262376344	1.21200000000002
exact_aligned_pleiotropy	diagnostic	default	50	20281050	TRUE	NA	0.999993503868255	0.858291937249744	0.170262285194923	0.00355508377721516	0.17322078583741	0.858285645579889	0.306191429097566	1.24800000000002
orientation_70pct	diagnostic	default	1	20282001	TRUE	NA	0.999999999999987	0.0384896576695556	0.999999999999987	0.999999999999987	0.999999999999987	0.0384896576695556	0.243817441609622	1.51000000000002
orientation_70pct	diagnostic	default	2	20282002	TRUE	NA	1.00000000000002	1.00000000000002	1.00000000000002	0.00398698908765438	1.00000000000002	1.00000000000002	0.127467798685132	1.44799999999998
orientation_70pct	diagnostic	default	3	20282003	TRUE	NA	1.00000000000001	0.998322564357068	1.00000000000001	1.00000000000001	1.00000000000001	0.998322564357068	0.586875362060027	1.59
orientation_70pct	diagnostic	default	4	20282004	TRUE	NA	1	1	1	1	1	1	0.170783034130523	1.65199999999999
orientation_70pct	diagnostic	default	5	20282005	TRUE	NA	1.00000000000001	0.0110883433687279	1.00000000000001	1.00000000000001	1.00000000000001	0.0110883433687279	0.235035697870671	1.56100000000001
orientation_70pct	diagnostic	default	6	20282006	TRUE	NA	2.22081574410855e-05	0.99994768170912	0.999999999999994	0.999999999999994	0.999999999999994	3.77579870983012e-11	0.341953884837295	1.73099999999999
orientation_70pct	diagnostic	default	7	20282007	TRUE	NA	1	1	1	2.81124256283286e-23	1	1	0.209603451728526	1.56900000000002
orientation_70pct	diagnostic	default	8	20282008	TRUE	NA	1	1	1	1	1	1	0.170392548696213	1.58200000000002
orientation_70pct	diagnostic	default	9	20282009	FALSE	FALSE	NA	NA	NA	NA	NA	NA	NA	1.595
orientation_70pct	diagnostic	default	10	20282010	TRUE	NA	0.999999999999992	0.999999999999992	0.999999999999992	0.0196425428114172	0.999999999999992	0.999999999999992	0.454594234532976	1.49199999999999
orientation_70pct	diagnostic	default	11	20282011	TRUE	NA	0.999999999999643	0.999999999999988	0.999999999999988	0.00336990626097895	0.999999999999988	0.999999999999643	0.26996174313058	1.64500000000001
orientation_70pct	diagnostic	default	12	20282012	TRUE	NA	1	1	1	1	1	1	0.387029162198985	1.50900000000001
orientation_70pct	diagnostic	default	13	20282013	TRUE	NA	1	1	1	1	1	1	0.27676571650332	1.489
orientation_70pct	diagnostic	default	14	20282014	FALSE	FALSE	NA	NA	NA	NA	NA	NA	NA	1.53399999999999
orientation_70pct	diagnostic	default	15	20282015	TRUE	NA	0.999999999999993	0.999999999999993	0.999999999999993	0.999999990214008	0.999999999999993	0.999999999999993	0.0596843701474654	1.489
orientation_70pct	diagnostic	default	16	20282016	TRUE	NA	0.999999999999998	0.0109457632283699	0.999999999999998	0.999999999999998	0.999999999999998	0.0109457632283699	0.281274188584689	1.62200000000001
orientation_70pct	diagnostic	default	17	20282017	TRUE	NA	1	1	1	1	1	1	0.208000058773564	1.739
orientation_70pct	diagnostic	default	18	20282018	TRUE	NA	1	0.937222546910329	1	1	1	0.937222546910329	0.0957151322567142	1.602
orientation_70pct	diagnostic	default	19	20282019	TRUE	NA	1	1	1	0.170387469501951	1	1	0.176975059179824	1.68200000000002
orientation_70pct	diagnostic	default	20	20282020	TRUE	NA	0.999999999999986	0.99773007086735	0.999999999999986	0.999977753784792	0.999999999999986	0.99773007086735	0.403073612790934	1.66499999999999
orientation_70pct	diagnostic	default	21	20282021	TRUE	NA	1.00000000000002	1.00000000000002	1.00000000000002	0.00843051987666587	1.00000000000002	1.00000000000002	0.0893933819627364	1.56899999999999
orientation_70pct	diagnostic	default	22	20282022	TRUE	NA	1	0.0123175779712029	1	1	1	0.0123175779712029	0.2777235902862	1.697
orientation_70pct	diagnostic	default	23	20282023	TRUE	NA	1.00000000000002	1.00000000000002	1.00000000000002	0.999999991395555	1.00000000000002	1.00000000000002	0.0769965656237446	1.66
orientation_70pct	diagnostic	default	24	20282024	TRUE	NA	1	1	1	9.6632047877728e-20	1	1	0.0833637525817039	1.62
orientation_70pct	diagnostic	default	25	20282025	TRUE	NA	1.00000000000001	0.999999999207432	1.00000000000001	1.00000000000001	1.00000000000001	0.999999999207432	0.241907001890809	1.636
orientation_70pct	diagnostic	default	26	20282026	TRUE	NA	0.999999999999991	0.999999999999991	0.999999999999991	0.86134178933118	0.999999999999991	0.999999999999991	0.111350670898446	1.47800000000001
orientation_70pct	diagnostic	default	27	20282027	TRUE	NA	1.00000000000002	1.00000000000002	1.00000000000002	0.00322090766625325	1.00000000000002	1.00000000000002	0.969163093607563	1.47800000000001
orientation_70pct	diagnostic	default	28	20282028	TRUE	NA	1.00000000000002	0.0544174762396318	1.00000000000002	1.00000000000002	1.00000000000002	0.0544174762396318	0.13269405390821	1.41399999999999
orientation_70pct	diagnostic	default	29	20282029	TRUE	NA	1	1	1	4.30558376135564e-19	1	1	0.473960583024734	1.44999999999999
orientation_70pct	diagnostic	default	30	20282030	TRUE	NA	0.999999999999993	0.014048407180944	0.999999999999993	0.999999999999993	0.999999999999993	0.014048407180944	0.0360693806653103	1.55000000000001
orientation_70pct	diagnostic	default	31	20282031	FALSE	FALSE	NA	NA	NA	NA	NA	NA	NA	1.50800000000001
orientation_70pct	diagnostic	default	32	20282032	TRUE	NA	1.00000000000001	0.999990855607651	1.00000000000001	1.00000000000001	1.00000000000001	0.999990855607651	0.373927699013393	1.518
orientation_70pct	diagnostic	default	33	20282033	FALSE	FALSE	NA	NA	NA	NA	NA	NA	NA	1.53700000000001
orientation_70pct	diagnostic	default	34	20282034	TRUE	NA	1	1	1	1	1	1	0.0216321845494463	1.45599999999999
orientation_70pct	diagnostic	default	35	20282035	FALSE	FALSE	NA	NA	NA	NA	NA	NA	NA	1.44
orientation_70pct	diagnostic	default	36	20282036	TRUE	NA	1	1	1	1	1	1	0.0307355507741818	1.49600000000001
orientation_70pct	diagnostic	default	37	20282037	TRUE	NA	0.999999999999973	0.999999999999973	0.999999999999973	0.999999999999943	0.999999999999973	0.999999999999973	0.694524027772445	1.50899999999999
orientation_70pct	diagnostic	default	38	20282038	TRUE	NA	0.999999999999985	0.999999798586322	0.999999999999985	0.999924730138271	0.999999999999985	0.999999798586322	0.54111242944964	1.636
orientation_70pct	diagnostic	default	39	20282039	TRUE	NA	0.999999999999985	0.364569602634228	0.999999999999985	0.999999999812923	0.999999999999985	0.364569602634228	0.259295897448851	1.518
orientation_70pct	diagnostic	default	40	20282040	TRUE	NA	1	1	1	0.999999068287743	1	1	0.043002686311354	1.626
orientation_70pct	diagnostic	default	41	20282041	TRUE	NA	0.999999999999995	0.667153107641948	0.999999999999995	0.999999999999995	0.999999999999995	0.667153107641948	0.0225739845740804	1.52799999999999
orientation_70pct	diagnostic	default	42	20282042	TRUE	NA	1.00000000000001	1.00000000000001	1.00000000000001	0.0507847517710896	1.00000000000001	1.00000000000001	0.0826677594067746	1.41299999999998
orientation_70pct	diagnostic	default	43	20282043	TRUE	NA	1	0.598969860566981	1	0.999629905815641	1	0.598969860566981	0.113037412433869	1.59899999999999
orientation_70pct	diagnostic	default	44	20282044	TRUE	NA	1.00000000000001	0.0184927171379841	1.00000000000001	1.00000000000001	1.00000000000001	0.0184927171379841	0.988174367991405	1.608
orientation_70pct	diagnostic	default	45	20282045	TRUE	NA	0.999999999999999	0.999999999999999	0.999999999999999	0.0201810777380484	0.999999999999999	0.999999999999999	0.047287614808539	1.583
orientation_70pct	diagnostic	default	46	20282046	TRUE	NA	1	1	1	1	1	1	0.0378395839281893	1.57900000000001
orientation_70pct	diagnostic	default	47	20282047	TRUE	NA	0.956490829610566	0.926908198101476	1	0.0860739242009994	1	0.926383347687185	0.275363186533014	1.56199999999998
orientation_70pct	diagnostic	default	48	20282048	FALSE	FALSE	NA	NA	NA	NA	NA	NA	NA	1.66399999999999
orientation_70pct	diagnostic	default	49	20282049	TRUE	NA	1	1	1	1	1	1	0.149136843954125	1.608
orientation_70pct	diagnostic	default	50	20282050	FALSE	FALSE	NA	NA	NA	NA	NA	NA	NA	1.68400000000003
skeptical_prior_mediation	mediation	skeptical	1	20266001	TRUE	TRUE	0.999999993886165	0.976675648042229	0.0448463755474103	0.00204087564747018	0.0467832635802242	0.976675642288514	0.245263864427073	1.18600000000001
skeptical_prior_mediation	mediation	skeptical	2	20266002	TRUE	TRUE	0.981729959176601	0.963069759756592	0.0570785768925275	0.000963059112515851	0.0579828853729403	0.946076752837402	0.155007876597381	1.24000000000001
skeptical_prior_mediation	mediation	skeptical	3	20266003	TRUE	TRUE	0.974559229250992	0.928151960499705	0.0879408090524699	0.0060050538200307	0.0934618372926376	0.905091825603228	0.2345589116848	1.221
skeptical_prior_mediation	mediation	skeptical	4	20266004	TRUE	FALSE	0.631971453504554	0.919673420164948	0.101594842811269	0.00116872748836892	0.102641467110667	0.592080740157046	0.344108676377914	1.24000000000001
skeptical_prior_mediation	mediation	skeptical	5	20266005	TRUE	TRUE	0.9998836336701	0.974595752856843	0.0618809465006412	0.000924068858521558	0.0627461140057704	0.974484814859651	0.34582887947218	1.273
skeptical_prior_mediation	mediation	skeptical	6	20266006	TRUE	TRUE	0.999969444883858	0.985759939556286	0.0337345513651633	0.0013809906339207	0.0350678851596422	0.985730207508927	0.255700759378811	1.23400000000001
skeptical_prior_mediation	mediation	skeptical	7	20266007	TRUE	TRUE	0.999925489857478	0.973274237632713	0.0452775332247949	0.00580371590164529	0.0508245278767207	0.973207320079573	0.259589035797305	1.23599999999999
skeptical_prior_mediation	mediation	skeptical	8	20266008	TRUE	TRUE	0.9999991920855	0.895578901098049	0.14135316055245	0.00102882510241385	0.142177432150802	0.895578361097965	0.208374039749856	1.24000000000001
skeptical_prior_mediation	mediation	skeptical	9	20266009	TRUE	TRUE	0.999999991617556	0.975267093055774	0.0528996800351523	0.000976547657053228	0.0538220097017707	0.975267085042149	0.347386476882917	1.333
skeptical_prior_mediation	mediation	skeptical	10	20266010	TRUE	TRUE	0.999999729468599	0.984564496897882	0.0434614144804636	0.00195010830127692	0.045318736760489	0.984564240636936	0.263153722576419	1.29700000000003
skeptical_prior_mediation	mediation	skeptical	11	20266011	TRUE	TRUE	0.943688121312847	0.942849465805025	0.0861420081619348	0.00122767764798345	0.0872652843466499	0.894127752712041	0.408324594058115	1.26400000000001
skeptical_prior_mediation	mediation	skeptical	12	20266012	TRUE	TRUE	0.999995921184158	0.985910489879645	0.0300278406023908	0.00101841433843712	0.0310148208193374	0.985906583797177	0.239361814841629	1.239
skeptical_prior_mediation	mediation	skeptical	13	20266013	TRUE	TRUE	0.999656193818191	0.987209925911481	0.0286305851801294	0.00094841270623129	0.0295510051866509	0.986890754626136	0.263728824334265	1.25
skeptical_prior_mediation	mediation	skeptical	14	20266014	TRUE	FALSE	0.999982578288157	0.502284751390808	0.550305500321219	0.00291526461061937	0.551890272761162	0.50227379056855	0.405221528536217	1.18899999999999
skeptical_prior_mediation	mediation	skeptical	15	20266015	TRUE	TRUE	0.999469256641917	0.984845147902133	0.032511148038034	0.00104332242144612	0.0335199664438115	0.984335365406751	0.301715128754665	1.18200000000002
skeptical_prior_mediation	mediation	skeptical	16	20266016	TRUE	TRUE	0.999959049437551	0.985726008052452	0.0295424242270638	0.000949465095734079	0.0304628021271745	0.985686465790959	0.250455072309279	1.22400000000002
skeptical_prior_mediation	mediation	skeptical	17	20266017	TRUE	TRUE	0.984541300882312	0.988732636729493	0.0287475413452116	0.00134743260750051	0.0300580802532223	0.973872907155202	0.26226196963475	1.18799999999999
skeptical_prior_mediation	mediation	skeptical	18	20266018	TRUE	TRUE	0.999741220372589	0.987989234151012	0.0842282867589881	0.00107926789719461	0.0851790642902917	0.987737272306775	0.144879633792087	1.15099999999998
skeptical_prior_mediation	mediation	skeptical	19	20266019	TRUE	TRUE	0.97725955682364	0.9011507872549	0.115621826358348	0.000998871349307059	0.116504180358435	0.882008325045464	0.345360341291013	1.155
skeptical_prior_mediation	mediation	skeptical	20	20266020	TRUE	FALSE	0.782695056932779	0.966781667286201	0.0592424378119678	0.000989678969133651	0.0601720703106646	0.766025938310965	0.385765181049919	1.20000000000002
skeptical_prior_mediation	mediation	skeptical	21	20266021	TRUE	TRUE	0.989784866429961	0.842389070811054	0.174581789359623	0.00102876962817411	0.175434986367562	0.834562414820195	0.272593962458089	1.18000000000001
skeptical_prior_mediation	mediation	skeptical	22	20266022	TRUE	TRUE	0.999999123314896	0.984311151710316	0.040090005092363	0.000937842223749314	0.0409884461701413	0.984310315402909	0.335554315446629	1.10599999999999
skeptical_prior_mediation	mediation	skeptical	23	20266023	TRUE	TRUE	0.999889420846855	0.938128263029293	0.0798928038376018	0.00116115948124397	0.0809595071724022	0.93802850053047	0.241015213123404	1.16800000000001
skeptical_prior_mediation	mediation	skeptical	24	20266024	TRUE	TRUE	0.99999999999957	0.996758620114209	0.0296282845373238	0.000943932109530872	0.0305431845003615	0.99675862011379	0.0918943799965746	1.21699999999998
skeptical_prior_mediation	mediation	skeptical	25	20266025	TRUE	TRUE	0.997467066702676	0.946822525906355	0.0750131507400666	0.00133525366234213	0.0762384457390934	0.944483231332065	0.143627438072585	1.15299999999999
skeptical_prior_mediation	mediation	skeptical	26	20266026	TRUE	TRUE	0.999999999994891	0.970381672366687	0.0445967595986821	0.000963302530141666	0.045516751320216	0.97038167236196	0.33859266006624	1.18100000000001
skeptical_prior_mediation	mediation	skeptical	27	20266027	TRUE	TRUE	0.999370679106532	0.912009627903022	0.11746564931514	0.00214098965443125	0.119387724055495	0.91147491277062	0.381617991627053	1.11999999999998
skeptical_prior_mediation	mediation	skeptical	28	20266028	TRUE	TRUE	0.999999999971128	0.981481783872419	0.0383537328881769	0.00105584627953597	0.0393663373504703	0.981481783845095	0.200235408866547	1.178
skeptical_prior_mediation	mediation	skeptical	29	20266029	TRUE	TRUE	0.999999936057827	0.984365421363031	0.0315377111694595	0.0012863102694816	0.032784360520198	0.984365362764254	0.290050505504311	1.185
skeptical_prior_mediation	mediation	skeptical	30	20266030	TRUE	TRUE	0.99999999554127	0.99177359036074	0.0266669200731905	0.00175629557160391	0.0283734016493485	0.991773586185271	0.255828039354171	1.22999999999999
skeptical_prior_mediation	mediation	skeptical	31	20266031	TRUE	TRUE	0.999999999309899	0.974536542820738	0.0434853968015608	0.000969315240521995	0.0444112058048381	0.974536542171539	0.23414339802234	1.27199999999999
skeptical_prior_mediation	mediation	skeptical	32	20266032	TRUE	TRUE	0.999191842526521	0.894163782110044	0.128618721449067	0.00138115274139473	0.129843962674798	0.893512613948808	0.15237658396407	1.24800000000002
skeptical_prior_mediation	mediation	skeptical	33	20266033	TRUE	FALSE	0.999972346412456	0.833053379435917	0.192606680649273	0.0159693229476827	0.206029030290712	0.833032351732505	0.369637172846808	1.267
skeptical_prior_mediation	mediation	skeptical	34	20266034	TRUE	TRUE	0.999999999707251	0.98278421604626	0.0386908867543348	0.0009681739831513	0.0396197964186041	0.982784215767522	0.220137584184144	1.21100000000001
skeptical_prior_mediation	mediation	skeptical	35	20266035	TRUE	TRUE	0.998539843215262	0.992781273645885	0.0258102348598878	0.000952282746484289	0.0267372722797793	0.991399035943038	0.234969341378161	1.191
skeptical_prior_mediation	mediation	skeptical	36	20266036	TRUE	TRUE	0.99926291589228	0.990430374929749	0.0234056807016135	0.000997578378114292	0.0243798609934205	0.98971387468984	0.255943245590743	1.22
skeptical_prior_mediation	mediation	skeptical	37	20266037	TRUE	FALSE	0.99999992351979	0.818998932435193	0.212362903548895	0.00350267315947774	0.214221640241502	0.818998882268714	0.257315165814262	1.20999999999998
skeptical_prior_mediation	mediation	skeptical	38	20266038	TRUE	TRUE	0.999999992458627	0.985805626839885	0.0284229687478293	0.000955121870918849	0.0293503423709543	0.985805619692438	0.240074797332852	1.23000000000002
skeptical_prior_mediation	mediation	skeptical	39	20266039	TRUE	TRUE	1	0.993282380109731	0.0230979630136241	0.00181205621944385	0.0248641072291583	0.993282380109729	0.229424152553264	1.22300000000001
skeptical_prior_mediation	mediation	skeptical	40	20266040	TRUE	TRUE	0.999993958785348	0.980682956340521	0.0368777525017185	0.00094917109644524	0.0377913916855349	0.980677254792565	0.24360512527015	1.18299999999999
skeptical_prior_mediation	mediation	skeptical	41	20266041	TRUE	TRUE	0.999998691705464	0.966384080428832	0.0533763678708728	0.00121233712726157	0.054528702598334	0.966382901542265	0.194870736638251	1.16
skeptical_prior_mediation	mediation	skeptical	42	20266042	TRUE	FALSE	0.986904988130662	0.748412772690244	0.2850482296541	0.0540494902077722	0.327394180768142	0.73966544916859	0.420401191276028	1.22300000000001
skeptical_prior_mediation	mediation	skeptical	43	20266043	TRUE	FALSE	0.521773414002794	0.959142970703846	0.0581448322794407	0.00180076837612581	0.0598361606262276	0.509641453119465	0.105439946127376	1.23400000000001
skeptical_prior_mediation	mediation	skeptical	44	20266044	TRUE	TRUE	0.992783719825051	0.979982941198278	0.0324571683969434	0.000959747020663809	0.0333852140158746	0.973052738096667	0.263282481263602	1.215
skeptical_prior_mediation	mediation	skeptical	45	20266045	TRUE	TRUE	0.999999829274461	0.953501045572817	0.0730832838022312	0.00146853554737716	0.0744475055239242	0.953500888029186	0.341006713625191	1.21299999999999
skeptical_prior_mediation	mediation	skeptical	46	20266046	TRUE	TRUE	0.999999996366547	0.982619081410138	0.0437748323804189	0.00174904712544989	0.0454557277560477	0.982619078632571	0.350945275901694	1.214
skeptical_prior_mediation	mediation	skeptical	47	20266047	TRUE	TRUE	0.999820735344093	0.989844031900211	0.0340636250336752	0.00107435085260099	0.0351043901811067	0.989669199401726	0.347434234170152	1.221
skeptical_prior_mediation	mediation	skeptical	48	20266048	TRUE	TRUE	0.99999999685042	0.978709997125276	0.0448444384053971	0.00161190832310358	0.0463657842011505	0.978709994280509	0.328783315525953	1.19999999999999
skeptical_prior_mediation	mediation	skeptical	49	20266049	TRUE	TRUE	0.965401991515891	0.981451830155016	0.0352720371303587	0.0030195314598369	0.0381812083802766	0.948295086919263	0.274085286190143	1.19400000000002
skeptical_prior_mediation	mediation	skeptical	50	20266050	TRUE	TRUE	0.947019414571265	0.964384695267986	0.0544913458450471	0.000960313289668324	0.0553974093168352	0.917200799611694	0.299923692529518	1.18799999999999
diffuse_prior_null	null	diffuse	1	20265001	TRUE	TRUE	0.0594013902608065	0.0291334969826806	0.0378283677279822	0.00430102859789852	0.0419703055860411	0.0017334455487857	0.34775648434784	1.25199999999998
diffuse_prior_null	null	diffuse	2	20265002	TRUE	TRUE	0.0922576927308587	0.021221368552524	0.0228137212684694	0.00250144129014741	0.0252586470388983	0.00195936798356978	0.263032488166203	1.22800000000001
diffuse_prior_null	null	diffuse	3	20265003	TRUE	TRUE	0.0855082274357093	0.0506260701747048	0.0429315508548769	0.00260857855709031	0.0454074999321762	0.00431718000966494	0.182177927644318	1.19200000000001
diffuse_prior_null	null	diffuse	4	20265004	TRUE	TRUE	0.0796408683711324	0.0218879399459637	0.0266919247987371	0.00250943783639646	0.0291335113670696	0.00174310664668813	0.234182272670182	1.28099999999998
diffuse_prior_null	null	diffuse	5	20265005	TRUE	TRUE	0.0765072142467186	0.0225345924609215	0.0472878956878196	0.00245344027877223	0.0496017210385589	0.00172569480246098	0.323146912823489	1.23400000000001
diffuse_prior_null	null	diffuse	6	20265006	TRUE	TRUE	0.105853752121028	0.0233844012969883	0.0658960436894761	0.00280274476714603	0.068512353628018	0.00251176004282474	0.33459202890846	1.191
diffuse_prior_null	null	diffuse	7	20265007	TRUE	TRUE	0.0622213869866008	0.0245833868391072	0.0229888258833709	0.00276022528099357	0.0256848419900217	0.00152939381972952	0.289164380948989	1.28700000000001
diffuse_prior_null	null	diffuse	8	20265008	TRUE	TRUE	0.416960637915221	0.0284891977707052	0.0490625712098241	0.00296491043056702	0.0518641611278497	0.0119749778619048	0.258539643980853	1.21699999999998
diffuse_prior_null	null	diffuse	9	20265009	TRUE	TRUE	0.0963565810995011	0.0752897400728705	0.0889208535773046	0.00301615729253192	0.0916891844100993	0.00732834163464	0.348375284844195	1.238
diffuse_prior_null	null	diffuse	10	20265010	TRUE	TRUE	0.059788662155099	0.022472962828611	0.0224600278256867	0.00698187245295832	0.0292896245492968	0.00134361804176992	0.273856728100043	1.274
diffuse_prior_null	null	diffuse	11	20265011	TRUE	TRUE	0.071608944498225	0.0227299966557432	0.0275058073748449	0.00218751400978485	0.0296309670196154	0.00162893988053196	0.282104888710904	1.26300000000001
diffuse_prior_null	null	diffuse	12	20265012	TRUE	TRUE	0.686396795254725	0.0223586311150374	0.0391147587644961	0.00395272988724709	0.042931375232995	0.0153580059177385	0.322887017081001	1.155
diffuse_prior_null	null	diffuse	13	20265013	TRUE	TRUE	0.193875674009626	0.0274981888119257	0.0298077485879846	0.00288460317788047	0.0326010040293225	0.005324755054128	0.201325530152189	1.22799999999998
diffuse_prior_null	null	diffuse	14	20265014	TRUE	TRUE	0.139145570890502	0.0228005942343946	0.0309113507681488	0.00218712660669763	0.0330303595304385	0.00317804498089725	0.316880846133515	1.208
diffuse_prior_null	null	diffuse	15	20265015	TRUE	TRUE	0.0573061613634911	0.115436511703019	0.0662947019592365	0.00324051988932073	0.0693380317233903	0.00662077627289529	0.254780638043101	1.20999999999998
diffuse_prior_null	null	diffuse	16	20265016	TRUE	TRUE	0.103475983138622	0.0228668667825459	0.0250322681925076	0.0111064537284916	0.0358657212360528	0.00237106529135031	0.208764347483367	1.28100000000001
diffuse_prior_null	null	diffuse	17	20265017	TRUE	TRUE	0.0545855527981126	0.0600504684688084	0.0447191497693304	0.00223479287079053	0.0468527283152232	0.00328201407524503	0.268988725090594	1.19999999999999
diffuse_prior_null	null	diffuse	18	20265018	TRUE	TRUE	0.0700151022480395	0.0532054858670873	0.0718240273596044	0.00357859793312792	0.0751978064958536	0.00373305970134402	0.346786437393661	1.28099999999998
diffuse_prior_null	null	diffuse	19	20265019	TRUE	TRUE	0.084366884124248	0.0246431840516001	0.0210584990807534	0.0022501118057264	0.0232606515671	0.00207942855345247	0.265887630472832	1.227
diffuse_prior_null	null	diffuse	20	20265020	TRUE	TRUE	0.119388151906657	0.0232001862669302	0.0266794793693624	0.0029199218778391	0.0295264493500117	0.00276754956249042	0.261393206320946	1.23500000000001
diffuse_prior_null	null	diffuse	21	20265021	TRUE	TRUE	0.113790368973062	0.0230716599105736	0.02610431833493	0.00242781855755858	0.0284617974530314	0.00263296154083628	0.204503758644876	1.245
diffuse_prior_null	null	diffuse	22	20265022	TRUE	TRUE	0.0885905926247179	0.0440236583175504	0.0569803595873437	0.0130363864704088	0.0691880747773038	0.00391888392684193	0.337964530926087	1.24600000000001
diffuse_prior_null	null	diffuse	23	20265023	TRUE	TRUE	0.0822877245655915	0.112330854693099	0.127032218335919	0.00220633653394752	0.128941712794424	0.00918417688135034	0.375963249472221	1.18000000000001
diffuse_prior_null	null	diffuse	24	20265024	TRUE	TRUE	0.0812981289087259	0.0302454374395209	0.0440627554211068	0.0021910908877159	0.0461554085522736	0.00245716770137646	0.409254292129262	1.18100000000001
diffuse_prior_null	null	diffuse	25	20265025	TRUE	TRUE	0.0732932042316374	0.0197128279067535	0.0206961029402697	0.0022027851441396	0.0228531697223326	0.00144478050394627	0.273988401489703	1.25300000000001
diffuse_prior_null	null	diffuse	26	20265026	TRUE	TRUE	0.101729271228156	0.0254033616899524	0.0320553207626687	0.00222656043230703	0.0342107416635641	0.00259689074595584	0.348003242474732	1.185
diffuse_prior_null	null	diffuse	27	20265027	TRUE	TRUE	0.356084260917774	0.019303705385834	0.0198066464192342	0.00439393914733904	0.0241103228107388	0.00689966612418359	0.244640650895178	1.245
diffuse_prior_null	null	diffuse	28	20265028	TRUE	TRUE	0.0784007479140825	0.0498399155073134	0.06384229920384	0.00227273193316032	0.0659643081757615	0.00390441908570845	0.216433970141424	1.244
diffuse_prior_null	null	diffuse	29	20265029	TRUE	TRUE	0.0806611554135421	0.0266302387894762	0.0290529388641898	0.00571522756491106	0.0346035279244622	0.00214734041514752	0.236451750789882	1.22200000000001
diffuse_prior_null	null	diffuse	30	20265030	TRUE	TRUE	0.111551156628556	0.132593183572731	0.107376868727299	0.0039594104487771	0.110871886909031	0.0147348462357307	0.32143347657211	1.18899999999999
diffuse_prior_null	null	diffuse	31	20265031	TRUE	TRUE	0.0843598970500676	0.0234276066481674	0.0225396333218415	0.00215364209086616	0.024644403326183	0.00197333615370151	0.267215234180981	1.298
diffuse_prior_null	null	diffuse	32	20265032	TRUE	TRUE	0.0628146042276598	0.0246772291421401	0.069006992973539	0.0045674889637418	0.0731552980683497	0.00154959594783091	0.403767527320198	1.119
diffuse_prior_null	null	diffuse	33	20265033	TRUE	TRUE	0.0936012325120612	0.0252346362265078	0.0258699238938048	0.00276570265193508	0.0285637822563935	0.0023510342666206	0.186524082596861	1.21100000000001
diffuse_prior_null	null	diffuse	34	20265034	TRUE	TRUE	0.116643016255834	0.0455448850930531	0.0406344870617065	0.00216677391252849	0.0427118872407555	0.00534103103975948	0.196695004415062	1.25699999999998
diffuse_prior_null	null	diffuse	35	20265035	TRUE	TRUE	0.287478725246904	0.0219891502742805	0.0268640334961362	0.00220705878332405	0.0290105807444299	0.00625878367808096	0.34916862632177	1.239
diffuse_prior_null	null	diffuse	36	20265036	TRUE	TRUE	0.0832989056746829	0.0306296482948306	0.0456969921995416	0.00218368863993792	0.0477791735404182	0.00252438331113705	0.348098045245763	1.20500000000001
diffuse_prior_null	null	diffuse	37	20265037	TRUE	TRUE	0.103170403250295	0.0297088443716497	0.0293990407370075	0.00259855109678004	0.03192310322087	0.00307552429803361	0.24452229537961	1.273
diffuse_prior_null	null	diffuse	38	20265038	TRUE	TRUE	0.298195773983905	0.0254536038358585	0.0357162088864851	0.00224213581669677	0.0378777312842965	0.00705247261197759	0.349038443357031	1.286
diffuse_prior_null	null	diffuse	39	20265039	TRUE	TRUE	0.0715674309582017	0.0282419491226164	0.0260413479703717	0.0124397606316801	0.0381500550497859	0.00202375253350383	0.260337073198571	1.22399999999999
diffuse_prior_null	null	diffuse	40	20265040	TRUE	TRUE	0.0806678931958652	0.023171458217074	0.0313200931004887	0.0023752977759874	0.033618734557595	0.0018762796851528	0.361002178727546	1.22899999999998
diffuse_prior_null	null	diffuse	41	20265041	TRUE	TRUE	0.077749754821797	0.0589704687800396	0.0472446215917986	0.00564931422866269	0.052611842882037	0.00457193946469598	0.232137454884693	1.23700000000002
diffuse_prior_null	null	diffuse	42	20265042	TRUE	TRUE	0.0631084108051227	0.0400299438030364	0.0341887210096874	0.00316855611383805	0.0372308972892235	0.00252564068178012	0.241049207732772	1.22200000000001
diffuse_prior_null	null	diffuse	43	20265043	TRUE	TRUE	0.123757645112658	0.0528936225190919	0.0391067003351433	0.00255926489913163	0.0415623360327957	0.00652419647425056	0.206591528817626	1.25099999999998
diffuse_prior_null	null	diffuse	44	20265044	TRUE	TRUE	0.310016483647319	0.0331008126878661	0.0317041209595676	0.00224963539100822	0.0338810226036744	0.0102003934002259	0.188729944221677	1.23599999999999
diffuse_prior_null	null	diffuse	45	20265045	TRUE	TRUE	0.151995201308846	0.0329615800242874	0.0351458709819454	0.0118324597850869	0.0465155768808758	0.00499071525001429	0.231704608870444	1.20499999999998
diffuse_prior_null	null	diffuse	46	20265046	TRUE	TRUE	0.0542567074511228	0.0352272226848841	0.0362946251114218	0.0147110705189842	0.0505319347932746	0.00190929234222881	0.313358210365408	1.20600000000002
diffuse_prior_null	null	diffuse	47	20265047	TRUE	TRUE	0.516002859463564	0.0297495840197997	0.0325261930906164	0.00228646029436361	0.034737644814346	0.0153507046672421	0.313316112590798	1.13
diffuse_prior_null	null	diffuse	48	20265048	TRUE	TRUE	0.0632709171144675	0.0230550333876855	0.0374936088668026	0.00224542832095017	0.0396523121152641	0.00145844809391767	0.300135979185541	1.14099999999999
diffuse_prior_null	null	diffuse	49	20265049	TRUE	TRUE	0.0547084986220432	0.0796079177993079	0.154738455671357	0.0327036644250998	0.184224114968781	0.00435152011080035	0.177324584989762	1.18200000000002
diffuse_prior_null	null	diffuse	50	20265050	TRUE	TRUE	0.0815197303417634	0.0247212624878967	0.0329904207199731	0.00214167113221921	0.0350588912724188	0.00201343469242292	0.319766149936271	0.962000000000018
