protein	gene	uniprot	version	panel	sumstat_dir	chr	tss	gene_start	gene_end	strand	gene_id	annotation_matches	annotation_status	resource_source
AMY1C	AMY1A	AMY1B	P0DUB6	P0DTE7_P0DTE8_OID30707_v1_Inflammation_II	/data/Dutta_lab/decode/ukb_ppp/EUR/AMY1A_AMY1B_AMY1C_P0DUB6_P0DTE7_P0DTE8_OID30707_v1_Inflammation_II	1	103655290	103655290	103664554	1	ENSG00000237763	1	unique_match	UKBB_EUR
CGB8	CGB3	CGB5	P0DN86	OID30671_v1_Inflammation_II	/data/Dutta_lab/decode/ukb_ppp/EUR/CGB3_CGB5_CGB8_P0DN86_OID30671_v1_Inflammation_II	19	49024333	49022869	49024333	-1	ENSG00000104827	1	unique_match	UKBB_EUR
O15263	DEFB4A	DEFB4B	OID21373	v1_Oncology	/data/Dutta_lab/decode/ukb_ppp/EUR/DEFB4A_DEFB4B_O15263_OID21373_v1_Oncology	8	7894629	7894629	7896711	1	ENSG00000171711	1	unique_match	UKBB_EUR
OID20049	NPPB	P16860	v1	Cardiometabolic	/data/Dutta_lab/decode/ukb_ppp/EUR/NPPB_P16860_OID20049_v1_Cardiometabolic	1	11858931	11857464	11858931	-1	ENSG00000120937	1	unique_match	UKBB_EUR
OID20050	TNNI3	P19429	v1	Cardiometabolic	/data/Dutta_lab/decode/ukb_ppp/EUR/TNNI3_P19429_OID20050_v1_Cardiometabolic	19	55157773	55151767	55157773	-1	ENSG00000129991	2	multi_match_first	UKBB_EUR
OID20051	HNRNPK	P61978	v1	Cardiometabolic	/data/Dutta_lab/decode/ukb_ppp/EUR/HNRNPK_P61978_OID20051_v1_Cardiometabolic	9	83980616	83968083	83980616	-1	ENSG00000165119	1	unique_match	UKBB_EUR
OID20052	CEBPB	P17676	v1	Cardiometabolic	/data/Dutta_lab/decode/ukb_ppp/EUR/CEBPB_P17676_OID20052_v1_Cardiometabolic	20	50190734	50190734	50192689	1	ENSG00000172216	1	unique_match	UKBB_EUR
OID20053	VIM	P08670	v1	Cardiometabolic	/data/Dutta_lab/decode/ukb_ppp/EUR/VIM_P08670_OID20053_v1_Cardiometabolic	10	17228259	17228259	17237593	1	ENSG00000026025	1	unique_match	UKBB_EUR
OID20054	CHEK2	O96017	v1	Cardiometabolic	/data/Dutta_lab/decode/ukb_ppp/EUR/CHEK2_O96017_OID20054_v1_Cardiometabolic	22	28742422	28687743	28742422	-1	ENSG00000183765	1	unique_match	UKBB_EUR
OID20055	CRHR1	P34998	v1	Cardiometabolic	/data/Dutta_lab/decode/ukb_ppp/EUR/CRHR1_P34998_OID20055_v1_Cardiometabolic	17	45620344	45620344	45835826	1	ENSG00000263715	2	multi_match_first	UKBB_EUR
OID20056	TSLP	Q969D9	v1	Cardiometabolic	/data/Dutta_lab/decode/ukb_ppp/EUR/TSLP_Q969D9_OID20056_v1_Cardiometabolic	5	111070062	111070062	111078024	1	ENSG00000145777	1	unique_match	UKBB_EUR
OID20057	MFAP3	P55082	v1	Cardiometabolic	/data/Dutta_lab/decode/ukb_ppp/EUR/MFAP3_P55082_OID20057_v1_Cardiometabolic	5	154038906	154038906	154220478	1	ENSG00000037749	1	unique_match	UKBB_EUR
OID20058	TCL1B	O95988	v1	Cardiometabolic	/data/Dutta_lab/decode/ukb_ppp/EUR/TCL1B_O95988_OID20058_v1_Cardiometabolic	14	95686417	95686417	95692643	1	ENSG00000213231	1	unique_match	UKBB_EUR
OID20059	DUOX2	Q9NRD8	v1	Cardiometabolic	/data/Dutta_lab/decode/ukb_ppp/EUR/DUOX2_Q9NRD8_OID20059_v1_Cardiometabolic	15	45114344	45092650	45114344	-1	ENSG00000140279	1	unique_match	UKBB_EUR
OID20061	CTF1	Q16619	v1	Cardiometabolic	/data/Dutta_lab/decode/ukb_ppp/EUR/CTF1_Q16619_OID20061_v1_Cardiometabolic	16	30896607	30896607	30903560	1	ENSG00000150281	2	multi_match_first	UKBB_EUR
OID20062	AKR1C4	P17516	v1	Cardiometabolic	/data/Dutta_lab/decode/ukb_ppp/EUR/AKR1C4_P17516_OID20062_v1_Cardiometabolic	10	5195462	5195462	5218949	1	ENSG00000198610	1	unique_match	UKBB_EUR
OID20063	HEBP1	Q9NRV9	v1	Cardiometabolic	/data/Dutta_lab/decode/ukb_ppp/EUR/HEBP1_Q9NRV9_OID20063_v1_Cardiometabolic	12	13000273	12974864	13000273	-1	ENSG00000013583	1	unique_match	UKBB_EUR
OID20064	SERPINB5	P36952	v1	Cardiometabolic	/data/Dutta_lab/decode/ukb_ppp/EUR/SERPINB5_P36952_OID20064_v1_Cardiometabolic	18	63476761	63476761	63505085	1	ENSG00000206075	1	unique_match	UKBB_EUR
OID20065	HK2	P52789	v1	Cardiometabolic	/data/Dutta_lab/decode/ukb_ppp/EUR/HK2_P52789_OID20065_v1_Cardiometabolic	2	74833981	74833981	74893359	1	ENSG00000159399	1	unique_match	UKBB_EUR
OID20066	GRK5	P34947	v1	Cardiometabolic	/data/Dutta_lab/decode/ukb_ppp/EUR/GRK5_P34947_OID20066_v1_Cardiometabolic	10	119207589	119207589	119459742	1	ENSG00000198873	1	unique_match	UKBB_EUR
OID20067	VSTM2L	Q96N03	v1	Cardiometabolic	/data/Dutta_lab/decode/ukb_ppp/EUR/VSTM2L_Q96N03_OID20067_v1_Cardiometabolic	20	37903104	37903104	37945350	1	ENSG00000132821	1	unique_match	UKBB_EUR
OID20068	TIA1	P31483	v1	Cardiometabolic	/data/Dutta_lab/decode/ukb_ppp/EUR/TIA1_P31483_OID20068_v1_Cardiometabolic	2	70248660	70209444	70248660	-1	ENSG00000116001	1	unique_match	UKBB_EUR
OID20069	CNPY2	Q9Y2B0	v1	Cardiometabolic	/data/Dutta_lab/decode/ukb_ppp/EUR/CNPY2_Q9Y2B0_OID20069_v1_Cardiometabolic	12	56316336	56309842	56316336	-1	ENSG00000257727	1	unique_match	UKBB_EUR
OID20070	CRX	O43186	v1	Cardiometabolic	/data/Dutta_lab/decode/ukb_ppp/EUR/CRX_O43186_OID20070_v1_Cardiometabolic	19	47819779	47819779	47843330	1	ENSG00000105392	1	unique_match	UKBB_EUR
OID20071	VAMP5	O95183	v1	Cardiometabolic	/data/Dutta_lab/decode/ukb_ppp/EUR/VAMP5_O95183_OID20071_v1_Cardiometabolic	2	85584408	85584408	85593412	1	ENSG00000168899	1	unique_match	UKBB_EUR
OID20072	SUSD1	Q6UWL2	v1	Cardiometabolic	/data/Dutta_lab/decode/ukb_ppp/EUR/SUSD1_Q6UWL2_OID20072_v1_Cardiometabolic	9	112175408	112040785	112175408	-1	ENSG00000106868	1	unique_match	UKBB_EUR
OID20073	RCOR1	Q9UKL0	v1	Cardiometabolic	/data/Dutta_lab/decode/ukb_ppp/EUR/RCOR1_Q9UKL0_OID20073_v1_Cardiometabolic	14	102592661	102592661	102730576	1	ENSG00000089902	1	unique_match	UKBB_EUR
OID20074	TNF	P01375	v1	Cardiometabolic	/data/Dutta_lab/decode/ukb_ppp/EUR/TNF_P01375_OID20074_v1_Cardiometabolic	6	31575567	31575567	31578336	1	ENSG00000232810	1	unique_match	UKBB_EUR
OID20075	CA5A	P35218	v1	Cardiometabolic	/data/Dutta_lab/decode/ukb_ppp/EUR/CA5A_P35218_OID20075_v1_Cardiometabolic	16	87936529	87881546	87936529	-1	ENSG00000174990	1	unique_match	UKBB_EUR
OID20076	FABP6	P51161	v1	Cardiometabolic	/data/Dutta_lab/decode/ukb_ppp/EUR/FABP6_P51161_OID20076_v1_Cardiometabolic	5	160187367	160187367	160238735	1	ENSG00000170231	1	unique_match	UKBB_EUR
OID20077	STK11	Q15831	v1	Cardiometabolic	/data/Dutta_lab/decode/ukb_ppp/EUR/STK11_Q15831_OID20077_v1_Cardiometabolic	19	1177558	1177558	1228435	1	ENSG00000118046	2	multi_match_first	UKBB_EUR
OID20078	TSPAN1	O60635	v1	Cardiometabolic	/data/Dutta_lab/decode/ukb_ppp/EUR/TSPAN1_O60635_OID20078_v1_Cardiometabolic	1	46175073	46175073	46185958	1	ENSG00000117472	1	unique_match	UKBB_EUR
OID20079	ACTA2	P62736	v1	Cardiometabolic	/data/Dutta_lab/decode/ukb_ppp/EUR/ACTA2_P62736_OID20079_v1_Cardiometabolic	10	88991339	88935074	88991339	-1	ENSG00000107796	2	multi_match_first	UKBB_EUR
OID20080	MTPN	P58546	v1	Cardiometabolic	/data/Dutta_lab/decode/ukb_ppp/EUR/MTPN_P58546_OID20080_v1_Cardiometabolic	7	135977353	135926761	135977353	-1	ENSG00000105887	1	unique_match	UKBB_EUR
OID20081	EDIL3	O43854	v1	Cardiometabolic	/data/Dutta_lab/decode/ukb_ppp/EUR/EDIL3_O43854_OID20081_v1_Cardiometabolic	5	84384793	83940554	84384793	-1	ENSG00000164176	1	unique_match	UKBB_EUR
OID20082	ZBTB17	Q13105	v1	Cardiometabolic	/data/Dutta_lab/decode/ukb_ppp/EUR/ZBTB17_Q13105_OID20082_v1_Cardiometabolic	1	15976132	15941869	15976132	-1	ENSG00000116809	1	unique_match	UKBB_EUR
OID20083	PTN	P21246	v1	Cardiometabolic	/data/Dutta_lab/decode/ukb_ppp/EUR/PTN_P21246_OID20083_v1_Cardiometabolic	7	137343865	137227341	137343865	-1	ENSG00000105894	1	unique_match	UKBB_EUR
OID20084	CEP43	O95684	v1	Cardiometabolic	/data/Dutta_lab/decode/ukb_ppp/EUR/CEP43_O95684_OID20084_v1_Cardiometabolic							0	missing	UKBB_EUR
OID20085	IRAG2	Q12912	v1	Cardiometabolic	/data/Dutta_lab/decode/ukb_ppp/EUR/IRAG2_Q12912_OID20085_v1_Cardiometabolic							0	missing	UKBB_EUR
OID20086	COMT	P21964	v1	Cardiometabolic	/data/Dutta_lab/decode/ukb_ppp/EUR/COMT_P21964_OID20086_v1_Cardiometabolic	22	19941607	19941607	19969975	1	ENSG00000093010	1	unique_match	UKBB_EUR
OID20087	MMP7	P09237	v1	Cardiometabolic	/data/Dutta_lab/decode/ukb_ppp/EUR/MMP7_P09237_OID20087_v1_Cardiometabolic	11	102530753	102520508	102530753	-1	ENSG00000137673	1	unique_match	UKBB_EUR
OID20088	PON2	Q15165	v1	Cardiometabolic	/data/Dutta_lab/decode/ukb_ppp/EUR/PON2_Q15165_OID20088_v1_Cardiometabolic	7	95435329	95404863	95435329	-1	ENSG00000105854	1	unique_match	UKBB_EUR
OID20089	ADAMTS16	Q8TE57	v1	Cardiometabolic	/data/Dutta_lab/decode/ukb_ppp/EUR/ADAMTS16_Q8TE57_OID20089_v1_Cardiometabolic	5	5140330	5140330	5320304	1	ENSG00000145536	1	unique_match	UKBB_EUR
OID20090	GP2	P55259	v1	Cardiometabolic	/data/Dutta_lab/decode/ukb_ppp/EUR/GP2_P55259_OID20090_v1_Cardiometabolic	16	20327808	20309572	20327808	-1	ENSG00000169347	1	unique_match	UKBB_EUR
OID20091	WASF1	Q92558	v1	Cardiometabolic	/data/Dutta_lab/decode/ukb_ppp/EUR/WASF1_Q92558_OID20091_v1_Cardiometabolic	6	110180004	110099819	110180004	-1	ENSG00000112290	1	unique_match	UKBB_EUR
OID20092	MPHOSPH8	Q99549	v1	Cardiometabolic	/data/Dutta_lab/decode/ukb_ppp/EUR/MPHOSPH8_Q99549_OID20092_v1_Cardiometabolic	13	19633681	19633681	19673459	1	ENSG00000196199	1	unique_match	UKBB_EUR
OID20093	DNAJB8	Q8NHS0	v1	Cardiometabolic	/data/Dutta_lab/decode/ukb_ppp/EUR/DNAJB8_Q8NHS0_OID20093_v1_Cardiometabolic	3	128467248	128462439	128467248	-1	ENSG00000179407	1	unique_match	UKBB_EUR
OID20094	SLITRK6	Q9H5Y7	v1	Cardiometabolic	/data/Dutta_lab/decode/ukb_ppp/EUR/SLITRK6_Q9H5Y7_OID20094_v1_Cardiometabolic	13	85799488	85792790	85799488	-1	ENSG00000184564	1	unique_match	UKBB_EUR
OID20095	GPR37	O15354	v1	Cardiometabolic	/data/Dutta_lab/decode/ukb_ppp/EUR/GPR37_O15354_OID20095_v1_Cardiometabolic	7	124765627	124745997	124765627	-1	ENSG00000170775	1	unique_match	UKBB_EUR
OID20096	GZMH	P20718	v1	Cardiometabolic	/data/Dutta_lab/decode/ukb_ppp/EUR/GZMH_P20718_OID20096_v1_Cardiometabolic	14	24609699	24606480	24609699	-1	ENSG00000100450	1	unique_match	UKBB_EUR
OID20097	GYS1	P13807	v1	Cardiometabolic	/data/Dutta_lab/decode/ukb_ppp/EUR/GYS1_P13807_OID20097_v1_Cardiometabolic	19	48993310	48968125	48993310	-1	ENSG00000104812	1	unique_match	UKBB_EUR
OID20098	THPO	P40225	v1	Cardiometabolic	/data/Dutta_lab/decode/ukb_ppp/EUR/THPO_P40225_OID20098_v1_Cardiometabolic	3	184378144	184371935	184378144	-1	ENSG00000090534	1	unique_match	UKBB_EUR
OID20099	CLEC1A	Q8NC01	v1	Cardiometabolic	/data/Dutta_lab/decode/ukb_ppp/EUR/CLEC1A_Q8NC01_OID20099_v1_Cardiometabolic	12	10111627	10069554	10111627	-1	ENSG00000150048	1	unique_match	UKBB_EUR
OID20100	ENTPD6	O75354	v1	Cardiometabolic	/data/Dutta_lab/decode/ukb_ppp/EUR/ENTPD6_O75354_OID20100_v1_Cardiometabolic	20	25195693	25195693	25226729	1	ENSG00000197586	1	unique_match	UKBB_EUR
OID20101	IL6	P05231	v1	Cardiometabolic	/data/Dutta_lab/decode/ukb_ppp/EUR/IL6_P05231_OID20101_v1_Cardiometabolic	7	22725884	22725884	22732002	1	ENSG00000136244	1	unique_match	UKBB_EUR
OID20102	CEACAM8	P31997	v1	Cardiometabolic	/data/Dutta_lab/decode/ukb_ppp/EUR/CEACAM8_P31997_OID20102_v1_Cardiometabolic	19	42595055	42580241	42595055	-1	ENSG00000124469	1	unique_match	UKBB_EUR
OID20103	S100P	P25815	v1	Cardiometabolic	/data/Dutta_lab/decode/ukb_ppp/EUR/S100P_P25815_OID20103_v1_Cardiometabolic	4	6693069	6693069	6697170	1	ENSG00000163993	1	unique_match	UKBB_EUR
OID20104	ENTPD5	O75356	v1	Cardiometabolic	/data/Dutta_lab/decode/ukb_ppp/EUR/ENTPD5_O75356_OID20104_v1_Cardiometabolic	14	74019399	73958010	74019399	-1	ENSG00000187097	1	unique_match	UKBB_EUR
OID20105	ACE2	Q9BYF1	v1	Cardiometabolic	/data/Dutta_lab/decode/ukb_ppp/EUR/ACE2_Q9BYF1_OID20105_v1_Cardiometabolic	23	15602148	15561033	15602148	-1	ENSG00000130234	1	unique_match	UKBB_EUR
OID20106	DCN	P07585	v1	Cardiometabolic	/data/Dutta_lab/decode/ukb_ppp/EUR/DCN_P07585_OID20106_v1_Cardiometabolic	12	91183123	91140484	91183123	-1	ENSG00000011465	1	unique_match	UKBB_EUR
OID20107	GLO1	Q04760	v1	Cardiometabolic	/data/Dutta_lab/decode/ukb_ppp/EUR/GLO1_Q04760_OID20107_v1_Cardiometabolic	6	38703141	38675925	38703141	-1	ENSG00000124767	1	unique_match	UKBB_EUR
OID20108	PAG1	Q9NWQ8	v1	Cardiometabolic	/data/Dutta_lab/decode/ukb_ppp/EUR/PAG1_Q9NWQ8_OID20108_v1_Cardiometabolic	8	81112068	80967810	81112068	-1	ENSG00000076641	1	unique_match	UKBB_EUR
OID20109	ADAM15	Q13444	v1	Cardiometabolic	/data/Dutta_lab/decode/ukb_ppp/EUR/ADAM15_Q13444_OID20109_v1_Cardiometabolic	1	155050566	155050566	155062775	1	ENSG00000143537	1	unique_match	UKBB_EUR
OID20110	USP8	P40818	v1	Cardiometabolic	/data/Dutta_lab/decode/ukb_ppp/EUR/USP8_P40818_OID20110_v1_Cardiometabolic	15	50424380	50424380	50514419	1	ENSG00000138592	1	unique_match	UKBB_EUR
OID20111	BMP6	P22004	v1	Cardiometabolic	/data/Dutta_lab/decode/ukb_ppp/EUR/BMP6_P22004_OID20111_v1_Cardiometabolic	6	7726797	7726797	7881422	1	ENSG00000153162	1	unique_match	UKBB_EUR
OID20112	ITGB1BP2	Q9UKP3	v1	Cardiometabolic	/data/Dutta_lab/decode/ukb_ppp/EUR/ITGB1BP2_Q9UKP3_OID20112_v1_Cardiometabolic	23	71301734	71301734	71305371	1	ENSG00000147166	1	unique_match	UKBB_EUR
OID20113	CTSH	P09668	v1	Cardiometabolic	/data/Dutta_lab/decode/ukb_ppp/EUR/CTSH_P09668_OID20113_v1_Cardiometabolic	15	78949574	78921058	78949574	-1	ENSG00000103811	1	unique_match	UKBB_EUR
OID20114	BAG6	P46379	v1	Cardiometabolic	/data/Dutta_lab/decode/ukb_ppp/EUR/BAG6_P46379_OID20114_v1_Cardiometabolic	6	31652705	31639028	31652705	-1	ENSG00000204463	1	unique_match	UKBB_EUR
OID20115	MSTN	O14793	v1	Cardiometabolic	/data/Dutta_lab/decode/ukb_ppp/EUR/MSTN_O14793_OID20115_v1_Cardiometabolic	2	190062729	190055697	190062729	-1	ENSG00000138379	2	multi_match_first	UKBB_EUR
OID20116	BOC	Q9BWV1	v1	Cardiometabolic	/data/Dutta_lab/decode/ukb_ppp/EUR/BOC_Q9BWV1_OID20116_v1_Cardiometabolic	3	113211003	113211003	113287459	1	ENSG00000144857	1	unique_match	UKBB_EUR
OID20117	ADH4	P08319	v1	Cardiometabolic	/data/Dutta_lab/decode/ukb_ppp/EUR/ADH4_P08319_OID20117_v1_Cardiometabolic	4	99157792	99123657	99157792	-1	ENSG00000198099	1	unique_match	UKBB_EUR
OID20118	CLTA	P09496	v1	Cardiometabolic	/data/Dutta_lab/decode/ukb_ppp/EUR/CLTA_P09496_OID20118_v1_Cardiometabolic	9	36190856	36190856	36304781	1	ENSG00000122705	1	unique_match	UKBB_EUR
OID20119	EPHX2	P34913	v1	Cardiometabolic	/data/Dutta_lab/decode/ukb_ppp/EUR/EPHX2_P34913_OID20119_v1_Cardiometabolic	8	27490779	27490779	27545564	1	ENSG00000120915	1	unique_match	UKBB_EUR
OID20120	TP53INP1	Q96A56	v1	Cardiometabolic	/data/Dutta_lab/decode/ukb_ppp/EUR/TP53INP1_Q96A56_OID20120_v1_Cardiometabolic	8	94949411	94925972	94949411	-1	ENSG00000164938	1	unique_match	UKBB_EUR
OID20121	CCL27	Q9Y4X3	v1	Cardiometabolic	/data/Dutta_lab/decode/ukb_ppp/EUR/CCL27_Q9Y4X3_OID20121_v1_Cardiometabolic	9	34664048	34661880	34664048	-1	ENSG00000213927	1	unique_match	UKBB_EUR
OID20122	AK1	P00568	v1	Cardiometabolic	/data/Dutta_lab/decode/ukb_ppp/EUR/AK1_P00568_OID20122_v1_Cardiometabolic	9	127877743	127866480	127877743	-1	ENSG00000106992	1	unique_match	UKBB_EUR
OID20123	ANXA4	P09525	v1	Cardiometabolic	/data/Dutta_lab/decode/ukb_ppp/EUR/ANXA4_P09525_OID20123_v1_Cardiometabolic	2	69644425	69644425	69827100	1	ENSG00000196975	1	unique_match	UKBB_EUR
OID20124	ACOX1	Q15067	v1	Cardiometabolic	/data/Dutta_lab/decode/ukb_ppp/EUR/ACOX1_Q15067_OID20124_v1_Cardiometabolic	17	75979363	75941507	75979363	-1	ENSG00000161533	1	unique_match	UKBB_EUR
OID20125	NTproBNP	NTproBNP	v1	Cardiometabolic	/data/Dutta_lab/decode/ukb_ppp/EUR/NTproBNP_NTproBNP_OID20125_v1_Cardiometabolic							0	missing	UKBB_EUR
OID20126	CLC	Q05315	v1	Cardiometabolic	/data/Dutta_lab/decode/ukb_ppp/EUR/CLC_Q05315_OID20126_v1_Cardiometabolic	19	39738028	39731250	39738028	-1	ENSG00000105205	1	unique_match	UKBB_EUR
OID20127	CNST	Q6PJW8	v1	Cardiometabolic	/data/Dutta_lab/decode/ukb_ppp/EUR/CNST_Q6PJW8_OID20127_v1_Cardiometabolic	1	246566444	246566444	246668584	1	ENSG00000162852	1	unique_match	UKBB_EUR
OID20128	LEPR	P48357	v1	Cardiometabolic	/data/Dutta_lab/decode/ukb_ppp/EUR/LEPR_P48357_OID20128_v1_Cardiometabolic	1	65420652	65420652	65641559	1	ENSG00000116678	2	multi_match_first	UKBB_EUR
OID20129	TSHB	P01222	v1	Cardiometabolic	/data/Dutta_lab/decode/ukb_ppp/EUR/TSHB_P01222_OID20129_v1_Cardiometabolic	1	115029824	115029824	115034309	1	ENSG00000134200	1	unique_match	UKBB_EUR
OID20130	S100A11	P31949	v1	Cardiometabolic	/data/Dutta_lab/decode/ukb_ppp/EUR/S100A11_P31949_OID20130_v1_Cardiometabolic	1	152047907	152032506	152047907	-1	ENSG00000163191	1	unique_match	UKBB_EUR
OID20131	VSIR	Q9H7M9	v1	Cardiometabolic	/data/Dutta_lab/decode/ukb_ppp/EUR/VSIR_Q9H7M9_OID20131_v1_Cardiometabolic							0	missing	UKBB_EUR
OID20132	PCDH17	O14917	v1	Cardiometabolic	/data/Dutta_lab/decode/ukb_ppp/EUR/PCDH17_O14917_OID20132_v1_Cardiometabolic	13	57631810	57631810	57729311	1	ENSG00000118946	1	unique_match	UKBB_EUR
OID20133	PDGFRA	P16234	v1	Cardiometabolic	/data/Dutta_lab/decode/ukb_ppp/EUR/PDGFRA_P16234_OID20133_v1_Cardiometabolic	4	54229097	54229097	54298247	1	ENSG00000134853	2	multi_match_first	UKBB_EUR
OID20134	CDH17	Q12864	v1	Cardiometabolic	/data/Dutta_lab/decode/ukb_ppp/EUR/CDH17_Q12864_OID20134_v1_Cardiometabolic	8	94217303	94127171	94217303	-1	ENSG00000079112	1	unique_match	UKBB_EUR
OID20135	SNX9	Q9Y5X1	v1	Cardiometabolic	/data/Dutta_lab/decode/ukb_ppp/EUR/SNX9_Q9Y5X1_OID20135_v1_Cardiometabolic	6	157700387	157700387	157945077	1	ENSG00000130340	1	unique_match	UKBB_EUR
OID20136	NTRK2	Q16620	v1	Cardiometabolic	/data/Dutta_lab/decode/ukb_ppp/EUR/NTRK2_Q16620_OID20136_v1_Cardiometabolic	9	84668551	84668551	85027070	1	ENSG00000148053	1	unique_match	UKBB_EUR
OID20137	ACY1	Q03154	v1	Cardiometabolic	/data/Dutta_lab/decode/ukb_ppp/EUR/ACY1_Q03154_OID20137_v1_Cardiometabolic	3	51983278	51983278	51989202	1	ENSG00000243989	1	unique_match	UKBB_EUR
OID20138	DOK2	O60496	v1	Cardiometabolic	/data/Dutta_lab/decode/ukb_ppp/EUR/DOK2_O60496_OID20138_v1_Cardiometabolic	8	21913860	21908873	21913860	-1	ENSG00000147443	1	unique_match	UKBB_EUR
OID20139	AGXT	P21549	v1	Cardiometabolic	/data/Dutta_lab/decode/ukb_ppp/EUR/AGXT_P21549_OID20139_v1_Cardiometabolic	2	240868479	240868479	240880502	1	ENSG00000172482	1	unique_match	UKBB_EUR
OID20140	STK4	Q13043	v1	Cardiometabolic	/data/Dutta_lab/decode/ukb_ppp/EUR/STK4_Q13043_OID20140_v1_Cardiometabolic	20	44966474	44966474	45079959	1	ENSG00000101109	2	multi_match_first	UKBB_EUR
OID20141	TGM2	P21980	v1	Cardiometabolic	/data/Dutta_lab/decode/ukb_ppp/EUR/TGM2_P21980_OID20141_v1_Cardiometabolic	20	38166578	38127387	38166578	-1	ENSG00000198959	1	unique_match	UKBB_EUR
OID20142	DPP7	Q9UHL4	v1	Cardiometabolic	/data/Dutta_lab/decode/ukb_ppp/EUR/DPP7_Q9UHL4_OID20142_v1_Cardiometabolic	9	137115177	137110542	137115177	-1	ENSG00000176978	1	unique_match	UKBB_EUR
OID20143	PLIN3	O60664	v1	Cardiometabolic	/data/Dutta_lab/decode/ukb_ppp/EUR/PLIN3_O60664_OID20143_v1_Cardiometabolic	19	4867768	4838341	4867768	-1	ENSG00000105355	1	unique_match	UKBB_EUR
OID20144	PLPBP	O94903	v1	Cardiometabolic	/data/Dutta_lab/decode/ukb_ppp/EUR/PLPBP_O94903_OID20144_v1_Cardiometabolic							0	missing	UKBB_EUR
OID20145	ICAM5	Q9UMF0	v1	Cardiometabolic	/data/Dutta_lab/decode/ukb_ppp/EUR/ICAM5_Q9UMF0_OID20145_v1_Cardiometabolic	19	10289981	10289981	10296778	1	ENSG00000105376	1	unique_match	UKBB_EUR
OID20146	PRKAR1A	P10644	v1	Cardiometabolic	/data/Dutta_lab/decode/ukb_ppp/EUR/PRKAR1A_P10644_OID20146_v1_Cardiometabolic	17	68511780	68511780	68551319	1	ENSG00000108946	2	multi_match_first	UKBB_EUR
OID20147	IL6ST	P40189	v1	Cardiometabolic	/data/Dutta_lab/decode/ukb_ppp/EUR/IL6ST_P40189_OID20147_v1_Cardiometabolic	5	55994993	55935095	55994993	-1	ENSG00000134352	1	unique_match	UKBB_EUR
OID20148	DCTPP1	Q9H773	v1	Cardiometabolic	/data/Dutta_lab/decode/ukb_ppp/EUR/DCTPP1_Q9H773_OID20148_v1_Cardiometabolic	16	30430075	30423619	30430075	-1	ENSG00000179958	1	unique_match	UKBB_EUR
OID20149	PM20D1	Q6GTS8	v1	Cardiometabolic	/data/Dutta_lab/decode/ukb_ppp/EUR/PM20D1_Q6GTS8_OID20149_v1_Cardiometabolic	1	205850132	205828022	205850132	-1	ENSG00000162877	1	unique_match	UKBB_EUR
OID20150	LACTB2	Q53H82	v1	Cardiometabolic	/data/Dutta_lab/decode/ukb_ppp/EUR/LACTB2_Q53H82_OID20150_v1_Cardiometabolic	8	70669174	70635318	70669174	-1	ENSG00000147592	1	unique_match	UKBB_EUR
OID20151	FADD	Q13158	v1	Cardiometabolic	/data/Dutta_lab/decode/ukb_ppp/EUR/FADD_Q13158_OID20151_v1_Cardiometabolic	11	70203163	70203163	70207390	1	ENSG00000168040	2	multi_match_first	UKBB_EUR
OID20152	CGREF1	Q99674	v1	Cardiometabolic	/data/Dutta_lab/decode/ukb_ppp/EUR/CGREF1_Q99674_OID20152_v1_Cardiometabolic	2	27119115	27098889	27119115	-1	ENSG00000138028	1	unique_match	UKBB_EUR
OID20153	CXCL8	P10145	v1	Cardiometabolic	/data/Dutta_lab/decode/ukb_ppp/EUR/CXCL8_P10145_OID20153_v1_Cardiometabolic	4	73740506	73740506	73743716	1	ENSG00000169429	1	unique_match	UKBB_EUR
OID20154	LGALS1	P09382	v1	Cardiometabolic	/data/Dutta_lab/decode/ukb_ppp/EUR/LGALS1_P09382_OID20154_v1_Cardiometabolic	22	37675608	37675608	37679806	1	ENSG00000100097	1	unique_match	UKBB_EUR
OID20155	IGFBPL1	Q8WX77	v1	Cardiometabolic	/data/Dutta_lab/decode/ukb_ppp/EUR/IGFBPL1_Q8WX77_OID20155_v1_Cardiometabolic	9	38424447	38408994	38424447	-1	ENSG00000137142	1	unique_match	UKBB_EUR
OID20156	MNDA	P41218	v1	Cardiometabolic	/data/Dutta_lab/decode/ukb_ppp/EUR/MNDA_P41218_OID20156_v1_Cardiometabolic	1	158831317	158831317	158849506	1	ENSG00000163563	1	unique_match	UKBB_EUR
OID20157	CDH6	P55285	v1	Cardiometabolic	/data/Dutta_lab/decode/ukb_ppp/EUR/CDH6_P55285_OID20157_v1_Cardiometabolic	5	31193750	31193750	31329146	1	ENSG00000113361	1	unique_match	UKBB_EUR
OID20158	IL19	Q9UHD0	v1	Cardiometabolic	/data/Dutta_lab/decode/ukb_ppp/EUR/IL19_Q9UHD0_OID20158_v1_Cardiometabolic	1	206798870	206798870	206842981	1	ENSG00000142224	1	unique_match	UKBB_EUR
OID20159	ACAN	P16112	v1	Cardiometabolic	/data/Dutta_lab/decode/ukb_ppp/EUR/ACAN_P16112_OID20159_v1_Cardiometabolic	15	88803443	88803443	88875354	1	ENSG00000157766	1	unique_match	UKBB_EUR
OID20160	PLXNB3	Q9ULL4	v1	Cardiometabolic	/data/Dutta_lab/decode/ukb_ppp/EUR/PLXNB3_Q9ULL4_OID20160_v1_Cardiometabolic	23	153764196	153764196	153779346	1	ENSG00000198753	1	unique_match	UKBB_EUR
OID20161	TYRO3	Q06418	v1	Cardiometabolic	/data/Dutta_lab/decode/ukb_ppp/EUR/TYRO3_Q06418_OID20161_v1_Cardiometabolic	15	41557675	41557675	41583586	1	ENSG00000092445	1	unique_match	UKBB_EUR
OID20162	EIF4EBP1	Q13541	v1	Cardiometabolic	/data/Dutta_lab/decode/ukb_ppp/EUR/EIF4EBP1_Q13541_OID20162_v1_Cardiometabolic	8	38030341	38030341	38060365	1	ENSG00000187840	1	unique_match	UKBB_EUR
OID20163	PDCD6	O75340	v1	Cardiometabolic	/data/Dutta_lab/decode/ukb_ppp/EUR/PDCD6_O75340_OID20163_v1_Cardiometabolic	5	271621	271621	353856	1	ENSG00000249915	1	unique_match	UKBB_EUR
OID20164	APLP1	P51693	v1	Cardiometabolic	/data/Dutta_lab/decode/ukb_ppp/EUR/APLP1_P51693_OID20164_v1_Cardiometabolic	19	35867899	35867899	35879791	1	ENSG00000105290	1	unique_match	UKBB_EUR
OID20165	CLEC5A	Q9NY25	v1	Cardiometabolic	/data/Dutta_lab/decode/ukb_ppp/EUR/CLEC5A_Q9NY25_OID20165_v1_Cardiometabolic	7	141947007	141927357	141947007	-1	ENSG00000258227	1	unique_match	UKBB_EUR
OID20166	GSTA1	P08263	v1	Cardiometabolic	/data/Dutta_lab/decode/ukb_ppp/EUR/GSTA1_P08263_OID20166_v1_Cardiometabolic	6	52803910	52791664	52803910	-1	ENSG00000243955	1	unique_match	UKBB_EUR
OID20167	IGSF8	Q969P0	v1	Cardiometabolic	/data/Dutta_lab/decode/ukb_ppp/EUR/IGSF8_Q969P0_OID20167_v1_Cardiometabolic	1	160098943	160091340	160098943	-1	ENSG00000162729	1	unique_match	UKBB_EUR
OID20168	MEP1B	Q16820	v1	Cardiometabolic	/data/Dutta_lab/decode/ukb_ppp/EUR/MEP1B_Q16820_OID20168_v1_Cardiometabolic	18	32185069	32185069	32220404	1	ENSG00000141434	1	unique_match	UKBB_EUR
OID20169	SDC1	P18827	v1	Cardiometabolic	/data/Dutta_lab/decode/ukb_ppp/EUR/SDC1_P18827_OID20169_v1_Cardiometabolic	2	20225433	20200797	20225433	-1	ENSG00000115884	1	unique_match	UKBB_EUR
OID20170	CDH2	P19022	v1	Cardiometabolic	/data/Dutta_lab/decode/ukb_ppp/EUR/CDH2_P19022_OID20170_v1_Cardiometabolic	18	28177446	27950966	28177446	-1	ENSG00000170558	1	unique_match	UKBB_EUR
OID20171	MCFD2	Q8NI22	v1	Cardiometabolic	/data/Dutta_lab/decode/ukb_ppp/EUR/MCFD2_Q8NI22_OID20171_v1_Cardiometabolic	2	46941855	46901870	46941855	-1	ENSG00000180398	2	multi_match_first	UKBB_EUR
OID20172	FCRL1	Q96LA6	v1	Cardiometabolic	/data/Dutta_lab/decode/ukb_ppp/EUR/FCRL1_Q96LA6_OID20172_v1_Cardiometabolic	1	157820105	157794403	157820105	-1	ENSG00000163534	1	unique_match	UKBB_EUR
OID20173	GPNMB	Q14956	v1	Cardiometabolic	/data/Dutta_lab/decode/ukb_ppp/EUR/GPNMB_Q14956_OID20173_v1_Cardiometabolic	7	23235967	23235967	23275108	1	ENSG00000136235	1	unique_match	UKBB_EUR
OID20174	QDPR	P09417	v1	Cardiometabolic	/data/Dutta_lab/decode/ukb_ppp/EUR/QDPR_P09417_OID20174_v1_Cardiometabolic	4	17512234	17460261	17512234	-1	ENSG00000151552	1	unique_match	UKBB_EUR
OID20175	GHRL	Q9UBU3	v1	Cardiometabolic	/data/Dutta_lab/decode/ukb_ppp/EUR/GHRL_Q9UBU3_OID20175_v1_Cardiometabolic	3	10292947	10285675	10292947	-1	ENSG00000157017	1	unique_match	UKBB_EUR
OID20176	PPP1R2	P41236	v1	Cardiometabolic	/data/Dutta_lab/decode/ukb_ppp/EUR/PPP1R2_P41236_OID20176_v1_Cardiometabolic	3	195543386	195514425	195543386	-1	ENSG00000184203	1	unique_match	UKBB_EUR
OID20177	CD2AP	Q9Y5K6	v1	Cardiometabolic	/data/Dutta_lab/decode/ukb_ppp/EUR/CD2AP_Q9Y5K6_OID20177_v1_Cardiometabolic	6	47477789	47477789	47627263	1	ENSG00000198087	1	unique_match	UKBB_EUR
OID20178	NADK	O95544	v1	Cardiometabolic	/data/Dutta_lab/decode/ukb_ppp/EUR/NADK_O95544_OID20178_v1_Cardiometabolic	1	1780457	1751232	1780457	-1	ENSG00000008130	1	unique_match	UKBB_EUR
OID20179	CBLIF	P27352	v1	Cardiometabolic	/data/Dutta_lab/decode/ukb_ppp/EUR/CBLIF_P27352_OID20179_v1_Cardiometabolic							0	missing	UKBB_EUR
OID20180	TINAGL1	Q9GZM7	v1	Cardiometabolic	/data/Dutta_lab/decode/ukb_ppp/EUR/TINAGL1_Q9GZM7_OID20180_v1_Cardiometabolic	1	31576485	31576485	31587686	1	ENSG00000142910	1	unique_match	UKBB_EUR
OID20181	CANT1	Q8WVQ1	v1	Cardiometabolic	/data/Dutta_lab/decode/ukb_ppp/EUR/CANT1_Q8WVQ1_OID20181_v1_Cardiometabolic	17	79009867	78991717	79009867	-1	ENSG00000171302	1	unique_match	UKBB_EUR
OID20182	SSC4D	Q8WTU2	v1	Cardiometabolic	/data/Dutta_lab/decode/ukb_ppp/EUR/SSC4D_Q8WTU2_OID20182_v1_Cardiometabolic	7	76409695	76389334	76409695	-1	ENSG00000146700	1	unique_match	UKBB_EUR
OID20183	OLR1	P78380	v1	Cardiometabolic	/data/Dutta_lab/decode/ukb_ppp/EUR/OLR1_P78380_OID20183_v1_Cardiometabolic	12	10172138	10158301	10172138	-1	ENSG00000173391	1	unique_match	UKBB_EUR
OID20184	DIABLO	Q9NR28	v1	Cardiometabolic	/data/Dutta_lab/decode/ukb_ppp/EUR/DIABLO_Q9NR28_OID20184_v1_Cardiometabolic	12	122227534	122207662	122227534	-1	ENSG00000184047	1	unique_match	UKBB_EUR
OID20185	LRP11	Q86VZ4	v1	Cardiometabolic	/data/Dutta_lab/decode/ukb_ppp/EUR/LRP11_Q86VZ4_OID20185_v1_Cardiometabolic	6	149864026	149818798	149864026	-1	ENSG00000120256	1	unique_match	UKBB_EUR
OID20186	SEMA3F	Q13275	v1	Cardiometabolic	/data/Dutta_lab/decode/ukb_ppp/EUR/SEMA3F_Q13275_OID20186_v1_Cardiometabolic	3	50155045	50155045	50189075	1	ENSG00000001617	1	unique_match	UKBB_EUR
OID20187	LEP	P41159	v1	Cardiometabolic	/data/Dutta_lab/decode/ukb_ppp/EUR/LEP_P41159_OID20187_v1_Cardiometabolic	7	128241284	128241284	128257628	1	ENSG00000174697	1	unique_match	UKBB_EUR
OID20188	LPL	P06858	v1	Cardiometabolic	/data/Dutta_lab/decode/ukb_ppp/EUR/LPL_P06858_OID20188_v1_Cardiometabolic	8	19901717	19901717	19967258	1	ENSG00000175445	1	unique_match	UKBB_EUR
OID20189	ADGRG2	Q8IZP9	v1	Cardiometabolic	/data/Dutta_lab/decode/ukb_ppp/EUR/ADGRG2_Q8IZP9_OID20189_v1_Cardiometabolic	23	19122637	18989309	19122637	-1	ENSG00000173698	1	unique_match	UKBB_EUR
OID20190	SIGLEC7	Q9Y286	v1	Cardiometabolic	/data/Dutta_lab/decode/ukb_ppp/EUR/SIGLEC7_Q9Y286_OID20190_v1_Cardiometabolic	19	51142299	51142299	51153526	1	ENSG00000168995	1	unique_match	UKBB_EUR
OID20191	NPTXR	O95502	v1	Cardiometabolic	/data/Dutta_lab/decode/ukb_ppp/EUR/NPTXR_O95502_OID20191_v1_Cardiometabolic	22	38843982	38818452	38843982	-1	ENSG00000221890	1	unique_match	UKBB_EUR
OID20192	GRAP2	O75791	v1	Cardiometabolic	/data/Dutta_lab/decode/ukb_ppp/EUR/GRAP2_O75791_OID20192_v1_Cardiometabolic	22	39901082	39901082	39973721	1	ENSG00000100351	1	unique_match	UKBB_EUR
OID20193	CDHR5	Q9HBB8	v1	Cardiometabolic	/data/Dutta_lab/decode/ukb_ppp/EUR/CDHR5_Q9HBB8_OID20193_v1_Cardiometabolic	11	626078	616565	626078	-1	ENSG00000099834	1	unique_match	UKBB_EUR
OID20194	THOP1	P52888	v1	Cardiometabolic	/data/Dutta_lab/decode/ukb_ppp/EUR/THOP1_P52888_OID20194_v1_Cardiometabolic	19	2785460	2785460	2815807	1	ENSG00000172009	1	unique_match	UKBB_EUR
OID20195	GLRX	P35754	v1	Cardiometabolic	/data/Dutta_lab/decode/ukb_ppp/EUR/GLRX_P35754_OID20195_v1_Cardiometabolic	5	95823005	95751319	95823005	-1	ENSG00000173221	1	unique_match	UKBB_EUR
OID20196	KITLG	P21583	v1	Cardiometabolic	/data/Dutta_lab/decode/ukb_ppp/EUR/KITLG_P21583_OID20196_v1_Cardiometabolic	12	88580851	88492793	88580851	-1	ENSG00000049130	1	unique_match	UKBB_EUR
OID20197	PILRB	Q9UKJ0	v1	Cardiometabolic	/data/Dutta_lab/decode/ukb_ppp/EUR/PILRB_Q9UKJ0_OID20197_v1_Cardiometabolic	7	100352176	100352176	100367733	1	ENSG00000121716	1	unique_match	UKBB_EUR
OID20198	CLUL1	Q15846	v1	Cardiometabolic	/data/Dutta_lab/decode/ukb_ppp/EUR/CLUL1_Q15846_OID20198_v1_Cardiometabolic	18	596988	596988	650334	1	ENSG00000079101	1	unique_match	UKBB_EUR
OID20199	AHCY	P23526	v1	Cardiometabolic	/data/Dutta_lab/decode/ukb_ppp/EUR/AHCY_P23526_OID20199_v1_Cardiometabolic	20	34311802	34280268	34311802	-1	ENSG00000101444	1	unique_match	UKBB_EUR
OID20200	FABP2	P12104	v1	Cardiometabolic	/data/Dutta_lab/decode/ukb_ppp/EUR/FABP2_P12104_OID20200_v1_Cardiometabolic	4	119322390	119317250	119322390	-1	ENSG00000145384	1	unique_match	UKBB_EUR
OID20201	REN	P00797	v1	Cardiometabolic	/data/Dutta_lab/decode/ukb_ppp/EUR/REN_P00797_OID20201_v1_Cardiometabolic	1	204190324	204154819	204190324	-1	ENSG00000143839	1	unique_match	UKBB_EUR
OID20202	GDF2	Q9UK05	v1	Cardiometabolic	/data/Dutta_lab/decode/ukb_ppp/EUR/GDF2_Q9UK05_OID20202_v1_Cardiometabolic	10	47322490	47322490	47326270	1	ENSG00000263761	1	unique_match	UKBB_EUR
OID20203	RNASE3	P12724	v1	Cardiometabolic	/data/Dutta_lab/decode/ukb_ppp/EUR/RNASE3_P12724_OID20203_v1_Cardiometabolic	14	20891399	20891399	20892348	1	ENSG00000169397	1	unique_match	UKBB_EUR
OID20204	SOST	Q9BQB4	v1	Cardiometabolic	/data/Dutta_lab/decode/ukb_ppp/EUR/SOST_Q9BQB4_OID20204_v1_Cardiometabolic	17	43758788	43753731	43758788	-1	ENSG00000167941	1	unique_match	UKBB_EUR
OID20205	NPDC1	Q9NQX5	v1	Cardiometabolic	/data/Dutta_lab/decode/ukb_ppp/EUR/NPDC1_Q9NQX5_OID20205_v1_Cardiometabolic	9	137046203	137039470	137046203	-1	ENSG00000107281	1	unique_match	UKBB_EUR
OID20206	CD69	Q07108	v1	Cardiometabolic	/data/Dutta_lab/decode/ukb_ppp/EUR/CD69_Q07108_OID20206_v1_Cardiometabolic	12	9760901	9752486	9760901	-1	ENSG00000110848	1	unique_match	UKBB_EUR
OID20207	CXCL5	P42830	v1	Cardiometabolic	/data/Dutta_lab/decode/ukb_ppp/EUR/CXCL5_P42830_OID20207_v1_Cardiometabolic	4	73998779	73995642	73998779	-1	ENSG00000163735	1	unique_match	UKBB_EUR
OID20208	COL4A1	P02462	v1	Cardiometabolic	/data/Dutta_lab/decode/ukb_ppp/EUR/COL4A1_P02462_OID20208_v1_Cardiometabolic	13	110307149	110148963	110307149	-1	ENSG00000187498	1	unique_match	UKBB_EUR
OID20209	LILRA5	A6NI73	v1	Cardiometabolic	/data/Dutta_lab/decode/ukb_ppp/EUR/LILRA5_A6NI73_OID20209_v1_Cardiometabolic	19	54313139	54307070	54313139	-1	ENSG00000187116	1	unique_match	UKBB_EUR
OID20210	MARCO	Q9UEW3	v1	Cardiometabolic	/data/Dutta_lab/decode/ukb_ppp/EUR/MARCO_Q9UEW3_OID20210_v1_Cardiometabolic	2	118942166	118942166	118994660	1	ENSG00000019169	1	unique_match	UKBB_EUR
OID20211	ANGPTL1	O95841	v1	Cardiometabolic	/data/Dutta_lab/decode/ukb_ppp/EUR/ANGPTL1_O95841_OID20211_v1_Cardiometabolic	1	178871052	178849705	178871052	-1	ENSG00000116194	1	unique_match	UKBB_EUR
OID20212	PRSS27	Q9BQR3	v1	Cardiometabolic	/data/Dutta_lab/decode/ukb_ppp/EUR/PRSS27_Q9BQR3_OID20212_v1_Cardiometabolic	16	2720551	2712418	2720551	-1	ENSG00000172382	1	unique_match	UKBB_EUR
OID20213	SORT1	Q99523	v1	Cardiometabolic	/data/Dutta_lab/decode/ukb_ppp/EUR/SORT1_Q99523_OID20213_v1_Cardiometabolic	1	109397951	109309568	109397951	-1	ENSG00000134243	1	unique_match	UKBB_EUR
OID20214	SFTPD	P35247	v1	Cardiometabolic	/data/Dutta_lab/decode/ukb_ppp/EUR/SFTPD_P35247_OID20214_v1_Cardiometabolic	10	79982614	79937740	79982614	-1	ENSG00000133661	1	unique_match	UKBB_EUR
OID20215	DDC	P20711	v1	Cardiometabolic	/data/Dutta_lab/decode/ukb_ppp/EUR/DDC_P20711_OID20215_v1_Cardiometabolic	7	50565457	50458436	50565457	-1	ENSG00000132437	1	unique_match	UKBB_EUR
OID20216	SDC4	P31431	v1	Cardiometabolic	/data/Dutta_lab/decode/ukb_ppp/EUR/SDC4_P31431_OID20216_v1_Cardiometabolic	20	45348424	45325288	45348424	-1	ENSG00000124145	1	unique_match	UKBB_EUR
OID20217	HMOX1	P09601	v1	Cardiometabolic	/data/Dutta_lab/decode/ukb_ppp/EUR/HMOX1_P09601_OID20217_v1_Cardiometabolic	22	35380361	35380361	35394214	1	ENSG00000100292	1	unique_match	UKBB_EUR
OID20218	SNAP23	O00161	v1	Cardiometabolic	/data/Dutta_lab/decode/ukb_ppp/EUR/SNAP23_O00161_OID20218_v1_Cardiometabolic	15	42491233	42491233	42545356	1	ENSG00000092531	1	unique_match	UKBB_EUR
OID20219	SERPINA12	Q8IW75	v1	Cardiometabolic	/data/Dutta_lab/decode/ukb_ppp/EUR/SERPINA12_Q8IW75_OID20219_v1_Cardiometabolic	14	94517844	94487274	94517844	-1	ENSG00000165953	1	unique_match	UKBB_EUR
OID20220	GH1	P01241	v1	Cardiometabolic	/data/Dutta_lab/decode/ukb_ppp/EUR/GH1_P01241_OID20220_v1_Cardiometabolic	17	63918838	63917200	63918838	-1	ENSG00000259384	1	unique_match	UKBB_EUR
OID20221	SPON2	Q9BUD6	v1	Cardiometabolic	/data/Dutta_lab/decode/ukb_ppp/EUR/SPON2_Q9BUD6_OID20221_v1_Cardiometabolic	4	1208962	1166932	1208962	-1	ENSG00000159674	1	unique_match	UKBB_EUR
OID20222	NECTIN2	Q92692	v1	Cardiometabolic	/data/Dutta_lab/decode/ukb_ppp/EUR/NECTIN2_Q92692_OID20222_v1_Cardiometabolic	19	44846175	44846175	44889228	1	ENSG00000130202	1	unique_match	UKBB_EUR
OID20223	CHRDL2	Q6WN34	v1	Cardiometabolic	/data/Dutta_lab/decode/ukb_ppp/EUR/CHRDL2_Q6WN34_OID20223_v1_Cardiometabolic	11	74731385	74696429	74731385	-1	ENSG00000054938	1	unique_match	UKBB_EUR
OID20224	ROR1	Q01973	v1	Cardiometabolic	/data/Dutta_lab/decode/ukb_ppp/EUR/ROR1_Q01973_OID20224_v1_Cardiometabolic	1	63774022	63774022	64181498	1	ENSG00000185483	1	unique_match	UKBB_EUR
OID20225	CA13	Q8N1Q1	v1	Cardiometabolic	/data/Dutta_lab/decode/ukb_ppp/EUR/CA13_Q8N1Q1_OID20225_v1_Cardiometabolic	8	85220587	85220587	85284073	1	ENSG00000185015	1	unique_match	UKBB_EUR
OID20226	CCDC80	Q76M96	v1	Cardiometabolic	/data/Dutta_lab/decode/ukb_ppp/EUR/CCDC80_Q76M96_OID20226_v1_Cardiometabolic	3	112649530	112596794	112649530	-1	ENSG00000091986	1	unique_match	UKBB_EUR
OID20227	FBP1	P09467	v1	Cardiometabolic	/data/Dutta_lab/decode/ukb_ppp/EUR/FBP1_P09467_OID20227_v1_Cardiometabolic	9	94640249	94603133	94640249	-1	ENSG00000165140	1	unique_match	UKBB_EUR
OID20228	CTSL	P07711	v1	Cardiometabolic	/data/Dutta_lab/decode/ukb_ppp/EUR/CTSL_P07711_OID20228_v1_Cardiometabolic	9	87725519	87725519	87731393	1	ENSG00000135047	1	unique_match	UKBB_EUR
OID20229	NRCAM	Q92823	v1	Cardiometabolic	/data/Dutta_lab/decode/ukb_ppp/EUR/NRCAM_Q92823_OID20229_v1_Cardiometabolic	7	108456717	108147623	108456717	-1	ENSG00000091129	1	unique_match	UKBB_EUR
OID20230	HSPB1	P04792	v1	Cardiometabolic	/data/Dutta_lab/decode/ukb_ppp/EUR/HSPB1_P04792_OID20230_v1_Cardiometabolic	7	76302544	76302544	76304295	1	ENSG00000106211	2	multi_match_first	UKBB_EUR
OID20231	THBD	P07204	v1	Cardiometabolic	/data/Dutta_lab/decode/ukb_ppp/EUR/THBD_P07204_OID20231_v1_Cardiometabolic	20	23049741	23045633	23049741	-1	ENSG00000178726	2	multi_match_first	UKBB_EUR
OID20232	KYAT1	Q16773	v1	Cardiometabolic	/data/Dutta_lab/decode/ukb_ppp/EUR/KYAT1_Q16773_OID20232_v1_Cardiometabolic	9	128882494	128832942	128882494	-1	ENSG00000171097	1	unique_match	UKBB_EUR
OID20233	FAM3C	Q92520	v1	Cardiometabolic	/data/Dutta_lab/decode/ukb_ppp/EUR/FAM3C_Q92520_OID20233_v1_Cardiometabolic	7	121396364	121348851	121396364	-1	ENSG00000196937	1	unique_match	UKBB_EUR
OID20234	TYMP	P19971	v1	Cardiometabolic	/data/Dutta_lab/decode/ukb_ppp/EUR/TYMP_P19971_OID20234_v1_Cardiometabolic	22	50530056	50525752	50530056	-1	ENSG00000025708	2	multi_match_first	UKBB_EUR
OID20235	PCSK9	Q8NBP7	v1	Cardiometabolic	/data/Dutta_lab/decode/ukb_ppp/EUR/PCSK9_Q8NBP7_OID20235_v1_Cardiometabolic	1	55039476	55039476	55064853	1	LRG_275	2	multi_match_first	UKBB_EUR
OID20236	IGFBP7	Q16270	v1	Cardiometabolic	/data/Dutta_lab/decode/ukb_ppp/EUR/IGFBP7_Q16270_OID20236_v1_Cardiometabolic	4	57110385	57030773	57110385	-1	ENSG00000163453	1	unique_match	UKBB_EUR
OID20237	UMOD	P07911	v1	Cardiometabolic	/data/Dutta_lab/decode/ukb_ppp/EUR/UMOD_P07911_OID20237_v1_Cardiometabolic	16	20356301	20333052	20356301	-1	ENSG00000169344	1	unique_match	UKBB_EUR
OID20238	PLTP	P55058	v1	Cardiometabolic	/data/Dutta_lab/decode/ukb_ppp/EUR/PLTP_P55058_OID20238_v1_Cardiometabolic	20	45912155	45898621	45912155	-1	ENSG00000100979	1	unique_match	UKBB_EUR
OID20239	MFAP5	Q13361	v1	Cardiometabolic	/data/Dutta_lab/decode/ukb_ppp/EUR/MFAP5_Q13361_OID20239_v1_Cardiometabolic	12	8662888	8637346	8662888	-1	ENSG00000197614	1	unique_match	UKBB_EUR
OID20240	LDLR	P01130	v1	Cardiometabolic	/data/Dutta_lab/decode/ukb_ppp/EUR/LDLR_P01130_OID20240_v1_Cardiometabolic	19	11089362	11089362	11133816	1	ENSG00000130164	2	multi_match_first	UKBB_EUR
OID20241	CA4	P22748	v1	Cardiometabolic	/data/Dutta_lab/decode/ukb_ppp/EUR/CA4_P22748_OID20241_v1_Cardiometabolic	17	60149936	60149936	60170899	1	ENSG00000167434	1	unique_match	UKBB_EUR
OID20242	EPHB4	P54760	v1	Cardiometabolic	/data/Dutta_lab/decode/ukb_ppp/EUR/EPHB4_P54760_OID20242_v1_Cardiometabolic	7	100827521	100802565	100827521	-1	ENSG00000196411	1	unique_match	UKBB_EUR
OID20243	CDH5	P33151	v1	Cardiometabolic	/data/Dutta_lab/decode/ukb_ppp/EUR/CDH5_P33151_OID20243_v1_Cardiometabolic	16	66366622	66366622	66404786	1	ENSG00000179776	1	unique_match	UKBB_EUR
OID20244	CES1	P23141	v1	Cardiometabolic	/data/Dutta_lab/decode/ukb_ppp/EUR/CES1_P23141_OID20244_v1_Cardiometabolic	16	55833337	55802851	55833337	-1	ENSG00000198848	1	unique_match	UKBB_EUR
OID20245	FABP4	P15090	v1	Cardiometabolic	/data/Dutta_lab/decode/ukb_ppp/EUR/FABP4_P15090_OID20245_v1_Cardiometabolic	8	81483263	81478419	81483263	-1	ENSG00000170323	1	unique_match	UKBB_EUR
OID20246	IGFBP1	P08833	v1	Cardiometabolic	/data/Dutta_lab/decode/ukb_ppp/EUR/IGFBP1_P08833_OID20246_v1_Cardiometabolic	7	45888357	45888357	45893668	1	ENSG00000146678	1	unique_match	UKBB_EUR
OID20247	PLAT	P00750	v1	Cardiometabolic	/data/Dutta_lab/decode/ukb_ppp/EUR/PLAT_P00750_OID20247_v1_Cardiometabolic	8	42207676	42174718	42207676	-1	LRG_570	2	multi_match_first	UKBB_EUR
OID20248	ICAM2	P13598	v1	Cardiometabolic	/data/Dutta_lab/decode/ukb_ppp/EUR/ICAM2_P13598_OID20248_v1_Cardiometabolic	17	64020634	64002594	64020634	-1	ENSG00000108622	1	unique_match	UKBB_EUR
OID20249	ADAMTS13	Q76LX8	v1	Cardiometabolic	/data/Dutta_lab/decode/ukb_ppp/EUR/ADAMTS13_Q76LX8_OID20249_v1_Cardiometabolic	9	133414358	133414358	133459402	1	ENSG00000160323	2	multi_match_first	UKBB_EUR
OID20250	IL1RL1	Q01638	v1	Cardiometabolic	/data/Dutta_lab/decode/ukb_ppp/EUR/IL1RL1_Q01638_OID20250_v1_Cardiometabolic	2	102311502	102311502	102352037	1	ENSG00000115602	1	unique_match	UKBB_EUR
OID20251	GDF15	Q99988	v1	Cardiometabolic	/data/Dutta_lab/decode/ukb_ppp/EUR/GDF15_Q99988_OID20251_v1_Cardiometabolic	19	18374731	18374731	18389176	1	ENSG00000130513	1	unique_match	UKBB_EUR
OID20252	PLA2G1B	P04054	v1	Cardiometabolic	/data/Dutta_lab/decode/ukb_ppp/EUR/PLA2G1B_P04054_OID20252_v1_Cardiometabolic	12	120327789	120322111	120327789	-1	ENSG00000170890	1	unique_match	UKBB_EUR
OID20253	NOTCH3	Q9UM47	v1	Cardiometabolic	/data/Dutta_lab/decode/ukb_ppp/EUR/NOTCH3_Q9UM47_OID20253_v1_Cardiometabolic	19	15200981	15159038	15200981	-1	ENSG00000074181	1	unique_match	UKBB_EUR
OID20254	LTBP2	Q14767	v1	Cardiometabolic	/data/Dutta_lab/decode/ukb_ppp/EUR/LTBP2_Q14767_OID20254_v1_Cardiometabolic	14	74612378	74498170	74612378	-1	ENSG00000119681	1	unique_match	UKBB_EUR
OID20255	TGFBR3	Q03167	v1	Cardiometabolic	/data/Dutta_lab/decode/ukb_ppp/EUR/TGFBR3_Q03167_OID20255_v1_Cardiometabolic	1	91906335	91680343	91906335	-1	ENSG00000069702	1	unique_match	UKBB_EUR
OID20256	VWF	P04275	v1	Cardiometabolic	/data/Dutta_lab/decode/ukb_ppp/EUR/VWF_P04275_OID20256_v1_Cardiometabolic	12	6124770	5948874	6124770	-1	ENSG00000110799	1	unique_match	UKBB_EUR
OID20257	PEAR1	Q5VY43	v1	Cardiometabolic	/data/Dutta_lab/decode/ukb_ppp/EUR/PEAR1_Q5VY43_OID20257_v1_Cardiometabolic	1	156893698	156893698	156916434	1	ENSG00000187800	1	unique_match	UKBB_EUR
OID20258	REG3A	Q06141	v1	Cardiometabolic	/data/Dutta_lab/decode/ukb_ppp/EUR/REG3A_Q06141_OID20258_v1_Cardiometabolic	2	79159753	79157003	79159753	-1	ENSG00000172016	1	unique_match	UKBB_EUR
OID20259	XG	P55808	v1	Cardiometabolic	/data/Dutta_lab/decode/ukb_ppp/EUR/XG_P55808_OID20259_v1_Cardiometabolic	23	2752050	2752050	2815927	1	ENSG00000124343	1	unique_match	UKBB_EUR
OID20260	ADGRE5	P48960	v1	Cardiometabolic	/data/Dutta_lab/decode/ukb_ppp/EUR/ADGRE5_P48960_OID20260_v1_Cardiometabolic	19	14380501	14380501	14408725	1	ENSG00000123146	1	unique_match	UKBB_EUR
OID20261	FUCA1	P04066	v1	Cardiometabolic	/data/Dutta_lab/decode/ukb_ppp/EUR/FUCA1_P04066_OID20261_v1_Cardiometabolic	1	23868294	23845077	23868294	-1	ENSG00000179163	1	unique_match	UKBB_EUR
OID20262	CD209	Q9NNX6	v1	Cardiometabolic	/data/Dutta_lab/decode/ukb_ppp/EUR/CD209_Q9NNX6_OID20262_v1_Cardiometabolic	19	7747564	7739994	7747564	-1	ENSG00000090659	1	unique_match	UKBB_EUR
OID20263	MB	P02144	v1	Cardiometabolic	/data/Dutta_lab/decode/ukb_ppp/EUR/MB_P02144_OID20263_v1_Cardiometabolic	22	35637951	35606764	35637951	-1	ENSG00000198125	1	unique_match	UKBB_EUR
OID20264	DKK3	Q9UBP4	v1	Cardiometabolic	/data/Dutta_lab/decode/ukb_ppp/EUR/DKK3_Q9UBP4_OID20264_v1_Cardiometabolic	11	12009769	11963106	12009769	-1	ENSG00000050165	1	unique_match	UKBB_EUR
OID20265	TNFRSF10C	O14798	v1	Cardiometabolic	/data/Dutta_lab/decode/ukb_ppp/EUR/TNFRSF10C_O14798_OID20265_v1_Cardiometabolic	8	23084355	23084355	23117437	1	ENSG00000173535	1	unique_match	UKBB_EUR
OID20266	REG1B	P48304	v1	Cardiometabolic	/data/Dutta_lab/decode/ukb_ppp/EUR/REG1B_P48304_OID20266_v1_Cardiometabolic	2	79088019	79085030	79088019	-1	ENSG00000172023	1	unique_match	UKBB_EUR
OID20267	IL2RA	P01589	v1	Cardiometabolic	/data/Dutta_lab/decode/ukb_ppp/EUR/IL2RA_P01589_OID20267_v1_Cardiometabolic	10	6062325	6010689	6062325	-1	ENSG00000134460	2	multi_match_first	UKBB_EUR
OID20268	PDGFRB	P09619	v1	Cardiometabolic	/data/Dutta_lab/decode/ukb_ppp/EUR/PDGFRB_P09619_OID20268_v1_Cardiometabolic	5	150155872	150113837	150155872	-1	ENSG00000113721	1	unique_match	UKBB_EUR
OID20269	MET	P08581	v1	Cardiometabolic	/data/Dutta_lab/decode/ukb_ppp/EUR/MET_P08581_OID20269_v1_Cardiometabolic	7	116672390	116672390	116798386	1	ENSG00000105976	2	multi_match_first	UKBB_EUR
OID20270	ESAM	Q96AP7	v1	Cardiometabolic	/data/Dutta_lab/decode/ukb_ppp/EUR/ESAM_Q96AP7_OID20270_v1_Cardiometabolic	11	124762290	124752583	124762290	-1	ENSG00000149564	1	unique_match	UKBB_EUR
OID20271	CA3	P07451	v1	Cardiometabolic	/data/Dutta_lab/decode/ukb_ppp/EUR/CA3_P07451_OID20271_v1_Cardiometabolic	8	85373436	85373436	85449040	1	ENSG00000164879	1	unique_match	UKBB_EUR
OID20272	TNFSF13B	Q9Y275	v1	Cardiometabolic	/data/Dutta_lab/decode/ukb_ppp/EUR/TNFSF13B_Q9Y275_OID20272_v1_Cardiometabolic	13	108251240	108251240	108308484	1	ENSG00000102524	1	unique_match	UKBB_EUR
OID20273	ALCAM	Q13740	v1	Cardiometabolic	/data/Dutta_lab/decode/ukb_ppp/EUR/ALCAM_Q13740_OID20273_v1_Cardiometabolic	3	105366909	105366909	105576900	1	ENSG00000170017	1	unique_match	UKBB_EUR
OID20274	PLA2G2A	P14555	v1	Cardiometabolic	/data/Dutta_lab/decode/ukb_ppp/EUR/PLA2G2A_P14555_OID20274_v1_Cardiometabolic	1	19980416	19975431	19980416	-1	ENSG00000188257	1	unique_match	UKBB_EUR
OID20275	MSMB	P08118	v1	Cardiometabolic	/data/Dutta_lab/decode/ukb_ppp/EUR/MSMB_P08118_OID20275_v1_Cardiometabolic	10	46046269	46033307	46046269	-1	ENSG00000263639	1	unique_match	UKBB_EUR
OID20276	CTSB	P07858	v1	Cardiometabolic	/data/Dutta_lab/decode/ukb_ppp/EUR/CTSB_P07858_OID20276_v1_Cardiometabolic	8	11869448	11842524	11869448	-1	ENSG00000164733	1	unique_match	UKBB_EUR
OID20277	ICAM3	P32942	v1	Cardiometabolic	/data/Dutta_lab/decode/ukb_ppp/EUR/ICAM3_P32942_OID20277_v1_Cardiometabolic	19	10339823	10333776	10339823	-1	ENSG00000076662	1	unique_match	UKBB_EUR
OID20278	DPT	Q07507	v1	Cardiometabolic	/data/Dutta_lab/decode/ukb_ppp/EUR/DPT_Q07507_OID20278_v1_Cardiometabolic	1	168729264	168695459	168729264	-1	ENSG00000143196	1	unique_match	UKBB_EUR
OID20279	CRTAC1	Q9NQ79	v1	Cardiometabolic	/data/Dutta_lab/decode/ukb_ppp/EUR/CRTAC1_Q9NQ79_OID20279_v1_Cardiometabolic	10	98030828	97865000	98030828	-1	ENSG00000095713	1	unique_match	UKBB_EUR
OID20280	CPA1	P15085	v1	Cardiometabolic	/data/Dutta_lab/decode/ukb_ppp/EUR/CPA1_P15085_OID20280_v1_Cardiometabolic	7	130380339	130380339	130388114	1	ENSG00000091704	1	unique_match	UKBB_EUR
OID20281	SERPINA11	Q86U17	v1	Cardiometabolic	/data/Dutta_lab/decode/ukb_ppp/EUR/SERPINA11_Q86U17_OID20281_v1_Cardiometabolic	14	94452790	94442464	94452790	-1	ENSG00000186910	1	unique_match	UKBB_EUR
OID20282	CXCL16	Q9H2A7	v1	Cardiometabolic	/data/Dutta_lab/decode/ukb_ppp/EUR/CXCL16_Q9H2A7_OID20282_v1_Cardiometabolic	17	4739922	4733526	4739922	-1	ENSG00000161921	1	unique_match	UKBB_EUR
OID20283	SEMA7A	O75326	v1	Cardiometabolic	/data/Dutta_lab/decode/ukb_ppp/EUR/SEMA7A_O75326_OID20283_v1_Cardiometabolic	15	74434467	74409289	74434467	-1	ENSG00000138623	1	unique_match	UKBB_EUR
OID20284	LGALS3	P17931	v1	Cardiometabolic	/data/Dutta_lab/decode/ukb_ppp/EUR/LGALS3_P17931_OID20284_v1_Cardiometabolic	14	55124110	55124110	55145413	1	ENSG00000131981	1	unique_match	UKBB_EUR
OID20285	MEGF9	Q9H1U4	v1	Cardiometabolic	/data/Dutta_lab/decode/ukb_ppp/EUR/MEGF9_Q9H1U4_OID20285_v1_Cardiometabolic	9	120714470	120600813	120714470	-1	ENSG00000106780	1	unique_match	UKBB_EUR
OID20286	CORO1A	P31146	v1	Cardiometabolic	/data/Dutta_lab/decode/ukb_ppp/EUR/CORO1A_P31146_OID20286_v1_Cardiometabolic	16	30182827	30182827	30189076	1	ENSG00000102879	2	multi_match_first	UKBB_EUR
OID20287	ENG	P17813	v1	Cardiometabolic	/data/Dutta_lab/decode/ukb_ppp/EUR/ENG_P17813_OID20287_v1_Cardiometabolic	9	127854756	127815012	127854756	-1	ENSG00000106991	2	multi_match_first	UKBB_EUR
OID20288	ENPP2	Q13822	v1	Cardiometabolic	/data/Dutta_lab/decode/ukb_ppp/EUR/ENPP2_Q13822_OID20288_v1_Cardiometabolic	8	119673453	119557086	119673453	-1	ENSG00000136960	1	unique_match	UKBB_EUR
OID20289	CPB1	P15086	v1	Cardiometabolic	/data/Dutta_lab/decode/ukb_ppp/EUR/CPB1_P15086_OID20289_v1_Cardiometabolic	3	148791102	148791102	148860187	1	ENSG00000153002	1	unique_match	UKBB_EUR
OID20290	SELE	P16581	v1	Cardiometabolic	/data/Dutta_lab/decode/ukb_ppp/EUR/SELE_P16581_OID20290_v1_Cardiometabolic	1	169764705	169722641	169764705	-1	ENSG00000007908	1	unique_match	UKBB_EUR
OID20291	PAM	P19021	v1	Cardiometabolic	/data/Dutta_lab/decode/ukb_ppp/EUR/PAM_P19021_OID20291_v1_Cardiometabolic	5	102753981	102753981	103031105	1	ENSG00000145730	1	unique_match	UKBB_EUR
OID20292	COL6A3	P12111	v1	Cardiometabolic	/data/Dutta_lab/decode/ukb_ppp/EUR/COL6A3_P12111_OID20292_v1_Cardiometabolic	2	237414375	237324003	237414375	-1	ENSG00000163359	2	multi_match_first	UKBB_EUR
OID20293	CST6	Q15828	v1	Cardiometabolic	/data/Dutta_lab/decode/ukb_ppp/EUR/CST6_Q15828_OID20293_v1_Cardiometabolic	11	66011841	66011841	66013505	1	ENSG00000175315	1	unique_match	UKBB_EUR
OID20294	CSTB	P04080	v1	Cardiometabolic	/data/Dutta_lab/decode/ukb_ppp/EUR/CSTB_P04080_OID20294_v1_Cardiometabolic	21	43776445	43772512	43776445	-1	ENSG00000160213	2	multi_match_first	UKBB_EUR
OID20295	DLK1	P80370	v1	Cardiometabolic	/data/Dutta_lab/decode/ukb_ppp/EUR/DLK1_P80370_OID20295_v1_Cardiometabolic	14	100725705	100725705	100738224	1	ENSG00000185559	1	unique_match	UKBB_EUR
OID20296	GUSB	P08236	v1	Cardiometabolic	/data/Dutta_lab/decode/ukb_ppp/EUR/GUSB_P08236_OID20296_v1_Cardiometabolic	7	65982314	65960684	65982314	-1	ENSG00000169919	1	unique_match	UKBB_EUR
OID20297	SCARF1	Q14162	v1	Cardiometabolic	/data/Dutta_lab/decode/ukb_ppp/EUR/SCARF1_Q14162_OID20297_v1_Cardiometabolic	17	1645747	1633858	1645747	-1	ENSG00000074660	1	unique_match	UKBB_EUR
OID20298	CELA3A	P09093	v1	Cardiometabolic	/data/Dutta_lab/decode/ukb_ppp/EUR/CELA3A_P09093_OID20298_v1_Cardiometabolic	1	22001656	22001656	22012539	1	ENSG00000142789	1	unique_match	UKBB_EUR
OID20299	CCN3	P48745	v1	Cardiometabolic	/data/Dutta_lab/decode/ukb_ppp/EUR/CCN3_P48745_OID20299_v1_Cardiometabolic							0	missing	UKBB_EUR
OID20300	HYOU1	Q9Y4L1	v1	Cardiometabolic	/data/Dutta_lab/decode/ukb_ppp/EUR/HYOU1_Q9Y4L1_OID20300_v1_Cardiometabolic	11	119057202	119044189	119057202	-1	ENSG00000149428	1	unique_match	UKBB_EUR
OID20301	LILRB2	Q8N423	v1	Cardiometabolic	/data/Dutta_lab/decode/ukb_ppp/EUR/LILRB2_Q8N423_OID20301_v1_Cardiometabolic	19	54281184	54273821	54281184	-1	ENSG00000131042	1	unique_match	UKBB_EUR
OID20302	ST6GAL1	P15907	v1	Cardiometabolic	/data/Dutta_lab/decode/ukb_ppp/EUR/ST6GAL1_P15907_OID20302_v1_Cardiometabolic	3	186930485	186930485	187078553	1	ENSG00000073849	1	unique_match	UKBB_EUR
OID20303	TIE1	P35590	v1	Cardiometabolic	/data/Dutta_lab/decode/ukb_ppp/EUR/TIE1_P35590_OID20303_v1_Cardiometabolic	1	43300993	43300993	43323108	1	ENSG00000066056	1	unique_match	UKBB_EUR
OID20304	SIRPA	P78324	v1	Cardiometabolic	/data/Dutta_lab/decode/ukb_ppp/EUR/SIRPA_P78324_OID20304_v1_Cardiometabolic	20	1894167	1894167	1940592	1	ENSG00000198053	1	unique_match	UKBB_EUR
OID20305	CASP3	P42574	v1	Cardiometabolic	/data/Dutta_lab/decode/ukb_ppp/EUR/CASP3_P42574_OID20305_v1_Cardiometabolic	4	184649509	184627696	184649509	-1	ENSG00000164305	1	unique_match	UKBB_EUR
OID20306	PTPRS	Q13332	v1	Cardiometabolic	/data/Dutta_lab/decode/ukb_ppp/EUR/PTPRS_Q13332_OID20306_v1_Cardiometabolic	19	5340803	5158495	5340803	-1	ENSG00000105426	1	unique_match	UKBB_EUR
OID20307	CNTN1	Q12860	v1	Cardiometabolic	/data/Dutta_lab/decode/ukb_ppp/EUR/CNTN1_Q12860_OID20307_v1_Cardiometabolic	12	40692442	40692442	41072418	1	ENSG00000018236	1	unique_match	UKBB_EUR
OID20308	BPIFB1	Q8TDL5	v1	Cardiometabolic	/data/Dutta_lab/decode/ukb_ppp/EUR/BPIFB1_Q8TDL5_OID20308_v1_Cardiometabolic	20	33273480	33273480	33309878	1	ENSG00000125999	1	unique_match	UKBB_EUR
OID20309	AZU1	P20160	v1	Cardiometabolic	/data/Dutta_lab/decode/ukb_ppp/EUR/AZU1_P20160_OID20309_v1_Cardiometabolic	19	825097	825097	832018	1	ENSG00000172232	1	unique_match	UKBB_EUR
OID20310	PTPRF	P10586	v1	Cardiometabolic	/data/Dutta_lab/decode/ukb_ppp/EUR/PTPRF_P10586_OID20310_v1_Cardiometabolic	1	43525187	43525187	43623666	1	ENSG00000142949	1	unique_match	UKBB_EUR
OID20311	NOTCH1	P46531	v1	Cardiometabolic	/data/Dutta_lab/decode/ukb_ppp/EUR/NOTCH1_P46531_OID20311_v1_Cardiometabolic	9	136545862	136494444	136545862	-1	ENSG00000148400	1	unique_match	UKBB_EUR
OID20312	CHIT1	Q13231	v1	Cardiometabolic	/data/Dutta_lab/decode/ukb_ppp/EUR/CHIT1_Q13231_OID20312_v1_Cardiometabolic	1	203273641	203212827	203273641	-1	ENSG00000133063	1	unique_match	UKBB_EUR
OID20313	PDGFA	P04085	v1	Cardiometabolic	/data/Dutta_lab/decode/ukb_ppp/EUR/PDGFA_P04085_OID20313_v1_Cardiometabolic	7	520296	497258	520296	-1	ENSG00000197461	1	unique_match	UKBB_EUR
OID20314	ACP5	P13686	v1	Cardiometabolic	/data/Dutta_lab/decode/ukb_ppp/EUR/ACP5_P13686_OID20314_v1_Cardiometabolic	19	11579008	11574660	11579008	-1	ENSG00000102575	1	unique_match	UKBB_EUR
OID20315	ITGB2	P05107	v1	Cardiometabolic	/data/Dutta_lab/decode/ukb_ppp/EUR/ITGB2_P05107_OID20315_v1_Cardiometabolic	21	44931989	44885953	44931989	-1	ENSG00000160255	2	multi_match_first	UKBB_EUR
OID20316	FAS	P25445	v1	Cardiometabolic	/data/Dutta_lab/decode/ukb_ppp/EUR/FAS_P25445_OID20316_v1_Cardiometabolic	10	88990531	88990531	89015785	1	LRG_134	2	multi_match_first	UKBB_EUR
OID20317	PLXNB2	O15031	v1	Cardiometabolic	/data/Dutta_lab/decode/ukb_ppp/EUR/PLXNB2_O15031_OID20317_v1_Cardiometabolic	22	50307627	50274979	50307627	-1	ENSG00000196576	1	unique_match	UKBB_EUR
OID20318	GAS6	Q14393	v1	Cardiometabolic	/data/Dutta_lab/decode/ukb_ppp/EUR/GAS6_Q14393_OID20318_v1_Cardiometabolic	13	113864067	113820549	113864067	-1	ENSG00000183087	1	unique_match	UKBB_EUR
OID20319	EGFR	P00533	v1	Cardiometabolic	/data/Dutta_lab/decode/ukb_ppp/EUR/EGFR_P00533_OID20319_v1_Cardiometabolic	7	55019021	55019021	55211628	1	ENSG00000146648	2	multi_match_first	UKBB_EUR
OID20320	QPCT	Q16769	v1	Cardiometabolic	/data/Dutta_lab/decode/ukb_ppp/EUR/QPCT_Q16769_OID20320_v1_Cardiometabolic	2	37344574	37344574	37373322	1	ENSG00000115828	1	unique_match	UKBB_EUR
OID20321	RNASET2	O00584	v1	Cardiometabolic	/data/Dutta_lab/decode/ukb_ppp/EUR/RNASET2_O00584_OID20321_v1_Cardiometabolic	6	166957191	166929504	166957191	-1	ENSG00000026297	1	unique_match	UKBB_EUR
OID20322	SPP1	P10451	v1	Cardiometabolic	/data/Dutta_lab/decode/ukb_ppp/EUR/SPP1_P10451_OID20322_v1_Cardiometabolic	4	87975650	87975650	87983426	1	ENSG00000118785	1	unique_match	UKBB_EUR
OID20323	LILRB1	Q8NHL6	v1	Cardiometabolic	/data/Dutta_lab/decode/ukb_ppp/EUR/LILRB1_Q8NHL6_OID20323_v1_Cardiometabolic	19	54617158	54617158	54637528	1	ENSG00000104972	1	unique_match	UKBB_EUR
OID20324	LILRB5	O75023	v1	Cardiometabolic	/data/Dutta_lab/decode/ukb_ppp/EUR/LILRB5_O75023_OID20324_v1_Cardiometabolic	19	54257301	54249431	54257301	-1	ENSG00000105609	1	unique_match	UKBB_EUR
OID20325	IGFBP2	P18065	v1	Cardiometabolic	/data/Dutta_lab/decode/ukb_ppp/EUR/IGFBP2_P18065_OID20325_v1_Cardiometabolic	2	216632828	216632828	216664436	1	ENSG00000115457	1	unique_match	UKBB_EUR
OID20326	PI3	P19957	v1	Cardiometabolic	/data/Dutta_lab/decode/ukb_ppp/EUR/PI3_P19957_OID20326_v1_Cardiometabolic	20	45174876	45174876	45176544	1	ENSG00000124102	1	unique_match	UKBB_EUR
OID20327	RETN	Q9HD89	v1	Cardiometabolic	/data/Dutta_lab/decode/ukb_ppp/EUR/RETN_Q9HD89_OID20327_v1_Cardiometabolic	19	7669044	7669044	7670454	1	ENSG00000104918	1	unique_match	UKBB_EUR
OID20328	CCL15	Q16663	v1	Cardiometabolic	/data/Dutta_lab/decode/ukb_ppp/EUR/CCL15_Q16663_OID20328_v1_Cardiometabolic	17	36002038	35996440	36002038	-1	ENSG00000275718	1	unique_match	UKBB_EUR
OID20329	PRTN3	P24158	v1	Cardiometabolic	/data/Dutta_lab/decode/ukb_ppp/EUR/PRTN3_P24158_OID20329_v1_Cardiometabolic	19	840960	840960	848175	1	ENSG00000196415	1	unique_match	UKBB_EUR
OID20330	FAP	Q12884	v1	Cardiometabolic	/data/Dutta_lab/decode/ukb_ppp/EUR/FAP_Q12884_OID20330_v1_Cardiometabolic	2	162245151	162170684	162245151	-1	ENSG00000078098	1	unique_match	UKBB_EUR
OID20331	PPIB	P23284	v1	Cardiometabolic	/data/Dutta_lab/decode/ukb_ppp/EUR/PPIB_P23284_OID20331_v1_Cardiometabolic	15	64163205	64155812	64163205	-1	ENSG00000166794	2	multi_match_first	UKBB_EUR
OID20332	COL18A1	P39060	v1	Cardiometabolic	/data/Dutta_lab/decode/ukb_ppp/EUR/COL18A1_P39060_OID20332_v1_Cardiometabolic	21	45405137	45405137	45513720	1	ENSG00000182871	1	unique_match	UKBB_EUR
OID20333	AMY2A	P04746	v1	Cardiometabolic	/data/Dutta_lab/decode/ukb_ppp/EUR/AMY2A_P04746_OID20333_v1_Cardiometabolic	1	103616811	103616811	103625780	1	ENSG00000243480	1	unique_match	UKBB_EUR
OID20334	CCL16	O15467	v1	Cardiometabolic	/data/Dutta_lab/decode/ukb_ppp/EUR/CCL16_O15467_OID20334_v1_Cardiometabolic	17	35981496	35976493	35981496	-1	ENSG00000275152	1	unique_match	UKBB_EUR
OID20335	COL1A1	P02452	v1	Cardiometabolic	/data/Dutta_lab/decode/ukb_ppp/EUR/COL1A1_P02452_OID20335_v1_Cardiometabolic	17	50201632	50183289	50201632	-1	ENSG00000108821	2	multi_match_first	UKBB_EUR
OID20336	BLMH	Q13867	v1	Cardiometabolic	/data/Dutta_lab/decode/ukb_ppp/EUR/BLMH_Q13867_OID20336_v1_Cardiometabolic	17	30292056	30248195	30292056	-1	ENSG00000108578	1	unique_match	UKBB_EUR
OID20337	PRCP	P42785	v1	Cardiometabolic	/data/Dutta_lab/decode/ukb_ppp/EUR/PRCP_P42785_OID20337_v1_Cardiometabolic	11	82970584	82823502	82970584	-1	ENSG00000137509	1	unique_match	UKBB_EUR
OID20338	PGLYRP1	O75594	v1	Cardiometabolic	/data/Dutta_lab/decode/ukb_ppp/EUR/PGLYRP1_O75594_OID20338_v1_Cardiometabolic	19	46023065	46019153	46023065	-1	ENSG00000008438	1	unique_match	UKBB_EUR
OID20339	CD59	P13987	v1	Cardiometabolic	/data/Dutta_lab/decode/ukb_ppp/EUR/CD59_P13987_OID20339_v1_Cardiometabolic	11	33736445	33698261	33736445	-1	ENSG00000085063	2	multi_match_first	UKBB_EUR
OID20340	AMY2B	P19961	v1	Cardiometabolic	/data/Dutta_lab/decode/ukb_ppp/EUR/AMY2B_P19961_OID20340_v1_Cardiometabolic	1	103553815	103553815	103579534	1	ENSG00000240038	1	unique_match	UKBB_EUR
OID20341	TCN2	P20062	v1	Cardiometabolic	/data/Dutta_lab/decode/ukb_ppp/EUR/TCN2_P20062_OID20341_v1_Cardiometabolic	22	30606838	30606838	30627278	1	ENSG00000185339	2	multi_match_first	UKBB_EUR
OID20342	SERPINE1	P05121	v1	Cardiometabolic	/data/Dutta_lab/decode/ukb_ppp/EUR/SERPINE1_P05121_OID20342_v1_Cardiometabolic	7	101127089	101127089	101139266	1	ENSG00000106366	2	multi_match_first	UKBB_EUR
OID20343	MCAM	P43121	v1	Cardiometabolic	/data/Dutta_lab/decode/ukb_ppp/EUR/MCAM_P43121_OID20343_v1_Cardiometabolic	11	119321521	119308529	119321521	-1	ENSG00000076706	1	unique_match	UKBB_EUR
OID20345	VASN	Q6EMK4	v1	Cardiometabolic	/data/Dutta_lab/decode/ukb_ppp/EUR/VASN_Q6EMK4_OID20345_v1_Cardiometabolic	16	4371848	4371848	4383528	1	ENSG00000168140	1	unique_match	UKBB_EUR
OID20346	ART3	Q13508	v1	Cardiometabolic	/data/Dutta_lab/decode/ukb_ppp/EUR/ART3_Q13508_OID20346_v1_Cardiometabolic	4	76011184	76011184	76112802	1	ENSG00000156219	1	unique_match	UKBB_EUR
OID20347	CNDP1	Q96KN2	v1	Cardiometabolic	/data/Dutta_lab/decode/ukb_ppp/EUR/CNDP1_Q96KN2_OID20347_v1_Cardiometabolic	18	74534440	74534440	74587212	1	ENSG00000150656	1	unique_match	UKBB_EUR
OID20348	IL18BP	O95998	v1	Cardiometabolic	/data/Dutta_lab/decode/ukb_ppp/EUR/IL18BP_O95998_OID20348_v1_Cardiometabolic	11	71998541	71998541	72005715	1	ENSG00000137496	1	unique_match	UKBB_EUR
OID20349	F9	P00740	v1	Cardiometabolic	/data/Dutta_lab/decode/ukb_ppp/EUR/F9_P00740_OID20349_v1_Cardiometabolic	23	139530736	139530736	139563458	1	LRG_556	2	multi_match_first	UKBB_EUR
OID20350	ANPEP	P15144	v1	Cardiometabolic	/data/Dutta_lab/decode/ukb_ppp/EUR/ANPEP_P15144_OID20350_v1_Cardiometabolic	15	89815401	89784889	89815401	-1	ENSG00000166825	1	unique_match	UKBB_EUR
OID20351	SSC5D	A1L4H1	v1	Cardiometabolic	/data/Dutta_lab/decode/ukb_ppp/EUR/SSC5D_A1L4H1_OID20351_v1_Cardiometabolic	19	55488404	55488404	55519098	1	ENSG00000179954	1	unique_match	UKBB_EUR
OID20352	ITIH3	Q06033	v1	Cardiometabolic	/data/Dutta_lab/decode/ukb_ppp/EUR/ITIH3_Q06033_OID20352_v1_Cardiometabolic	3	52794768	52794768	52809009	1	ENSG00000162267	1	unique_match	UKBB_EUR
OID20353	CDH1	P12830	v1	Cardiometabolic	/data/Dutta_lab/decode/ukb_ppp/EUR/CDH1_P12830_OID20353_v1_Cardiometabolic	16	68737225	68737225	68835548	1	ENSG00000039068	2	multi_match_first	UKBB_EUR
OID20354	NCAM1	P13591	v1	Cardiometabolic	/data/Dutta_lab/decode/ukb_ppp/EUR/NCAM1_P13591_OID20354_v1_Cardiometabolic	11	112961247	112961247	113278436	1	ENSG00000149294	1	unique_match	UKBB_EUR
OID20355	LBP	P18428	v1	Cardiometabolic	/data/Dutta_lab/decode/ukb_ppp/EUR/LBP_P18428_OID20355_v1_Cardiometabolic	20	38346356	38346356	38377023	1	ENSG00000129988	1	unique_match	UKBB_EUR
OID20356	OSMR	Q99650	v1	Cardiometabolic	/data/Dutta_lab/decode/ukb_ppp/EUR/OSMR_Q99650_OID20356_v1_Cardiometabolic	5	38845858	38845858	38945596	1	ENSG00000145623	1	unique_match	UKBB_EUR
OID20357	HYAL1	Q12794	v1	Cardiometabolic	/data/Dutta_lab/decode/ukb_ppp/EUR/HYAL1_Q12794_OID20357_v1_Cardiometabolic	3	50312381	50299889	50312381	-1	ENSG00000114378	1	unique_match	UKBB_EUR
OID20358	CTSD	P07339	v1	Cardiometabolic	/data/Dutta_lab/decode/ukb_ppp/EUR/CTSD_P07339_OID20358_v1_Cardiometabolic	11	1764573	1752752	1764573	-1	ENSG00000117984	1	unique_match	UKBB_EUR
OID20359	TNC	P24821	v1	Cardiometabolic	/data/Dutta_lab/decode/ukb_ppp/EUR/TNC_P24821_OID20359_v1_Cardiometabolic	9	115118257	115019578	115118257	-1	ENSG00000041982	1	unique_match	UKBB_EUR
OID20360	CD163	Q86VB7	v1	Cardiometabolic	/data/Dutta_lab/decode/ukb_ppp/EUR/CD163_Q86VB7_OID20360_v1_Cardiometabolic	12	7503893	7470813	7503893	-1	ENSG00000177575	1	unique_match	UKBB_EUR
OID20361	SPARCL1	Q14515	v1	Cardiometabolic	/data/Dutta_lab/decode/ukb_ppp/EUR/SPARCL1_Q14515_OID20361_v1_Cardiometabolic	4	87531061	87473335	87531061	-1	ENSG00000152583	1	unique_match	UKBB_EUR
OID20362	NID1	P14543	v1	Cardiometabolic	/data/Dutta_lab/decode/ukb_ppp/EUR/NID1_P14543_OID20362_v1_Cardiometabolic	1	236065162	235975830	236065162	-1	ENSG00000116962	1	unique_match	UKBB_EUR
OID20363	AXL	P30530	v1	Cardiometabolic	/data/Dutta_lab/decode/ukb_ppp/EUR/AXL_P30530_OID20363_v1_Cardiometabolic	19	41219203	41219203	41261766	1	ENSG00000167601	1	unique_match	UKBB_EUR
OID20364	PRSS2	P07478	v1	Cardiometabolic	/data/Dutta_lab/decode/ukb_ppp/EUR/PRSS2_P07478_OID20364_v1_Cardiometabolic	7	142760398	142760398	142774564	1	ENSG00000275896	1	unique_match	UKBB_EUR
OID20365	CTSZ	Q9UBR2	v1	Cardiometabolic	/data/Dutta_lab/decode/ukb_ppp/EUR/CTSZ_Q9UBR2_OID20365_v1_Cardiometabolic	20	59007247	58995185	59007247	-1	ENSG00000101160	1	unique_match	UKBB_EUR
OID20366	CHL1	O00533	v1	Cardiometabolic	/data/Dutta_lab/decode/ukb_ppp/EUR/CHL1_O00533_OID20366_v1_Cardiometabolic	3	196596	196596	409417	1	ENSG00000134121	1	unique_match	UKBB_EUR
OID20367	C1QTNF1	Q9BXJ1	v1	Cardiometabolic	/data/Dutta_lab/decode/ukb_ppp/EUR/C1QTNF1_Q9BXJ1_OID20367_v1_Cardiometabolic	17	79022814	79022814	79049788	1	ENSG00000173918	1	unique_match	UKBB_EUR
OID20368	THBS4	P35443	v1	Cardiometabolic	/data/Dutta_lab/decode/ukb_ppp/EUR/THBS4_P35443_OID20368_v1_Cardiometabolic	5	79991311	79991311	80083287	1	ENSG00000113296	1	unique_match	UKBB_EUR
OID20369	TFRC	P02786	v1	Cardiometabolic	/data/Dutta_lab/decode/ukb_ppp/EUR/TFRC_P02786_OID20369_v1_Cardiometabolic	3	196082189	196027183	196082189	-1	ENSG00000072274	1	unique_match	UKBB_EUR
OID20370	KIT	P10721	v1	Cardiometabolic	/data/Dutta_lab/decode/ukb_ppp/EUR/KIT_P10721_OID20370_v1_Cardiometabolic	4	54657918	54657918	54740715	1	ENSG00000157404	2	multi_match_first	UKBB_EUR
OID20371	TFF3	Q07654	v1	Cardiometabolic	/data/Dutta_lab/decode/ukb_ppp/EUR/TFF3_Q07654_OID20371_v1_Cardiometabolic	21	42315651	42311667	42315651	-1	ENSG00000160180	1	unique_match	UKBB_EUR
OID20372	F7	P08709	v1	Cardiometabolic	/data/Dutta_lab/decode/ukb_ppp/EUR/F7_P08709_OID20372_v1_Cardiometabolic	13	113105788	113105788	113120681	1	ENSG00000057593	2	multi_match_first	UKBB_EUR
OID20373	RARRES2	Q99969	v1	Cardiometabolic	/data/Dutta_lab/decode/ukb_ppp/EUR/RARRES2_Q99969_OID20373_v1_Cardiometabolic	7	150341674	150338317	150341674	-1	ENSG00000106538	1	unique_match	UKBB_EUR
OID20374	APOM	O95445	v1	Cardiometabolic	/data/Dutta_lab/decode/ukb_ppp/EUR/APOM_O95445_OID20374_v1_Cardiometabolic	6	31652416	31652416	31658210	1	ENSG00000204444	1	unique_match	UKBB_EUR
OID20375	TIMD4	Q96H15	v1	Cardiometabolic	/data/Dutta_lab/decode/ukb_ppp/EUR/TIMD4_Q96H15_OID20375_v1_Cardiometabolic	5	156963255	156919282	156963255	-1	ENSG00000145850	1	unique_match	UKBB_EUR
OID20376	ITGB1	P05556	v1	Cardiometabolic	/data/Dutta_lab/decode/ukb_ppp/EUR/ITGB1_P05556_OID20376_v1_Cardiometabolic	10	33005792	32900319	33005792	-1	ENSG00000150093	1	unique_match	UKBB_EUR
OID20377	CD55	P08174	v1	Cardiometabolic	/data/Dutta_lab/decode/ukb_ppp/EUR/CD55_P08174_OID20377_v1_Cardiometabolic	1	207321472	207321472	207360966	1	LRG_127	2	multi_match_first	UKBB_EUR
OID20378	CD14	P08571	v1	Cardiometabolic	/data/Dutta_lab/decode/ukb_ppp/EUR/CD14_P08571_OID20378_v1_Cardiometabolic	5	140633701	140631728	140633701	-1	ENSG00000170458	1	unique_match	UKBB_EUR
OID20379	SELP	P16109	v1	Cardiometabolic	/data/Dutta_lab/decode/ukb_ppp/EUR/SELP_P16109_OID20379_v1_Cardiometabolic	1	169630193	169588849	169630193	-1	ENSG00000174175	1	unique_match	UKBB_EUR
OID20380	CD46	P15529	v1	Cardiometabolic	/data/Dutta_lab/decode/ukb_ppp/EUR/CD46_P15529_OID20380_v1_Cardiometabolic	1	207752038	207752038	207795516	1	LRG_155	2	multi_match_first	UKBB_EUR
OID20381	GP1BA	P07359	v1	Cardiometabolic	/data/Dutta_lab/decode/ukb_ppp/EUR/GP1BA_P07359_OID20381_v1_Cardiometabolic	17	4932297	4932297	4935030	1	ENSG00000185245	1	unique_match	UKBB_EUR
OID20382	FCN2	Q15485	v1	Cardiometabolic	/data/Dutta_lab/decode/ukb_ppp/EUR/FCN2_Q15485_OID20382_v1_Cardiometabolic	9	134880812	134880812	134887520	1	ENSG00000160339	1	unique_match	UKBB_EUR
OID20383	HSPG2	P98160	v1	Cardiometabolic	/data/Dutta_lab/decode/ukb_ppp/EUR/HSPG2_P98160_OID20383_v1_Cardiometabolic	1	21937297	21822245	21937297	-1	ENSG00000142798	1	unique_match	UKBB_EUR
OID20384	PCOLCE	Q15113	v1	Cardiometabolic	/data/Dutta_lab/decode/ukb_ppp/EUR/PCOLCE_Q15113_OID20384_v1_Cardiometabolic	7	100602177	100602177	100608175	1	ENSG00000106333	1	unique_match	UKBB_EUR
OID20385	IL6R	P08887	v1	Cardiometabolic	/data/Dutta_lab/decode/ukb_ppp/EUR/IL6R_P08887_OID20385_v1_Cardiometabolic	1	154405193	154405193	154469450	1	ENSG00000160712	1	unique_match	UKBB_EUR
OID20386	SOD1	P00441	v1	Cardiometabolic	/data/Dutta_lab/decode/ukb_ppp/EUR/SOD1_P00441_OID20386_v1_Cardiometabolic	21	31659622	31659622	31668931	1	ENSG00000142168	2	multi_match_first	UKBB_EUR
OID20387	FCGR3B	O75015	v1	Cardiometabolic	/data/Dutta_lab/decode/ukb_ppp/EUR/FCGR3B_O75015_OID20387_v1_Cardiometabolic	1	161631963	161623196	161631963	-1	ENSG00000162747	1	unique_match	UKBB_EUR
OID20388	TFPI	P10646	v1	Cardiometabolic	/data/Dutta_lab/decode/ukb_ppp/EUR/TFPI_P10646_OID20388_v1_Cardiometabolic	2	187565760	187464230	187565760	-1	ENSG00000003436	1	unique_match	UKBB_EUR
OID20389	AOC3	Q16853	v1	Cardiometabolic	/data/Dutta_lab/decode/ukb_ppp/EUR/AOC3_Q16853_OID20389_v1_Cardiometabolic	17	42851184	42851184	42858130	1	ENSG00000131471	1	unique_match	UKBB_EUR
OID20390	NRP1	O14786	v1	Cardiometabolic	/data/Dutta_lab/decode/ukb_ppp/EUR/NRP1_O14786_OID20390_v1_Cardiometabolic	10	33336262	33177492	33336262	-1	ENSG00000099250	1	unique_match	UKBB_EUR
OID20391	FCGR2A	P12318	v1	Cardiometabolic	/data/Dutta_lab/decode/ukb_ppp/EUR/FCGR2A_P12318_OID20391_v1_Cardiometabolic	1	161505430	161505430	161524013	1	ENSG00000143226	1	unique_match	UKBB_EUR
OID20392	LCN2	P80188	v1	Cardiometabolic	/data/Dutta_lab/decode/ukb_ppp/EUR/LCN2_P80188_OID20392_v1_Cardiometabolic	9	128149071	128149071	128153455	1	ENSG00000148346	1	unique_match	UKBB_EUR
OID20393	CR2	P20023	v1	Cardiometabolic	/data/Dutta_lab/decode/ukb_ppp/EUR/CR2_P20023_OID20393_v1_Cardiometabolic	1	207454230	207454230	207489895	1	ENSG00000117322	2	multi_match_first	UKBB_EUR
OID20394	ADA2	Q9NZK5	v1	Cardiometabolic	/data/Dutta_lab/decode/ukb_ppp/EUR/ADA2_Q9NZK5_OID20394_v1_Cardiometabolic							0	missing	UKBB_EUR
OID20395	CCL18	P55774	v1	Cardiometabolic	/data/Dutta_lab/decode/ukb_ppp/EUR/CCL18_P55774_OID20395_v1_Cardiometabolic	17	36064280	36064280	36072032	1	ENSG00000275385	1	unique_match	UKBB_EUR
OID20396	VCAM1	P19320	v1	Cardiometabolic	/data/Dutta_lab/decode/ukb_ppp/EUR/VCAM1_P19320_OID20396_v1_Cardiometabolic	1	100719742	100719742	100739045	1	ENSG00000162692	1	unique_match	UKBB_EUR
OID20397	CD93	Q9NPY3	v1	Cardiometabolic	/data/Dutta_lab/decode/ukb_ppp/EUR/CD93_Q9NPY3_OID20397_v1_Cardiometabolic	20	23086340	23079349	23086340	-1	ENSG00000125810	1	unique_match	UKBB_EUR
OID20398	IGFBP3	P17936	v1	Cardiometabolic	/data/Dutta_lab/decode/ukb_ppp/EUR/IGFBP3_P17936_OID20398_v1_Cardiometabolic	7	45921874	45912245	45921874	-1	ENSG00000146674	1	unique_match	UKBB_EUR
OID20399	CHI3L1	P36222	v1	Cardiometabolic	/data/Dutta_lab/decode/ukb_ppp/EUR/CHI3L1_P36222_OID20399_v1_Cardiometabolic	1	203186749	203178931	203186749	-1	ENSG00000133048	1	unique_match	UKBB_EUR
OID20400	CST3	P01034	v1	Cardiometabolic	/data/Dutta_lab/decode/ukb_ppp/EUR/CST3_P01034_OID20400_v1_Cardiometabolic	20	23638473	23626706	23638473	-1	ENSG00000101439	1	unique_match	UKBB_EUR
OID20401	CCL14	Q16627	v1	Cardiometabolic	/data/Dutta_lab/decode/ukb_ppp/EUR/CCL14_Q16627_OID20401_v1_Cardiometabolic	17	35987004	35983291	35987004	-1	ENSG00000276409	1	unique_match	UKBB_EUR
OID20402	PROC	P04070	v1	Cardiometabolic	/data/Dutta_lab/decode/ukb_ppp/EUR/PROC_P04070_OID20402_v1_Cardiometabolic	2	127418420	127418420	127429246	1	LRG_599	2	multi_match_first	UKBB_EUR
OID20403	ANG	P03950	v1	Cardiometabolic	/data/Dutta_lab/decode/ukb_ppp/EUR/ANG_P03950_OID20403_v1_Cardiometabolic	14	20684177	20684177	20698971	1	ENSG00000214274	2	multi_match_first	UKBB_EUR
OID20404	FETUB	Q9UGM5	v1	Cardiometabolic	/data/Dutta_lab/decode/ukb_ppp/EUR/FETUB_Q9UGM5_OID20404_v1_Cardiometabolic	3	186635969	186635969	186653141	1	ENSG00000090512	1	unique_match	UKBB_EUR
OID20405	COMP	P49747	v1	Cardiometabolic	/data/Dutta_lab/decode/ukb_ppp/EUR/COMP_P49747_OID20405_v1_Cardiometabolic	19	18791314	18782773	18791314	-1	ENSG00000105664	1	unique_match	UKBB_EUR
OID20406	DPP4	P27487	v1	Cardiometabolic	/data/Dutta_lab/decode/ukb_ppp/EUR/DPP4_P27487_OID20406_v1_Cardiometabolic	2	162074542	161992241	162074542	-1	ENSG00000197635	1	unique_match	UKBB_EUR
OID20407	ANGPTL3	Q9Y5C1	v1	Cardiometabolic	/data/Dutta_lab/decode/ukb_ppp/EUR/ANGPTL3_Q9Y5C1_OID20407_v1_Cardiometabolic	1	62597487	62597487	62606159	1	ENSG00000132855	1	unique_match	UKBB_EUR
OID20408	PTGDS	P41222	v1	Cardiometabolic	/data/Dutta_lab/decode/ukb_ppp/EUR/PTGDS_P41222_OID20408_v1_Cardiometabolic	9	136977505	136977505	136985435	1	ENSG00000107317	1	unique_match	UKBB_EUR
OID20409	CA1	P00915	v1	Cardiometabolic	/data/Dutta_lab/decode/ukb_ppp/EUR/CA1_P00915_OID20409_v1_Cardiometabolic	8	85379014	85327608	85379014	-1	ENSG00000133742	1	unique_match	UKBB_EUR
OID20410	C2	P06681	v1	Cardiometabolic	/data/Dutta_lab/decode/ukb_ppp/EUR/C2_P06681_OID20410_v1_Cardiometabolic	6	31897785	31897785	31945672	1	ENSG00000166278	2	multi_match_first	UKBB_EUR
OID20411	ICAM1	P05362	v1	Cardiometabolic	/data/Dutta_lab/decode/ukb_ppp/EUR/ICAM1_P05362_OID20411_v1_Cardiometabolic	19	10270835	10270835	10286615	1	ENSG00000090339	1	unique_match	UKBB_EUR
OID20412	CCL5	P13501	v1	Cardiometabolic	/data/Dutta_lab/decode/ukb_ppp/EUR/CCL5_P13501_OID20412_v1_Cardiometabolic	17	35880793	35871491	35880793	-1	ENSG00000271503	1	unique_match	UKBB_EUR
OID20413	IGFBP6	P24592	v1	Cardiometabolic	/data/Dutta_lab/decode/ukb_ppp/EUR/IGFBP6_P24592_OID20413_v1_Cardiometabolic	12	53097436	53097436	53102345	1	ENSG00000167779	1	unique_match	UKBB_EUR
OID20414	EFEMP1	Q12805	v1	Cardiometabolic	/data/Dutta_lab/decode/ukb_ppp/EUR/EFEMP1_Q12805_OID20414_v1_Cardiometabolic	2	55924139	55865967	55924139	-1	ENSG00000115380	1	unique_match	UKBB_EUR
OID20415	REG1A	P05451	v1	Cardiometabolic	/data/Dutta_lab/decode/ukb_ppp/EUR/REG1A_P05451_OID20415_v1_Cardiometabolic	2	79120362	79120362	79123419	1	ENSG00000115386	1	unique_match	UKBB_EUR
OID20416	GGH	Q92820	v1	Cardiometabolic	/data/Dutta_lab/decode/ukb_ppp/EUR/GGH_Q92820_OID20416_v1_Cardiometabolic	8	63039171	63015079	63039171	-1	ENSG00000137563	1	unique_match	UKBB_EUR
OID20417	TGFBI	Q15582	v1	Cardiometabolic	/data/Dutta_lab/decode/ukb_ppp/EUR/TGFBI_Q15582_OID20417_v1_Cardiometabolic	5	136028895	136028895	136063818	1	ENSG00000120708	1	unique_match	UKBB_EUR
OID20418	TIMP1	P01033	v1	Cardiometabolic	/data/Dutta_lab/decode/ukb_ppp/EUR/TIMP1_P01033_OID20418_v1_Cardiometabolic	23	47582313	47582313	47586789	1	ENSG00000102265	1	unique_match	UKBB_EUR
OID20419	IL2	P60568	v1	Inflammation	/data/Dutta_lab/decode/ukb_ppp/EUR/IL2_P60568_OID20419_v1_Inflammation	4	122456725	122451470	122456725	-1	ENSG00000109471	1	unique_match	UKBB_EUR
OID20420	IL10RA	Q13651	v1	Inflammation	/data/Dutta_lab/decode/ukb_ppp/EUR/IL10RA_Q13651_OID20420_v1_Inflammation	11	117986348	117986348	118003037	1	ENSG00000110324	2	multi_match_first	UKBB_EUR
OID20421	PAPPA	Q13219	v1	Inflammation	/data/Dutta_lab/decode/ukb_ppp/EUR/PAPPA_Q13219_OID20421_v1_Inflammation	9	116153804	116153804	116402322	1	ENSG00000182752	1	unique_match	UKBB_EUR
OID20422	IL20RA	Q9UHF4	v1	Inflammation	/data/Dutta_lab/decode/ukb_ppp/EUR/IL20RA_Q9UHF4_OID20422_v1_Inflammation	6	137045180	136999971	137045180	-1	ENSG00000016402	1	unique_match	UKBB_EUR
OID20423	EIF5A	P63241	v1	Inflammation	/data/Dutta_lab/decode/ukb_ppp/EUR/EIF5A_P63241_OID20423_v1_Inflammation	17	7306999	7306999	7312463	1	ENSG00000132507	1	unique_match	UKBB_EUR
OID20424	JUN	P05412	v1	Inflammation	/data/Dutta_lab/decode/ukb_ppp/EUR/JUN_P05412_OID20424_v1_Inflammation	1	58784327	58780788	58784327	-1	ENSG00000177606	1	unique_match	UKBB_EUR
OID20425	RAB37	Q96AX2	v1	Inflammation	/data/Dutta_lab/decode/ukb_ppp/EUR/RAB37_Q96AX2_OID20425_v1_Inflammation	17	74670578	74670578	74747335	1	ENSG00000172794	1	unique_match	UKBB_EUR
OID20426	IL4	P05112	v1	Inflammation	/data/Dutta_lab/decode/ukb_ppp/EUR/IL4_P05112_OID20426_v1_Inflammation	5	132673986	132673986	132682676	1	ENSG00000113520	1	unique_match	UKBB_EUR
OID20427	IL1B	P01584	v1	Inflammation	/data/Dutta_lab/decode/ukb_ppp/EUR/IL1B_P01584_OID20427_v1_Inflammation	2	112836903	112829751	112836903	-1	ENSG00000125538	1	unique_match	UKBB_EUR
OID20428	IL33	O95760	v1	Inflammation	/data/Dutta_lab/decode/ukb_ppp/EUR/IL33_O95760_OID20428_v1_Inflammation	9	6215786	6215786	6257983	1	ENSG00000137033	1	unique_match	UKBB_EUR
OID20429	LILRB4	Q8NHJ6	v1	Inflammation	/data/Dutta_lab/decode/ukb_ppp/EUR/LILRB4_Q8NHJ6_OID20429_v1_Inflammation	19	54643889	54643889	54670359	1	ENSG00000186818	1	unique_match	UKBB_EUR
OID20430	IL13	P35225	v1	Inflammation	/data/Dutta_lab/decode/ukb_ppp/EUR/IL13_P35225_OID20430_v1_Inflammation	5	132656263	132656263	132661110	1	ENSG00000169194	1	unique_match	UKBB_EUR
OID20431	IL10	P22301	v1	Inflammation	/data/Dutta_lab/decode/ukb_ppp/EUR/IL10_P22301_OID20431_v1_Inflammation	1	206772494	206767602	206772494	-1	ENSG00000136634	1	unique_match	UKBB_EUR
OID20432	ARNT	P27540	v1	Inflammation	/data/Dutta_lab/decode/ukb_ppp/EUR/ARNT_P27540_OID20432_v1_Inflammation	1	150876768	150809705	150876768	-1	ENSG00000143437	1	unique_match	UKBB_EUR
OID20433	TNFAIP8	O95379	v1	Inflammation	/data/Dutta_lab/decode/ukb_ppp/EUR/TNFAIP8_O95379_OID20433_v1_Inflammation	5	119268692	119268692	119399688	1	ENSG00000145779	1	unique_match	UKBB_EUR
OID20434	LTO1	Q8WV07	v1	Inflammation	/data/Dutta_lab/decode/ukb_ppp/EUR/LTO1_Q8WV07_OID20434_v1_Inflammation							0	missing	UKBB_EUR
OID20435	ACTN4	O43707	v1	Inflammation	/data/Dutta_lab/decode/ukb_ppp/EUR/ACTN4_O43707_OID20435_v1_Inflammation	19	38647649	38647649	38731583	1	ENSG00000130402	1	unique_match	UKBB_EUR
OID20436	LAP3	P28838	v1	Inflammation	/data/Dutta_lab/decode/ukb_ppp/EUR/LAP3_P28838_OID20436_v1_Inflammation	4	17577192	17577192	17607972	1	ENSG00000002549	1	unique_match	UKBB_EUR
OID20437	AMBN	Q9NP70	v1	Inflammation	/data/Dutta_lab/decode/ukb_ppp/EUR/AMBN_Q9NP70_OID20437_v1_Inflammation	4	70592256	70592256	70607288	1	ENSG00000178522	1	unique_match	UKBB_EUR
OID20438	LRRN1	Q6UXK5	v1	Inflammation	/data/Dutta_lab/decode/ukb_ppp/EUR/LRRN1_Q6UXK5_OID20438_v1_Inflammation	3	3799437	3799437	3847703	1	ENSG00000175928	1	unique_match	UKBB_EUR
OID20439	PREB	Q9HCU5	v1	Inflammation	/data/Dutta_lab/decode/ukb_ppp/EUR/PREB_Q9HCU5_OID20439_v1_Inflammation	2	27134675	27130756	27134675	-1	ENSG00000138073	1	unique_match	UKBB_EUR
OID20440	IL24	Q13007	v1	Inflammation	/data/Dutta_lab/decode/ukb_ppp/EUR/IL24_Q13007_OID20440_v1_Inflammation	1	206897443	206897443	206904139	1	ENSG00000162892	1	unique_match	UKBB_EUR
OID20441	CEP164	Q9UPV0	v1	Inflammation	/data/Dutta_lab/decode/ukb_ppp/EUR/CEP164_Q9UPV0_OID20441_v1_Inflammation	11	117314557	117314557	117413268	1	ENSG00000110274	1	unique_match	UKBB_EUR
OID20442	NBN	O60934	v1	Inflammation	/data/Dutta_lab/decode/ukb_ppp/EUR/NBN_O60934_OID20442_v1_Inflammation	8	90003228	89933336	90003228	-1	ENSG00000104320	2	multi_match_first	UKBB_EUR
OID20443	FCRL3	Q96P31	v1	Inflammation	/data/Dutta_lab/decode/ukb_ppp/EUR/FCRL3_Q96P31_OID20443_v1_Inflammation	1	157700857	157674321	157700857	-1	ENSG00000160856	1	unique_match	UKBB_EUR
OID20444	PRKAB1	Q9Y478	v1	Inflammation	/data/Dutta_lab/decode/ukb_ppp/EUR/PRKAB1_Q9Y478_OID20444_v1_Inflammation	12	119667753	119667753	119681630	1	ENSG00000111725	1	unique_match	UKBB_EUR
OID20445	PNPT1	Q8TCS8	v1	Inflammation	/data/Dutta_lab/decode/ukb_ppp/EUR/PNPT1_Q8TCS8_OID20445_v1_Inflammation	2	55693910	55634265	55693910	-1	ENSG00000138035	1	unique_match	UKBB_EUR
OID20446	ARTN	Q5T4W7	v1	Inflammation	/data/Dutta_lab/decode/ukb_ppp/EUR/ARTN_Q5T4W7_OID20446_v1_Inflammation	1	43933320	43933320	43937241	1	ENSG00000117407	1	unique_match	UKBB_EUR
OID20447	RABGAP1L	Q5R372	v1	Inflammation	/data/Dutta_lab/decode/ukb_ppp/EUR/RABGAP1L_Q5R372_OID20447_v1_Inflammation	1	174159410	174159410	174995308	1	ENSG00000152061	1	unique_match	UKBB_EUR
OID20448	NCLN	Q969V3	v1	Inflammation	/data/Dutta_lab/decode/ukb_ppp/EUR/NCLN_Q969V3_OID20448_v1_Inflammation	19	3185563	3185563	3209575	1	ENSG00000125912	1	unique_match	UKBB_EUR
OID20449	IL22RA1	Q8N6P7	v1	Inflammation	/data/Dutta_lab/decode/ukb_ppp/EUR/IL22RA1_Q8N6P7_OID20449_v1_Inflammation	1	24143121	24119771	24143121	-1	ENSG00000142677	1	unique_match	UKBB_EUR
OID20450	IL2RB	P14784	v1	Inflammation	/data/Dutta_lab/decode/ukb_ppp/EUR/IL2RB_P14784_OID20450_v1_Inflammation	22	37175054	37125838	37175054	-1	ENSG00000100385	1	unique_match	UKBB_EUR
OID20451	MYO9B	Q13459	v1	Inflammation	/data/Dutta_lab/decode/ukb_ppp/EUR/MYO9B_Q13459_OID20451_v1_Inflammation	19	17075781	17075781	17214537	1	ENSG00000099331	1	unique_match	UKBB_EUR
OID20452	AOC1	P19801	v1	Inflammation	/data/Dutta_lab/decode/ukb_ppp/EUR/AOC1_P19801_OID20452_v1_Inflammation	7	150824627	150824627	150861504	1	ENSG00000002726	1	unique_match	UKBB_EUR
OID20453	IL20	Q9NYY1	v1	Inflammation	/data/Dutta_lab/decode/ukb_ppp/EUR/IL20_Q9NYY1_OID20453_v1_Inflammation	1	206865354	206865354	206869223	1	ENSG00000162891	1	unique_match	UKBB_EUR
OID20454	RGS8	P57771	v1	Inflammation	/data/Dutta_lab/decode/ukb_ppp/EUR/RGS8_P57771_OID20454_v1_Inflammation	1	182684576	182641816	182684576	-1	ENSG00000135824	1	unique_match	UKBB_EUR
OID20455	IL11	P20809	v1	Inflammation	/data/Dutta_lab/decode/ukb_ppp/EUR/IL11_P20809_OID20455_v1_Inflammation	19	55370463	55364389	55370463	-1	ENSG00000095752	1	unique_match	UKBB_EUR
OID20456	IL17F	Q96PD4	v1	Inflammation	/data/Dutta_lab/decode/ukb_ppp/EUR/IL17F_Q96PD4_OID20456_v1_Inflammation	6	52244537	52236681	52244537	-1	ENSG00000112116	2	multi_match_first	UKBB_EUR
OID20457	SCGN	O76038	v1	Inflammation	/data/Dutta_lab/decode/ukb_ppp/EUR/SCGN_O76038_OID20457_v1_Inflammation	6	25652201	25652201	25701783	1	ENSG00000079689	1	unique_match	UKBB_EUR
OID20458	CXCL14	O95715	v1	Inflammation	/data/Dutta_lab/decode/ukb_ppp/EUR/CXCL14_O95715_OID20458_v1_Inflammation	5	135579279	135570679	135579279	-1	ENSG00000145824	1	unique_match	UKBB_EUR
OID20459	MVK	Q03426	v1	Inflammation	/data/Dutta_lab/decode/ukb_ppp/EUR/MVK_Q03426_OID20459_v1_Inflammation	12	109573255	109573255	109598117	1	ENSG00000110921	2	multi_match_first	UKBB_EUR
OID20460	WNT9A	O14904	v1	Inflammation	/data/Dutta_lab/decode/ukb_ppp/EUR/WNT9A_O14904_OID20460_v1_Inflammation	1	227947898	227918656	227947898	-1	ENSG00000143816	1	unique_match	UKBB_EUR
OID20461	IL3RA	P26951	v1	Inflammation	/data/Dutta_lab/decode/ukb_ppp/EUR/IL3RA_P26951_OID20461_v1_Inflammation	23	1336616	1336616	1382689	1	ENSG00000185291	1	unique_match	UKBB_EUR
OID20462	SIT1	Q9Y3P8	v1	Inflammation	/data/Dutta_lab/decode/ukb_ppp/EUR/SIT1_Q9Y3P8_OID20462_v1_Inflammation	9	35650950	35649295	35650950	-1	ENSG00000137078	1	unique_match	UKBB_EUR
OID20463	FXYD5	Q96DB9	v1	Inflammation	/data/Dutta_lab/decode/ukb_ppp/EUR/FXYD5_Q96DB9_OID20463_v1_Inflammation	19	35154730	35154730	35169883	1	ENSG00000089327	1	unique_match	UKBB_EUR
OID20464	CXCL12	P48061	v1	Inflammation	/data/Dutta_lab/decode/ukb_ppp/EUR/CXCL12_P48061_OID20464_v1_Inflammation	10	44386493	44370165	44386493	-1	ENSG00000107562	1	unique_match	UKBB_EUR
OID20465	NRTN	Q99748	v1	Inflammation	/data/Dutta_lab/decode/ukb_ppp/EUR/NRTN_Q99748_OID20465_v1_Inflammation	19	5823802	5823802	5828324	1	ENSG00000171119	1	unique_match	UKBB_EUR
OID20466	DGKZ	Q13574	v1	Inflammation	/data/Dutta_lab/decode/ukb_ppp/EUR/DGKZ_Q13574_OID20466_v1_Inflammation	11	46332905	46332905	46380554	1	ENSG00000149091	1	unique_match	UKBB_EUR
OID20467	PADI2	Q9Y2J8	v1	Inflammation	/data/Dutta_lab/decode/ukb_ppp/EUR/PADI2_Q9Y2J8_OID20467_v1_Inflammation	1	17119435	17066761	17119435	-1	ENSG00000117115	1	unique_match	UKBB_EUR
OID20468	PRKCQ	Q04759	v1	Inflammation	/data/Dutta_lab/decode/ukb_ppp/EUR/PRKCQ_Q04759_OID20468_v1_Inflammation	10	6580301	6427143	6580301	-1	ENSG00000065675	1	unique_match	UKBB_EUR
OID20469	IL17A	Q16552	v1	Inflammation	/data/Dutta_lab/decode/ukb_ppp/EUR/IL17A_Q16552_OID20469_v1_Inflammation	6	52186387	52186387	52190638	1	ENSG00000112115	1	unique_match	UKBB_EUR
OID20470	NFATC3	Q12968	v1	Inflammation	/data/Dutta_lab/decode/ukb_ppp/EUR/NFATC3_Q12968_OID20470_v1_Inflammation	16	68084751	68084751	68229259	1	ENSG00000072736	1	unique_match	UKBB_EUR
OID20471	GALNT3	Q14435	v1	Inflammation	/data/Dutta_lab/decode/ukb_ppp/EUR/GALNT3_Q14435_OID20471_v1_Inflammation	2	165794682	165747591	165794682	-1	ENSG00000115339	1	unique_match	UKBB_EUR
OID20472	IL5	P05113	v1	Inflammation	/data/Dutta_lab/decode/ukb_ppp/EUR/IL5_P05113_OID20472_v1_Inflammation	5	132556838	132541444	132556838	-1	ENSG00000113525	1	unique_match	UKBB_EUR
OID20473	TNF	P01375	v1	Inflammation	/data/Dutta_lab/decode/ukb_ppp/EUR/TNF_P01375_OID20473_v1_Inflammation	6	31575567	31575567	31578336	1	ENSG00000232810	1	unique_match	UKBB_EUR
OID20474	TANK	Q92844	v1	Inflammation	/data/Dutta_lab/decode/ukb_ppp/EUR/TANK_Q92844_OID20474_v1_Inflammation	2	161136908	161136908	161236221	1	ENSG00000136560	1	unique_match	UKBB_EUR
OID20475	SPRY2	O43597	v1	Inflammation	/data/Dutta_lab/decode/ukb_ppp/EUR/SPRY2_O43597_OID20475_v1_Inflammation	13	80340951	80335976	80340951	-1	ENSG00000136158	1	unique_match	UKBB_EUR
OID20476	TPT1	P13693	v1	Inflammation	/data/Dutta_lab/decode/ukb_ppp/EUR/TPT1_P13693_OID20476_v1_Inflammation	13	45341370	45333471	45341370	-1	ENSG00000133112	1	unique_match	UKBB_EUR
OID20477	IL17C	Q9P0M4	v1	Inflammation	/data/Dutta_lab/decode/ukb_ppp/EUR/IL17C_Q9P0M4_OID20477_v1_Inflammation	16	88638591	88638591	88640473	1	ENSG00000124391	1	unique_match	UKBB_EUR
OID20478	YTHDF3	Q7Z739	v1	Inflammation	/data/Dutta_lab/decode/ukb_ppp/EUR/YTHDF3_Q7Z739_OID20478_v1_Inflammation	8	63168553	63168553	63212786	1	ENSG00000185728	1	unique_match	UKBB_EUR
OID20479	WAS	P42768	v1	Inflammation	/data/Dutta_lab/decode/ukb_ppp/EUR/WAS_P42768_OID20479_v1_Inflammation	23	48676596	48676596	48691427	1	ENSG00000015285	2	multi_match_first	UKBB_EUR
OID20480	TNFRSF13C	Q96RJ3	v1	Inflammation	/data/Dutta_lab/decode/ukb_ppp/EUR/TNFRSF13C_Q96RJ3_OID20480_v1_Inflammation	22	41926818	41922023	41926818	-1	ENSG00000159958	2	multi_match_first	UKBB_EUR
OID20481	IL17D	Q8TAD2	v1	Inflammation	/data/Dutta_lab/decode/ukb_ppp/EUR/IL17D_Q8TAD2_OID20481_v1_Inflammation	13	20702127	20702127	20723098	1	ENSG00000172458	1	unique_match	UKBB_EUR
OID20482	MILR1	Q7Z6M3	v1	Inflammation	/data/Dutta_lab/decode/ukb_ppp/EUR/MILR1_Q7Z6M3_OID20482_v1_Inflammation	17	64449037	64449037	64468643	1	ENSG00000271605	1	unique_match	UKBB_EUR
OID20483	PRDX3	P30048	v1	Inflammation	/data/Dutta_lab/decode/ukb_ppp/EUR/PRDX3_P30048_OID20483_v1_Inflammation	10	119178833	119167703	119178833	-1	ENSG00000165672	1	unique_match	UKBB_EUR
OID20484	ICA1	Q05084	v1	Inflammation	/data/Dutta_lab/decode/ukb_ppp/EUR/ICA1_Q05084_OID20484_v1_Inflammation	7	8262687	8113184	8262687	-1	ENSG00000003147	1	unique_match	UKBB_EUR
OID20485	IRAK1	P51617	v1	Inflammation	/data/Dutta_lab/decode/ukb_ppp/EUR/IRAK1_P51617_OID20485_v1_Inflammation	23	154019989	154010500	154019989	-1	ENSG00000184216	1	unique_match	UKBB_EUR
OID20486	IL12RB1	P42701	v1	Inflammation	/data/Dutta_lab/decode/ukb_ppp/EUR/IL12RB1_P42701_OID20486_v1_Inflammation	19	18098944	18058995	18098944	-1	ENSG00000096996	2	multi_match_first	UKBB_EUR
OID20487	IL1RL2	Q9HB29	v1	Inflammation	/data/Dutta_lab/decode/ukb_ppp/EUR/IL1RL2_Q9HB29_OID20487_v1_Inflammation	2	102186973	102186973	102240002	1	ENSG00000115598	1	unique_match	UKBB_EUR
OID20488	IL1A	P01583	v1	Inflammation	/data/Dutta_lab/decode/ukb_ppp/EUR/IL1A_P01583_OID20488_v1_Inflammation	2	112784590	112773915	112784590	-1	ENSG00000115008	1	unique_match	UKBB_EUR
OID20489	GBP2	P32456	v1	Inflammation	/data/Dutta_lab/decode/ukb_ppp/EUR/GBP2_P32456_OID20489_v1_Inflammation	1	89150456	89106132	89150456	-1	ENSG00000162645	1	unique_match	UKBB_EUR
OID20490	FGF5	P12034	v1	Inflammation	/data/Dutta_lab/decode/ukb_ppp/EUR/FGF5_P12034_OID20490_v1_Inflammation	4	80266599	80266599	80336680	1	ENSG00000138675	1	unique_match	UKBB_EUR
OID20491	CSF3	P09919	v1	Inflammation	/data/Dutta_lab/decode/ukb_ppp/EUR/CSF3_P09919_OID20491_v1_Inflammation	17	40015361	40015361	40017813	1	ENSG00000108342	1	unique_match	UKBB_EUR
OID20492	AMN	Q9BXJ7	v1	Inflammation	/data/Dutta_lab/decode/ukb_ppp/EUR/AMN_Q9BXJ7_OID20492_v1_Inflammation	14	102922656	102922656	102933596	1	ENSG00000166126	2	multi_match_first	UKBB_EUR
OID20493	ITGB6	P18564	v1	Inflammation	/data/Dutta_lab/decode/ukb_ppp/EUR/ITGB6_P18564_OID20493_v1_Inflammation	2	160271888	160099666	160271888	-1	ENSG00000115221	1	unique_match	UKBB_EUR
OID20494	JCHAIN	P01591	v1	Inflammation	/data/Dutta_lab/decode/ukb_ppp/EUR/JCHAIN_P01591_OID20494_v1_Inflammation	4	70681817	70655541	70681817	-1	ENSG00000132465	1	unique_match	UKBB_EUR
OID20495	IFNG	P01579	v1	Inflammation	/data/Dutta_lab/decode/ukb_ppp/EUR/IFNG_P01579_OID20495_v1_Inflammation	12	68159747	68154768	68159747	-1	ENSG00000111537	1	unique_match	UKBB_EUR
OID20496	SLAMF1	Q13291	v1	Inflammation	/data/Dutta_lab/decode/ukb_ppp/EUR/SLAMF1_Q13291_OID20496_v1_Inflammation	1	160647295	160608100	160647295	-1	ENSG00000117090	1	unique_match	UKBB_EUR
OID20497	ENAH	Q8N8S7	v1	Inflammation	/data/Dutta_lab/decode/ukb_ppp/EUR/ENAH_Q8N8S7_OID20497_v1_Inflammation	1	225653142	225486835	225653142	-1	ENSG00000154380	1	unique_match	UKBB_EUR
OID20498	IL15RA	Q13261	v1	Inflammation	/data/Dutta_lab/decode/ukb_ppp/EUR/IL15RA_Q13261_OID20498_v1_Inflammation	10	5978187	5943639	5978187	-1	ENSG00000134470	1	unique_match	UKBB_EUR
OID20500	PARP1	P09874	v1	Inflammation	/data/Dutta_lab/decode/ukb_ppp/EUR/PARP1_P09874_OID20500_v1_Inflammation	1	226408079	226360691	226408079	-1	ENSG00000143799	1	unique_match	UKBB_EUR
OID20501	FABP9	Q0Z7S8	v1	Inflammation	/data/Dutta_lab/decode/ukb_ppp/EUR/FABP9_Q0Z7S8_OID20501_v1_Inflammation	8	81461579	81458341	81461579	-1	ENSG00000205186	1	unique_match	UKBB_EUR
OID20502	SRPK2	P78362	v1	Inflammation	/data/Dutta_lab/decode/ukb_ppp/EUR/SRPK2_P78362_OID20502_v1_Inflammation	7	105399308	105110704	105399308	-1	ENSG00000135250	1	unique_match	UKBB_EUR
OID20503	FGF2	P09038	v1	Inflammation	/data/Dutta_lab/decode/ukb_ppp/EUR/FGF2_P09038_OID20503_v1_Inflammation	4	122826708	122826708	122898236	1	ENSG00000138685	1	unique_match	UKBB_EUR
OID20504	ITM2A	O43736	v1	Inflammation	/data/Dutta_lab/decode/ukb_ppp/EUR/ITM2A_O43736_OID20504_v1_Inflammation	23	79367667	79360384	79367667	-1	ENSG00000078596	1	unique_match	UKBB_EUR
OID20505	BACH1	O14867	v1	Inflammation	/data/Dutta_lab/decode/ukb_ppp/EUR/BACH1_O14867_OID20505_v1_Inflammation	21	29194071	29194071	29630751	1	ENSG00000156273	1	unique_match	UKBB_EUR
OID20506	IFNLR1	Q8IU57	v1	Inflammation	/data/Dutta_lab/decode/ukb_ppp/EUR/IFNLR1_Q8IU57_OID20506_v1_Inflammation	1	24187959	24154157	24187959	-1	ENSG00000185436	1	unique_match	UKBB_EUR
OID20507	TRAF2	Q12933	v1	Inflammation	/data/Dutta_lab/decode/ukb_ppp/EUR/TRAF2_Q12933_OID20507_v1_Inflammation	9	136881912	136881912	136926607	1	ENSG00000127191	1	unique_match	UKBB_EUR
OID20508	SULT2A1	Q06520	v1	Inflammation	/data/Dutta_lab/decode/ukb_ppp/EUR/SULT2A1_Q06520_OID20508_v1_Inflammation	19	47886397	47870466	47886397	-1	ENSG00000105398	1	unique_match	UKBB_EUR
OID20509	SPINK4	O60575	v1	Inflammation	/data/Dutta_lab/decode/ukb_ppp/EUR/SPINK4_O60575_OID20509_v1_Inflammation	9	33218365	33218365	33248567	1	ENSG00000122711	1	unique_match	UKBB_EUR
OID20510	NUB1	Q9Y5A7	v1	Inflammation	/data/Dutta_lab/decode/ukb_ppp/EUR/NUB1_Q9Y5A7_OID20510_v1_Inflammation	7	151341699	151341699	151378449	1	ENSG00000013374	1	unique_match	UKBB_EUR
OID20511	PSPN	O60542	v1	Inflammation	/data/Dutta_lab/decode/ukb_ppp/EUR/PSPN_O60542_OID20511_v1_Inflammation	19	6379058	6375148	6379058	-1	ENSG00000125650	1	unique_match	UKBB_EUR
OID20512	ALDH3A1	P30838	v1	Inflammation	/data/Dutta_lab/decode/ukb_ppp/EUR/ALDH3A1_P30838_OID20512_v1_Inflammation	17	19748943	19737984	19748943	-1	ENSG00000108602	1	unique_match	UKBB_EUR
OID20513	BCL2L11	O43521-2	v1	Inflammation	/data/Dutta_lab/decode/ukb_ppp/EUR/BCL2L11_O43521-2_OID20513_v1_Inflammation	2	111119378	111119378	111168447	1	ENSG00000153094	2	multi_match_first	UKBB_EUR
OID20514	SH2D1A	O60880	v1	Inflammation	/data/Dutta_lab/decode/ukb_ppp/EUR/SH2D1A_O60880_OID20514_v1_Inflammation	23	124227868	124227868	124373197	1	ENSG00000183918	2	multi_match_first	UKBB_EUR
OID20515	FOXO1	Q12778	v1	Inflammation	/data/Dutta_lab/decode/ukb_ppp/EUR/FOXO1_Q12778_OID20515_v1_Inflammation	13	40666597	40469953	40666597	-1	ENSG00000150907	1	unique_match	UKBB_EUR
OID20516	VASH1	Q7L8A9	v1	Inflammation	/data/Dutta_lab/decode/ukb_ppp/EUR/VASH1_Q7L8A9_OID20516_v1_Inflammation	14	76762189	76762189	76783015	1	ENSG00000071246	1	unique_match	UKBB_EUR
OID20517	BID	P55957	v1	Inflammation	/data/Dutta_lab/decode/ukb_ppp/EUR/BID_P55957_OID20517_v1_Inflammation	22	17774770	17734138	17774770	-1	ENSG00000015475	1	unique_match	UKBB_EUR
OID20519	METAP1D	Q6UB28	v1	Inflammation	/data/Dutta_lab/decode/ukb_ppp/EUR/METAP1D_Q6UB28_OID20519_v1_Inflammation	2	171999583	171999583	172082430	1	ENSG00000172878	1	unique_match	UKBB_EUR
OID20520	HLA-DRA	P01903	v1	Inflammation	/data/Dutta_lab/decode/ukb_ppp/EUR/HLA-DRA_P01903_OID20520_v1_Inflammation	6	32439842	32439842	32445046	1	ENSG00000204287	1	unique_match	UKBB_EUR
OID20521	TBC1D5	Q92609	v1	Inflammation	/data/Dutta_lab/decode/ukb_ppp/EUR/TBC1D5_Q92609_OID20521_v1_Inflammation	3	18444817	17157162	18444817	-1	ENSG00000131374	1	unique_match	UKBB_EUR
OID20522	EPO	P01588	v1	Inflammation	/data/Dutta_lab/decode/ukb_ppp/EUR/EPO_P01588_OID20522_v1_Inflammation	7	100720800	100720800	100723700	1	ENSG00000130427	1	unique_match	UKBB_EUR
OID20523	CCL7	P80098	v1	Inflammation	/data/Dutta_lab/decode/ukb_ppp/EUR/CCL7_P80098_OID20523_v1_Inflammation	17	34270221	34270221	34272242	1	ENSG00000108688	1	unique_match	UKBB_EUR
OID20524	DAPP1	Q9UN19	v1	Inflammation	/data/Dutta_lab/decode/ukb_ppp/EUR/DAPP1_Q9UN19_OID20524_v1_Inflammation	4	99816833	99816833	99870154	1	ENSG00000070190	1	unique_match	UKBB_EUR
OID20525	EDAR	Q9UNE0	v1	Inflammation	/data/Dutta_lab/decode/ukb_ppp/EUR/EDAR_Q9UNE0_OID20525_v1_Inflammation	2	108989372	108894471	108989372	-1	ENSG00000135960	1	unique_match	UKBB_EUR
OID20526	TRIM5	Q9C035	v1	Inflammation	/data/Dutta_lab/decode/ukb_ppp/EUR/TRIM5_Q9C035_OID20526_v1_Inflammation	11	5938619	5663557	5938619	-1	ENSG00000132256	1	unique_match	UKBB_EUR
OID20527	DPP10	Q8N608	v1	Inflammation	/data/Dutta_lab/decode/ukb_ppp/EUR/DPP10_Q8N608_OID20527_v1_Inflammation	2	114442299	114442299	115845752	1	ENSG00000175497	1	unique_match	UKBB_EUR
OID20528	ITGA6	P23229	v1	Inflammation	/data/Dutta_lab/decode/ukb_ppp/EUR/ITGA6_P23229_OID20528_v1_Inflammation	2	172427354	172427354	172506282	1	ENSG00000091409	1	unique_match	UKBB_EUR
OID20529	FCRL6	Q6DN72	v1	Inflammation	/data/Dutta_lab/decode/ukb_ppp/EUR/FCRL6_Q6DN72_OID20529_v1_Inflammation	1	159800511	159800511	159816251	1	ENSG00000181036	1	unique_match	UKBB_EUR
OID20530	LSP1	P33241	v1	Inflammation	/data/Dutta_lab/decode/ukb_ppp/EUR/LSP1_P33241_OID20530_v1_Inflammation	11	1852970	1852970	1892267	1	ENSG00000130592	1	unique_match	UKBB_EUR
OID20531	STX8	Q9UNK0	v1	Inflammation	/data/Dutta_lab/decode/ukb_ppp/EUR/STX8_Q9UNK0_OID20531_v1_Inflammation	17	9576591	9250471	9576591	-1	ENSG00000170310	1	unique_match	UKBB_EUR
OID20532	HLA-E	P13747	v1	Inflammation	/data/Dutta_lab/decode/ukb_ppp/EUR/HLA-E_P13747_OID20532_v1_Inflammation	6	30489467	30489467	30494205	1	ENSG00000204592	1	unique_match	UKBB_EUR
OID20533	TRIM21	P19474	v1	Inflammation	/data/Dutta_lab/decode/ukb_ppp/EUR/TRIM21_P19474_OID20533_v1_Inflammation	11	4393696	4384897	4393696	-1	ENSG00000132109	1	unique_match	UKBB_EUR
OID20534	PSIP1	O75475	v1	Inflammation	/data/Dutta_lab/decode/ukb_ppp/EUR/PSIP1_O75475_OID20534_v1_Inflammation	9	15511019	15464066	15511019	-1	ENSG00000164985	1	unique_match	UKBB_EUR
OID20535	IL7	P13232	v1	Inflammation	/data/Dutta_lab/decode/ukb_ppp/EUR/IL7_P13232_OID20535_v1_Inflammation	8	78805523	78675743	78805523	-1	ENSG00000104432	1	unique_match	UKBB_EUR
OID20536	SAMD9L	Q8IVG5	v1	Inflammation	/data/Dutta_lab/decode/ukb_ppp/EUR/SAMD9L_Q8IVG5_OID20536_v1_Inflammation	7	93148369	93130055	93148369	-1	ENSG00000177409	1	unique_match	UKBB_EUR
OID20537	SIGLEC10	Q96LC7	v1	Inflammation	/data/Dutta_lab/decode/ukb_ppp/EUR/SIGLEC10_Q96LC7_OID20537_v1_Inflammation	19	51417803	51410021	51417803	-1	ENSG00000142512	1	unique_match	UKBB_EUR
OID20538	ISM1	B1AKI9	v1	Inflammation	/data/Dutta_lab/decode/ukb_ppp/EUR/ISM1_B1AKI9_OID20538_v1_Inflammation	20	13221771	13221771	13300651	1	ENSG00000101230	1	unique_match	UKBB_EUR
OID20539	SLC39A5	Q6ZMH5	v1	Inflammation	/data/Dutta_lab/decode/ukb_ppp/EUR/SLC39A5_Q6ZMH5_OID20539_v1_Inflammation	12	56230049	56230049	56237846	1	ENSG00000139540	1	unique_match	UKBB_EUR
OID20540	BTN3A2	P78410	v1	Inflammation	/data/Dutta_lab/decode/ukb_ppp/EUR/BTN3A2_P78410_OID20540_v1_Inflammation	6	26365159	26365159	26378320	1	ENSG00000186470	1	unique_match	UKBB_EUR
OID20541	MLN	P12872	v1	Inflammation	/data/Dutta_lab/decode/ukb_ppp/EUR/MLN_P12872_OID20541_v1_Inflammation	6	33804011	33794673	33804011	-1	ENSG00000096395	1	unique_match	UKBB_EUR
OID20542	SCRN1	Q12765	v1	Inflammation	/data/Dutta_lab/decode/ukb_ppp/EUR/SCRN1_Q12765_OID20542_v1_Inflammation	7	29990289	29920103	29990289	-1	ENSG00000136193	1	unique_match	UKBB_EUR
OID20543	PROK1	P58294	v1	Inflammation	/data/Dutta_lab/decode/ukb_ppp/EUR/PROK1_P58294_OID20543_v1_Inflammation	1	110451200	110451200	110457354	1	ENSG00000143125	1	unique_match	UKBB_EUR
OID20544	IKBKG	Q9Y6K9	v1	Inflammation	/data/Dutta_lab/decode/ukb_ppp/EUR/IKBKG_Q9Y6K9_OID20544_v1_Inflammation	23	154541199	154541199	154565046	1	ENSG00000269335	2	multi_match_first	UKBB_EUR
OID20545	NFATC1	O95644	v1	Inflammation	/data/Dutta_lab/decode/ukb_ppp/EUR/NFATC1_O95644_OID20545_v1_Inflammation	18	79395856	79395856	79529325	1	ENSG00000131196	1	unique_match	UKBB_EUR
OID20546	CCL26	Q9Y258	v1	Inflammation	/data/Dutta_lab/decode/ukb_ppp/EUR/CCL26_Q9Y258_OID20546_v1_Inflammation	7	75789896	75769533	75789896	-1	ENSG00000006606	1	unique_match	UKBB_EUR
OID20547	CLEC4C	Q8WTT0	v1	Inflammation	/data/Dutta_lab/decode/ukb_ppp/EUR/CLEC4C_Q8WTT0_OID20547_v1_Inflammation	12	7751605	7729415	7751605	-1	ENSG00000198178	1	unique_match	UKBB_EUR
OID20548	CEACAM21	Q3KPI0	v1	Inflammation	/data/Dutta_lab/decode/ukb_ppp/EUR/CEACAM21_Q3KPI0_OID20548_v1_Inflammation	19	41549518	41549518	41586844	1	ENSG00000007129	1	unique_match	UKBB_EUR
OID20549	PSMG3	Q9BT73	v1	Inflammation	/data/Dutta_lab/decode/ukb_ppp/EUR/PSMG3_Q9BT73_OID20549_v1_Inflammation	7	1571005	1567330	1571005	-1	ENSG00000157778	1	unique_match	UKBB_EUR
OID20550	COL9A1	P20849	v1	Inflammation	/data/Dutta_lab/decode/ukb_ppp/EUR/COL9A1_P20849_OID20550_v1_Inflammation	6	70303083	70215061	70303083	-1	ENSG00000112280	1	unique_match	UKBB_EUR
OID20551	GOPC	Q9HD26	v1	Inflammation	/data/Dutta_lab/decode/ukb_ppp/EUR/GOPC_Q9HD26_OID20551_v1_Inflammation	6	117602542	117560269	117602542	-1	ENSG00000047932	1	unique_match	UKBB_EUR
OID20552	MAP2K6	P52564	v1	Inflammation	/data/Dutta_lab/decode/ukb_ppp/EUR/MAP2K6_P52564_OID20552_v1_Inflammation	17	69414698	69414698	69543331	1	ENSG00000108984	1	unique_match	UKBB_EUR
OID20553	NT5C3A	Q9H0P0	v1	Inflammation	/data/Dutta_lab/decode/ukb_ppp/EUR/NT5C3A_Q9H0P0_OID20553_v1_Inflammation	7	33062797	33014114	33062797	-1	ENSG00000122643	1	unique_match	UKBB_EUR
OID20554	ARHGEF12	Q9NZN5	v1	Inflammation	/data/Dutta_lab/decode/ukb_ppp/EUR/ARHGEF12_Q9NZN5_OID20554_v1_Inflammation	11	120336914	120336914	120489936	1	ENSG00000196914	1	unique_match	UKBB_EUR
OID20555	CASP2	P42575	v1	Inflammation	/data/Dutta_lab/decode/ukb_ppp/EUR/CASP2_P42575_OID20555_v1_Inflammation	7	143288215	143288215	143307696	1	ENSG00000106144	1	unique_match	UKBB_EUR
OID20556	CNTNAP2	Q9UHC6	v1	Inflammation	/data/Dutta_lab/decode/ukb_ppp/EUR/CNTNAP2_Q9UHC6_OID20556_v1_Inflammation	7	146116002	146116002	148420998	1	ENSG00000174469	1	unique_match	UKBB_EUR
OID20557	MAPK9	P45984	v1	Inflammation	/data/Dutta_lab/decode/ukb_ppp/EUR/MAPK9_P45984_OID20557_v1_Inflammation	5	180292099	180233143	180292099	-1	ENSG00000050748	1	unique_match	UKBB_EUR
OID20558	BCR	P11274	v1	Inflammation	/data/Dutta_lab/decode/ukb_ppp/EUR/BCR_P11274_OID20558_v1_Inflammation	22	23179704	23179704	23318037	1	ENSG00000186716	1	unique_match	UKBB_EUR
OID20559	CLIP2	Q9UDT6	v1	Inflammation	/data/Dutta_lab/decode/ukb_ppp/EUR/CLIP2_Q9UDT6_OID20559_v1_Inflammation	7	74289475	74289475	74405943	1	ENSG00000106665	1	unique_match	UKBB_EUR
OID20560	SELPLG	Q14242	v1	Inflammation	/data/Dutta_lab/decode/ukb_ppp/EUR/SELPLG_Q14242_OID20560_v1_Inflammation	12	108633959	108622277	108633959	-1	ENSG00000110876	1	unique_match	UKBB_EUR
OID20561	CXADR	P78310	v1	Inflammation	/data/Dutta_lab/decode/ukb_ppp/EUR/CXADR_P78310_OID20561_v1_Inflammation	21	17512382	17512382	17593579	1	ENSG00000154639	1	unique_match	UKBB_EUR
OID20562	IL15	P40933	v1	Inflammation	/data/Dutta_lab/decode/ukb_ppp/EUR/IL15_P40933_OID20562_v1_Inflammation	4	141636599	141636599	141733987	1	ENSG00000164136	1	unique_match	UKBB_EUR
OID20563	IL6	P05231	v1	Inflammation	/data/Dutta_lab/decode/ukb_ppp/EUR/IL6_P05231_OID20563_v1_Inflammation	7	22725884	22725884	22732002	1	ENSG00000136244	1	unique_match	UKBB_EUR
OID20564	FCAR	P24071	v1	Inflammation	/data/Dutta_lab/decode/ukb_ppp/EUR/FCAR_P24071_OID20564_v1_Inflammation	19	54874248	54874248	54890472	1	ENSG00000186431	1	unique_match	UKBB_EUR
OID20565	CD83	Q01151	v1	Inflammation	/data/Dutta_lab/decode/ukb_ppp/EUR/CD83_Q01151_OID20565_v1_Inflammation	6	14117256	14117256	14136918	1	ENSG00000112149	1	unique_match	UKBB_EUR
OID20566	NCR1	O76036	v1	Inflammation	/data/Dutta_lab/decode/ukb_ppp/EUR/NCR1_O76036_OID20566_v1_Inflammation	19	54906150	54906150	54916140	1	ENSG00000189430	1	unique_match	UKBB_EUR
OID20567	NCF2	P19878	v1	Inflammation	/data/Dutta_lab/decode/ukb_ppp/EUR/NCF2_P19878_OID20567_v1_Inflammation	1	183590604	183555562	183590604	-1	LRG_88	2	multi_match_first	UKBB_EUR
OID20568	NPPC	P23582	v1	Inflammation	/data/Dutta_lab/decode/ukb_ppp/EUR/NPPC_P23582_OID20568_v1_Inflammation	2	231926403	231921820	231926403	-1	ENSG00000163273	1	unique_match	UKBB_EUR
OID20569	CCL28	Q9NRJ3	v1	Inflammation	/data/Dutta_lab/decode/ukb_ppp/EUR/CCL28_Q9NRJ3_OID20569_v1_Inflammation	5	43412391	43376645	43412391	-1	ENSG00000151882	1	unique_match	UKBB_EUR
OID20570	PTX3	P26022	v1	Inflammation	/data/Dutta_lab/decode/ukb_ppp/EUR/PTX3_P26022_OID20570_v1_Inflammation	3	157436789	157436789	157443628	1	ENSG00000163661	1	unique_match	UKBB_EUR
OID20571	PTH1R	Q03431	v1	Inflammation	/data/Dutta_lab/decode/ukb_ppp/EUR/PTH1R_Q03431_OID20571_v1_Inflammation	3	46877746	46877746	46903799	1	ENSG00000160801	1	unique_match	UKBB_EUR
OID20572	EGLN1	Q9GZT9	v1	Inflammation	/data/Dutta_lab/decode/ukb_ppp/EUR/EGLN1_Q9GZT9_OID20572_v1_Inflammation	1	231425044	231363751	231425044	-1	ENSG00000135766	1	unique_match	UKBB_EUR
OID20573	CLEC4A	Q9UMR7	v1	Inflammation	/data/Dutta_lab/decode/ukb_ppp/EUR/CLEC4A_Q9UMR7_OID20573_v1_Inflammation	12	8123632	8123632	8138607	1	ENSG00000111729	1	unique_match	UKBB_EUR
OID20574	OSM	P13725	v1	Inflammation	/data/Dutta_lab/decode/ukb_ppp/EUR/OSM_P13725_OID20574_v1_Inflammation	22	30266840	30262829	30266840	-1	ENSG00000099985	1	unique_match	UKBB_EUR
OID20575	HSD11B1	P28845	v1	Inflammation	/data/Dutta_lab/decode/ukb_ppp/EUR/HSD11B1_P28845_OID20575_v1_Inflammation	1	209686178	209686178	209734950	1	ENSG00000117594	1	unique_match	UKBB_EUR
OID20576	IL4R	P24394	v1	Inflammation	/data/Dutta_lab/decode/ukb_ppp/EUR/IL4R_P24394_OID20576_v1_Inflammation	16	27313668	27313668	27364778	1	ENSG00000077238	1	unique_match	UKBB_EUR
OID20577	IRAK4	Q9NWZ3	v1	Inflammation	/data/Dutta_lab/decode/ukb_ppp/EUR/IRAK4_Q9NWZ3_OID20577_v1_Inflammation	12	43758944	43758944	43789543	1	ENSG00000198001	2	multi_match_first	UKBB_EUR
OID20578	ICAM4	Q14773	v1	Inflammation	/data/Dutta_lab/decode/ukb_ppp/EUR/ICAM4_Q14773_OID20578_v1_Inflammation	19	10286967	10286967	10288522	1	ENSG00000105371	1	unique_match	UKBB_EUR
OID20579	DECR1	Q16698	v1	Inflammation	/data/Dutta_lab/decode/ukb_ppp/EUR/DECR1_Q16698_OID20579_v1_Inflammation	8	90001405	90001405	90052092	1	ENSG00000104325	1	unique_match	UKBB_EUR
OID20580	LY75	O60449	v1	Inflammation	/data/Dutta_lab/decode/ukb_ppp/EUR/LY75_O60449_OID20580_v1_Inflammation	2	159904749	159803355	159904749	-1	ENSG00000054219	1	unique_match	UKBB_EUR
OID20581	ITGA11	Q9UKX5	v1	Inflammation	/data/Dutta_lab/decode/ukb_ppp/EUR/ITGA11_Q9UKX5_OID20581_v1_Inflammation	15	68432162	68296533	68432162	-1	ENSG00000137809	1	unique_match	UKBB_EUR
OID20582	AXIN1	O15169	v1	Inflammation	/data/Dutta_lab/decode/ukb_ppp/EUR/AXIN1_O15169_OID20582_v1_Inflammation	16	352673	287440	352673	-1	ENSG00000103126	1	unique_match	UKBB_EUR
OID20583	ANXA11	P50995	v1	Inflammation	/data/Dutta_lab/decode/ukb_ppp/EUR/ANXA11_P50995_OID20583_v1_Inflammation	10	80205572	80150889	80205572	-1	ENSG00000122359	1	unique_match	UKBB_EUR
OID20584	CD4	P01730	v1	Inflammation	/data/Dutta_lab/decode/ukb_ppp/EUR/CD4_P01730_OID20584_v1_Inflammation	12	6786858	6786858	6820808	1	ENSG00000010610	1	unique_match	UKBB_EUR
OID20585	IL17RB	Q9NRM6	v1	Inflammation	/data/Dutta_lab/decode/ukb_ppp/EUR/IL17RB_Q9NRM6_OID20585_v1_Inflammation	3	53846580	53846580	53865800	1	ENSG00000056736	1	unique_match	UKBB_EUR
OID20586	LTA	P01374	v1	Inflammation	/data/Dutta_lab/decode/ukb_ppp/EUR/LTA_P01374_OID20586_v1_Inflammation	6	31572054	31572054	31574324	1	ENSG00000226979	1	unique_match	UKBB_EUR
OID20587	PIK3AP1	Q6ZUJ8	v1	Inflammation	/data/Dutta_lab/decode/ukb_ppp/EUR/PIK3AP1_Q6ZUJ8_OID20587_v1_Inflammation	10	96720514	96593312	96720514	-1	ENSG00000155629	1	unique_match	UKBB_EUR
OID20588	MGMT	P16455	v1	Inflammation	/data/Dutta_lab/decode/ukb_ppp/EUR/MGMT_P16455_OID20588_v1_Inflammation	10	129467184	129467184	129768007	1	ENSG00000170430	1	unique_match	UKBB_EUR
OID20589	HEXIM1	O94992	v1	Inflammation	/data/Dutta_lab/decode/ukb_ppp/EUR/HEXIM1_O94992_OID20589_v1_Inflammation	17	45148502	45148502	45152101	1	ENSG00000186834	1	unique_match	UKBB_EUR
OID20590	CLEC4G	Q6UXB4	v1	Inflammation	/data/Dutta_lab/decode/ukb_ppp/EUR/CLEC4G_Q6UXB4_OID20590_v1_Inflammation	19	7733906	7728957	7733906	-1	ENSG00000182566	1	unique_match	UKBB_EUR
OID20591	NTF3	P20783	v1	Inflammation	/data/Dutta_lab/decode/ukb_ppp/EUR/NTF3_P20783_OID20591_v1_Inflammation	12	5432112	5432112	5521536	1	ENSG00000185652	1	unique_match	UKBB_EUR
OID20592	TNFSF11	O14788	v1	Inflammation	/data/Dutta_lab/decode/ukb_ppp/EUR/TNFSF11_O14788_OID20592_v1_Inflammation	13	42562736	42562736	42608013	1	ENSG00000120659	1	unique_match	UKBB_EUR
OID20594	BANK1	Q8NDB2	v1	Inflammation	/data/Dutta_lab/decode/ukb_ppp/EUR/BANK1_Q8NDB2_OID20594_v1_Inflammation	4	101411286	101411286	102074812	1	ENSG00000153064	1	unique_match	UKBB_EUR
OID20595	CD200R1	Q8TD46	v1	Inflammation	/data/Dutta_lab/decode/ukb_ppp/EUR/CD200R1_Q8TD46_OID20595_v1_Inflammation	3	112975122	112921209	112975122	-1	ENSG00000163606	1	unique_match	UKBB_EUR
OID20596	KRT19	P08727	v1	Inflammation	/data/Dutta_lab/decode/ukb_ppp/EUR/KRT19_P08727_OID20596_v1_Inflammation	17	41528308	41523617	41528308	-1	ENSG00000171345	1	unique_match	UKBB_EUR
OID20597	PLXNA4	Q9HCM2	v1	Inflammation	/data/Dutta_lab/decode/ukb_ppp/EUR/PLXNA4_Q9HCM2_OID20597_v1_Inflammation	7	132648688	132123332	132648688	-1	ENSG00000221866	1	unique_match	UKBB_EUR
OID20598	PTPRM	P28827	v1	Inflammation	/data/Dutta_lab/decode/ukb_ppp/EUR/PTPRM_P28827_OID20598_v1_Inflammation	18	7566782	7566782	8406861	1	ENSG00000173482	1	unique_match	UKBB_EUR
OID20599	CD70	P32970	v1	Inflammation	/data/Dutta_lab/decode/ukb_ppp/EUR/CD70_P32970_OID20599_v1_Inflammation	19	6604103	6583183	6604103	-1	ENSG00000125726	1	unique_match	UKBB_EUR
OID20600	TGFA	P01135	v1	Inflammation	/data/Dutta_lab/decode/ukb_ppp/EUR/TGFA_P01135_OID20600_v1_Inflammation	2	70554193	70447280	70554193	-1	ENSG00000163235	1	unique_match	UKBB_EUR
OID20601	IL5RA	Q01344	v1	Inflammation	/data/Dutta_lab/decode/ukb_ppp/EUR/IL5RA_Q01344_OID20601_v1_Inflammation	3	3126613	3066326	3126613	-1	ENSG00000091181	1	unique_match	UKBB_EUR
OID20602	SLAMF7	Q9NQ25	v1	Inflammation	/data/Dutta_lab/decode/ukb_ppp/EUR/SLAMF7_Q9NQ25_OID20602_v1_Inflammation	1	160739057	160739057	160754821	1	ENSG00000026751	1	unique_match	UKBB_EUR
OID20603	CD200	P41217	v1	Inflammation	/data/Dutta_lab/decode/ukb_ppp/EUR/CD200_P41217_OID20603_v1_Inflammation	3	112332347	112332347	112362812	1	ENSG00000091972	1	unique_match	UKBB_EUR
OID20604	GZMB	P10144	v1	Inflammation	/data/Dutta_lab/decode/ukb_ppp/EUR/GZMB_P10144_OID20604_v1_Inflammation	14	24634267	24630954	24634267	-1	ENSG00000100453	1	unique_match	UKBB_EUR
OID20605	IL32	P24001	v1	Inflammation	/data/Dutta_lab/decode/ukb_ppp/EUR/IL32_P24001_OID20605_v1_Inflammation	16	3065297	3065297	3082192	1	ENSG00000008517	1	unique_match	UKBB_EUR
OID20606	LIFR	P42702	v1	Inflammation	/data/Dutta_lab/decode/ukb_ppp/EUR/LIFR_P42702_OID20606_v1_Inflammation	5	38608354	38474963	38608354	-1	ENSG00000113594	1	unique_match	UKBB_EUR
OID20607	CD84	Q9UIB8	v1	Inflammation	/data/Dutta_lab/decode/ukb_ppp/EUR/CD84_Q9UIB8_OID20607_v1_Inflammation	1	160579516	160541095	160579516	-1	ENSG00000066294	1	unique_match	UKBB_EUR
OID20608	RAB6A	P20340	v1	Inflammation	/data/Dutta_lab/decode/ukb_ppp/EUR/RAB6A_P20340_OID20608_v1_Inflammation	11	73761137	73675638	73761137	-1	ENSG00000175582	1	unique_match	UKBB_EUR
OID20609	CLEC4D	Q8WXI8	v1	Inflammation	/data/Dutta_lab/decode/ukb_ppp/EUR/CLEC4D_Q8WXI8_OID20609_v1_Inflammation	12	8509475	8509475	8522366	1	ENSG00000166527	1	unique_match	UKBB_EUR
OID20610	CCL3	P10147	v1	Inflammation	/data/Dutta_lab/decode/ukb_ppp/EUR/CCL3_P10147_OID20610_v1_Inflammation	17	36090169	36088256	36090169	-1	ENSG00000277632	1	unique_match	UKBB_EUR
OID20611	TNFSF10	P50591	v1	Inflammation	/data/Dutta_lab/decode/ukb_ppp/EUR/TNFSF10_P50591_OID20611_v1_Inflammation	3	172523507	172505508	172523507	-1	ENSG00000121858	1	unique_match	UKBB_EUR
OID20612	TLR3	O15455	v1	Inflammation	/data/Dutta_lab/decode/ukb_ppp/EUR/TLR3_O15455_OID20612_v1_Inflammation	4	186069152	186069152	186088069	1	ENSG00000164342	2	multi_match_first	UKBB_EUR
OID20613	CXCL6	P80162	v1	Inflammation	/data/Dutta_lab/decode/ukb_ppp/EUR/CXCL6_P80162_OID20613_v1_Inflammation	4	73836497	73836497	73849064	1	ENSG00000124875	1	unique_match	UKBB_EUR
OID20614	PCDH1	Q08174	v1	Inflammation	/data/Dutta_lab/decode/ukb_ppp/EUR/PCDH1_Q08174_OID20614_v1_Inflammation	5	141879246	141853111	141879246	-1	ENSG00000156453	1	unique_match	UKBB_EUR
OID20615	HPCAL1	P37235	v1	Inflammation	/data/Dutta_lab/decode/ukb_ppp/EUR/HPCAL1_P37235_OID20615_v1_Inflammation	2	10302889	10302889	10427617	1	ENSG00000115756	1	unique_match	UKBB_EUR
OID20616	CD40LG	P29965	v1	Inflammation	/data/Dutta_lab/decode/ukb_ppp/EUR/CD40LG_P29965_OID20616_v1_Inflammation	23	136648177	136648177	136660390	1	LRG_141	2	multi_match_first	UKBB_EUR
OID20617	CKAP4	Q07065	v1	Inflammation	/data/Dutta_lab/decode/ukb_ppp/EUR/CKAP4_Q07065_OID20617_v1_Inflammation	12	106304279	106237877	106304279	-1	ENSG00000136026	1	unique_match	UKBB_EUR
OID20618	FKBP1B	P68106	v1	Inflammation	/data/Dutta_lab/decode/ukb_ppp/EUR/FKBP1B_P68106_OID20618_v1_Inflammation	2	24049701	24049701	24063681	1	ENSG00000119782	1	unique_match	UKBB_EUR
OID20619	IDS	P22304	v1	Inflammation	/data/Dutta_lab/decode/ukb_ppp/EUR/IDS_P22304_OID20619_v1_Inflammation	23	149521096	149476990	149521096	-1	ENSG00000010404	1	unique_match	UKBB_EUR
OID20620	DFFA	O00273	v1	Inflammation	/data/Dutta_lab/decode/ukb_ppp/EUR/DFFA_O00273_OID20620_v1_Inflammation	1	10472526	10456522	10472526	-1	ENSG00000160049	1	unique_match	UKBB_EUR
OID20621	TGFB1	P01137	v1	Inflammation	/data/Dutta_lab/decode/ukb_ppp/EUR/TGFB1_P01137_OID20621_v1_Inflammation	19	41353911	41301587	41353911	-1	ENSG00000105329	1	unique_match	UKBB_EUR
OID20622	CXCL17	Q6UXB2	v1	Inflammation	/data/Dutta_lab/decode/ukb_ppp/EUR/CXCL17_Q6UXB2_OID20622_v1_Inflammation	19	42443048	42428288	42443048	-1	ENSG00000189377	1	unique_match	UKBB_EUR
OID20623	NUDC	Q9Y266	v1	Inflammation	/data/Dutta_lab/decode/ukb_ppp/EUR/NUDC_Q9Y266_OID20623_v1_Inflammation	1	26900238	26900238	26946862	1	ENSG00000090273	1	unique_match	UKBB_EUR
OID20624	TNFSF12	O43508	v1	Inflammation	/data/Dutta_lab/decode/ukb_ppp/EUR/TNFSF12_O43508_OID20624_v1_Inflammation	17	7548891	7548891	7557890	1	ENSG00000239697	1	unique_match	UKBB_EUR
OID20625	EIF4G1	Q04637	v1	Inflammation	/data/Dutta_lab/decode/ukb_ppp/EUR/EIF4G1_Q04637_OID20625_v1_Inflammation	3	184314495	184314495	184335358	1	ENSG00000114867	1	unique_match	UKBB_EUR
OID20626	BSG	P35613	v1	Inflammation	/data/Dutta_lab/decode/ukb_ppp/EUR/BSG_P35613_OID20626_v1_Inflammation	19	571277	571277	583493	1	ENSG00000172270	1	unique_match	UKBB_EUR
OID20627	DNAJA2	O60884	v1	Inflammation	/data/Dutta_lab/decode/ukb_ppp/EUR/DNAJA2_O60884_OID20627_v1_Inflammation	16	46973788	46955362	46973788	-1	ENSG00000069345	1	unique_match	UKBB_EUR
OID20628	CD244	Q9BZW8	v1	Inflammation	/data/Dutta_lab/decode/ukb_ppp/EUR/CD244_Q9BZW8_OID20628_v1_Inflammation	1	160862855	160830160	160862855	-1	ENSG00000122223	1	unique_match	UKBB_EUR
OID20629	KLRB1	Q12918	v1	Inflammation	/data/Dutta_lab/decode/ukb_ppp/EUR/KLRB1_Q12918_OID20629_v1_Inflammation	12	9607886	9594551	9607886	-1	ENSG00000111796	1	unique_match	UKBB_EUR
OID20630	SERPINB8	P50452	v1	Inflammation	/data/Dutta_lab/decode/ukb_ppp/EUR/SERPINB8_P50452_OID20630_v1_Inflammation	18	63969925	63969925	64019779	1	ENSG00000166401	1	unique_match	UKBB_EUR
OID20631	CXCL8	P10145	v1	Inflammation	/data/Dutta_lab/decode/ukb_ppp/EUR/CXCL8_P10145_OID20631_v1_Inflammation	4	73740506	73740506	73743716	1	ENSG00000169429	1	unique_match	UKBB_EUR
OID20632	KLRD1	Q13241	v1	Inflammation	/data/Dutta_lab/decode/ukb_ppp/EUR/KLRD1_Q13241_OID20632_v1_Inflammation	12	10226058	10226058	10329600	1	ENSG00000134539	1	unique_match	UKBB_EUR
OID20633	IL16	Q14005	v1	Inflammation	/data/Dutta_lab/decode/ukb_ppp/EUR/IL16_Q14005_OID20633_v1_Inflammation	15	81159575	81159575	81314058	1	ENSG00000172349	1	unique_match	UKBB_EUR
OID20634	NFASC	O94856	v1	Inflammation	/data/Dutta_lab/decode/ukb_ppp/EUR/NFASC_O94856_OID20634_v1_Inflammation	1	204828651	204828651	205022822	1	ENSG00000163531	1	unique_match	UKBB_EUR
OID20635	CD79B	P40259	v1	Inflammation	/data/Dutta_lab/decode/ukb_ppp/EUR/CD79B_P40259_OID20635_v1_Inflammation	17	63932344	63928738	63932344	-1	LRG_43	2	multi_match_first	UKBB_EUR
OID20636	CLEC7A	Q9BXN2	v1	Inflammation	/data/Dutta_lab/decode/ukb_ppp/EUR/CLEC7A_Q9BXN2_OID20636_v1_Inflammation	12	10130258	10116777	10130258	-1	ENSG00000172243	2	multi_match_first	UKBB_EUR
OID20637	CD22	P20273	v1	Inflammation	/data/Dutta_lab/decode/ukb_ppp/EUR/CD22_P20273_OID20637_v1_Inflammation	19	35319261	35319261	35347355	1	ENSG00000012124	1	unique_match	UKBB_EUR
OID20638	LAMP3	Q9UQV4	v1	Inflammation	/data/Dutta_lab/decode/ukb_ppp/EUR/LAMP3_Q9UQV4_OID20638_v1_Inflammation	3	183163839	183122213	183163839	-1	ENSG00000078081	1	unique_match	UKBB_EUR
OID20639	FCRL2	Q96LA5	v1	Inflammation	/data/Dutta_lab/decode/ukb_ppp/EUR/FCRL2_Q96LA5_OID20639_v1_Inflammation	1	157777132	157745733	157777132	-1	ENSG00000132704	1	unique_match	UKBB_EUR
OID20640	LAT	O43561	v1	Inflammation	/data/Dutta_lab/decode/ukb_ppp/EUR/LAT_O43561_OID20640_v1_Inflammation	16	28984826	28984826	28990783	1	ENSG00000213658	1	unique_match	UKBB_EUR
OID20641	GMPR	P36959	v1	Inflammation	/data/Dutta_lab/decode/ukb_ppp/EUR/GMPR_P36959_OID20641_v1_Inflammation	6	16238580	16238580	16295549	1	ENSG00000137198	1	unique_match	UKBB_EUR
OID20642	TPSAB1	Q15661	v1	Inflammation	/data/Dutta_lab/decode/ukb_ppp/EUR/TPSAB1_Q15661_OID20642_v1_Inflammation	16	1240696	1240696	1242554	1	ENSG00000172236	1	unique_match	UKBB_EUR
OID20643	PPP1R9B	Q96SB3	v1	Inflammation	/data/Dutta_lab/decode/ukb_ppp/EUR/PPP1R9B_Q96SB3_OID20643_v1_Inflammation	17	50150630	50133735	50150630	-1	ENSG00000108819	1	unique_match	UKBB_EUR
OID20644	PRDX5	P30044	v1	Inflammation	/data/Dutta_lab/decode/ukb_ppp/EUR/PRDX5_P30044_OID20644_v1_Inflammation	11	64318088	64318088	64321811	1	ENSG00000126432	1	unique_match	UKBB_EUR
OID20645	ADA	P00813	v1	Inflammation	/data/Dutta_lab/decode/ukb_ppp/EUR/ADA_P00813_OID20645_v1_Inflammation	20	44652233	44619522	44652233	-1	ENSG00000196839	2	multi_match_first	UKBB_EUR
OID20646	TNFRSF11A	Q9Y6Q6	v1	Inflammation	/data/Dutta_lab/decode/ukb_ppp/EUR/TNFRSF11A_Q9Y6Q6_OID20646_v1_Inflammation	18	62325287	62325287	62391292	1	ENSG00000141655	2	multi_match_first	UKBB_EUR
OID20647	CD160	O95971	v1	Inflammation	/data/Dutta_lab/decode/ukb_ppp/EUR/CD160_O95971_OID20647_v1_Inflammation	1	145719471	145719471	145739288	1	ENSG00000117281	1	unique_match	UKBB_EUR
OID20648	HCLS1	P14317	v1	Inflammation	/data/Dutta_lab/decode/ukb_ppp/EUR/HCLS1_P14317_OID20648_v1_Inflammation	3	121660927	121631399	121660927	-1	ENSG00000180353	1	unique_match	UKBB_EUR
OID20649	CD6	P30203	v1	Inflammation	/data/Dutta_lab/decode/ukb_ppp/EUR/CD6_P30203_OID20649_v1_Inflammation	11	60971680	60971680	61020377	1	ENSG00000013725	1	unique_match	UKBB_EUR
OID20650	VEGFA	P15692	v1	Inflammation	/data/Dutta_lab/decode/ukb_ppp/EUR/VEGFA_P15692_OID20650_v1_Inflammation	6	43770184	43770184	43786487	1	ENSG00000112715	1	unique_match	UKBB_EUR
OID20651	ADAM23	O75077	v1	Inflammation	/data/Dutta_lab/decode/ukb_ppp/EUR/ADAM23_O75077_OID20651_v1_Inflammation	2	206443539	206443539	206621130	1	ENSG00000114948	1	unique_match	UKBB_EUR
OID20652	IL18R1	Q13478	v1	Inflammation	/data/Dutta_lab/decode/ukb_ppp/EUR/IL18R1_Q13478_OID20652_v1_Inflammation	2	102311529	102311529	102398775	1	ENSG00000115604	1	unique_match	UKBB_EUR
OID20653	TNFRSF4	P43489	v1	Inflammation	/data/Dutta_lab/decode/ukb_ppp/EUR/TNFRSF4_P43489_OID20653_v1_Inflammation	1	1214138	1211326	1214138	-1	ENSG00000186827	1	unique_match	UKBB_EUR
OID20654	C1QA	P02745	v1	Inflammation	/data/Dutta_lab/decode/ukb_ppp/EUR/C1QA_P02745_OID20654_v1_Inflammation	1	22636506	22636506	22639608	1	ENSG00000173372	2	multi_match_first	UKBB_EUR
OID20655	CCL13	Q99616	v1	Inflammation	/data/Dutta_lab/decode/ukb_ppp/EUR/CCL13_Q99616_OID20655_v1_Inflammation	17	34356452	34356452	34358610	1	ENSG00000181374	1	unique_match	UKBB_EUR
OID20656	HGF	P14210	v1	Inflammation	/data/Dutta_lab/decode/ukb_ppp/EUR/HGF_P14210_OID20656_v1_Inflammation	7	81770438	81699006	81770438	-1	ENSG00000019991	1	unique_match	UKBB_EUR
OID20657	MERTK	Q12866	v1	Inflammation	/data/Dutta_lab/decode/ukb_ppp/EUR/MERTK_Q12866_OID20657_v1_Inflammation	2	111898479	111898479	112029561	1	ENSG00000153208	1	unique_match	UKBB_EUR
OID20658	AGRP	O00253	v1	Inflammation	/data/Dutta_lab/decode/ukb_ppp/EUR/AGRP_O00253_OID20658_v1_Inflammation	16	67483813	67482571	67483813	-1	ENSG00000159723	1	unique_match	UKBB_EUR
OID20660	CTSO	P43234	v1	Inflammation	/data/Dutta_lab/decode/ukb_ppp/EUR/CTSO_P43234_OID20660_v1_Inflammation	4	155953917	155924118	155953917	-1	ENSG00000256043	1	unique_match	UKBB_EUR
OID20661	FLT3LG	P49771	v1	Inflammation	/data/Dutta_lab/decode/ukb_ppp/EUR/FLT3LG_P49771_OID20661_v1_Inflammation	19	49474207	49474207	49486231	1	ENSG00000090554	1	unique_match	UKBB_EUR
OID20662	VEGFD	O43915	v1	Inflammation	/data/Dutta_lab/decode/ukb_ppp/EUR/VEGFD_O43915_OID20662_v1_Inflammation	23	15384376	15345591	15384376	-1	ENSG00000165197	1	unique_match	UKBB_EUR
OID20663	GZMA	P12544	v1	Inflammation	/data/Dutta_lab/decode/ukb_ppp/EUR/GZMA_P12544_OID20663_v1_Inflammation	5	55102648	55102648	55110252	1	ENSG00000145649	1	unique_match	UKBB_EUR
OID20664	CLSTN2	Q9H4D0	v1	Inflammation	/data/Dutta_lab/decode/ukb_ppp/EUR/CLSTN2_Q9H4D0_OID20664_v1_Inflammation	3	139935185	139935185	140577397	1	ENSG00000158258	1	unique_match	UKBB_EUR
OID20665	FASLG	P48023	v1	Inflammation	/data/Dutta_lab/decode/ukb_ppp/EUR/FASLG_P48023_OID20665_v1_Inflammation	1	172659018	172659018	172666874	1	ENSG00000117560	2	multi_match_first	UKBB_EUR
OID20666	IL12B	P29460	v1	Inflammation	/data/Dutta_lab/decode/ukb_ppp/EUR/IL12B_P29460_OID20666_v1_Inflammation	5	159330887	159314783	159330887	-1	ENSG00000113302	2	multi_match_first	UKBB_EUR
OID20667	CDSN	Q15517	v1	Inflammation	/data/Dutta_lab/decode/ukb_ppp/EUR/CDSN_Q15517_OID20667_v1_Inflammation	6	31120446	31115090	31120446	-1	ENSG00000204539	1	unique_match	UKBB_EUR
OID20668	CCL11	P51671	v1	Inflammation	/data/Dutta_lab/decode/ukb_ppp/EUR/CCL11_P51671_OID20668_v1_Inflammation	17	34285668	34285668	34288334	1	ENSG00000172156	1	unique_match	UKBB_EUR
OID20669	KYNU	Q16719	v1	Inflammation	/data/Dutta_lab/decode/ukb_ppp/EUR/KYNU_Q16719_OID20669_v1_Inflammation	2	142877498	142877498	143055832	1	ENSG00000115919	1	unique_match	UKBB_EUR
OID20670	LY9	Q9HBG7	v1	Inflammation	/data/Dutta_lab/decode/ukb_ppp/EUR/LY9_Q9HBG7_OID20670_v1_Inflammation	1	160796074	160796074	160828261	1	ENSG00000122224	1	unique_match	UKBB_EUR
OID20671	CCL20	P78556	v1	Inflammation	/data/Dutta_lab/decode/ukb_ppp/EUR/CCL20_P78556_OID20671_v1_Inflammation	2	227813842	227813842	227817564	1	ENSG00000115009	1	unique_match	UKBB_EUR
OID20672	MMP1	P03956	v1	Inflammation	/data/Dutta_lab/decode/ukb_ppp/EUR/MMP1_P03956_OID20672_v1_Inflammation	11	102798160	102789920	102798160	-1	ENSG00000196611	1	unique_match	UKBB_EUR
OID20673	PGF	P49763	v1	Inflammation	/data/Dutta_lab/decode/ukb_ppp/EUR/PGF_P49763_OID20673_v1_Inflammation	14	74955784	74941834	74955784	-1	ENSG00000119630	1	unique_match	UKBB_EUR
OID20674	CCL25	O15444	v1	Inflammation	/data/Dutta_lab/decode/ukb_ppp/EUR/CCL25_O15444_OID20674_v1_Inflammation	19	8052767	8052767	8062650	1	ENSG00000131142	1	unique_match	UKBB_EUR
OID20675	CXCL9	Q07325	v1	Inflammation	/data/Dutta_lab/decode/ukb_ppp/EUR/CXCL9_Q07325_OID20675_v1_Inflammation	4	76007488	76001275	76007488	-1	ENSG00000138755	1	unique_match	UKBB_EUR
OID20676	SMPDL3A	Q92484	v1	Inflammation	/data/Dutta_lab/decode/ukb_ppp/EUR/SMPDL3A_Q92484_OID20676_v1_Inflammation	6	122789049	122789049	122809720	1	ENSG00000172594	1	unique_match	UKBB_EUR
OID20677	EPHA1	P21709	v1	Inflammation	/data/Dutta_lab/decode/ukb_ppp/EUR/EPHA1_P21709_OID20677_v1_Inflammation	7	143408892	143390289	143408892	-1	ENSG00000146904	1	unique_match	UKBB_EUR
OID20678	IFNGR1	P15260	v1	Inflammation	/data/Dutta_lab/decode/ukb_ppp/EUR/IFNGR1_P15260_OID20678_v1_Inflammation	6	137219449	137197484	137219449	-1	ENSG00000027697	2	multi_match_first	UKBB_EUR
OID20679	CTSC	P53634	v1	Inflammation	/data/Dutta_lab/decode/ukb_ppp/EUR/CTSC_P53634_OID20679_v1_Inflammation	11	88337787	88293592	88337787	-1	ENSG00000109861	2	multi_match_first	UKBB_EUR
OID20680	CD276	Q5ZPR3	v1	Inflammation	/data/Dutta_lab/decode/ukb_ppp/EUR/CD276_Q5ZPR3_OID20680_v1_Inflammation	15	73683966	73683966	73714518	1	ENSG00000103855	1	unique_match	UKBB_EUR
OID20681	DBNL	Q9UJU6	v1	Inflammation	/data/Dutta_lab/decode/ukb_ppp/EUR/DBNL_Q9UJU6_OID20681_v1_Inflammation	7	44044640	44044640	44069456	1	ENSG00000136279	1	unique_match	UKBB_EUR
OID20682	PKLR	P30613	v1	Inflammation	/data/Dutta_lab/decode/ukb_ppp/EUR/PKLR_P30613_OID20682_v1_Inflammation	1	155301434	155289839	155301434	-1	ENSG00000143627	1	unique_match	UKBB_EUR
OID20683	NCK2	O43639	v1	Inflammation	/data/Dutta_lab/decode/ukb_ppp/EUR/NCK2_O43639_OID20683_v1_Inflammation	2	105744897	105744897	105894274	1	ENSG00000071051	1	unique_match	UKBB_EUR
OID20684	TIMP3	P35625	v1	Inflammation	/data/Dutta_lab/decode/ukb_ppp/EUR/TIMP3_P35625_OID20684_v1_Inflammation	22	32801701	32801701	32863043	1	ENSG00000100234	1	unique_match	UKBB_EUR
OID20685	PLA2G4A	P47712	v1	Inflammation	/data/Dutta_lab/decode/ukb_ppp/EUR/PLA2G4A_P47712_OID20685_v1_Inflammation	1	186828953	186828953	186988981	1	ENSG00000116711	1	unique_match	UKBB_EUR
OID20686	CCL21	O00585	v1	Inflammation	/data/Dutta_lab/decode/ukb_ppp/EUR/CCL21_O00585_OID20686_v1_Inflammation	9	34710124	34709005	34710124	-1	ENSG00000137077	1	unique_match	UKBB_EUR
OID20687	MMP10	P09238	v1	Inflammation	/data/Dutta_lab/decode/ukb_ppp/EUR/MMP10_P09238_OID20687_v1_Inflammation	11	102780628	102770503	102780628	-1	ENSG00000166670	1	unique_match	UKBB_EUR
OID20688	SCGB1A1	P11684	v1	Inflammation	/data/Dutta_lab/decode/ukb_ppp/EUR/SCGB1A1_P11684_OID20688_v1_Inflammation	11	62405103	62405103	62423195	1	ENSG00000149021	1	unique_match	UKBB_EUR
OID20689	ENPP7	Q6UWV6	v1	Inflammation	/data/Dutta_lab/decode/ukb_ppp/EUR/ENPP7_Q6UWV6_OID20689_v1_Inflammation	17	79730919	79730919	79742222	1	ENSG00000182156	1	unique_match	UKBB_EUR
OID20690	SIGLEC1	Q9BZZ2	v1	Inflammation	/data/Dutta_lab/decode/ukb_ppp/EUR/SIGLEC1_Q9BZZ2_OID20690_v1_Inflammation	20	3707128	3686970	3707128	-1	ENSG00000088827	1	unique_match	UKBB_EUR
OID20691	F2R	P25116	v1	Inflammation	/data/Dutta_lab/decode/ukb_ppp/EUR/F2R_P25116_OID20691_v1_Inflammation	5	76716043	76716043	76735781	1	ENSG00000181104	1	unique_match	UKBB_EUR
OID20692	CD48	P09326	v1	Inflammation	/data/Dutta_lab/decode/ukb_ppp/EUR/CD48_P09326_OID20692_v1_Inflammation	1	160711851	160678746	160711851	-1	ENSG00000117091	1	unique_match	UKBB_EUR
OID20693	CCL23	P55773	v1	Inflammation	/data/Dutta_lab/decode/ukb_ppp/EUR/CCL23_P55773_OID20693_v1_Inflammation	17	36017968	36013056	36017968	-1	ENSG00000274736	1	unique_match	UKBB_EUR
OID20694	IL18	Q14116	v1	Inflammation	/data/Dutta_lab/decode/ukb_ppp/EUR/IL18_Q14116_OID20694_v1_Inflammation	11	112164117	112143251	112164117	-1	ENSG00000150782	1	unique_match	UKBB_EUR
OID20695	CCL4	P13236	v1	Inflammation	/data/Dutta_lab/decode/ukb_ppp/EUR/CCL4_P13236_OID20695_v1_Inflammation	17	36103590	36103590	36105621	1	ENSG00000275302	1	unique_match	UKBB_EUR
OID20696	IL10RB	Q08334	v1	Inflammation	/data/Dutta_lab/decode/ukb_ppp/EUR/IL10RB_Q08334_OID20696_v1_Inflammation	21	33266358	33266358	33310187	1	ENSG00000243646	2	multi_match_first	UKBB_EUR
OID20697	CXCL10	P02778	v1	Inflammation	/data/Dutta_lab/decode/ukb_ppp/EUR/CXCL10_P02778_OID20697_v1_Inflammation	4	76023497	76021117	76023497	-1	ENSG00000169245	1	unique_match	UKBB_EUR
OID20698	EGF	P01133	v1	Inflammation	/data/Dutta_lab/decode/ukb_ppp/EUR/EGF_P01133_OID20698_v1_Inflammation	4	109912884	109912884	110012266	1	ENSG00000138798	1	unique_match	UKBB_EUR
OID20699	CRLF1	O75462	v1	Inflammation	/data/Dutta_lab/decode/ukb_ppp/EUR/CRLF1_O75462_OID20699_v1_Inflammation	19	18607741	18572220	18607741	-1	ENSG00000006016	1	unique_match	UKBB_EUR
OID20700	IL1RN	P18510	v1	Inflammation	/data/Dutta_lab/decode/ukb_ppp/EUR/IL1RN_P18510_OID20700_v1_Inflammation	2	113107214	113107214	113134016	1	ENSG00000136689	2	multi_match_first	UKBB_EUR
OID20701	CRIM1	Q9NZV1	v1	Inflammation	/data/Dutta_lab/decode/ukb_ppp/EUR/CRIM1_Q9NZV1_OID20701_v1_Inflammation	2	36355926	36355926	36551135	1	ENSG00000150938	1	unique_match	UKBB_EUR
OID20702	TNFRSF13B	O14836	v1	Inflammation	/data/Dutta_lab/decode/ukb_ppp/EUR/TNFRSF13B_O14836_OID20702_v1_Inflammation	17	16972118	16929816	16972118	-1	ENSG00000240505	2	multi_match_first	UKBB_EUR
OID20703	ANGPTL4	Q9BY76	v1	Inflammation	/data/Dutta_lab/decode/ukb_ppp/EUR/ANGPTL4_Q9BY76_OID20703_v1_Inflammation	19	8363289	8363289	8374373	1	ENSG00000167772	1	unique_match	UKBB_EUR
OID20704	CST7	O76096	v1	Inflammation	/data/Dutta_lab/decode/ukb_ppp/EUR/CST7_O76096_OID20704_v1_Inflammation	20	24949230	24949230	24959928	1	ENSG00000077984	1	unique_match	UKBB_EUR
OID20705	ERBB3	P21860	v1	Inflammation	/data/Dutta_lab/decode/ukb_ppp/EUR/ERBB3_P21860_OID20705_v1_Inflammation	12	56079857	56079857	56103505	1	ENSG00000065361	1	unique_match	UKBB_EUR
OID20706	NELL2	Q99435	v1	Inflammation	/data/Dutta_lab/decode/ukb_ppp/EUR/NELL2_Q99435_OID20706_v1_Inflammation	12	44921848	44508275	44921848	-1	ENSG00000184613	1	unique_match	UKBB_EUR
OID20707	MANF	P55145	v1	Inflammation	/data/Dutta_lab/decode/ukb_ppp/EUR/MANF_P55145_OID20707_v1_Inflammation	3	51385047	51385047	51389397	1	ENSG00000145050	1	unique_match	UKBB_EUR
OID20708	LY6D	Q14210	v1	Inflammation	/data/Dutta_lab/decode/ukb_ppp/EUR/LY6D_Q14210_OID20708_v1_Inflammation	8	142786592	142784880	142786592	-1	ENSG00000167656	1	unique_match	UKBB_EUR
OID20709	CCN2	P29279	v1	Inflammation	/data/Dutta_lab/decode/ukb_ppp/EUR/CCN2_P29279_OID20709_v1_Inflammation							0	missing	UKBB_EUR
OID20710	GLOD4	Q9HC38	v1	Inflammation	/data/Dutta_lab/decode/ukb_ppp/EUR/GLOD4_Q9HC38_OID20710_v1_Inflammation	17	783390	757097	783390	-1	ENSG00000167699	1	unique_match	UKBB_EUR
OID20711	MGLL	Q99685	v1	Inflammation	/data/Dutta_lab/decode/ukb_ppp/EUR/MGLL_Q99685_OID20711_v1_Inflammation	3	127823250	127689062	127823250	-1	ENSG00000074416	1	unique_match	UKBB_EUR
OID20712	DNER	Q8NFT8	v1	Inflammation	/data/Dutta_lab/decode/ukb_ppp/EUR/DNER_Q8NFT8_OID20712_v1_Inflammation	2	229714558	229357629	229714558	-1	ENSG00000187957	1	unique_match	UKBB_EUR
OID20713	BTN2A1	Q7KYR7	v1	Inflammation	/data/Dutta_lab/decode/ukb_ppp/EUR/BTN2A1_Q7KYR7_OID20713_v1_Inflammation	6	26457904	26457904	26476621	1	ENSG00000112763	1	unique_match	UKBB_EUR
OID20714	SHMT1	P34896	v1	Inflammation	/data/Dutta_lab/decode/ukb_ppp/EUR/SHMT1_P34896_OID20714_v1_Inflammation	17	18363563	18327860	18363563	-1	ENSG00000176974	1	unique_match	UKBB_EUR
OID20715	FGF19	O95750	v1	Inflammation	/data/Dutta_lab/decode/ukb_ppp/EUR/FGF19_O95750_OID20715_v1_Inflammation	11	69704642	69698232	69704642	-1	ENSG00000162344	1	unique_match	UKBB_EUR
OID20716	CD58	P19256	v1	Inflammation	/data/Dutta_lab/decode/ukb_ppp/EUR/CD58_P19256_OID20716_v1_Inflammation	1	116571039	116514535	116571039	-1	ENSG00000116815	1	unique_match	UKBB_EUR
OID20717	PTPN6	P29350	v1	Inflammation	/data/Dutta_lab/decode/ukb_ppp/EUR/PTPN6_P29350_OID20717_v1_Inflammation	12	6946468	6946468	6961316	1	ENSG00000111679	1	unique_match	UKBB_EUR
OID20718	HSPA1A	P0DMV8	v1	Inflammation	/data/Dutta_lab/decode/ukb_ppp/EUR/HSPA1A_P0DMV8_OID20718_v1_Inflammation	6	31815464	31815464	31817946	1	ENSG00000204389	1	unique_match	UKBB_EUR
OID20719	CSF1	P09603	v1	Inflammation	/data/Dutta_lab/decode/ukb_ppp/EUR/CSF1_P09603_OID20719_v1_Inflammation	1	109910242	109910242	109930992	1	ENSG00000184371	1	unique_match	UKBB_EUR
OID20720	SPINT2	O43291	v1	Inflammation	/data/Dutta_lab/decode/ukb_ppp/EUR/SPINT2_O43291_OID20720_v1_Inflammation	19	38244035	38244035	38292614	1	ENSG00000167642	1	unique_match	UKBB_EUR
OID20722	FIS1	Q9Y3D6	v1	Inflammation	/data/Dutta_lab/decode/ukb_ppp/EUR/FIS1_Q9Y3D6_OID20722_v1_Inflammation	7	101252316	101239458	101252316	-1	ENSG00000214253	1	unique_match	UKBB_EUR
OID20723	SCGB3A2	Q96PL1	v1	Inflammation	/data/Dutta_lab/decode/ukb_ppp/EUR/SCGB3A2_Q96PL1_OID20723_v1_Inflammation	5	147870682	147870682	147882191	1	ENSG00000164265	1	unique_match	UKBB_EUR
OID20724	CD40	P25942	v1	Inflammation	/data/Dutta_lab/decode/ukb_ppp/EUR/CD40_P25942_OID20724_v1_Inflammation	20	46118267	46118267	46129745	1	LRG_40	2	multi_match_first	UKBB_EUR
OID20725	OMD	Q99983	v1	Inflammation	/data/Dutta_lab/decode/ukb_ppp/EUR/OMD_Q99983_OID20725_v1_Inflammation	9	92424461	92414245	92424461	-1	ENSG00000127083	1	unique_match	UKBB_EUR
OID20726	ANGPTL2	Q9UKU9	v1	Inflammation	/data/Dutta_lab/decode/ukb_ppp/EUR/ANGPTL2_Q9UKU9_OID20726_v1_Inflammation	9	127122883	127087332	127122883	-1	ENSG00000136859	1	unique_match	UKBB_EUR
OID20727	GAL	P22466	v1	Inflammation	/data/Dutta_lab/decode/ukb_ppp/EUR/GAL_P22466_OID20727_v1_Inflammation	11	68683779	68683779	68691175	1	ENSG00000069482	1	unique_match	UKBB_EUR
OID20728	SCG3	Q8WXD2	v1	Inflammation	/data/Dutta_lab/decode/ukb_ppp/EUR/SCG3_Q8WXD2_OID20728_v1_Inflammation	15	51681353	51681353	51721031	1	ENSG00000104112	1	unique_match	UKBB_EUR
OID20729	PDLIM7	Q9NR12	v1	Inflammation	/data/Dutta_lab/decode/ukb_ppp/EUR/PDLIM7_Q9NR12_OID20729_v1_Inflammation	5	177497606	177483394	177497606	-1	ENSG00000196923	1	unique_match	UKBB_EUR
OID20730	SMOC2	Q9H3U7	v1	Inflammation	/data/Dutta_lab/decode/ukb_ppp/EUR/SMOC2_Q9H3U7_OID20730_v1_Inflammation	6	168441151	168441151	168673445	1	ENSG00000112562	1	unique_match	UKBB_EUR
OID20731	TREM2	Q9NZC2	v1	Inflammation	/data/Dutta_lab/decode/ukb_ppp/EUR/TREM2_Q9NZC2_OID20731_v1_Inflammation	6	41163186	41158506	41163186	-1	ENSG00000095970	2	multi_match_first	UKBB_EUR
OID20732	MZB1	Q8WU39	v1	Inflammation	/data/Dutta_lab/decode/ukb_ppp/EUR/MZB1_Q8WU39_OID20732_v1_Inflammation	5	139390081	139387480	139390081	-1	ENSG00000170476	1	unique_match	UKBB_EUR
OID20733	TNFSF13	O75888	v1	Inflammation	/data/Dutta_lab/decode/ukb_ppp/EUR/TNFSF13_O75888_OID20733_v1_Inflammation	17	7558292	7558292	7561608	1	ENSG00000161955	1	unique_match	UKBB_EUR
OID20734	ROBO1	Q9Y6N7	v1	Inflammation	/data/Dutta_lab/decode/ukb_ppp/EUR/ROBO1_Q9Y6N7_OID20734_v1_Inflammation	3	79767815	78597240	79767815	-1	ENSG00000169855	1	unique_match	UKBB_EUR
OID20735	TNFRSF11B	O00300	v1	Inflammation	/data/Dutta_lab/decode/ukb_ppp/EUR/TNFRSF11B_O00300_OID20735_v1_Inflammation	8	118952200	118923557	118952200	-1	ENSG00000164761	1	unique_match	UKBB_EUR
OID20736	ENPP5	Q9UJA9	v1	Inflammation	/data/Dutta_lab/decode/ukb_ppp/EUR/ENPP5_Q9UJA9_OID20736_v1_Inflammation	6	46170971	46159187	46170971	-1	ENSG00000112796	1	unique_match	UKBB_EUR
OID20737	LAIR1	Q6GTX8	v1	Inflammation	/data/Dutta_lab/decode/ukb_ppp/EUR/LAIR1_Q6GTX8_OID20737_v1_Inflammation	19	54370558	54351384	54370558	-1	ENSG00000167613	1	unique_match	UKBB_EUR
OID20738	COLEC12	Q5KU26	v1	Inflammation	/data/Dutta_lab/decode/ukb_ppp/EUR/COLEC12_Q5KU26_OID20738_v1_Inflammation	18	500722	316740	500722	-1	ENSG00000158270	1	unique_match	UKBB_EUR
OID20739	SIRPB1	O00241	v1	Inflammation	/data/Dutta_lab/decode/ukb_ppp/EUR/SIRPB1_O00241_OID20739_v1_Inflammation	20	1620061	1563521	1620061	-1	ENSG00000101307	1	unique_match	UKBB_EUR
OID20740	ANGPT1	Q15389	v1	Inflammation	/data/Dutta_lab/decode/ukb_ppp/EUR/ANGPT1_Q15389_OID20740_v1_Inflammation	8	107498055	107249482	107498055	-1	ENSG00000154188	1	unique_match	UKBB_EUR
OID20741	PDGFB	P01127	v1	Inflammation	/data/Dutta_lab/decode/ukb_ppp/EUR/PDGFB_P01127_OID20741_v1_Inflammation	22	39244751	39223359	39244751	-1	ENSG00000100311	1	unique_match	UKBB_EUR
OID20742	CRKL	P46109	v1	Inflammation	/data/Dutta_lab/decode/ukb_ppp/EUR/CRKL_P46109_OID20742_v1_Inflammation	22	20917426	20917426	20953749	1	ENSG00000099942	1	unique_match	UKBB_EUR
OID20743	EPCAM	P16422	v1	Inflammation	/data/Dutta_lab/decode/ukb_ppp/EUR/EPCAM_P16422_OID20743_v1_Inflammation	2	47345158	47345158	47387601	1	ENSG00000119888	2	multi_match_first	UKBB_EUR
OID20744	DNPH1	O43598	v1	Inflammation	/data/Dutta_lab/decode/ukb_ppp/EUR/DNPH1_O43598_OID20744_v1_Inflammation	6	43229484	43225629	43229484	-1	ENSG00000112667	1	unique_match	UKBB_EUR
OID20745	CCL17	Q92583	v1	Inflammation	/data/Dutta_lab/decode/ukb_ppp/EUR/CCL17_Q92583_OID20745_v1_Inflammation	16	57404767	57404767	57416062	1	ENSG00000102970	1	unique_match	UKBB_EUR
OID20746	MEGF10	Q96KG7	v1	Inflammation	/data/Dutta_lab/decode/ukb_ppp/EUR/MEGF10_Q96KG7_OID20746_v1_Inflammation	5	127290831	127290831	127465737	1	ENSG00000145794	1	unique_match	UKBB_EUR
OID20747	CRHBP	P24387	v1	Inflammation	/data/Dutta_lab/decode/ukb_ppp/EUR/CRHBP_P24387_OID20747_v1_Inflammation	5	76952713	76952713	76981158	1	ENSG00000145708	1	unique_match	UKBB_EUR
OID20748	LGALS4	P56470	v1	Inflammation	/data/Dutta_lab/decode/ukb_ppp/EUR/LGALS4_P56470_OID20748_v1_Inflammation	19	38813364	38801671	38813364	-1	ENSG00000171747	1	unique_match	UKBB_EUR
OID20749	LHPP	Q9H008	v1	Inflammation	/data/Dutta_lab/decode/ukb_ppp/EUR/LHPP_Q9H008_OID20749_v1_Inflammation	10	124461834	124461834	124617888	1	ENSG00000107902	1	unique_match	UKBB_EUR
OID20750	TPP1	O14773	v1	Inflammation	/data/Dutta_lab/decode/ukb_ppp/EUR/TPP1_O14773_OID20750_v1_Inflammation	11	6619461	6612763	6619461	-1	ENSG00000166340	1	unique_match	UKBB_EUR
OID20751	CRELD2	Q6UXH1	v1	Inflammation	/data/Dutta_lab/decode/ukb_ppp/EUR/CRELD2_Q6UXH1_OID20751_v1_Inflammation	22	49918167	49918167	49927540	1	ENSG00000184164	1	unique_match	UKBB_EUR
OID20752	CTRC	Q99895	v1	Inflammation	/data/Dutta_lab/decode/ukb_ppp/EUR/CTRC_Q99895_OID20752_v1_Inflammation	1	15438439	15438439	15449242	1	ENSG00000162438	1	unique_match	UKBB_EUR
OID20753	MEPE	Q9NQ76	v1	Inflammation	/data/Dutta_lab/decode/ukb_ppp/EUR/MEPE_Q9NQ76_OID20753_v1_Inflammation	4	87821411	87821411	87846817	1	ENSG00000152595	1	unique_match	UKBB_EUR
OID20754	CDON	Q4KMG0	v1	Inflammation	/data/Dutta_lab/decode/ukb_ppp/EUR/CDON_Q4KMG0_OID20754_v1_Inflammation	11	126063335	125955796	126063335	-1	ENSG00000064309	1	unique_match	UKBB_EUR
OID20755	ADGRE2	Q9UHX3	v1	Inflammation	/data/Dutta_lab/decode/ukb_ppp/EUR/ADGRE2_Q9UHX3_OID20755_v1_Inflammation	19	14778541	14732393	14778541	-1	ENSG00000127507	1	unique_match	UKBB_EUR
OID20756	AGER	Q15109	v1	Inflammation	/data/Dutta_lab/decode/ukb_ppp/EUR/AGER_Q15109_OID20756_v1_Inflammation	6	32184324	32180968	32184324	-1	ENSG00000204305	1	unique_match	UKBB_EUR
OID20757	IL1R2	P27930	v1	Inflammation	/data/Dutta_lab/decode/ukb_ppp/EUR/IL1R2_P27930_OID20757_v1_Inflammation	2	101991844	101991844	102028544	1	ENSG00000115590	1	unique_match	UKBB_EUR
OID20758	ESM1	Q9NQ30	v1	Inflammation	/data/Dutta_lab/decode/ukb_ppp/EUR/ESM1_Q9NQ30_OID20758_v1_Inflammation	5	55022671	54977864	55022671	-1	ENSG00000164283	1	unique_match	UKBB_EUR
OID20759	SPON1	Q9HCB6	v1	Inflammation	/data/Dutta_lab/decode/ukb_ppp/EUR/SPON1_Q9HCB6_OID20759_v1_Inflammation	11	13962689	13962689	14267884	1	ENSG00000262655	1	unique_match	UKBB_EUR
OID20760	ATP5IF1	Q9UII2	v1	Inflammation	/data/Dutta_lab/decode/ukb_ppp/EUR/ATP5IF1_Q9UII2_OID20760_v1_Inflammation							0	missing	UKBB_EUR
OID20761	SKAP2	O75563	v1	Inflammation	/data/Dutta_lab/decode/ukb_ppp/EUR/SKAP2_O75563_OID20761_v1_Inflammation	7	26995239	26667062	26995239	-1	ENSG00000005020	1	unique_match	UKBB_EUR
OID20762	CXCL1	P09341	v1	Inflammation	/data/Dutta_lab/decode/ukb_ppp/EUR/CXCL1_P09341_OID20762_v1_Inflammation	4	73869393	73869393	73871242	1	ENSG00000163739	1	unique_match	UKBB_EUR
OID20763	PRSS8	Q16651	v1	Inflammation	/data/Dutta_lab/decode/ukb_ppp/EUR/PRSS8_Q16651_OID20763_v1_Inflammation	16	31135762	31131433	31135762	-1	ENSG00000052344	1	unique_match	UKBB_EUR
OID20764	PLAUR	Q03405	v1	Inflammation	/data/Dutta_lab/decode/ukb_ppp/EUR/PLAUR_Q03405_OID20764_v1_Inflammation	19	43670547	43646095	43670547	-1	ENSG00000011422	1	unique_match	UKBB_EUR
OID20765	CCL22	O00626	v1	Inflammation	/data/Dutta_lab/decode/ukb_ppp/EUR/CCL22_O00626_OID20765_v1_Inflammation	16	57358772	57358772	57366190	1	ENSG00000102962	1	unique_match	UKBB_EUR
OID20766	PRELP	P51888	v1	Inflammation	/data/Dutta_lab/decode/ukb_ppp/EUR/PRELP_P51888_OID20766_v1_Inflammation	1	203475828	203475828	203491352	1	ENSG00000188783	1	unique_match	UKBB_EUR
OID20767	MATN2	O00339	v1	Inflammation	/data/Dutta_lab/decode/ukb_ppp/EUR/MATN2_O00339_OID20767_v1_Inflammation	8	97868840	97868840	98036716	1	ENSG00000132561	1	unique_match	UKBB_EUR
OID20768	LTBR	P36941	v1	Inflammation	/data/Dutta_lab/decode/ukb_ppp/EUR/LTBR_P36941_OID20768_v1_Inflammation	12	6375045	6375045	6391571	1	ENSG00000111321	1	unique_match	UKBB_EUR
OID20769	LAMA4	Q16363	v1	Inflammation	/data/Dutta_lab/decode/ukb_ppp/EUR/LAMA4_Q16363_OID20769_v1_Inflammation	6	112254626	112107931	112254626	-1	LRG_433	2	multi_match_first	UKBB_EUR
OID20770	FST	P19883	v1	Inflammation	/data/Dutta_lab/decode/ukb_ppp/EUR/FST_P19883_OID20770_v1_Inflammation	5	53480409	53480409	53487134	1	ENSG00000134363	1	unique_match	UKBB_EUR
OID20771	CHRDL1	Q9BU40	v1	Inflammation	/data/Dutta_lab/decode/ukb_ppp/EUR/CHRDL1_Q9BU40_OID20771_v1_Inflammation	23	110795819	110673856	110795819	-1	ENSG00000101938	1	unique_match	UKBB_EUR
OID20772	CCL24	O00175	v1	Inflammation	/data/Dutta_lab/decode/ukb_ppp/EUR/CCL24_O00175_OID20772_v1_Inflammation	7	75823356	75811665	75823356	-1	ENSG00000106178	1	unique_match	UKBB_EUR
OID20773	LGMN	Q99538	v1	Inflammation	/data/Dutta_lab/decode/ukb_ppp/EUR/LGMN_Q99538_OID20773_v1_Inflammation	14	92748702	92703807	92748702	-1	ENSG00000100600	1	unique_match	UKBB_EUR
OID20774	DAG1	Q14118	v1	Inflammation	/data/Dutta_lab/decode/ukb_ppp/EUR/DAG1_Q14118_OID20774_v1_Inflammation	3	49468703	49468703	49535618	1	ENSG00000173402	1	unique_match	UKBB_EUR
OID20775	PNLIPRP2	P54317	v1	Inflammation	/data/Dutta_lab/decode/ukb_ppp/EUR/PNLIPRP2_P54317_OID20775_v1_Inflammation	10	116620953	116620953	116645143	1	ENSG00000266200	1	unique_match	UKBB_EUR
OID20776	OSCAR	Q8IYS5	v1	Inflammation	/data/Dutta_lab/decode/ukb_ppp/EUR/OSCAR_Q8IYS5_OID20776_v1_Inflammation	19	54102692	54094668	54102692	-1	ENSG00000170909	1	unique_match	UKBB_EUR
OID20777	PON3	Q15166	v1	Inflammation	/data/Dutta_lab/decode/ukb_ppp/EUR/PON3_Q15166_OID20777_v1_Inflammation	7	95396368	95359944	95396368	-1	ENSG00000105852	1	unique_match	UKBB_EUR
OID20778	FABP1	P07148	v1	Inflammation	/data/Dutta_lab/decode/ukb_ppp/EUR/FABP1_P07148_OID20778_v1_Inflammation	2	88128116	88122982	88128116	-1	ENSG00000163586	1	unique_match	UKBB_EUR
OID20779	MPIG6B	O95866	v1	Inflammation	/data/Dutta_lab/decode/ukb_ppp/EUR/MPIG6B_O95866_OID20779_v1_Inflammation							0	missing	UKBB_EUR
OID20780	B4GALT1	P15291	v1	Inflammation	/data/Dutta_lab/decode/ukb_ppp/EUR/B4GALT1_P15291_OID20780_v1_Inflammation	9	33167356	33104082	33167356	-1	ENSG00000086062	1	unique_match	UKBB_EUR
OID20781	LGALS9	O00182	v1	Inflammation	/data/Dutta_lab/decode/ukb_ppp/EUR/LGALS9_O00182_OID20781_v1_Inflammation	17	27629798	27629798	27649560	1	ENSG00000168961	1	unique_match	UKBB_EUR
OID20782	FSTL3	O95633	v1	Inflammation	/data/Dutta_lab/decode/ukb_ppp/EUR/FSTL3_O95633_OID20782_v1_Inflammation	19	676365	676365	683399	1	ENSG00000070404	1	unique_match	UKBB_EUR
OID20783	TNFRSF14	Q92956	v1	Inflammation	/data/Dutta_lab/decode/ukb_ppp/EUR/TNFRSF14_Q92956_OID20783_v1_Inflammation	1	2555639	2555639	2565382	1	ENSG00000157873	1	unique_match	UKBB_EUR
OID20784	REG4	Q9BYZ8	v1	Inflammation	/data/Dutta_lab/decode/ukb_ppp/EUR/REG4_Q9BYZ8_OID20784_v1_Inflammation	1	119811660	119794018	119811660	-1	ENSG00000134193	1	unique_match	UKBB_EUR
OID20785	WFIKKN2	Q8TEU8	v1	Inflammation	/data/Dutta_lab/decode/ukb_ppp/EUR/WFIKKN2_Q8TEU8_OID20785_v1_Inflammation	17	50834650	50834650	50842348	1	ENSG00000173714	1	unique_match	UKBB_EUR
OID20786	AGRN	O00468	v1	Inflammation	/data/Dutta_lab/decode/ukb_ppp/EUR/AGRN_O00468_OID20786_v1_Inflammation	1	1020123	1020123	1056118	1	ENSG00000188157	2	multi_match_first	UKBB_EUR
OID20787	TFF2	Q03403	v1	Inflammation	/data/Dutta_lab/decode/ukb_ppp/EUR/TFF2_Q03403_OID20787_v1_Inflammation	21	42351128	42346357	42351128	-1	ENSG00000160181	1	unique_match	UKBB_EUR
OID20788	CXCL3	P19876	v1	Inflammation	/data/Dutta_lab/decode/ukb_ppp/EUR/CXCL3_P19876_OID20788_v1_Inflammation	4	74038807	74036589	74038807	-1	ENSG00000163734	1	unique_match	UKBB_EUR
OID20789	NME3	Q13232	v1	Inflammation	/data/Dutta_lab/decode/ukb_ppp/EUR/NME3_Q13232_OID20789_v1_Inflammation	16	1771730	1770286	1771730	-1	ENSG00000103024	1	unique_match	UKBB_EUR
OID20790	SESTD1	Q86VW0	v1	Neurology	/data/Dutta_lab/decode/ukb_ppp/EUR/SESTD1_Q86VW0_OID20790_v1_Neurology	2	179264790	179101692	179264790	-1	ENSG00000187231	1	unique_match	UKBB_EUR
OID20791	FOSB	P53539	v1	Neurology	/data/Dutta_lab/decode/ukb_ppp/EUR/FOSB_P53539_OID20791_v1_Neurology	19	45467995	45467995	45475179	1	ENSG00000125740	1	unique_match	UKBB_EUR
OID20792	NDRG1	Q92597	v1	Neurology	/data/Dutta_lab/decode/ukb_ppp/EUR/NDRG1_Q92597_OID20792_v1_Neurology	8	133302022	133237171	133302022	-1	ENSG00000104419	2	multi_match_first	UKBB_EUR
OID20793	ODAM	A1E959	v1	Neurology	/data/Dutta_lab/decode/ukb_ppp/EUR/ODAM_A1E959_OID20793_v1_Neurology	4	70196496	70196496	70204576	1	ENSG00000109205	1	unique_match	UKBB_EUR
OID20794	PTEN	P60484	v1	Neurology	/data/Dutta_lab/decode/ukb_ppp/EUR/PTEN_P60484_OID20794_v1_Neurology	10	87863113	87863113	87971930	1	ENSG00000171862	1	unique_match	UKBB_EUR
OID20795	IFNL1	Q8IU54	v1	Neurology	/data/Dutta_lab/decode/ukb_ppp/EUR/IFNL1_Q8IU54_OID20795_v1_Neurology	19	39296325	39296325	39298673	1	ENSG00000182393	1	unique_match	UKBB_EUR
OID20796	SMARCA2	P51531	v1	Neurology	/data/Dutta_lab/decode/ukb_ppp/EUR/SMARCA2_P51531_OID20796_v1_Neurology	9	1980290	1980290	2193624	1	ENSG00000080503	1	unique_match	UKBB_EUR
OID20797	COPE	O14579	v1	Neurology	/data/Dutta_lab/decode/ukb_ppp/EUR/COPE_O14579_OID20797_v1_Neurology	19	18919397	18899514	18919397	-1	ENSG00000105669	1	unique_match	UKBB_EUR
OID20798	ATF2	P15336	v1	Neurology	/data/Dutta_lab/decode/ukb_ppp/EUR/ATF2_P15336_OID20798_v1_Neurology	2	175168382	175072250	175168382	-1	ENSG00000115966	1	unique_match	UKBB_EUR
OID20799	SLC16A1	P53985	v1	Neurology	/data/Dutta_lab/decode/ukb_ppp/EUR/SLC16A1_P53985_OID20799_v1_Neurology	1	112957013	112911847	112957013	-1	ENSG00000155380	1	unique_match	UKBB_EUR
OID20800	KRT14	P02533	v1	Neurology	/data/Dutta_lab/decode/ukb_ppp/EUR/KRT14_P02533_OID20800_v1_Neurology	17	41586921	41582279	41586921	-1	ENSG00000186847	1	unique_match	UKBB_EUR
OID20801	CALB2	P22676	v1	Neurology	/data/Dutta_lab/decode/ukb_ppp/EUR/CALB2_P22676_OID20801_v1_Neurology	16	71358713	71358713	71390438	1	ENSG00000172137	1	unique_match	UKBB_EUR
OID20803	ARID4B	Q4LE39	v1	Neurology	/data/Dutta_lab/decode/ukb_ppp/EUR/ARID4B_Q4LE39_OID20803_v1_Neurology	1	235328219	235131634	235328219	-1	ENSG00000054267	1	unique_match	UKBB_EUR
OID20804	C19orf12	Q9NSK7	v1	Neurology	/data/Dutta_lab/decode/ukb_ppp/EUR/C19orf12_Q9NSK7_OID20804_v1_Neurology	19	29715789	29698886	29715789	-1	ENSG00000131943	1	unique_match	UKBB_EUR
OID20805	SCARB1	Q8WTV0	v1	Neurology	/data/Dutta_lab/decode/ukb_ppp/EUR/SCARB1_Q8WTV0_OID20805_v1_Neurology	12	124882668	124776856	124882668	-1	ENSG00000073060	1	unique_match	UKBB_EUR
OID20806	AMFR	Q9UKV5	v1	Neurology	/data/Dutta_lab/decode/ukb_ppp/EUR/AMFR_Q9UKV5_OID20806_v1_Neurology	16	56425538	56361452	56425538	-1	ENSG00000159461	1	unique_match	UKBB_EUR
OID20807	MMP13	P45452	v1	Neurology	/data/Dutta_lab/decode/ukb_ppp/EUR/MMP13_P45452_OID20807_v1_Neurology	11	102955734	102942995	102955734	-1	ENSG00000137745	1	unique_match	UKBB_EUR
OID20808	CDHR1	Q96JP9	v1	Neurology	/data/Dutta_lab/decode/ukb_ppp/EUR/CDHR1_Q96JP9_OID20808_v1_Neurology	10	84194635	84194635	84219621	1	ENSG00000148600	1	unique_match	UKBB_EUR
OID20809	IL34	Q6ZMJ4	v1	Neurology	/data/Dutta_lab/decode/ukb_ppp/EUR/IL34_Q6ZMJ4_OID20809_v1_Neurology	16	70579895	70579895	70660682	1	ENSG00000157368	1	unique_match	UKBB_EUR
OID20810	ANXA5	P08758	v1	Neurology	/data/Dutta_lab/decode/ukb_ppp/EUR/ANXA5_P08758_OID20810_v1_Neurology	4	121697113	121667955	121697113	-1	ENSG00000164111	1	unique_match	UKBB_EUR
OID20811	ATP5PO	P48047	v1	Neurology	/data/Dutta_lab/decode/ukb_ppp/EUR/ATP5PO_P48047_OID20811_v1_Neurology							0	missing	UKBB_EUR
OID20812	SIGLEC15	Q6ZMC9	v1	Neurology	/data/Dutta_lab/decode/ukb_ppp/EUR/SIGLEC15_Q6ZMC9_OID20812_v1_Neurology	18	45825512	45825512	45844080	1	ENSG00000197046	1	unique_match	UKBB_EUR
OID20813	KCNIP4	Q6PIL6	v1	Neurology	/data/Dutta_lab/decode/ukb_ppp/EUR/KCNIP4_Q6PIL6_OID20813_v1_Neurology	4	21948799	20728616	21948799	-1	ENSG00000185774	1	unique_match	UKBB_EUR
OID20814	SLC27A4	Q6P1M0	v1	Neurology	/data/Dutta_lab/decode/ukb_ppp/EUR/SLC27A4_Q6P1M0_OID20814_v1_Neurology	9	128340646	128340646	128361470	1	ENSG00000167114	1	unique_match	UKBB_EUR
OID20815	METAP1	P53582	v1	Neurology	/data/Dutta_lab/decode/ukb_ppp/EUR/METAP1_P53582_OID20815_v1_Neurology	4	98995620	98995620	99062813	1	ENSG00000164024	1	unique_match	UKBB_EUR
OID20816	TDGF1	P13385	v1	Neurology	/data/Dutta_lab/decode/ukb_ppp/EUR/TDGF1_P13385_OID20816_v1_Neurology	3	46574555	46574555	46582463	1	ENSG00000241186	1	unique_match	UKBB_EUR
OID20817	RAB6B	Q9NRW1	v1	Neurology	/data/Dutta_lab/decode/ukb_ppp/EUR/RAB6B_Q9NRW1_OID20817_v1_Neurology	3	133895836	133824239	133895836	-1	ENSG00000154917	1	unique_match	UKBB_EUR
OID20818	SSB	P05455	v1	Neurology	/data/Dutta_lab/decode/ukb_ppp/EUR/SSB_P05455_OID20818_v1_Neurology	2	169791933	169791933	169812064	1	ENSG00000138385	1	unique_match	UKBB_EUR
OID20819	PAK4	O96013	v1	Neurology	/data/Dutta_lab/decode/ukb_ppp/EUR/PAK4_O96013_OID20819_v1_Neurology	19	39125770	39125770	39182816	1	ENSG00000130669	1	unique_match	UKBB_EUR
OID20820	SIRT5	Q9NXA8	v1	Neurology	/data/Dutta_lab/decode/ukb_ppp/EUR/SIRT5_Q9NXA8_OID20820_v1_Neurology	6	13574529	13574529	13615158	1	ENSG00000124523	1	unique_match	UKBB_EUR
OID20821	LYPD1	Q8N2G4	v1	Neurology	/data/Dutta_lab/decode/ukb_ppp/EUR/LYPD1_Q8N2G4_OID20821_v1_Neurology	2	132671579	132644853	132671579	-1	ENSG00000150551	1	unique_match	UKBB_EUR
OID20822	PXN	P49023	v1	Neurology	/data/Dutta_lab/decode/ukb_ppp/EUR/PXN_P49023_OID20822_v1_Neurology	12	120265771	120210439	120265771	-1	ENSG00000089159	1	unique_match	UKBB_EUR
OID20823	IDI2	Q9BXS1	v1	Neurology	/data/Dutta_lab/decode/ukb_ppp/EUR/IDI2_Q9BXS1_OID20823_v1_Neurology	10	1025859	1018907	1025859	-1	ENSG00000148377	1	unique_match	UKBB_EUR
OID20824	LIF	P15018	v1	Neurology	/data/Dutta_lab/decode/ukb_ppp/EUR/LIF_P15018_OID20824_v1_Neurology	22	30246851	30240447	30246851	-1	ENSG00000128342	1	unique_match	UKBB_EUR
OID20825	GLT8D2	Q9H1C3	v1	Neurology	/data/Dutta_lab/decode/ukb_ppp/EUR/GLT8D2_Q9H1C3_OID20825_v1_Neurology	12	104064183	103988984	104064183	-1	ENSG00000120820	1	unique_match	UKBB_EUR
OID20826	RASA1	P20936	v1	Neurology	/data/Dutta_lab/decode/ukb_ppp/EUR/RASA1_P20936_OID20826_v1_Neurology	5	87267888	87267888	87391931	1	ENSG00000145715	1	unique_match	UKBB_EUR
OID20827	DUSP3	P51452	v1	Neurology	/data/Dutta_lab/decode/ukb_ppp/EUR/DUSP3_P51452_OID20827_v1_Neurology	17	43778988	43766121	43778988	-1	ENSG00000108861	1	unique_match	UKBB_EUR
OID20828	FGR	P09769	v1	Neurology	/data/Dutta_lab/decode/ukb_ppp/EUR/FGR_P09769_OID20828_v1_Neurology	1	27635277	27612064	27635277	-1	ENSG00000000938	1	unique_match	UKBB_EUR
OID20829	HSP90B1	P14625	v1	Neurology	/data/Dutta_lab/decode/ukb_ppp/EUR/HSP90B1_P14625_OID20829_v1_Neurology	12	103930107	103930107	103953645	1	ENSG00000166598	1	unique_match	UKBB_EUR
OID20830	MAPT	P10636	v1	Neurology	/data/Dutta_lab/decode/ukb_ppp/EUR/MAPT_P10636_OID20830_v1_Neurology	17	45894382	45894382	46028334	1	ENSG00000186868	1	unique_match	UKBB_EUR
OID20831	CLSPN	Q9HAW4	v1	Neurology	/data/Dutta_lab/decode/ukb_ppp/EUR/CLSPN_Q9HAW4_OID20831_v1_Neurology	1	35769967	35720218	35769967	-1	ENSG00000092853	1	unique_match	UKBB_EUR
OID20832	PADI4	Q9UM07	v1	Neurology	/data/Dutta_lab/decode/ukb_ppp/EUR/PADI4_Q9UM07_OID20832_v1_Neurology	1	17308195	17308195	17364004	1	ENSG00000159339	1	unique_match	UKBB_EUR
OID20833	IVD	P26440	v1	Neurology	/data/Dutta_lab/decode/ukb_ppp/EUR/IVD_P26440_OID20833_v1_Neurology	15	40405795	40405795	40435947	1	ENSG00000128928	1	unique_match	UKBB_EUR
OID20834	NOS3	P29474	v1	Neurology	/data/Dutta_lab/decode/ukb_ppp/EUR/NOS3_P29474_OID20834_v1_Neurology	7	150990995	150990995	151014588	1	ENSG00000164867	1	unique_match	UKBB_EUR
OID20835	PLIN1	O60240	v1	Neurology	/data/Dutta_lab/decode/ukb_ppp/EUR/PLIN1_O60240_OID20835_v1_Neurology	15	89679427	89664365	89679427	-1	ENSG00000166819	1	unique_match	UKBB_EUR
OID20836	CETN2	P41208	v1	Neurology	/data/Dutta_lab/decode/ukb_ppp/EUR/CETN2_P41208_OID20836_v1_Neurology	23	152830777	152826973	152830777	-1	ENSG00000147400	1	unique_match	UKBB_EUR
OID20837	STK24	Q9Y6E0	v1	Neurology	/data/Dutta_lab/decode/ukb_ppp/EUR/STK24_Q9Y6E0_OID20837_v1_Neurology	13	98577940	98445185	98577940	-1	ENSG00000102572	1	unique_match	UKBB_EUR
OID20838	GGA1	Q9UJY5	v1	Neurology	/data/Dutta_lab/decode/ukb_ppp/EUR/GGA1_Q9UJY5_OID20838_v1_Neurology	22	37608475	37608475	37633564	1	ENSG00000100083	1	unique_match	UKBB_EUR
OID20839	PBLD	P30039	v1	Neurology	/data/Dutta_lab/decode/ukb_ppp/EUR/PBLD_P30039_OID20839_v1_Neurology	10	68333049	68282660	68333049	-1	ENSG00000108187	1	unique_match	UKBB_EUR
OID20840	EPHA10	Q5JZY3	v1	Neurology	/data/Dutta_lab/decode/ukb_ppp/EUR/EPHA10_Q5JZY3_OID20840_v1_Neurology	1	37765133	37713880	37765133	-1	ENSG00000183317	1	unique_match	UKBB_EUR
OID20841	GHRHR	Q02643	v1	Neurology	/data/Dutta_lab/decode/ukb_ppp/EUR/GHRHR_Q02643_OID20841_v1_Neurology	7	30938669	30938669	30993254	1	ENSG00000106128	1	unique_match	UKBB_EUR
OID20842	TPPP3	Q9BW30	v1	Neurology	/data/Dutta_lab/decode/ukb_ppp/EUR/TPPP3_Q9BW30_OID20842_v1_Neurology	16	67393535	67389809	67393535	-1	ENSG00000159713	1	unique_match	UKBB_EUR
OID20843	ATP6V1F	Q16864	v1	Neurology	/data/Dutta_lab/decode/ukb_ppp/EUR/ATP6V1F_Q16864_OID20843_v1_Neurology	7	128862826	128862826	128865844	1	ENSG00000128524	1	unique_match	UKBB_EUR
OID20844	TBC1D17	Q9HA65	v1	Neurology	/data/Dutta_lab/decode/ukb_ppp/EUR/TBC1D17_Q9HA65_OID20844_v1_Neurology	19	49877425	49877425	49888749	1	ENSG00000104946	1	unique_match	UKBB_EUR
OID20845	GBP4	Q96PP9	v1	Neurology	/data/Dutta_lab/decode/ukb_ppp/EUR/GBP4_Q96PP9_OID20845_v1_Neurology	1	89198932	89181148	89198932	-1	ENSG00000162654	1	unique_match	UKBB_EUR
OID20846	FKBP7	Q9Y680	v1	Neurology	/data/Dutta_lab/decode/ukb_ppp/EUR/FKBP7_Q9Y680_OID20846_v1_Neurology	2	178478600	178463664	178478600	-1	ENSG00000079150	1	unique_match	UKBB_EUR
OID20847	PTS	Q03393	v1	Neurology	/data/Dutta_lab/decode/ukb_ppp/EUR/PTS_Q03393_OID20847_v1_Neurology	11	112226365	112226365	112269955	1	ENSG00000150787	1	unique_match	UKBB_EUR
OID20848	TNF	P01375	v1	Neurology	/data/Dutta_lab/decode/ukb_ppp/EUR/TNF_P01375_OID20848_v1_Neurology	6	31575567	31575567	31578336	1	ENSG00000232810	1	unique_match	UKBB_EUR
OID20849	NXPH1	P58417	v1	Neurology	/data/Dutta_lab/decode/ukb_ppp/EUR/NXPH1_P58417_OID20849_v1_Neurology	7	8433955	8433955	8752963	1	ENSG00000122584	1	unique_match	UKBB_EUR
OID20850	PMVK	Q15126	v1	Neurology	/data/Dutta_lab/decode/ukb_ppp/EUR/PMVK_Q15126_OID20850_v1_Neurology	1	154936991	154924734	154936991	-1	ENSG00000163344	1	unique_match	UKBB_EUR
OID20851	VSTM1	Q6UX27	v1	Neurology	/data/Dutta_lab/decode/ukb_ppp/EUR/VSTM1_Q6UX27_OID20851_v1_Neurology	19	54063953	54040825	54063953	-1	ENSG00000189068	1	unique_match	UKBB_EUR
OID20852	SLC39A14	Q15043	v1	Neurology	/data/Dutta_lab/decode/ukb_ppp/EUR/SLC39A14_Q15043_OID20852_v1_Neurology	8	22367249	22367249	22434129	1	ENSG00000104635	1	unique_match	UKBB_EUR
OID20853	ING1	Q9UK53	v1	Neurology	/data/Dutta_lab/decode/ukb_ppp/EUR/ING1_Q9UK53_OID20853_v1_Neurology	13	110712736	110712736	110723339	1	ENSG00000153487	1	unique_match	UKBB_EUR
OID20854	CASP1	P29466	v1	Neurology	/data/Dutta_lab/decode/ukb_ppp/EUR/CASP1_P29466_OID20854_v1_Neurology	11	105035250	105025443	105035250	-1	ENSG00000137752	1	unique_match	UKBB_EUR
OID20855	ILKAP	Q9H0C8	v1	Neurology	/data/Dutta_lab/decode/ukb_ppp/EUR/ILKAP_Q9H0C8_OID20855_v1_Neurology	2	238203729	238170401	238203729	-1	ENSG00000132323	1	unique_match	UKBB_EUR
OID20856	BAX	Q07812	v1	Neurology	/data/Dutta_lab/decode/ukb_ppp/EUR/BAX_Q07812_OID20856_v1_Neurology	19	48954815	48954815	48961798	1	ENSG00000087088	1	unique_match	UKBB_EUR
OID20857	CERT	Q9Y5P4	v1	Neurology	/data/Dutta_lab/decode/ukb_ppp/EUR/CERT_Q9Y5P4_OID20857_v1_Neurology							0	missing	UKBB_EUR
OID20858	MRPL46	Q9H2W6	v1	Neurology	/data/Dutta_lab/decode/ukb_ppp/EUR/MRPL46_Q9H2W6_OID20858_v1_Neurology	15	88467419	88459476	88467419	-1	ENSG00000259494	1	unique_match	UKBB_EUR
OID20859	CARHSP1	Q9Y2V2	v1	Neurology	/data/Dutta_lab/decode/ukb_ppp/EUR/CARHSP1_Q9Y2V2_OID20859_v1_Neurology	16	8869012	8852942	8869012	-1	ENSG00000153048	1	unique_match	UKBB_EUR
OID20860	KRT5	P13647	v1	Neurology	/data/Dutta_lab/decode/ukb_ppp/EUR/KRT5_P13647_OID20860_v1_Neurology	12	52520687	52514575	52520687	-1	ENSG00000186081	1	unique_match	UKBB_EUR
OID20861	GDNF	P39905	v1	Neurology	/data/Dutta_lab/decode/ukb_ppp/EUR/GDNF_P39905_OID20861_v1_Neurology	5	37839686	37812677	37839686	-1	ENSG00000168621	1	unique_match	UKBB_EUR
OID20862	SLIT2	O94813	v1	Neurology	/data/Dutta_lab/decode/ukb_ppp/EUR/SLIT2_O94813_OID20862_v1_Neurology	4	20253260	20253260	20620561	1	ENSG00000145147	1	unique_match	UKBB_EUR
OID20863	NOS1	P29475	v1	Neurology	/data/Dutta_lab/decode/ukb_ppp/EUR/NOS1_P29475_OID20863_v1_Neurology	12	117452170	117208142	117452170	-1	ENSG00000089250	1	unique_match	UKBB_EUR
OID20864	C2CD2L	O14523	v1	Neurology	/data/Dutta_lab/decode/ukb_ppp/EUR/C2CD2L_O14523_OID20864_v1_Neurology	11	119102198	119102198	119118544	1	ENSG00000172375	1	unique_match	UKBB_EUR
OID20865	ATXN10	Q9UBB4	v1	Neurology	/data/Dutta_lab/decode/ukb_ppp/EUR/ATXN10_Q9UBB4_OID20865_v1_Neurology	22	45671798	45671798	45845307	1	ENSG00000130638	1	unique_match	UKBB_EUR
OID20866	MUC13	Q9H3R2	v1	Neurology	/data/Dutta_lab/decode/ukb_ppp/EUR/MUC13_Q9H3R2_OID20866_v1_Neurology	3	124953819	124905442	124953819	-1	ENSG00000173702	1	unique_match	UKBB_EUR
OID20867	PRTFDC1	Q9NRG1	v1	Neurology	/data/Dutta_lab/decode/ukb_ppp/EUR/PRTFDC1_Q9NRG1_OID20867_v1_Neurology	10	24952604	24848607	24952604	-1	ENSG00000099256	1	unique_match	UKBB_EUR
OID20868	TST	Q16762	v1	Neurology	/data/Dutta_lab/decode/ukb_ppp/EUR/TST_Q16762_OID20868_v1_Neurology	22	37020183	37010859	37020183	-1	ENSG00000128311	1	unique_match	UKBB_EUR
OID20869	XRCC4	Q13426	v1	Neurology	/data/Dutta_lab/decode/ukb_ppp/EUR/XRCC4_Q13426_OID20869_v1_Neurology	5	83077498	83077498	83353787	1	ENSG00000152422	1	unique_match	UKBB_EUR
OID20870	TARBP2	Q15633	v1	Neurology	/data/Dutta_lab/decode/ukb_ppp/EUR/TARBP2_Q15633_OID20870_v1_Neurology	12	53500921	53500921	53506431	1	ENSG00000139546	1	unique_match	UKBB_EUR
OID20871	NEFL	P07196	v1	Neurology	/data/Dutta_lab/decode/ukb_ppp/EUR/NEFL_P07196_OID20871_v1_Neurology	8	24957110	24950955	24957110	-1	ENSG00000277586	2	multi_match_first	UKBB_EUR
OID20872	FHIT	P49789	v1	Neurology	/data/Dutta_lab/decode/ukb_ppp/EUR/FHIT_P49789_OID20872_v1_Neurology	3	61251459	59749310	61251459	-1	ENSG00000189283	1	unique_match	UKBB_EUR
OID20873	KIRREL2	Q6UWL6	v1	Neurology	/data/Dutta_lab/decode/ukb_ppp/EUR/KIRREL2_Q6UWL6_OID20873_v1_Neurology	19	35855861	35855861	35867109	1	ENSG00000126259	1	unique_match	UKBB_EUR
OID20874	CLSTN1	O94985	v1	Neurology	/data/Dutta_lab/decode/ukb_ppp/EUR/CLSTN1_O94985_OID20874_v1_Neurology	1	9824526	9729026	9824526	-1	ENSG00000171603	1	unique_match	UKBB_EUR
OID20875	TDRKH	Q9Y2W6	v1	Neurology	/data/Dutta_lab/decode/ukb_ppp/EUR/TDRKH_Q9Y2W6_OID20875_v1_Neurology	1	151791416	151770107	151791416	-1	ENSG00000182134	1	unique_match	UKBB_EUR
OID20876	GSTP1	P09211	v1	Neurology	/data/Dutta_lab/decode/ukb_ppp/EUR/GSTP1_P09211_OID20876_v1_Neurology	11	67583595	67583595	67586660	1	ENSG00000084207	2	multi_match_first	UKBB_EUR
OID20877	MAX	P61244	v1	Neurology	/data/Dutta_lab/decode/ukb_ppp/EUR/MAX_P61244_OID20877_v1_Neurology	14	65102695	65006174	65102695	-1	ENSG00000125952	2	multi_match_first	UKBB_EUR
OID20878	S100A16	Q96FQ6	v1	Neurology	/data/Dutta_lab/decode/ukb_ppp/EUR/S100A16_Q96FQ6_OID20878_v1_Neurology	1	153613145	153606886	153613145	-1	ENSG00000188643	1	unique_match	UKBB_EUR
OID20879	DCTN6	O00399	v1	Neurology	/data/Dutta_lab/decode/ukb_ppp/EUR/DCTN6_O00399_OID20879_v1_Neurology	8	30156297	30156297	30183640	1	ENSG00000104671	1	unique_match	UKBB_EUR
OID20880	PTK7	Q13308	v1	Neurology	/data/Dutta_lab/decode/ukb_ppp/EUR/PTK7_Q13308_OID20880_v1_Neurology	6	43076268	43076268	43161719	1	ENSG00000112655	1	unique_match	UKBB_EUR
OID20881	KEL	P23276	v1	Neurology	/data/Dutta_lab/decode/ukb_ppp/EUR/KEL_P23276_OID20881_v1_Neurology	7	142962681	142941114	142962681	-1	ENSG00000197993	1	unique_match	UKBB_EUR
OID20882	WASF3	Q9UPY6	v1	Neurology	/data/Dutta_lab/decode/ukb_ppp/EUR/WASF3_Q9UPY6_OID20882_v1_Neurology	13	26557703	26557703	26688948	1	ENSG00000132970	1	unique_match	UKBB_EUR
OID20883	BRK1	Q8WUW1	v1	Neurology	/data/Dutta_lab/decode/ukb_ppp/EUR/BRK1_Q8WUW1_OID20883_v1_Neurology	3	10115592	10115592	10127190	1	ENSG00000254999	1	unique_match	UKBB_EUR
OID20884	FMNL1	O95466	v1	Neurology	/data/Dutta_lab/decode/ukb_ppp/EUR/FMNL1_O95466_OID20884_v1_Neurology	17	45221444	45221444	45247320	1	ENSG00000184922	1	unique_match	UKBB_EUR
OID20885	GKN1	Q9NS71	v1	Neurology	/data/Dutta_lab/decode/ukb_ppp/EUR/GKN1_Q9NS71_OID20885_v1_Neurology	2	68974573	68974573	68980974	1	ENSG00000169605	1	unique_match	UKBB_EUR
OID20886	ANXA10	Q9UJ72	v1	Neurology	/data/Dutta_lab/decode/ukb_ppp/EUR/ANXA10_Q9UJ72_OID20886_v1_Neurology	4	168092515	168092515	168187690	1	ENSG00000109511	1	unique_match	UKBB_EUR
OID20887	HMOX2	P30519	v1	Neurology	/data/Dutta_lab/decode/ukb_ppp/EUR/HMOX2_P30519_OID20887_v1_Neurology	16	4474690	4474690	4510347	1	ENSG00000103415	1	unique_match	UKBB_EUR
OID20888	KLB	Q86Z14	v1	Neurology	/data/Dutta_lab/decode/ukb_ppp/EUR/KLB_Q86Z14_OID20888_v1_Neurology	4	39406853	39406853	39451536	1	ENSG00000134962	1	unique_match	UKBB_EUR
OID20889	ISLR2	Q6UXK2	v1	Neurology	/data/Dutta_lab/decode/ukb_ppp/EUR/ISLR2_Q6UXK2_OID20889_v1_Neurology	15	74100311	74100311	74138540	1	ENSG00000167178	1	unique_match	UKBB_EUR
OID20890	GPKOW	Q92917	v1	Neurology	/data/Dutta_lab/decode/ukb_ppp/EUR/GPKOW_Q92917_OID20890_v1_Neurology	23	49123801	49113389	49123801	-1	ENSG00000068394	1	unique_match	UKBB_EUR
OID20891	ECE1	P42892	v1	Neurology	/data/Dutta_lab/decode/ukb_ppp/EUR/ECE1_P42892_OID20891_v1_Neurology	1	21345504	21217247	21345504	-1	ENSG00000117298	1	unique_match	UKBB_EUR
OID20892	PFDN2	Q9UHV9	v1	Neurology	/data/Dutta_lab/decode/ukb_ppp/EUR/PFDN2_Q9UHV9_OID20892_v1_Neurology	1	161118111	161100556	161118111	-1	ENSG00000143256	1	unique_match	UKBB_EUR
OID20893	CASP10	Q92851	v1	Neurology	/data/Dutta_lab/decode/ukb_ppp/EUR/CASP10_Q92851_OID20893_v1_Neurology	2	201182881	201182881	201229406	1	ENSG00000003400	2	multi_match_first	UKBB_EUR
OID20894	TIGAR	Q9NQ88	v1	Neurology	/data/Dutta_lab/decode/ukb_ppp/EUR/TIGAR_Q9NQ88_OID20894_v1_Neurology	12	4307763	4307763	4354593	1	ENSG00000078237	1	unique_match	UKBB_EUR
OID20895	AKT1S1	Q96B36	v1	Neurology	/data/Dutta_lab/decode/ukb_ppp/EUR/AKT1S1_Q96B36_OID20895_v1_Neurology	19	49878459	49869033	49878459	-1	ENSG00000204673	1	unique_match	UKBB_EUR
OID20896	AGR2	O95994	v1	Neurology	/data/Dutta_lab/decode/ukb_ppp/EUR/AGR2_O95994_OID20896_v1_Neurology	7	16833433	16791811	16833433	-1	ENSG00000106541	1	unique_match	UKBB_EUR
OID20897	DPEP1	P16444	v1	Neurology	/data/Dutta_lab/decode/ukb_ppp/EUR/DPEP1_P16444_OID20897_v1_Neurology	16	89613308	89613308	89638456	1	ENSG00000015413	1	unique_match	UKBB_EUR
OID20899	MAP4K5	Q9Y4K4	v1	Neurology	/data/Dutta_lab/decode/ukb_ppp/EUR/MAP4K5_Q9Y4K4_OID20899_v1_Neurology	14	50561126	50418501	50561126	-1	ENSG00000012983	1	unique_match	UKBB_EUR
OID20900	IL18RAP	O95256	v1	Neurology	/data/Dutta_lab/decode/ukb_ppp/EUR/IL18RAP_O95256_OID20900_v1_Neurology	2	102418689	102418689	102452565	1	ENSG00000115607	1	unique_match	UKBB_EUR
OID20901	CRIP2	P52943	v1	Neurology	/data/Dutta_lab/decode/ukb_ppp/EUR/CRIP2_P52943_OID20901_v1_Neurology	14	105472962	105472962	105480170	1	ENSG00000182809	1	unique_match	UKBB_EUR
OID20902	PPP3R1	P63098	v1	Neurology	/data/Dutta_lab/decode/ukb_ppp/EUR/PPP3R1_P63098_OID20902_v1_Neurology	2	68256237	68178857	68256237	-1	ENSG00000221823	1	unique_match	UKBB_EUR
OID20903	DARS1	P14868	v1	Neurology	/data/Dutta_lab/decode/ukb_ppp/EUR/DARS1_P14868_OID20903_v1_Neurology							0	missing	UKBB_EUR
OID20904	MAD1L1	Q9Y6D9	v1	Neurology	/data/Dutta_lab/decode/ukb_ppp/EUR/MAD1L1_Q9Y6D9_OID20904_v1_Neurology	7	2233243	1815793	2233243	-1	ENSG00000002822	1	unique_match	UKBB_EUR
OID20905	EREG	O14944	v1	Neurology	/data/Dutta_lab/decode/ukb_ppp/EUR/EREG_O14944_OID20905_v1_Neurology	4	74365143	74365143	74388751	1	ENSG00000124882	1	unique_match	UKBB_EUR
OID20906	SKAP1	Q86WV1	v1	Neurology	/data/Dutta_lab/decode/ukb_ppp/EUR/SKAP1_Q86WV1_OID20906_v1_Neurology	17	48430275	48133440	48430275	-1	ENSG00000141293	1	unique_match	UKBB_EUR
OID20907	IMPA1	P29218	v1	Neurology	/data/Dutta_lab/decode/ukb_ppp/EUR/IMPA1_P29218_OID20907_v1_Neurology	8	81686693	81657961	81686693	-1	ENSG00000133731	1	unique_match	UKBB_EUR
OID20908	PTPN1	P18031	v1	Neurology	/data/Dutta_lab/decode/ukb_ppp/EUR/PTPN1_P18031_OID20908_v1_Neurology	20	50510321	50510321	50585241	1	ENSG00000196396	1	unique_match	UKBB_EUR
OID20909	GGT5	P36269	v1	Neurology	/data/Dutta_lab/decode/ukb_ppp/EUR/GGT5_P36269_OID20909_v1_Neurology	22	24245142	24219654	24245142	-1	ENSG00000099998	1	unique_match	UKBB_EUR
OID20910	CLPP	Q16740	v1	Neurology	/data/Dutta_lab/decode/ukb_ppp/EUR/CLPP_Q16740_OID20910_v1_Neurology	19	6361452	6361452	6368908	1	ENSG00000125656	1	unique_match	UKBB_EUR
OID20911	IL6	P05231	v1	Neurology	/data/Dutta_lab/decode/ukb_ppp/EUR/IL6_P05231_OID20911_v1_Neurology	7	22725884	22725884	22732002	1	ENSG00000136244	1	unique_match	UKBB_EUR
OID20912	PTPRN2	Q92932	v1	Neurology	/data/Dutta_lab/decode/ukb_ppp/EUR/PTPRN2_Q92932_OID20912_v1_Neurology	7	158587788	157539056	158587788	-1	ENSG00000155093	1	unique_match	UKBB_EUR
OID20913	NMNAT1	Q9HAN9	v1	Neurology	/data/Dutta_lab/decode/ukb_ppp/EUR/NMNAT1_Q9HAN9_OID20913_v1_Neurology	1	9943428	9943428	9985501	1	ENSG00000173614	1	unique_match	UKBB_EUR
OID20914	CRTAM	O95727	v1	Neurology	/data/Dutta_lab/decode/ukb_ppp/EUR/CRTAM_O95727_OID20914_v1_Neurology	11	122838500	122838500	122872639	1	ENSG00000109943	1	unique_match	UKBB_EUR
OID20915	CSF2RA	P15509	v1	Neurology	/data/Dutta_lab/decode/ukb_ppp/EUR/CSF2RA_P15509_OID20915_v1_Neurology	23	1268800	1268800	1310381	1	ENSG00000198223	2	multi_match_first	UKBB_EUR
OID20916	PSG1	P11464	v1	Neurology	/data/Dutta_lab/decode/ukb_ppp/EUR/PSG1_P11464_OID20916_v1_Neurology	19	42879822	42866464	42879822	-1	ENSG00000231924	1	unique_match	UKBB_EUR
OID20917	DRAXIN	Q8NBI3	v1	Neurology	/data/Dutta_lab/decode/ukb_ppp/EUR/DRAXIN_Q8NBI3_OID20917_v1_Neurology	1	11691729	11691729	11725857	1	ENSG00000162490	1	unique_match	UKBB_EUR
OID20918	EBAG9	O00559	v1	Neurology	/data/Dutta_lab/decode/ukb_ppp/EUR/EBAG9_O00559_OID20918_v1_Neurology	8	109539711	109539711	109565996	1	ENSG00000147654	1	unique_match	UKBB_EUR
OID20919	ULBP2	Q9BZM5	v1	Neurology	/data/Dutta_lab/decode/ukb_ppp/EUR/ULBP2_Q9BZM5_OID20919_v1_Neurology	6	149942000	149942000	149949235	1	ENSG00000131015	1	unique_match	UKBB_EUR
OID20920	NGF	P01138	v1	Neurology	/data/Dutta_lab/decode/ukb_ppp/EUR/NGF_P01138_OID20920_v1_Neurology	1	115338236	115285916	115338236	-1	LRG_260	2	multi_match_first	UKBB_EUR
OID20921	ABHD14B	Q96IU4	v1	Neurology	/data/Dutta_lab/decode/ukb_ppp/EUR/ABHD14B_Q96IU4_OID20921_v1_Neurology	3	51983409	51968510	51983409	-1	ENSG00000114779	1	unique_match	UKBB_EUR
OID20922	PHOSPHO1	Q8TCT1	v1	Neurology	/data/Dutta_lab/decode/ukb_ppp/EUR/PHOSPHO1_Q8TCT1_OID20922_v1_Neurology	17	49230766	49223362	49230766	-1	ENSG00000173868	1	unique_match	UKBB_EUR
OID20923	CRADD	P78560	v1	Neurology	/data/Dutta_lab/decode/ukb_ppp/EUR/CRADD_P78560_OID20923_v1_Neurology	12	93677375	93677375	93894840	1	ENSG00000169372	1	unique_match	UKBB_EUR
OID20924	SPOCK1	Q08629	v1	Neurology	/data/Dutta_lab/decode/ukb_ppp/EUR/SPOCK1_Q08629_OID20924_v1_Neurology	5	137598379	136975298	137598379	-1	ENSG00000152377	1	unique_match	UKBB_EUR
OID20925	PAEP	P09466	v1	Neurology	/data/Dutta_lab/decode/ukb_ppp/EUR/PAEP_P09466_OID20925_v1_Neurology	9	135561756	135561756	135566955	1	ENSG00000122133	1	unique_match	UKBB_EUR
OID20926	WWP2	O00308	v1	Neurology	/data/Dutta_lab/decode/ukb_ppp/EUR/WWP2_O00308_OID20926_v1_Neurology	16	69762306	69762306	69941741	1	ENSG00000198373	1	unique_match	UKBB_EUR
OID20927	APRT	P07741	v1	Neurology	/data/Dutta_lab/decode/ukb_ppp/EUR/APRT_P07741_OID20927_v1_Neurology	16	88811944	88809339	88811944	-1	ENSG00000198931	1	unique_match	UKBB_EUR
OID20928	CLEC10A	Q8IUN9	v1	Neurology	/data/Dutta_lab/decode/ukb_ppp/EUR/CLEC10A_Q8IUN9_OID20928_v1_Neurology	17	7080307	7074537	7080307	-1	ENSG00000132514	1	unique_match	UKBB_EUR
OID20930	CHMP1A	Q9HD42	v1	Neurology	/data/Dutta_lab/decode/ukb_ppp/EUR/CHMP1A_Q9HD42_OID20930_v1_Neurology	16	89657845	89644431	89657845	-1	ENSG00000131165	1	unique_match	UKBB_EUR
OID20931	NAAA	Q02083	v1	Neurology	/data/Dutta_lab/decode/ukb_ppp/EUR/NAAA_Q02083_OID20931_v1_Neurology	4	75941051	75913657	75941051	-1	ENSG00000138744	1	unique_match	UKBB_EUR
OID20932	SERPINB9	P50453	v1	Neurology	/data/Dutta_lab/decode/ukb_ppp/EUR/SERPINB9_P50453_OID20932_v1_Neurology	6	2903280	2887266	2903280	-1	ENSG00000170542	1	unique_match	UKBB_EUR
OID20933	GFRA3	O60609	v1	Neurology	/data/Dutta_lab/decode/ukb_ppp/EUR/GFRA3_O60609_OID20933_v1_Neurology	5	138274671	138252379	138274671	-1	ENSG00000146013	1	unique_match	UKBB_EUR
OID20934	DKK4	Q9UBT3	v1	Neurology	/data/Dutta_lab/decode/ukb_ppp/EUR/DKK4_Q9UBT3_OID20934_v1_Neurology	8	42377232	42374068	42377232	-1	ENSG00000104371	1	unique_match	UKBB_EUR
OID20935	EFNA4	P52798	v1	Neurology	/data/Dutta_lab/decode/ukb_ppp/EUR/EFNA4_P52798_OID20935_v1_Neurology	1	155063731	155063731	155069553	1	ENSG00000243364	1	unique_match	UKBB_EUR
OID20936	VWC2	Q2TAL6	v1	Neurology	/data/Dutta_lab/decode/ukb_ppp/EUR/VWC2_Q2TAL6_OID20936_v1_Neurology	7	49773661	49773661	49921950	1	ENSG00000188730	1	unique_match	UKBB_EUR
OID20937	FKBP5	Q13451	v1	Neurology	/data/Dutta_lab/decode/ukb_ppp/EUR/FKBP5_Q13451_OID20937_v1_Neurology	6	35728583	35573585	35728583	-1	ENSG00000096060	1	unique_match	UKBB_EUR
OID20938	RSPO1	Q2MKA7	v1	Neurology	/data/Dutta_lab/decode/ukb_ppp/EUR/RSPO1_Q2MKA7_OID20938_v1_Neurology	1	37634923	37611350	37634923	-1	ENSG00000169218	1	unique_match	UKBB_EUR
OID20939	WFIKKN1	Q96NZ8	v1	Neurology	/data/Dutta_lab/decode/ukb_ppp/EUR/WFIKKN1_Q96NZ8_OID20939_v1_Neurology	16	629239	629239	634116	1	ENSG00000127578	1	unique_match	UKBB_EUR
OID20940	CDCP1	Q9H5V8	v1	Neurology	/data/Dutta_lab/decode/ukb_ppp/EUR/CDCP1_Q9H5V8_OID20940_v1_Neurology	3	45146422	45082278	45146422	-1	ENSG00000163814	1	unique_match	UKBB_EUR
OID20941	IFNGR2	P38484	v1	Neurology	/data/Dutta_lab/decode/ukb_ppp/EUR/IFNGR2_P38484_OID20941_v1_Neurology	21	33402896	33402896	33479348	1	ENSG00000159128	2	multi_match_first	UKBB_EUR
OID20942	TBCC	Q15814	v1	Neurology	/data/Dutta_lab/decode/ukb_ppp/EUR/TBCC_Q15814_OID20942_v1_Neurology	6	42746096	42744481	42746096	-1	ENSG00000124659	1	unique_match	UKBB_EUR
OID20943	SCARB2	Q14108	v1	Neurology	/data/Dutta_lab/decode/ukb_ppp/EUR/SCARB2_Q14108_OID20943_v1_Neurology	4	76213893	76158737	76213893	-1	ENSG00000138760	1	unique_match	UKBB_EUR
OID20944	GPC5	P78333	v1	Neurology	/data/Dutta_lab/decode/ukb_ppp/EUR/GPC5_P78333_OID20944_v1_Neurology	13	91398607	91398607	92873682	1	ENSG00000179399	1	unique_match	UKBB_EUR
OID20945	LY96	Q9Y6Y9	v1	Neurology	/data/Dutta_lab/decode/ukb_ppp/EUR/LY96_Q9Y6Y9_OID20945_v1_Neurology	8	73991352	73991352	74029087	1	ENSG00000154589	1	unique_match	UKBB_EUR
OID20946	FLRT2	O43155	v1	Neurology	/data/Dutta_lab/decode/ukb_ppp/EUR/FLRT2_O43155_OID20946_v1_Neurology	14	85530144	85530144	85654426	1	ENSG00000185070	1	unique_match	UKBB_EUR
OID20947	TMPRSS5	Q9H3S3	v1	Neurology	/data/Dutta_lab/decode/ukb_ppp/EUR/TMPRSS5_Q9H3S3_OID20947_v1_Neurology	11	113706373	113687550	113706373	-1	ENSG00000166682	1	unique_match	UKBB_EUR
OID20948	SETMAR	Q53H47	v1	Neurology	/data/Dutta_lab/decode/ukb_ppp/EUR/SETMAR_Q53H47_OID20948_v1_Neurology	3	4303304	4303304	4317567	1	ENSG00000170364	1	unique_match	UKBB_EUR
OID20949	GLB1	P16278	v1	Neurology	/data/Dutta_lab/decode/ukb_ppp/EUR/GLB1_P16278_OID20949_v1_Neurology	3	33097230	32996608	33097230	-1	ENSG00000170266	1	unique_match	UKBB_EUR
OID20950	RHOC	P08134	v1	Neurology	/data/Dutta_lab/decode/ukb_ppp/EUR/RHOC_P08134_OID20950_v1_Neurology	1	112707434	112701106	112707434	-1	ENSG00000155366	1	unique_match	UKBB_EUR
OID20951	MDGA1	Q8NFP4	v1	Neurology	/data/Dutta_lab/decode/ukb_ppp/EUR/MDGA1_Q8NFP4_OID20951_v1_Neurology	6	37699306	37630679	37699306	-1	ENSG00000112139	1	unique_match	UKBB_EUR
OID20952	TXLNA	P40222	v1	Neurology	/data/Dutta_lab/decode/ukb_ppp/EUR/TXLNA_P40222_OID20952_v1_Neurology	1	32179686	32179686	32198285	1	ENSG00000084652	1	unique_match	UKBB_EUR
OID20953	TNFSF14	O43557	v1	Neurology	/data/Dutta_lab/decode/ukb_ppp/EUR/TNFSF14_O43557_OID20953_v1_Neurology	19	6670588	6661253	6670588	-1	ENSG00000125735	1	unique_match	UKBB_EUR
OID20954	MASP1	P48740	v1	Neurology	/data/Dutta_lab/decode/ukb_ppp/EUR/MASP1_P48740_OID20954_v1_Neurology	3	187292022	187216085	187292022	-1	LRG_349	2	multi_match_first	UKBB_EUR
OID20955	STAMBP	O95630	v1	Neurology	/data/Dutta_lab/decode/ukb_ppp/EUR/STAMBP_O95630_OID20955_v1_Neurology	2	73828916	73828916	73873659	1	ENSG00000124356	1	unique_match	UKBB_EUR
OID20956	DNMBP	Q6XZF7	v1	Neurology	/data/Dutta_lab/decode/ukb_ppp/EUR/DNMBP_Q6XZF7_OID20956_v1_Neurology	10	100009919	99875577	100009919	-1	ENSG00000107554	1	unique_match	UKBB_EUR
OID20957	TNR	Q92752	v1	Neurology	/data/Dutta_lab/decode/ukb_ppp/EUR/TNR_Q92752_OID20957_v1_Neurology	1	175743770	175315194	175743770	-1	ENSG00000116147	1	unique_match	UKBB_EUR
OID20958	CC2D1A	Q6P1N0	v1	Neurology	/data/Dutta_lab/decode/ukb_ppp/EUR/CC2D1A_Q6P1N0_OID20958_v1_Neurology	19	13906201	13906201	13930879	1	ENSG00000132024	1	unique_match	UKBB_EUR
OID20959	MITD1	Q8WV92	v1	Neurology	/data/Dutta_lab/decode/ukb_ppp/EUR/MITD1_Q8WV92_OID20959_v1_Neurology	2	99181058	99161427	99181058	-1	ENSG00000158411	1	unique_match	UKBB_EUR
OID20960	FKBP4	Q02790	v1	Neurology	/data/Dutta_lab/decode/ukb_ppp/EUR/FKBP4_Q02790_OID20960_v1_Neurology	12	2794953	2794953	2805423	1	ENSG00000004478	1	unique_match	UKBB_EUR
OID20961	NPM1	P06748	v1	Neurology	/data/Dutta_lab/decode/ukb_ppp/EUR/NPM1_P06748_OID20961_v1_Neurology	5	171387116	171387116	171411137	1	ENSG00000181163	2	multi_match_first	UKBB_EUR
OID20962	PRDX1	Q06830	v1	Neurology	/data/Dutta_lab/decode/ukb_ppp/EUR/PRDX1_Q06830_OID20962_v1_Neurology	1	45523047	45511036	45523047	-1	ENSG00000117450	1	unique_match	UKBB_EUR
OID20963	LPO	P22079	v1	Neurology	/data/Dutta_lab/decode/ukb_ppp/EUR/LPO_P22079_OID20963_v1_Neurology	17	58218548	58218548	58268518	1	ENSG00000167419	1	unique_match	UKBB_EUR
OID20964	TNFRSF6B	O95407	v1	Neurology	/data/Dutta_lab/decode/ukb_ppp/EUR/TNFRSF6B_O95407_OID20964_v1_Neurology	20	63696668	63696668	63698684	1	ENSG00000243509	1	unique_match	UKBB_EUR
OID20965	LAIR2	Q6ISS4	v1	Neurology	/data/Dutta_lab/decode/ukb_ppp/EUR/LAIR2_Q6ISS4_OID20965_v1_Neurology	19	54497879	54497879	54510687	1	ENSG00000167618	1	unique_match	UKBB_EUR
OID20966	CD274	Q9NZQ7	v1	Neurology	/data/Dutta_lab/decode/ukb_ppp/EUR/CD274_Q9NZQ7_OID20966_v1_Neurology	9	5450503	5450503	5470566	1	ENSG00000120217	1	unique_match	UKBB_EUR
OID20967	TNFRSF10A	O00220	v1	Neurology	/data/Dutta_lab/decode/ukb_ppp/EUR/TNFRSF10A_O00220_OID20967_v1_Neurology	8	23225126	23190452	23225126	-1	ENSG00000104689	1	unique_match	UKBB_EUR
OID20968	FRZB	Q92765	v1	Neurology	/data/Dutta_lab/decode/ukb_ppp/EUR/FRZB_Q92765_OID20968_v1_Neurology	2	182867162	182833275	182867162	-1	ENSG00000162998	1	unique_match	UKBB_EUR
OID20969	PSME1	Q06323	v1	Neurology	/data/Dutta_lab/decode/ukb_ppp/EUR/PSME1_Q06323_OID20969_v1_Neurology	14	24136158	24136158	24138967	1	ENSG00000092010	1	unique_match	UKBB_EUR
OID20970	LAYN	Q6UX15	v1	Neurology	/data/Dutta_lab/decode/ukb_ppp/EUR/LAYN_Q6UX15_OID20970_v1_Neurology	11	111540280	111540280	111561745	1	ENSG00000204381	1	unique_match	UKBB_EUR
OID20971	SNCG	O76070	v1	Neurology	/data/Dutta_lab/decode/ukb_ppp/EUR/SNCG_O76070_OID20971_v1_Neurology	10	86958618	86958618	86963260	1	ENSG00000173267	1	unique_match	UKBB_EUR
OID20972	BAG3	O95817	v1	Neurology	/data/Dutta_lab/decode/ukb_ppp/EUR/BAG3_O95817_OID20972_v1_Neurology	10	119651370	119651370	119677819	1	ENSG00000151929	2	multi_match_first	UKBB_EUR
OID20973	CCS	O14618	v1	Neurology	/data/Dutta_lab/decode/ukb_ppp/EUR/CCS_O14618_OID20973_v1_Neurology	11	66592821	66592821	66606019	1	ENSG00000173992	1	unique_match	UKBB_EUR
OID20974	ADGRB3	O60242	v1	Neurology	/data/Dutta_lab/decode/ukb_ppp/EUR/ADGRB3_O60242_OID20974_v1_Neurology	6	68635367	68635367	69389511	1	ENSG00000135298	1	unique_match	UKBB_EUR
OID20975	HNMT	P50135	v1	Neurology	/data/Dutta_lab/decode/ukb_ppp/EUR/HNMT_P50135_OID20975_v1_Neurology	2	137964020	137964020	138016364	1	ENSG00000150540	1	unique_match	UKBB_EUR
OID20976	CX3CL1	P78423	v1	Neurology	/data/Dutta_lab/decode/ukb_ppp/EUR/CX3CL1_P78423_OID20976_v1_Neurology	16	57372458	57372458	57385048	1	ENSG00000006210	1	unique_match	UKBB_EUR
OID20977	IPCEF1	Q8WWN9	v1	Neurology	/data/Dutta_lab/decode/ukb_ppp/EUR/IPCEF1_Q8WWN9_OID20977_v1_Neurology	6	154356792	154154496	154356792	-1	ENSG00000074706	1	unique_match	UKBB_EUR
OID20978	AFP	P02771	v1	Neurology	/data/Dutta_lab/decode/ukb_ppp/EUR/AFP_P02771_OID20978_v1_Neurology	4	73431138	73431138	73456174	1	ENSG00000081051	1	unique_match	UKBB_EUR
OID20979	MATN3	O15232	v1	Neurology	/data/Dutta_lab/decode/ukb_ppp/EUR/MATN3_O15232_OID20979_v1_Neurology	2	20012694	19992111	20012694	-1	ENSG00000132031	1	unique_match	UKBB_EUR
OID20980	OBP2B	Q9NPH6	v1	Neurology	/data/Dutta_lab/decode/ukb_ppp/EUR/OBP2B_Q9NPH6_OID20980_v1_Neurology	9	133209250	133205277	133209250	-1	ENSG00000171102	1	unique_match	UKBB_EUR
OID20981	TNFRSF10B	O14763	v1	Neurology	/data/Dutta_lab/decode/ukb_ppp/EUR/TNFRSF10B_O14763_OID20981_v1_Neurology	8	23069179	23020133	23069179	-1	ENSG00000120889	1	unique_match	UKBB_EUR
OID20982	EPHB6	O15197	v1	Neurology	/data/Dutta_lab/decode/ukb_ppp/EUR/EPHB6_O15197_OID20982_v1_Neurology	7	142855061	142855061	142871094	1	ENSG00000106123	1	unique_match	UKBB_EUR
OID20983	CALCA	P01258	v1	Neurology	/data/Dutta_lab/decode/ukb_ppp/EUR/CALCA_P01258_OID20983_v1_Neurology	11	14972354	14966668	14972354	-1	ENSG00000110680	2	multi_match_first	UKBB_EUR
OID20984	SFRP1	Q8N474	v1	Neurology	/data/Dutta_lab/decode/ukb_ppp/EUR/SFRP1_Q8N474_OID20984_v1_Neurology	8	41309497	41261958	41309497	-1	ENSG00000104332	1	unique_match	UKBB_EUR
OID20985	TNFRSF9	Q07011	v1	Neurology	/data/Dutta_lab/decode/ukb_ppp/EUR/TNFRSF9_Q07011_OID20985_v1_Neurology	1	7943165	7915894	7943165	-1	ENSG00000049249	1	unique_match	UKBB_EUR
OID20986	RBKS	Q9H477	v1	Neurology	/data/Dutta_lab/decode/ukb_ppp/EUR/RBKS_Q9H477_OID20986_v1_Neurology	2	27891098	27781364	27891098	-1	ENSG00000171174	1	unique_match	UKBB_EUR
OID20987	TCL1A	P56279	v1	Neurology	/data/Dutta_lab/decode/ukb_ppp/EUR/TCL1A_P56279_OID20987_v1_Neurology	14	95714196	95709967	95714196	-1	ENSG00000100721	1	unique_match	UKBB_EUR
OID20988	CD63	P08962	v1	Neurology	/data/Dutta_lab/decode/ukb_ppp/EUR/CD63_P08962_OID20988_v1_Neurology	12	55729707	55725323	55729707	-1	ENSG00000135404	1	unique_match	UKBB_EUR
OID20989	PSME2	Q9UL46	v1	Neurology	/data/Dutta_lab/decode/ukb_ppp/EUR/PSME2_Q9UL46_OID20989_v1_Neurology	14	24147570	24143362	24147570	-1	ENSG00000100911	1	unique_match	UKBB_EUR
OID20990	ASGR1	P07306	v1	Neurology	/data/Dutta_lab/decode/ukb_ppp/EUR/ASGR1_P07306_OID20990_v1_Neurology	17	7179564	7173431	7179564	-1	ENSG00000141505	1	unique_match	UKBB_EUR
OID20992	FUT8	Q9BYC5	v1	Neurology	/data/Dutta_lab/decode/ukb_ppp/EUR/FUT8_Q9BYC5_OID20992_v1_Neurology	14	65410592	65410592	65744121	1	ENSG00000033170	1	unique_match	UKBB_EUR
OID20993	TBCB	Q99426	v1	Neurology	/data/Dutta_lab/decode/ukb_ppp/EUR/TBCB_Q99426_OID20993_v1_Neurology	19	36114289	36114289	36125947	1	ENSG00000105254	1	unique_match	UKBB_EUR
OID20994	BMP4	P12644	v1	Neurology	/data/Dutta_lab/decode/ukb_ppp/EUR/BMP4_P12644_OID20994_v1_Neurology	14	53958761	53949736	53958761	-1	ENSG00000125378	1	unique_match	UKBB_EUR
OID20995	CST5	P28325	v1	Neurology	/data/Dutta_lab/decode/ukb_ppp/EUR/CST5_P28325_OID20995_v1_Neurology	20	23879750	23875935	23879750	-1	ENSG00000170367	1	unique_match	UKBB_EUR
OID20996	ASAH2	Q9NR71	v1	Neurology	/data/Dutta_lab/decode/ukb_ppp/EUR/ASAH2_Q9NR71_OID20996_v1_Neurology	10	50248610	50182778	50248610	-1	ENSG00000188611	1	unique_match	UKBB_EUR
OID20997	CXCL8	P10145	v1	Neurology	/data/Dutta_lab/decode/ukb_ppp/EUR/CXCL8_P10145_OID20997_v1_Neurology	4	73740506	73740506	73743716	1	ENSG00000169429	1	unique_match	UKBB_EUR
OID20998	BCAN	Q96GW7	v1	Neurology	/data/Dutta_lab/decode/ukb_ppp/EUR/BCAN_Q96GW7_OID20998_v1_Neurology	1	156641390	156641390	156659532	1	ENSG00000132692	1	unique_match	UKBB_EUR
OID20999	ACVRL1	P37023	v1	Neurology	/data/Dutta_lab/decode/ukb_ppp/EUR/ACVRL1_P37023_OID20999_v1_Neurology	12	51906908	51906908	51923361	1	ENSG00000139567	2	multi_match_first	UKBB_EUR
OID21000	EIF4B	P23588	v1	Neurology	/data/Dutta_lab/decode/ukb_ppp/EUR/EIF4B_P23588_OID21000_v1_Neurology	12	53006158	53006158	53042209	1	ENSG00000063046	1	unique_match	UKBB_EUR
OID21001	ADAM22	Q9P0K1	v1	Neurology	/data/Dutta_lab/decode/ukb_ppp/EUR/ADAM22_Q9P0K1_OID21001_v1_Neurology	7	87934143	87934143	88202889	1	ENSG00000008277	1	unique_match	UKBB_EUR
OID21002	PLA2G10	O15496	v1	Neurology	/data/Dutta_lab/decode/ukb_ppp/EUR/PLA2G10_O15496_OID21002_v1_Neurology	16	14694669	14672545	14694669	-1	ENSG00000069764	1	unique_match	UKBB_EUR
OID21003	LXN	Q9BS40	v1	Neurology	/data/Dutta_lab/decode/ukb_ppp/EUR/LXN_Q9BS40_OID21003_v1_Neurology	3	158672693	158645822	158672693	-1	ENSG00000079257	1	unique_match	UKBB_EUR
OID21004	CCL2	P13500	v1	Neurology	/data/Dutta_lab/decode/ukb_ppp/EUR/CCL2_P13500_OID21004_v1_Neurology	17	34255218	34255218	34257203	1	ENSG00000108691	1	unique_match	UKBB_EUR
OID21005	CDH15	P55291	v1	Neurology	/data/Dutta_lab/decode/ukb_ppp/EUR/CDH15_P55291_OID21005_v1_Neurology	16	89171767	89171767	89195492	1	ENSG00000129910	1	unique_match	UKBB_EUR
OID21006	CNTN5	O94779	v1	Neurology	/data/Dutta_lab/decode/ukb_ppp/EUR/CNTN5_O94779_OID21006_v1_Neurology	11	99020953	99020953	100358885	1	ENSG00000149972	1	unique_match	UKBB_EUR
OID21007	ROBO2	Q9HCK4	v1	Neurology	/data/Dutta_lab/decode/ukb_ppp/EUR/ROBO2_Q9HCK4_OID21007_v1_Neurology	3	75906695	75906695	77649964	1	ENSG00000185008	1	unique_match	UKBB_EUR
OID21008	CDH3	P22223	v1	Neurology	/data/Dutta_lab/decode/ukb_ppp/EUR/CDH3_P22223_OID21008_v1_Neurology	16	68636189	68636189	68722616	1	ENSG00000062038	1	unique_match	UKBB_EUR
OID21009	DDR1	Q08345	v1	Neurology	/data/Dutta_lab/decode/ukb_ppp/EUR/DDR1_Q08345_OID21009_v1_Neurology	6	30876421	30876421	30900156	1	ENSG00000204580	1	unique_match	UKBB_EUR
OID21010	CD300C	Q08708	v1	Neurology	/data/Dutta_lab/decode/ukb_ppp/EUR/CD300C_Q08708_OID21010_v1_Neurology	17	74546143	74541108	74546143	-1	ENSG00000167850	1	unique_match	UKBB_EUR
OID21011	PVR	P15151	v1	Neurology	/data/Dutta_lab/decode/ukb_ppp/EUR/PVR_P15151_OID21011_v1_Neurology	19	44643798	44643798	44663583	1	ENSG00000073008	1	unique_match	UKBB_EUR
OID21012	TXNDC5	Q8NBS9	v1	Neurology	/data/Dutta_lab/decode/ukb_ppp/EUR/TXNDC5_Q8NBS9_OID21012_v1_Neurology	6	7910814	7881517	7910814	-1	ENSG00000239264	1	unique_match	UKBB_EUR
OID21014	STC1	P52823	v1	Neurology	/data/Dutta_lab/decode/ukb_ppp/EUR/STC1_P52823_OID21014_v1_Neurology	8	23854807	23841915	23854807	-1	ENSG00000159167	1	unique_match	UKBB_EUR
OID21015	RWDD1	Q9H446	v1	Neurology	/data/Dutta_lab/decode/ukb_ppp/EUR/RWDD1_Q9H446_OID21015_v1_Neurology	6	116571367	116571367	116597675	1	ENSG00000111832	1	unique_match	UKBB_EUR
OID21016	VTA1	Q9NP79	v1	Neurology	/data/Dutta_lab/decode/ukb_ppp/EUR/VTA1_Q9NP79_OID21016_v1_Neurology	6	142147162	142147162	142224689	1	ENSG00000009844	1	unique_match	UKBB_EUR
OID21017	EZR	P15311	v1	Neurology	/data/Dutta_lab/decode/ukb_ppp/EUR/EZR_P15311_OID21017_v1_Neurology	6	158819412	158765741	158819412	-1	ENSG00000092820	1	unique_match	UKBB_EUR
OID21018	CD8A	P01732	v1	Neurology	/data/Dutta_lab/decode/ukb_ppp/EUR/CD8A_P01732_OID21018_v1_Neurology	2	86791714	86784605	86791714	-1	LRG_44	2	multi_match_first	UKBB_EUR
OID21019	MMP8	P22894	v1	Neurology	/data/Dutta_lab/decode/ukb_ppp/EUR/MMP8_P22894_OID21019_v1_Neurology	11	102727050	102711795	102727050	-1	ENSG00000118113	1	unique_match	UKBB_EUR
OID21020	SEMA4D	Q92854	v1	Neurology	/data/Dutta_lab/decode/ukb_ppp/EUR/SEMA4D_Q92854_OID21020_v1_Neurology	9	89498130	89360787	89498130	-1	ENSG00000187764	1	unique_match	UKBB_EUR
OID21021	PDCD5	O14737	v1	Neurology	/data/Dutta_lab/decode/ukb_ppp/EUR/PDCD5_O14737_OID21021_v1_Neurology	19	32581068	32581068	32587452	1	ENSG00000105185	1	unique_match	UKBB_EUR
OID21022	NSFL1C	Q9UNZ2	v1	Neurology	/data/Dutta_lab/decode/ukb_ppp/EUR/NSFL1C_Q9UNZ2_OID21022_v1_Neurology	20	1473842	1442162	1473842	-1	ENSG00000088833	1	unique_match	UKBB_EUR
OID21023	SERPINB6	P35237	v1	Neurology	/data/Dutta_lab/decode/ukb_ppp/EUR/SERPINB6_P35237_OID21023_v1_Neurology	6	2972165	2948159	2972165	-1	ENSG00000124570	1	unique_match	UKBB_EUR
OID21024	CXCL13	O43927	v1	Neurology	/data/Dutta_lab/decode/ukb_ppp/EUR/CXCL13_O43927_OID21024_v1_Neurology	4	77511753	77511753	77611834	1	ENSG00000156234	1	unique_match	UKBB_EUR
OID21025	CD34	P28906	v1	Neurology	/data/Dutta_lab/decode/ukb_ppp/EUR/CD34_P28906_OID21025_v1_Neurology	1	207911402	207880972	207911402	-1	ENSG00000174059	1	unique_match	UKBB_EUR
OID21026	VCAN	P13611	v1	Neurology	/data/Dutta_lab/decode/ukb_ppp/EUR/VCAN_P13611_OID21026_v1_Neurology	5	83471465	83471465	83582303	1	ENSG00000038427	1	unique_match	UKBB_EUR
OID21027	PPCDC	Q96CD2	v1	Neurology	/data/Dutta_lab/decode/ukb_ppp/EUR/PPCDC_Q96CD2_OID21027_v1_Neurology	15	75023555	75023555	75117462	1	ENSG00000138621	1	unique_match	UKBB_EUR
OID21028	SMPD1	P17405	v1	Neurology	/data/Dutta_lab/decode/ukb_ppp/EUR/SMPD1_P17405_OID21028_v1_Neurology	11	6390431	6390431	6394998	1	ENSG00000166311	1	unique_match	UKBB_EUR
OID21029	BST2	Q10589	v1	Neurology	/data/Dutta_lab/decode/ukb_ppp/EUR/BST2_Q10589_OID21029_v1_Neurology	19	17405648	17402939	17405648	-1	ENSG00000130303	1	unique_match	UKBB_EUR
OID21030	CCL19	Q99731	v1	Neurology	/data/Dutta_lab/decode/ukb_ppp/EUR/CCL19_Q99731_OID21030_v1_Neurology	9	34691277	34689567	34691277	-1	ENSG00000172724	1	unique_match	UKBB_EUR
OID21031	SULT1A1	P50225	v1	Neurology	/data/Dutta_lab/decode/ukb_ppp/EUR/SULT1A1_P50225_OID21031_v1_Neurology	16	28623625	28605196	28623625	-1	ENSG00000196502	1	unique_match	UKBB_EUR
OID21032	SUMF2	Q8NBJ7	v1	Neurology	/data/Dutta_lab/decode/ukb_ppp/EUR/SUMF2_Q8NBJ7_OID21032_v1_Neurology	7	56064002	56064002	56080670	1	ENSG00000129103	1	unique_match	UKBB_EUR
OID21033	PRL	P01236	v1	Neurology	/data/Dutta_lab/decode/ukb_ppp/EUR/PRL_P01236_OID21033_v1_Neurology	6	22297501	22287244	22297501	-1	ENSG00000172179	1	unique_match	UKBB_EUR
OID21034	LBR	Q14739	v1	Neurology	/data/Dutta_lab/decode/ukb_ppp/EUR/LBR_Q14739_OID21034_v1_Neurology	1	225428925	225401502	225428925	-1	ENSG00000143815	1	unique_match	UKBB_EUR
OID21035	LAMP2	P13473	v1	Neurology	/data/Dutta_lab/decode/ukb_ppp/EUR/LAMP2_P13473_OID21035_v1_Neurology	23	120469349	120426148	120469349	-1	LRG_749	2	multi_match_first	UKBB_EUR
OID21036	ANXA3	P12429	v1	Neurology	/data/Dutta_lab/decode/ukb_ppp/EUR/ANXA3_P12429_OID21036_v1_Neurology	4	78551519	78551519	78610451	1	ENSG00000138772	1	unique_match	UKBB_EUR
OID21037	ENO1	P06733	v1	Neurology	/data/Dutta_lab/decode/ukb_ppp/EUR/ENO1_P06733_OID21037_v1_Neurology	1	8879249	8861002	8879249	-1	ENSG00000074800	1	unique_match	UKBB_EUR
OID21038	CHGB	P05060	v1	Neurology	/data/Dutta_lab/decode/ukb_ppp/EUR/CHGB_P05060_OID21038_v1_Neurology	20	5911430	5911430	5925361	1	ENSG00000089199	1	unique_match	UKBB_EUR
OID21039	ADAM8	P78325	v1	Neurology	/data/Dutta_lab/decode/ukb_ppp/EUR/ADAM8_P78325_OID21039_v1_Neurology	10	133276868	133262403	133276868	-1	ENSG00000151651	1	unique_match	UKBB_EUR
OID21040	CD74	P04233	v1	Neurology	/data/Dutta_lab/decode/ukb_ppp/EUR/CD74_P04233_OID21040_v1_Neurology	5	150412929	150401637	150412929	-1	ENSG00000019582	1	unique_match	UKBB_EUR
OID21041	LGALS8	O00214	v1	Neurology	/data/Dutta_lab/decode/ukb_ppp/EUR/LGALS8_O00214_OID21041_v1_Neurology	1	236518000	236518000	236552981	1	ENSG00000116977	1	unique_match	UKBB_EUR
OID21042	CXCL11	O14625	v1	Neurology	/data/Dutta_lab/decode/ukb_ppp/EUR/CXCL11_O14625_OID21042_v1_Neurology	4	76041415	76033682	76041415	-1	ENSG00000169248	1	unique_match	UKBB_EUR
OID21043	FABP5	Q01469	v1	Neurology	/data/Dutta_lab/decode/ukb_ppp/EUR/FABP5_Q01469_OID21043_v1_Neurology	8	81280363	81280363	81284777	1	ENSG00000164687	1	unique_match	UKBB_EUR
OID21044	GOLM2	Q6P4E1	v1	Neurology	/data/Dutta_lab/decode/ukb_ppp/EUR/GOLM2_Q6P4E1_OID21044_v1_Neurology							0	missing	UKBB_EUR
OID21045	RGMB	Q6NW40	v1	Neurology	/data/Dutta_lab/decode/ukb_ppp/EUR/RGMB_Q6NW40_OID21045_v1_Neurology	5	98768650	98768650	98798643	1	ENSG00000174136	1	unique_match	UKBB_EUR
OID21046	ENO2	P09104	v1	Neurology	/data/Dutta_lab/decode/ukb_ppp/EUR/ENO2_P09104_OID21046_v1_Neurology	12	6913745	6913745	6923698	1	ENSG00000111674	1	unique_match	UKBB_EUR
OID21047	OXT	P01178	v1	Neurology	/data/Dutta_lab/decode/ukb_ppp/EUR/OXT_P01178_OID21047_v1_Neurology	20	3071620	3071620	3072517	1	ENSG00000101405	1	unique_match	UKBB_EUR
OID21048	SCARF2	Q96GP6	v1	Neurology	/data/Dutta_lab/decode/ukb_ppp/EUR/SCARF2_Q96GP6_OID21048_v1_Neurology	22	20437826	20424815	20437826	-1	ENSG00000244486	1	unique_match	UKBB_EUR
OID21049	TNFRSF8	P28908	v1	Neurology	/data/Dutta_lab/decode/ukb_ppp/EUR/TNFRSF8_P28908_OID21049_v1_Neurology	1	12063377	12063377	12144207	1	ENSG00000120949	1	unique_match	UKBB_EUR
OID21050	THY1	P04216	v1	Neurology	/data/Dutta_lab/decode/ukb_ppp/EUR/THY1_P04216_OID21050_v1_Neurology	11	119424985	119417378	119424985	-1	ENSG00000154096	1	unique_match	UKBB_EUR
OID21051	BST1	Q10588	v1	Neurology	/data/Dutta_lab/decode/ukb_ppp/EUR/BST1_Q10588_OID21051_v1_Neurology	4	15702950	15702950	15738313	1	ENSG00000109743	1	unique_match	UKBB_EUR
OID21052	TNFRSF21	O75509	v1	Neurology	/data/Dutta_lab/decode/ukb_ppp/EUR/TNFRSF21_O75509_OID21052_v1_Neurology	6	47309905	47231532	47309905	-1	ENSG00000146072	1	unique_match	UKBB_EUR
OID21053	CPPED1	Q9BRF8	v1	Neurology	/data/Dutta_lab/decode/ukb_ppp/EUR/CPPED1_Q9BRF8_OID21053_v1_Neurology	16	12804017	12659799	12804017	-1	ENSG00000103381	1	unique_match	UKBB_EUR
OID21054	CPM	P14384	v1	Neurology	/data/Dutta_lab/decode/ukb_ppp/EUR/CPM_P14384_OID21054_v1_Neurology	12	68971570	68842197	68971570	-1	ENSG00000135678	1	unique_match	UKBB_EUR
OID21055	NCAN	O14594	v1	Neurology	/data/Dutta_lab/decode/ukb_ppp/EUR/NCAN_O14594_OID21055_v1_Neurology	19	19211973	19211973	19252233	1	ENSG00000130287	1	unique_match	UKBB_EUR
OID21056	CTSS	P25774	v1	Neurology	/data/Dutta_lab/decode/ukb_ppp/EUR/CTSS_P25774_OID21056_v1_Neurology	1	150765957	150730196	150765957	-1	ENSG00000163131	1	unique_match	UKBB_EUR
OID21057	NTRK3	Q16288	v1	Neurology	/data/Dutta_lab/decode/ukb_ppp/EUR/NTRK3_Q16288_OID21057_v1_Neurology	15	88256768	87859751	88256768	-1	ENSG00000140538	1	unique_match	UKBB_EUR
OID21058	SCARA5	Q6ZMJ2	v1	Neurology	/data/Dutta_lab/decode/ukb_ppp/EUR/SCARA5_Q6ZMJ2_OID21058_v1_Neurology	8	27992727	27869882	27992727	-1	ENSG00000168079	1	unique_match	UKBB_EUR
OID21059	LRPAP1	P30533	v1	Neurology	/data/Dutta_lab/decode/ukb_ppp/EUR/LRPAP1_P30533_OID21059_v1_Neurology	4	3532559	3506376	3532559	-1	ENSG00000163956	1	unique_match	UKBB_EUR
OID21060	CPA2	P48052	v1	Neurology	/data/Dutta_lab/decode/ukb_ppp/EUR/CPA2_P48052_OID21060_v1_Neurology	7	130266827	130266827	130289798	1	ENSG00000158516	1	unique_match	UKBB_EUR
OID21061	CLEC1B	Q9P126	v1	Neurology	/data/Dutta_lab/decode/ukb_ppp/EUR/CLEC1B_Q9P126_OID21061_v1_Neurology	12	10013424	9985642	10013424	-1	ENSG00000165682	1	unique_match	UKBB_EUR
OID21062	FOLR2	P14207	v1	Neurology	/data/Dutta_lab/decode/ukb_ppp/EUR/FOLR2_P14207_OID21062_v1_Neurology	11	72216601	72216601	72221950	1	ENSG00000165457	1	unique_match	UKBB_EUR
OID21063	MSR1	P21757	v1	Neurology	/data/Dutta_lab/decode/ukb_ppp/EUR/MSR1_P21757_OID21063_v1_Neurology	8	16567490	16107878	16567490	-1	ENSG00000038945	1	unique_match	UKBB_EUR
OID21064	JAM2	P57087	v1	Neurology	/data/Dutta_lab/decode/ukb_ppp/EUR/JAM2_P57087_OID21064_v1_Neurology	21	25639272	25639272	25717562	1	ENSG00000154721	1	unique_match	UKBB_EUR
OID21065	RGMA	Q96B86	v1	Neurology	/data/Dutta_lab/decode/ukb_ppp/EUR/RGMA_Q96B86_OID21065_v1_Neurology	15	93089204	93035273	93089204	-1	ENSG00000182175	1	unique_match	UKBB_EUR
OID21066	DKK1	O94907	v1	Neurology	/data/Dutta_lab/decode/ukb_ppp/EUR/DKK1_O94907_OID21066_v1_Neurology	10	52314296	52314296	52318042	1	ENSG00000107984	1	unique_match	UKBB_EUR
OID21067	BIN2	Q9UBW5	v1	Neurology	/data/Dutta_lab/decode/ukb_ppp/EUR/BIN2_Q9UBW5_OID21067_v1_Neurology	12	51324668	51281038	51324668	-1	ENSG00000110934	1	unique_match	UKBB_EUR
OID21068	CCN5	O76076	v1	Neurology	/data/Dutta_lab/decode/ukb_ppp/EUR/CCN5_O76076_OID21068_v1_Neurology							0	missing	UKBB_EUR
OID21069	CGA	P01215	v1	Neurology	/data/Dutta_lab/decode/ukb_ppp/EUR/CGA_P01215_OID21069_v1_Neurology	6	87095406	87085498	87095406	-1	ENSG00000135346	1	unique_match	UKBB_EUR
OID21070	APP	P05067	v1	Neurology	/data/Dutta_lab/decode/ukb_ppp/EUR/APP_P05067_OID21070_v1_Neurology	21	26171128	25880550	26171128	-1	ENSG00000142192	1	unique_match	UKBB_EUR
OID21071	ITGAM	P11215	v1	Neurology	/data/Dutta_lab/decode/ukb_ppp/EUR/ITGAM_P11215_OID21071_v1_Neurology	16	31259990	31259990	31332892	1	ENSG00000169896	1	unique_match	UKBB_EUR
OID21072	APOH	P02749	v1	Neurology	/data/Dutta_lab/decode/ukb_ppp/EUR/APOH_P02749_OID21072_v1_Neurology	17	66256525	66212033	66256525	-1	ENSG00000091583	1	unique_match	UKBB_EUR
OID21073	MIF	P14174	v1	Neurology	/data/Dutta_lab/decode/ukb_ppp/EUR/MIF_P14174_OID21073_v1_Neurology	22	23894004	23894004	23895227	1	ENSG00000240972	1	unique_match	UKBB_EUR
OID21074	NPTX1	Q15818	v1	Neurology	/data/Dutta_lab/decode/ukb_ppp/EUR/NPTX1_Q15818_OID21074_v1_Neurology	17	80477843	80467148	80477843	-1	ENSG00000171246	1	unique_match	UKBB_EUR
OID21075	GGT1	P19440	v1	Neurology	/data/Dutta_lab/decode/ukb_ppp/EUR/GGT1_P19440_OID21075_v1_Neurology	22	24583750	24583750	24629005	1	ENSG00000100031	1	unique_match	UKBB_EUR
OID21076	BCAM	P50895	v1	Neurology	/data/Dutta_lab/decode/ukb_ppp/EUR/BCAM_P50895_OID21076_v1_Neurology	19	44809059	44809059	44821420	1	ENSG00000187244	1	unique_match	UKBB_EUR
OID21077	STIP1	P31948	v1	Neurology	/data/Dutta_lab/decode/ukb_ppp/EUR/STIP1_P31948_OID21077_v1_Neurology	11	64185272	64185272	64204543	1	ENSG00000168439	1	unique_match	UKBB_EUR
OID21078	AHSP	Q9NZD4	v1	Neurology	/data/Dutta_lab/decode/ukb_ppp/EUR/AHSP_Q9NZD4_OID21078_v1_Neurology	16	31527864	31527864	31528803	1	ENSG00000169877	1	unique_match	UKBB_EUR
OID21079	DSC2	Q02487	v1	Neurology	/data/Dutta_lab/decode/ukb_ppp/EUR/DSC2_Q02487_OID21079_v1_Neurology	18	31102415	31058840	31102415	-1	ENSG00000134755	2	multi_match_first	UKBB_EUR
OID21080	CD164	Q04900	v1	Neurology	/data/Dutta_lab/decode/ukb_ppp/EUR/CD164_Q04900_OID21080_v1_Neurology	6	109382457	109366514	109382457	-1	ENSG00000135535	1	unique_match	UKBB_EUR
OID21081	NRP2	O60462	v1	Neurology	/data/Dutta_lab/decode/ukb_ppp/EUR/NRP2_O60462_OID21081_v1_Neurology	2	205681990	205681990	205798133	1	ENSG00000118257	1	unique_match	UKBB_EUR
OID21082	SIGLEC5	O15389	v1	Neurology	/data/Dutta_lab/decode/ukb_ppp/EUR/SIGLEC5_O15389_OID21082_v1_Neurology	19	51645545	51611927	51645545	-1	ENSG00000105501	1	unique_match	UKBB_EUR
OID21083	MMP3	P08254	v1	Neurology	/data/Dutta_lab/decode/ukb_ppp/EUR/MMP3_P08254_OID21083_v1_Neurology	11	102843803	102835801	102843803	-1	ENSG00000149968	1	unique_match	UKBB_EUR
OID21084	WARS	P23381	v1	Neurology	/data/Dutta_lab/decode/ukb_ppp/EUR/WARS_P23381_OID21084_v1_Neurology	14	100376805	100333788	100376805	-1	ENSG00000140105	1	unique_match	UKBB_EUR
OID21085	NID2	Q14112	v1	Neurology	/data/Dutta_lab/decode/ukb_ppp/EUR/NID2_Q14112_OID21085_v1_Neurology	14	52069228	52004803	52069228	-1	ENSG00000087303	1	unique_match	UKBB_EUR
OID21086	HARS1	P12081	v1	Neurology	/data/Dutta_lab/decode/ukb_ppp/EUR/HARS1_P12081_OID21086_v1_Neurology							0	missing	UKBB_EUR
OID21087	PEBP1	P30086	v1	Neurology	/data/Dutta_lab/decode/ukb_ppp/EUR/PEBP1_P30086_OID21087_v1_Neurology	12	118135858	118135858	118145584	1	ENSG00000089220	1	unique_match	UKBB_EUR
OID21088	SERPINB1	P30740	v1	Neurology	/data/Dutta_lab/decode/ukb_ppp/EUR/SERPINB1_P30740_OID21088_v1_Neurology	6	2842006	2832332	2842006	-1	ENSG00000021355	1	unique_match	UKBB_EUR
OID21089	IL17RA	Q96F46	v1	Neurology	/data/Dutta_lab/decode/ukb_ppp/EUR/IL17RA_Q96F46_OID21089_v1_Neurology	22	17084954	17084954	17115694	1	ENSG00000177663	2	multi_match_first	UKBB_EUR
OID21090	CLEC14A	Q86T13	v1	Neurology	/data/Dutta_lab/decode/ukb_ppp/EUR/CLEC14A_Q86T13_OID21090_v1_Neurology	14	38256369	38254103	38256369	-1	ENSG00000176435	1	unique_match	UKBB_EUR
OID21091	GP6	Q9HCN6	v1	Neurology	/data/Dutta_lab/decode/ukb_ppp/EUR/GP6_Q9HCN6_OID21091_v1_Neurology	19	55038264	55013705	55038264	-1	ENSG00000088053	2	multi_match_first	UKBB_EUR
OID21092	CNTN3	Q9P232	v1	Neurology	/data/Dutta_lab/decode/ukb_ppp/EUR/CNTN3_Q9P232_OID21092_v1_Neurology	3	74521140	74262568	74521140	-1	ENSG00000113805	1	unique_match	UKBB_EUR
OID21093	INHBC	P55103	v1	Neurology	/data/Dutta_lab/decode/ukb_ppp/EUR/INHBC_P55103_OID21093_v1_Neurology	12	57434760	57434760	57450828	1	ENSG00000175189	1	unique_match	UKBB_EUR
OID21094	PIK3IP1	Q96FE7	v1	Neurology	/data/Dutta_lab/decode/ukb_ppp/EUR/PIK3IP1_Q96FE7_OID21094_v1_Neurology	22	31292534	31281593	31292534	-1	ENSG00000100100	1	unique_match	UKBB_EUR
OID21095	NCAM2	O15394	v1	Neurology	/data/Dutta_lab/decode/ukb_ppp/EUR/NCAM2_O15394_OID21095_v1_Neurology	21	20998315	20998315	21543329	1	ENSG00000154654	1	unique_match	UKBB_EUR
OID21096	CA6	P23280	v1	Neurology	/data/Dutta_lab/decode/ukb_ppp/EUR/CA6_P23280_OID21096_v1_Neurology	1	8945867	8945867	8975092	1	ENSG00000131686	1	unique_match	UKBB_EUR
OID21097	SPINK1	P00995	v1	Neurology	/data/Dutta_lab/decode/ukb_ppp/EUR/SPINK1_P00995_OID21097_v1_Neurology	5	147831786	147824568	147831786	-1	ENSG00000164266	1	unique_match	UKBB_EUR
OID21098	SUSD2	Q9UGT4	v1	Neurology	/data/Dutta_lab/decode/ukb_ppp/EUR/SUSD2_Q9UGT4_OID21098_v1_Neurology	22	24181259	24181259	24189110	1	ENSG00000099994	1	unique_match	UKBB_EUR
OID21099	MESD	Q14696	v1	Neurology	/data/Dutta_lab/decode/ukb_ppp/EUR/MESD_Q14696_OID21099_v1_Neurology							0	missing	UKBB_EUR
OID21100	MPO	P05164	v1	Neurology	/data/Dutta_lab/decode/ukb_ppp/EUR/MPO_P05164_OID21100_v1_Neurology	17	58280935	58269856	58280935	-1	ENSG00000005381	2	multi_match_first	UKBB_EUR
OID21101	GUCA2A	Q02747	v1	Neurology	/data/Dutta_lab/decode/ukb_ppp/EUR/GUCA2A_Q02747_OID21101_v1_Neurology	1	42164718	42162691	42164718	-1	ENSG00000197273	1	unique_match	UKBB_EUR
OID21102	PIGR	P01833	v1	Neurology	/data/Dutta_lab/decode/ukb_ppp/EUR/PIGR_P01833_OID21102_v1_Neurology	1	206946466	206928518	206946466	-1	ENSG00000162896	1	unique_match	UKBB_EUR
OID21103	MMP9	P14780	v1	Neurology	/data/Dutta_lab/decode/ukb_ppp/EUR/MMP9_P14780_OID21103_v1_Neurology	20	46008908	46008908	46016561	1	ENSG00000100985	1	unique_match	UKBB_EUR
OID21104	THBS2	P35442	v1	Neurology	/data/Dutta_lab/decode/ukb_ppp/EUR/THBS2_P35442_OID21104_v1_Neurology	6	169254044	169215780	169254044	-1	ENSG00000186340	1	unique_match	UKBB_EUR
OID21105	PLA2G7	Q13093	v1	Neurology	/data/Dutta_lab/decode/ukb_ppp/EUR/PLA2G7_Q13093_OID21105_v1_Neurology	6	46735693	46704201	46735693	-1	ENSG00000146070	1	unique_match	UKBB_EUR
OID21106	NOMO1	Q15155	v1	Neurology	/data/Dutta_lab/decode/ukb_ppp/EUR/NOMO1_Q15155_OID21106_v1_Neurology	16	14833681	14833681	14896160	1	ENSG00000103512	1	unique_match	UKBB_EUR
OID21107	TNXB	P22105	v1	Neurology	/data/Dutta_lab/decode/ukb_ppp/EUR/TNXB_P22105_OID21107_v1_Neurology	6	32115334	32041154	32115334	-1	ENSG00000168477	1	unique_match	UKBB_EUR
OID21108	CD109	Q6YHK3	v1	Neurology	/data/Dutta_lab/decode/ukb_ppp/EUR/CD109_Q6YHK3_OID21108_v1_Neurology	6	73695785	73695785	73828316	1	ENSG00000156535	1	unique_match	UKBB_EUR
OID21109	SPINT1	O43278	v1	Neurology	/data/Dutta_lab/decode/ukb_ppp/EUR/SPINT1_O43278_OID21109_v1_Neurology	15	40844018	40844018	40858207	1	ENSG00000166145	1	unique_match	UKBB_EUR
OID21110	CD99	P14209	v1	Neurology	/data/Dutta_lab/decode/ukb_ppp/EUR/CD99_P14209_OID21110_v1_Neurology	23	2691179	2691179	2741309	1	ENSG00000002586	1	unique_match	UKBB_EUR
OID21111	FCRL5	Q96RD9	v1	Neurology	/data/Dutta_lab/decode/ukb_ppp/EUR/FCRL5_Q96RD9_OID21111_v1_Neurology	1	157552520	157513377	157552520	-1	ENSG00000143297	1	unique_match	UKBB_EUR
OID21112	CLEC11A	Q9Y240	v1	Neurology	/data/Dutta_lab/decode/ukb_ppp/EUR/CLEC11A_Q9Y240_OID21112_v1_Neurology	19	50723329	50723329	50725718	1	ENSG00000105472	1	unique_match	UKBB_EUR
OID21113	DSG2	Q14126	v1	Neurology	/data/Dutta_lab/decode/ukb_ppp/EUR/DSG2_Q14126_OID21113_v1_Neurology	18	31498043	31498043	31549008	1	ENSG00000046604	2	multi_match_first	UKBB_EUR
OID21114	SOD2	P04179	v1	Neurology	/data/Dutta_lab/decode/ukb_ppp/EUR/SOD2_P04179_OID21114_v1_Neurology	6	159762529	159669057	159762529	-1	ENSG00000112096	1	unique_match	UKBB_EUR
OID21115	NUDT5	Q9UKK9	v1	Neurology	/data/Dutta_lab/decode/ukb_ppp/EUR/NUDT5_Q9UKK9_OID21115_v1_Neurology	10	12196144	12165325	12196144	-1	ENSG00000165609	1	unique_match	UKBB_EUR
OID21116	IL1R1	P14778	v1	Neurology	/data/Dutta_lab/decode/ukb_ppp/EUR/IL1R1_P14778_OID21116_v1_Neurology	2	102064544	102064544	102179874	1	ENSG00000115594	1	unique_match	UKBB_EUR
OID21117	CNTN4	Q8IWV2	v1	Neurology	/data/Dutta_lab/decode/ukb_ppp/EUR/CNTN4_Q8IWV2_OID21117_v1_Neurology	3	2098813	2098813	3057956	1	ENSG00000144619	1	unique_match	UKBB_EUR
OID21118	TMSB10	P63313	v1	Neurology	/data/Dutta_lab/decode/ukb_ppp/EUR/TMSB10_P63313_OID21118_v1_Neurology	2	84905625	84905625	84906675	1	ENSG00000034510	1	unique_match	UKBB_EUR
OID21119	CD177	Q8N6Q3	v1	Neurology	/data/Dutta_lab/decode/ukb_ppp/EUR/CD177_Q8N6Q3_OID21119_v1_Neurology	19	43353659	43353659	43363172	1	ENSG00000204936	1	unique_match	UKBB_EUR
OID21120	TREML2	Q5T2D2	v1	Neurology	/data/Dutta_lab/decode/ukb_ppp/EUR/TREML2_Q5T2D2_OID21120_v1_Neurology	6	41201194	41190277	41201194	-1	ENSG00000112195	1	unique_match	UKBB_EUR
OID21121	MYOC	Q99972	v1	Neurology	/data/Dutta_lab/decode/ukb_ppp/EUR/MYOC_Q99972_OID21121_v1_Neurology	1	171652683	171635417	171652683	-1	ENSG00000034971	1	unique_match	UKBB_EUR
OID21122	CD99L2	Q8TCZ2	v1	Neurology	/data/Dutta_lab/decode/ukb_ppp/EUR/CD99L2_Q8TCZ2_OID21122_v1_Neurology	23	150898816	150766337	150898816	-1	ENSG00000102181	1	unique_match	UKBB_EUR
OID21123	OGN	P20774	v1	Neurology	/data/Dutta_lab/decode/ukb_ppp/EUR/OGN_P20774_OID21123_v1_Neurology	9	92404696	92383967	92404696	-1	ENSG00000106809	1	unique_match	UKBB_EUR
OID21124	PLAU	P00749	v1	Neurology	/data/Dutta_lab/decode/ukb_ppp/EUR/PLAU_P00749_OID21124_v1_Neurology	10	73909177	73909177	73917497	1	ENSG00000122861	2	multi_match_first	UKBB_EUR
OID21125	EFNA1	P20827	v1	Neurology	/data/Dutta_lab/decode/ukb_ppp/EUR/EFNA1_P20827_OID21125_v1_Neurology	1	155127460	155127460	155134857	1	ENSG00000169242	1	unique_match	UKBB_EUR
OID21126	IL1RAP	Q9NPH3	v1	Neurology	/data/Dutta_lab/decode/ukb_ppp/EUR/IL1RAP_Q9NPH3_OID21126_v1_Neurology	3	190514051	190514051	190659750	1	ENSG00000196083	1	unique_match	UKBB_EUR
OID21127	B4GAT1	O43505	v1	Neurology	/data/Dutta_lab/decode/ukb_ppp/EUR/B4GAT1_O43505_OID21127_v1_Neurology	11	66347692	66345372	66347692	-1	ENSG00000174684	1	unique_match	UKBB_EUR
OID21128	ALDH1A1	P00352	v1	Neurology	/data/Dutta_lab/decode/ukb_ppp/EUR/ALDH1A1_P00352_OID21128_v1_Neurology	9	73080442	72900662	73080442	-1	ENSG00000165092	1	unique_match	UKBB_EUR
OID21129	PILRA	Q9UKJ1	v1	Neurology	/data/Dutta_lab/decode/ukb_ppp/EUR/PILRA_Q9UKJ1_OID21129_v1_Neurology	7	100367530	100367530	100400099	1	ENSG00000085514	1	unique_match	UKBB_EUR
OID21130	CD300LG	Q6UXG3	v1	Neurology	/data/Dutta_lab/decode/ukb_ppp/EUR/CD300LG_Q6UXG3_OID21130_v1_Neurology	17	43847148	43847148	43863629	1	ENSG00000161649	1	unique_match	UKBB_EUR
OID21131	PECAM1	P16284	v1	Neurology	/data/Dutta_lab/decode/ukb_ppp/EUR/PECAM1_P16284_OID21131_v1_Neurology	17	64413776	64319415	64413776	-1	ENSG00000261371	1	unique_match	UKBB_EUR
OID21132	GNLY	P22749	v1	Neurology	/data/Dutta_lab/decode/ukb_ppp/EUR/GNLY_P22749_OID21132_v1_Neurology	2	85685175	85685175	85698854	1	ENSG00000115523	1	unique_match	UKBB_EUR
OID21133	FCER2	P06734	v1	Neurology	/data/Dutta_lab/decode/ukb_ppp/EUR/FCER2_P06734_OID21133_v1_Neurology	19	7702146	7688758	7702146	-1	ENSG00000104921	1	unique_match	UKBB_EUR
OID21134	MFGE8	Q08431	v1	Neurology	/data/Dutta_lab/decode/ukb_ppp/EUR/MFGE8_Q08431_OID21134_v1_Neurology	15	88913411	88898683	88913411	-1	ENSG00000140545	1	unique_match	UKBB_EUR
OID21135	TXNRD1	Q16881	v1	Neurology	/data/Dutta_lab/decode/ukb_ppp/EUR/TXNRD1_Q16881_OID21135_v1_Neurology	12	104215779	104215779	104350305	1	ENSG00000198431	1	unique_match	UKBB_EUR
OID21136	IL7R	P16871	v1	Neurology	/data/Dutta_lab/decode/ukb_ppp/EUR/IL7R_P16871_OID21136_v1_Neurology	5	35852695	35852695	35879603	1	ENSG00000168685	2	multi_match_first	UKBB_EUR
OID21137	HAVCR2	Q8TDQ0	v1	Neurology	/data/Dutta_lab/decode/ukb_ppp/EUR/HAVCR2_Q8TDQ0_OID21137_v1_Neurology	5	157142869	157085832	157142869	-1	ENSG00000135077	1	unique_match	UKBB_EUR
OID21138	ARSA	P15289	v1	Neurology	/data/Dutta_lab/decode/ukb_ppp/EUR/ARSA_P15289_OID21138_v1_Neurology	22	50628173	50622754	50628173	-1	ENSG00000100299	1	unique_match	UKBB_EUR
OID21139	ITGA5	P08648	v1	Neurology	/data/Dutta_lab/decode/ukb_ppp/EUR/ITGA5_P08648_OID21139_v1_Neurology	12	54419460	54395261	54419460	-1	ENSG00000161638	1	unique_match	UKBB_EUR
OID21140	FYB1	O15117	v1	Neurology	/data/Dutta_lab/decode/ukb_ppp/EUR/FYB1_O15117_OID21140_v1_Neurology							0	missing	UKBB_EUR
OID21141	BLVRB	P30043	v1	Neurology	/data/Dutta_lab/decode/ukb_ppp/EUR/BLVRB_P30043_OID21141_v1_Neurology	19	40465840	40447789	40465840	-1	ENSG00000090013	1	unique_match	UKBB_EUR
OID21142	RELT	Q969Z4	v1	Neurology	/data/Dutta_lab/decode/ukb_ppp/EUR/RELT_Q969Z4_OID21142_v1_Neurology	11	73376264	73376264	73397474	1	ENSG00000054967	1	unique_match	UKBB_EUR
OID21143	DBI	P07108	v1	Neurology	/data/Dutta_lab/decode/ukb_ppp/EUR/DBI_P07108_OID21143_v1_Neurology	2	119366921	119366921	119372560	1	ENSG00000155368	1	unique_match	UKBB_EUR
OID21144	VSIG4	Q9Y279	v1	Neurology	/data/Dutta_lab/decode/ukb_ppp/EUR/VSIG4_Q9Y279_OID21144_v1_Neurology	23	66040125	66021738	66040125	-1	ENSG00000155659	1	unique_match	UKBB_EUR
OID21145	TNFRSF1B	P20333	v1	Neurology	/data/Dutta_lab/decode/ukb_ppp/EUR/TNFRSF1B_P20333_OID21145_v1_Neurology	1	12166943	12166943	12209228	1	ENSG00000028137	1	unique_match	UKBB_EUR
OID21146	IGF2R	P11717	v1	Neurology	/data/Dutta_lab/decode/ukb_ppp/EUR/IGF2R_P11717_OID21146_v1_Neurology	6	159969099	159969099	160113507	1	ENSG00000197081	1	unique_match	UKBB_EUR
OID21147	TIMP4	Q99727	v1	Neurology	/data/Dutta_lab/decode/ukb_ppp/EUR/TIMP4_Q99727_OID21147_v1_Neurology	3	12159351	12153051	12159351	-1	ENSG00000157150	1	unique_match	UKBB_EUR
OID21148	SPINK5	Q9NQ38	v1	Neurology	/data/Dutta_lab/decode/ukb_ppp/EUR/SPINK5_Q9NQ38_OID21148_v1_Neurology	5	148025683	148025683	148137289	1	ENSG00000133710	2	multi_match_first	UKBB_EUR
OID21149	CA2	P00918	v1	Neurology	/data/Dutta_lab/decode/ukb_ppp/EUR/CA2_P00918_OID21149_v1_Neurology	8	85463852	85463852	85481493	1	ENSG00000104267	1	unique_match	UKBB_EUR
OID21150	CTRB1	P17538	v1	Neurology	/data/Dutta_lab/decode/ukb_ppp/EUR/CTRB1_P17538_OID21150_v1_Neurology	16	75219000	75219000	75224924	1	ENSG00000168925	1	unique_match	UKBB_EUR
OID21151	F11R	Q9Y624	v1	Neurology	/data/Dutta_lab/decode/ukb_ppp/EUR/F11R_Q9Y624_OID21151_v1_Neurology	1	161021348	160995211	161021348	-1	ENSG00000158769	1	unique_match	UKBB_EUR
OID21152	LILRA2	Q8N149	v1	Neurology	/data/Dutta_lab/decode/ukb_ppp/EUR/LILRA2_Q8N149_OID21152_v1_Neurology	19	54572920	54572920	54590287	1	ENSG00000239998	1	unique_match	UKBB_EUR
OID21153	PAMR1	Q6UXH9	v1	Neurology	/data/Dutta_lab/decode/ukb_ppp/EUR/PAMR1_Q6UXH9_OID21153_v1_Neurology	11	35530300	35431823	35530300	-1	ENSG00000149090	1	unique_match	UKBB_EUR
OID21154	TFF1	P04155	v1	Neurology	/data/Dutta_lab/decode/ukb_ppp/EUR/TFF1_P04155_OID21154_v1_Neurology	21	42366594	42362282	42366594	-1	ENSG00000160182	1	unique_match	UKBB_EUR
OID21155	TNFRSF1A	P19438	v1	Neurology	/data/Dutta_lab/decode/ukb_ppp/EUR/TNFRSF1A_P19438_OID21155_v1_Neurology	12	6342114	6328757	6342114	-1	ENSG00000067182	2	multi_match_first	UKBB_EUR
OID21156	CLPS	P04118	v1	Neurology	/data/Dutta_lab/decode/ukb_ppp/EUR/CLPS_P04118_OID21156_v1_Neurology	6	35797344	35794982	35797344	-1	ENSG00000137392	1	unique_match	UKBB_EUR
OID21157	STC2	O76061	v1	Neurology	/data/Dutta_lab/decode/ukb_ppp/EUR/STC2_O76061_OID21157_v1_Neurology	5	173329503	173314713	173329503	-1	ENSG00000113739	1	unique_match	UKBB_EUR
OID21158	IGFBP4	P22692	v1	Neurology	/data/Dutta_lab/decode/ukb_ppp/EUR/IGFBP4_P22692_OID21158_v1_Neurology	17	40443461	40443461	40457731	1	ENSG00000141753	1	unique_match	UKBB_EUR
OID21159	GRN	P28799	v1	Neurology	/data/Dutta_lab/decode/ukb_ppp/EUR/GRN_P28799_OID21159_v1_Neurology	17	44345086	44345086	44353102	1	ENSG00000030582	2	multi_match_first	UKBB_EUR
OID21160	PARK7	Q99497	v1	Neurology	/data/Dutta_lab/decode/ukb_ppp/EUR/PARK7_Q99497_OID21160_v1_Neurology	1	7954291	7954291	7985505	1	ENSG00000116288	1	unique_match	UKBB_EUR
OID21161	SCP2	P22307	v1	Oncology	/data/Dutta_lab/decode/ukb_ppp/EUR/SCP2_P22307_OID21161_v1_Oncology	1	52927229	52927229	53051703	1	ENSG00000116171	1	unique_match	UKBB_EUR
OID21162	ANKRD54	Q6NXT1	v1	Oncology	/data/Dutta_lab/decode/ukb_ppp/EUR/ANKRD54_Q6NXT1_OID21162_v1_Oncology	22	37849327	37830855	37849327	-1	ENSG00000100124	1	unique_match	UKBB_EUR
OID21163	RABEPK	Q7Z6M1	v1	Oncology	/data/Dutta_lab/decode/ukb_ppp/EUR/RABEPK_Q7Z6M1_OID21163_v1_Oncology	9	125200542	125200542	125234158	1	ENSG00000136933	1	unique_match	UKBB_EUR
OID21164	VTCN1	Q7Z7D3	v1	Oncology	/data/Dutta_lab/decode/ukb_ppp/EUR/VTCN1_Q7Z7D3_OID21164_v1_Oncology	1	117210960	117143587	117210960	-1	ENSG00000134258	1	unique_match	UKBB_EUR
OID21165	SFTPA1	Q8IWL2	v1	Oncology	/data/Dutta_lab/decode/ukb_ppp/EUR/SFTPA1_Q8IWL2_OID21165_v1_Oncology	10	79610939	79610939	79615455	1	ENSG00000122852	1	unique_match	UKBB_EUR
OID21166	RAD23B	P54727	v1	Oncology	/data/Dutta_lab/decode/ukb_ppp/EUR/RAD23B_P54727_OID21166_v1_Oncology	9	107283137	107283137	107332194	1	ENSG00000119318	1	unique_match	UKBB_EUR
OID21167	NINJ1	Q92982	v1	Oncology	/data/Dutta_lab/decode/ukb_ppp/EUR/NINJ1_Q92982_OID21167_v1_Oncology	9	93134288	93121489	93134288	-1	ENSG00000131669	1	unique_match	UKBB_EUR
OID21168	GH2	P01242	v1	Oncology	/data/Dutta_lab/decode/ukb_ppp/EUR/GH2_P01242_OID21168_v1_Oncology	17	63881935	63880215	63881935	-1	ENSG00000136487	1	unique_match	UKBB_EUR
OID21169	PSRC1	Q6PGN9	v1	Oncology	/data/Dutta_lab/decode/ukb_ppp/EUR/PSRC1_Q6PGN9_OID21169_v1_Oncology	1	109283186	109279556	109283186	-1	ENSG00000134222	1	unique_match	UKBB_EUR
OID21170	STX16	O14662	v1	Oncology	/data/Dutta_lab/decode/ukb_ppp/EUR/STX16_O14662_OID21170_v1_Oncology	20	58651253	58651253	58679526	1	ENSG00000124222	1	unique_match	UKBB_EUR
OID21171	CEACAM5	P06731	v1	Oncology	/data/Dutta_lab/decode/ukb_ppp/EUR/CEACAM5_P06731_OID21171_v1_Oncology	19	41708585	41708585	41729798	1	ENSG00000105388	1	unique_match	UKBB_EUR
OID21172	PQBP1	O60828	v1	Oncology	/data/Dutta_lab/decode/ukb_ppp/EUR/PQBP1_O60828_OID21172_v1_Oncology	23	48897912	48897912	48903143	1	ENSG00000102103	1	unique_match	UKBB_EUR
OID21173	GSAP	A4D1B5	v1	Oncology	/data/Dutta_lab/decode/ukb_ppp/EUR/GSAP_A4D1B5_OID21173_v1_Oncology	7	77416400	77310751	77416400	-1	ENSG00000186088	1	unique_match	UKBB_EUR
OID21174	RRM2B	Q7LG56	v1	Oncology	/data/Dutta_lab/decode/ukb_ppp/EUR/RRM2B_Q7LG56_OID21174_v1_Oncology	8	102239118	102204501	102239118	-1	LRG_788	2	multi_match_first	UKBB_EUR
OID21175	HGS	O14964	v1	Oncology	/data/Dutta_lab/decode/ukb_ppp/EUR/HGS_O14964_OID21175_v1_Oncology	17	81683326	81683326	81703138	1	ENSG00000185359	1	unique_match	UKBB_EUR
OID21176	PDP1	Q9P0J1	v1	Oncology	/data/Dutta_lab/decode/ukb_ppp/EUR/PDP1_Q9P0J1_OID21176_v1_Oncology	8	93857807	93857807	93926066	1	ENSG00000164951	1	unique_match	UKBB_EUR
OID21177	RARRES1	P49788	v1	Oncology	/data/Dutta_lab/decode/ukb_ppp/EUR/RARRES1_P49788_OID21177_v1_Oncology	3	158732696	158696892	158732696	-1	ENSG00000118849	1	unique_match	UKBB_EUR
OID21178	ATP6AP2	O75787	v1	Oncology	/data/Dutta_lab/decode/ukb_ppp/EUR/ATP6AP2_O75787_OID21178_v1_Oncology	23	40579372	40579372	40606848	1	ENSG00000182220	1	unique_match	UKBB_EUR
OID21179	RNF41	Q9H4P4	v1	Oncology	/data/Dutta_lab/decode/ukb_ppp/EUR/RNF41_Q9H4P4_OID21179_v1_Oncology	12	56221933	56202175	56221933	-1	ENSG00000181852	1	unique_match	UKBB_EUR
OID21180	SMAD1	Q15797	v1	Oncology	/data/Dutta_lab/decode/ukb_ppp/EUR/SMAD1_Q15797_OID21180_v1_Oncology	4	145481194	145481194	145558079	1	ENSG00000170365	1	unique_match	UKBB_EUR
OID21181	MAGED1	Q9Y5V3	v1	Oncology	/data/Dutta_lab/decode/ukb_ppp/EUR/MAGED1_Q9Y5V3_OID21181_v1_Oncology	23	51803007	51803007	51902357	1	ENSG00000179222	1	unique_match	UKBB_EUR
OID21182	CAMKK1	Q8N5S9	v1	Oncology	/data/Dutta_lab/decode/ukb_ppp/EUR/CAMKK1_Q8N5S9_OID21182_v1_Oncology	17	3894891	3860315	3894891	-1	ENSG00000004660	1	unique_match	UKBB_EUR
OID21183	PDGFC	Q9NRA1	v1	Oncology	/data/Dutta_lab/decode/ukb_ppp/EUR/PDGFC_Q9NRA1_OID21183_v1_Oncology	4	156971394	156760454	156971394	-1	ENSG00000145431	1	unique_match	UKBB_EUR
OID21184	PPM1A	P35813	v1	Oncology	/data/Dutta_lab/decode/ukb_ppp/EUR/PPM1A_P35813_OID21184_v1_Oncology	14	60245752	60245752	60299087	1	ENSG00000100614	1	unique_match	UKBB_EUR
OID21185	KIR3DL1	P43629	v1	Oncology	/data/Dutta_lab/decode/ukb_ppp/EUR/KIR3DL1_P43629_OID21185_v1_Oncology	19	54816468	54816468	54866993	1	ENSG00000167633	1	unique_match	UKBB_EUR
OID21186	MZT1	Q08AG7	v1	Oncology	/data/Dutta_lab/decode/ukb_ppp/EUR/MZT1_Q08AG7_OID21186_v1_Oncology	13	72727687	72708357	72727687	-1	ENSG00000204899	1	unique_match	UKBB_EUR
OID21187	RRM2	P31350	v1	Oncology	/data/Dutta_lab/decode/ukb_ppp/EUR/RRM2_P31350_OID21187_v1_Oncology	2	10122328	10122328	10131419	1	ENSG00000171848	1	unique_match	UKBB_EUR
OID21188	ADCYAP1R1	P41586	v1	Oncology	/data/Dutta_lab/decode/ukb_ppp/EUR/ADCYAP1R1_P41586_OID21188_v1_Oncology	7	31052461	31052461	31111479	1	ENSG00000078549	1	unique_match	UKBB_EUR
OID21189	UXS1	Q8NBZ7	v1	Oncology	/data/Dutta_lab/decode/ukb_ppp/EUR/UXS1_Q8NBZ7_OID21189_v1_Oncology	2	106194339	106093303	106194339	-1	ENSG00000115652	1	unique_match	UKBB_EUR
OID21191	LTBP3	Q9NS15	v1	Oncology	/data/Dutta_lab/decode/ukb_ppp/EUR/LTBP3_Q9NS15_OID21191_v1_Oncology	11	65558930	65538805	65558930	-1	ENSG00000168056	1	unique_match	UKBB_EUR
OID21192	FEN1	P39748	v1	Oncology	/data/Dutta_lab/decode/ukb_ppp/EUR/FEN1_P39748_OID21192_v1_Oncology	11	61792637	61792637	61797244	1	ENSG00000168496	1	unique_match	UKBB_EUR
OID21193	FCRLB	Q6BAA4	v1	Oncology	/data/Dutta_lab/decode/ukb_ppp/EUR/FCRLB_Q6BAA4_OID21193_v1_Oncology	1	161721563	161721563	161728143	1	ENSG00000162746	1	unique_match	UKBB_EUR
OID21194	RASSF2	P50749	v1	Oncology	/data/Dutta_lab/decode/ukb_ppp/EUR/RASSF2_P50749_OID21194_v1_Oncology	20	4823645	4780023	4823645	-1	ENSG00000101265	1	unique_match	UKBB_EUR
OID21195	CA11	O75493	v1	Oncology	/data/Dutta_lab/decode/ukb_ppp/EUR/CA11_O75493_OID21195_v1_Oncology	19	48646312	48637942	48646312	-1	ENSG00000063180	1	unique_match	UKBB_EUR
OID21196	KIR2DL3	P43628	v1	Oncology	/data/Dutta_lab/decode/ukb_ppp/EUR/KIR2DL3_P43628_OID21196_v1_Oncology	19	54738515	54738515	54753052	1	ENSG00000243772	1	unique_match	UKBB_EUR
OID21197	AKT3	Q9Y243	v1	Oncology	/data/Dutta_lab/decode/ukb_ppp/EUR/AKT3_Q9Y243_OID21197_v1_Oncology	1	243851079	243488233	243851079	-1	ENSG00000117020	1	unique_match	UKBB_EUR
OID21198	BGN	P21810	v1	Oncology	/data/Dutta_lab/decode/ukb_ppp/EUR/BGN_P21810_OID21198_v1_Oncology	23	153494939	153494939	153509554	1	ENSG00000182492	1	unique_match	UKBB_EUR
OID21199	BTC	P35070	v1	Oncology	/data/Dutta_lab/decode/ukb_ppp/EUR/BTC_P35070_OID21199_v1_Oncology	4	74794686	74744759	74794686	-1	ENSG00000174808	1	unique_match	UKBB_EUR
OID21200	CCT5	P48643	v1	Oncology	/data/Dutta_lab/decode/ukb_ppp/EUR/CCT5_P48643_OID21200_v1_Oncology	5	10249921	10249921	10266412	1	ENSG00000150753	2	multi_match_first	UKBB_EUR
OID21201	KLK12	Q9UKR0	v1	Oncology	/data/Dutta_lab/decode/ukb_ppp/EUR/KLK12_Q9UKR0_OID21201_v1_Oncology	19	51035230	51029092	51035230	-1	ENSG00000186474	1	unique_match	UKBB_EUR
OID21202	ARHGAP1	Q07960	v1	Oncology	/data/Dutta_lab/decode/ukb_ppp/EUR/ARHGAP1_Q07960_OID21202_v1_Oncology	11	46700615	46677080	46700615	-1	ENSG00000175220	1	unique_match	UKBB_EUR
OID21203	RANGAP1	P46060	v1	Oncology	/data/Dutta_lab/decode/ukb_ppp/EUR/RANGAP1_P46060_OID21203_v1_Oncology	22	41286251	41245611	41286251	-1	ENSG00000100401	1	unique_match	UKBB_EUR
OID21204	MAVS	Q7Z434	v1	Oncology	/data/Dutta_lab/decode/ukb_ppp/EUR/MAVS_Q7Z434_OID21204_v1_Oncology	20	3846799	3846799	3876123	1	ENSG00000088888	1	unique_match	UKBB_EUR
OID21205	ZBTB16	Q05516	v1	Oncology	/data/Dutta_lab/decode/ukb_ppp/EUR/ZBTB16_Q05516_OID21205_v1_Oncology	11	114059593	114059593	114250676	1	ENSG00000109906	1	unique_match	UKBB_EUR
OID21206	MAEA	Q7L5Y9	v1	Oncology	/data/Dutta_lab/decode/ukb_ppp/EUR/MAEA_Q7L5Y9_OID21206_v1_Oncology	4	1289851	1289851	1340147	1	ENSG00000090316	1	unique_match	UKBB_EUR
OID21207	FES	P07332	v1	Oncology	/data/Dutta_lab/decode/ukb_ppp/EUR/FES_P07332_OID21207_v1_Oncology	15	90883695	90883695	90895776	1	ENSG00000182511	1	unique_match	UKBB_EUR
OID21208	NTF4	P34130	v1	Oncology	/data/Dutta_lab/decode/ukb_ppp/EUR/NTF4_P34130_OID21208_v1_Oncology	19	49065054	49061066	49065054	-1	ENSG00000225950	1	unique_match	UKBB_EUR
OID21209	CEP20	Q96NB1	v1	Oncology	/data/Dutta_lab/decode/ukb_ppp/EUR/CEP20_Q96NB1_OID21209_v1_Oncology							0	missing	UKBB_EUR
OID21210	LSM1	O15116	v1	Oncology	/data/Dutta_lab/decode/ukb_ppp/EUR/LSM1_O15116_OID21210_v1_Oncology	8	38176730	38163321	38176730	-1	ENSG00000175324	1	unique_match	UKBB_EUR
OID21211	RUVBL1	Q9Y265	v1	Oncology	/data/Dutta_lab/decode/ukb_ppp/EUR/RUVBL1_Q9Y265_OID21211_v1_Oncology	3	128153914	128064778	128153914	-1	ENSG00000175792	1	unique_match	UKBB_EUR
OID21212	NFKBIE	O00221	v1	Oncology	/data/Dutta_lab/decode/ukb_ppp/EUR/NFKBIE_O00221_OID21212_v1_Oncology	6	44265788	44258166	44265788	-1	ENSG00000146232	1	unique_match	UKBB_EUR
OID21213	IKZF2	Q9UKS7	v1	Oncology	/data/Dutta_lab/decode/ukb_ppp/EUR/IKZF2_Q9UKS7_OID21213_v1_Oncology	2	213152427	212999691	213152427	-1	ENSG00000030419	1	unique_match	UKBB_EUR
OID21214	SLAMF8	Q9P0V8	v1	Oncology	/data/Dutta_lab/decode/ukb_ppp/EUR/SLAMF8_Q9P0V8_OID21214_v1_Oncology	1	159826750	159826750	159837249	1	ENSG00000158714	1	unique_match	UKBB_EUR
OID21215	FCGR2B	P31994	v1	Oncology	/data/Dutta_lab/decode/ukb_ppp/EUR/FCGR2B_P31994_OID21215_v1_Oncology	1	161663147	161663147	161678654	1	ENSG00000072694	1	unique_match	UKBB_EUR
OID21216	GFOD2	Q3B7J2	v1	Oncology	/data/Dutta_lab/decode/ukb_ppp/EUR/GFOD2_Q3B7J2_OID21216_v1_Oncology	16	67719421	67674531	67719421	-1	ENSG00000141098	1	unique_match	UKBB_EUR
OID21217	BIRC2	Q13490	v1	Oncology	/data/Dutta_lab/decode/ukb_ppp/EUR/BIRC2_Q13490_OID21217_v1_Oncology	11	102347211	102347211	102378670	1	ENSG00000110330	1	unique_match	UKBB_EUR
OID21218	SFTPA2	Q8IWL1	v1	Oncology	/data/Dutta_lab/decode/ukb_ppp/EUR/SFTPA2_Q8IWL1_OID21218_v1_Oncology	10	79560397	79555852	79560397	-1	ENSG00000185303	1	unique_match	UKBB_EUR
OID21219	STX6	O43752	v1	Oncology	/data/Dutta_lab/decode/ukb_ppp/EUR/STX6_O43752_OID21219_v1_Oncology	1	181023121	180972712	181023121	-1	ENSG00000135823	1	unique_match	UKBB_EUR
OID21220	TBL1X	O60907	v1	Oncology	/data/Dutta_lab/decode/ukb_ppp/EUR/TBL1X_O60907_OID21220_v1_Oncology	23	9463295	9463295	9719743	1	ENSG00000101849	1	unique_match	UKBB_EUR
OID21221	PSMA1	P25786	v1	Oncology	/data/Dutta_lab/decode/ukb_ppp/EUR/PSMA1_P25786_OID21221_v1_Oncology	11	14643635	14504874	14643635	-1	ENSG00000129084	1	unique_match	UKBB_EUR
OID21222	SH2B3	Q9UQQ2	v1	Oncology	/data/Dutta_lab/decode/ukb_ppp/EUR/SH2B3_Q9UQQ2_OID21222_v1_Oncology	12	111405948	111405948	111451623	1	ENSG00000111252	2	multi_match_first	UKBB_EUR
OID21224	NDUFS6	O75380	v1	Oncology	/data/Dutta_lab/decode/ukb_ppp/EUR/NDUFS6_O75380_OID21224_v1_Oncology	5	1801400	1801400	1816605	1	ENSG00000145494	1	unique_match	UKBB_EUR
OID21225	PRKRA	O75569	v1	Oncology	/data/Dutta_lab/decode/ukb_ppp/EUR/PRKRA_O75569_OID21225_v1_Oncology	2	178451512	178431414	178451512	-1	ENSG00000180228	1	unique_match	UKBB_EUR
OID21226	DDX58	O95786	v1	Oncology	/data/Dutta_lab/decode/ukb_ppp/EUR/DDX58_O95786_OID21226_v1_Oncology	9	32526324	32455705	32526324	-1	ENSG00000107201	1	unique_match	UKBB_EUR
OID21227	NAMPT	P43490	v1	Oncology	/data/Dutta_lab/decode/ukb_ppp/EUR/NAMPT_P43490_OID21227_v1_Oncology	7	106286326	106248285	106286326	-1	ENSG00000105835	1	unique_match	UKBB_EUR
OID21228	CLEC6A	Q6EIG7	v1	Oncology	/data/Dutta_lab/decode/ukb_ppp/EUR/CLEC6A_Q6EIG7_OID21228_v1_Oncology	12	8455926	8455926	8478330	1	ENSG00000205846	1	unique_match	UKBB_EUR
OID21229	SUGT1	Q9Y2Z0	v1	Oncology	/data/Dutta_lab/decode/ukb_ppp/EUR/SUGT1_Q9Y2Z0_OID21229_v1_Oncology	13	52652709	52652709	52700909	1	ENSG00000165416	1	unique_match	UKBB_EUR
OID21230	CHAC2	Q8WUX2	v1	Oncology	/data/Dutta_lab/decode/ukb_ppp/EUR/CHAC2_Q8WUX2_OID21230_v1_Oncology	2	53767792	53767792	53775196	1	ENSG00000143942	1	unique_match	UKBB_EUR
OID21231	GNE	Q9Y223	v1	Oncology	/data/Dutta_lab/decode/ukb_ppp/EUR/GNE_Q9Y223_OID21231_v1_Oncology	9	36277056	36214441	36277056	-1	ENSG00000159921	1	unique_match	UKBB_EUR
OID21232	TP53	P04637	v1	Oncology	/data/Dutta_lab/decode/ukb_ppp/EUR/TP53_P04637_OID21232_v1_Oncology	17	7687550	7661779	7687550	-1	ENSG00000141510	2	multi_match_first	UKBB_EUR
OID21233	FMR1	Q06787	v1	Oncology	/data/Dutta_lab/decode/ukb_ppp/EUR/FMR1_Q06787_OID21233_v1_Oncology	23	147911951	147911951	147951125	1	ENSG00000102081	1	unique_match	UKBB_EUR
OID21234	AIF1	P55008	v1	Oncology	/data/Dutta_lab/decode/ukb_ppp/EUR/AIF1_P55008_OID21234_v1_Oncology	6	31615184	31615184	31617021	1	ENSG00000204472	1	unique_match	UKBB_EUR
OID21235	NPTN	Q9Y639	v1	Oncology	/data/Dutta_lab/decode/ukb_ppp/EUR/NPTN_Q9Y639_OID21235_v1_Oncology	15	73634134	73560014	73634134	-1	ENSG00000156642	1	unique_match	UKBB_EUR
OID21236	MED18	Q9BUE0	v1	Oncology	/data/Dutta_lab/decode/ukb_ppp/EUR/MED18_Q9BUE0_OID21236_v1_Oncology	1	28329002	28329002	28335967	1	ENSG00000130772	1	unique_match	UKBB_EUR
OID21237	TNF	P01375	v1	Oncology	/data/Dutta_lab/decode/ukb_ppp/EUR/TNF_P01375_OID21237_v1_Oncology	6	31575567	31575567	31578336	1	ENSG00000232810	1	unique_match	UKBB_EUR
OID21238	CDC27	P30260	v1	Oncology	/data/Dutta_lab/decode/ukb_ppp/EUR/CDC27_P30260_OID21238_v1_Oncology	17	47189422	47117703	47189422	-1	ENSG00000004897	1	unique_match	UKBB_EUR
OID21239	FLI1	Q01543	v1	Oncology	/data/Dutta_lab/decode/ukb_ppp/EUR/FLI1_Q01543_OID21239_v1_Oncology	11	128686535	128686535	128813267	1	ENSG00000151702	1	unique_match	UKBB_EUR
OID21240	STXBP3	O00186	v1	Oncology	/data/Dutta_lab/decode/ukb_ppp/EUR/STXBP3_O00186_OID21240_v1_Oncology	1	108746674	108746674	108809526	1	ENSG00000116266	1	unique_match	UKBB_EUR
OID21241	CEP85	Q6P2H3	v1	Oncology	/data/Dutta_lab/decode/ukb_ppp/EUR/CEP85_Q6P2H3_OID21241_v1_Oncology	1	26234153	26234153	26279038	1	ENSG00000130695	1	unique_match	UKBB_EUR
OID21242	GSTA3	Q16772	v1	Oncology	/data/Dutta_lab/decode/ukb_ppp/EUR/GSTA3_Q16772_OID21242_v1_Oncology	6	52909685	52896639	52909685	-1	ENSG00000174156	1	unique_match	UKBB_EUR
OID21243	AGR3	Q8TD06	v1	Oncology	/data/Dutta_lab/decode/ukb_ppp/EUR/AGR3_Q8TD06_OID21243_v1_Oncology	7	16881987	16859405	16881987	-1	ENSG00000173467	1	unique_match	UKBB_EUR
OID21244	AKR1B1	P15121	v1	Oncology	/data/Dutta_lab/decode/ukb_ppp/EUR/AKR1B1_P15121_OID21244_v1_Oncology	7	134459284	134442350	134459284	-1	ENSG00000085662	1	unique_match	UKBB_EUR
OID21245	CEACAM3	P40198	v1	Oncology	/data/Dutta_lab/decode/ukb_ppp/EUR/CEACAM3_P40198_OID21245_v1_Oncology	19	41796437	41796437	41811553	1	ENSG00000170956	1	unique_match	UKBB_EUR
OID21246	ATG4A	Q8WYN0	v1	Oncology	/data/Dutta_lab/decode/ukb_ppp/EUR/ATG4A_Q8WYN0_OID21246_v1_Oncology	23	108091668	108091668	108154671	1	ENSG00000101844	1	unique_match	UKBB_EUR
OID21247	GFAP	P14136	v1	Oncology	/data/Dutta_lab/decode/ukb_ppp/EUR/GFAP_P14136_OID21247_v1_Oncology	17	44916937	44905008	44916937	-1	ENSG00000131095	1	unique_match	UKBB_EUR
OID21248	LHB	P01229	v1	Oncology	/data/Dutta_lab/decode/ukb_ppp/EUR/LHB_P01229_OID21248_v1_Oncology	19	49017081	49015980	49017081	-1	ENSG00000104826	1	unique_match	UKBB_EUR
OID21249	CRACR2A	Q9BSW2	v1	Oncology	/data/Dutta_lab/decode/ukb_ppp/EUR/CRACR2A_Q9BSW2_OID21249_v1_Oncology	12	3764819	3606633	3764819	-1	ENSG00000130038	1	unique_match	UKBB_EUR
OID21250	BAIAP2	Q9UQB8	v1	Oncology	/data/Dutta_lab/decode/ukb_ppp/EUR/BAIAP2_Q9UQB8_OID21250_v1_Oncology	17	81035122	81035122	81117432	1	ENSG00000175866	1	unique_match	UKBB_EUR
OID21251	LYPD8	Q6UX82	v1	Oncology	/data/Dutta_lab/decode/ukb_ppp/EUR/LYPD8_Q6UX82_OID21251_v1_Oncology	1	248755739	248718649	248755739	-1	ENSG00000259823	1	unique_match	UKBB_EUR
OID21252	EGFL7	Q9UHF1	v1	Oncology	/data/Dutta_lab/decode/ukb_ppp/EUR/EGFL7_Q9UHF1_OID21252_v1_Oncology	9	136658856	136658856	136672678	1	ENSG00000172889	1	unique_match	UKBB_EUR
OID21253	MAP3K5	Q99683	v1	Oncology	/data/Dutta_lab/decode/ukb_ppp/EUR/MAP3K5_Q99683_OID21253_v1_Oncology	6	136792518	136557047	136792518	-1	ENSG00000197442	1	unique_match	UKBB_EUR
OID21254	SLAMF6	Q96DU3	v1	Oncology	/data/Dutta_lab/decode/ukb_ppp/EUR/SLAMF6_Q96DU3_OID21254_v1_Oncology	1	160523262	160485030	160523262	-1	ENSG00000162739	1	unique_match	UKBB_EUR
OID21255	ARHGAP25	P42331	v1	Oncology	/data/Dutta_lab/decode/ukb_ppp/EUR/ARHGAP25_P42331_OID21255_v1_Oncology	2	68679601	68679601	68826833	1	ENSG00000163219	1	unique_match	UKBB_EUR
OID21256	FUS	P35637	v1	Oncology	/data/Dutta_lab/decode/ukb_ppp/EUR/FUS_P35637_OID21256_v1_Oncology	16	31180110	31180110	31194871	1	ENSG00000089280	2	multi_match_first	UKBB_EUR
OID21257	CRH	P06850	v1	Oncology	/data/Dutta_lab/decode/ukb_ppp/EUR/CRH_P06850_OID21257_v1_Oncology	8	66178725	66176382	66178725	-1	ENSG00000147571	1	unique_match	UKBB_EUR
OID21258	PLXDC1	Q8IUK5	v1	Oncology	/data/Dutta_lab/decode/ukb_ppp/EUR/PLXDC1_Q8IUK5_OID21258_v1_Oncology	17	39154394	39063303	39154394	-1	ENSG00000161381	1	unique_match	UKBB_EUR
OID21259	GFER	P55789	v1	Oncology	/data/Dutta_lab/decode/ukb_ppp/EUR/GFER_P55789_OID21259_v1_Oncology	16	1984207	1984207	1987749	1	ENSG00000127554	1	unique_match	UKBB_EUR
OID21260	ENTPD2	Q9Y5L3	v1	Oncology	/data/Dutta_lab/decode/ukb_ppp/EUR/ENTPD2_Q9Y5L3_OID21260_v1_Oncology	9	137054045	137048098	137054045	-1	ENSG00000054179	1	unique_match	UKBB_EUR
OID21261	CFC1	P0CG37	v1	Oncology	/data/Dutta_lab/decode/ukb_ppp/EUR/CFC1_P0CG37_OID21261_v1_Oncology	2	130599575	130592168	130599575	-1	ENSG00000136698	1	unique_match	UKBB_EUR
OID21262	SORCS2	Q96PQ0	v1	Oncology	/data/Dutta_lab/decode/ukb_ppp/EUR/SORCS2_Q96PQ0_OID21262_v1_Oncology	4	7192538	7192538	7742836	1	ENSG00000184985	1	unique_match	UKBB_EUR
OID21263	GCG	P01275	v1	Oncology	/data/Dutta_lab/decode/ukb_ppp/EUR/GCG_P01275_OID21263_v1_Oncology	2	162152404	162142873	162152404	-1	ENSG00000115263	1	unique_match	UKBB_EUR
OID21264	LYAR	Q9NX58	v1	Oncology	/data/Dutta_lab/decode/ukb_ppp/EUR/LYAR_Q9NX58_OID21264_v1_Oncology	4	4290169	4267701	4290169	-1	ENSG00000145220	1	unique_match	UKBB_EUR
OID21265	CD28	P10747	v1	Oncology	/data/Dutta_lab/decode/ukb_ppp/EUR/CD28_P10747_OID21265_v1_Oncology	2	203706475	203706475	203738912	1	ENSG00000178562	1	unique_match	UKBB_EUR
OID21266	HPGDS	O60760	v1	Oncology	/data/Dutta_lab/decode/ukb_ppp/EUR/HPGDS_O60760_OID21266_v1_Oncology	4	94342876	94298535	94342876	-1	ENSG00000163106	1	unique_match	UKBB_EUR
OID21267	BAMBI	Q13145	v1	Oncology	/data/Dutta_lab/decode/ukb_ppp/EUR/BAMBI_Q13145_OID21267_v1_Oncology	10	28677342	28677342	28682939	1	ENSG00000095739	1	unique_match	UKBB_EUR
OID21268	ITGB1BP1	O14713	v1	Oncology	/data/Dutta_lab/decode/ukb_ppp/EUR/ITGB1BP1_O14713_OID21268_v1_Oncology	2	9423547	9403475	9423547	-1	ENSG00000119185	1	unique_match	UKBB_EUR
OID21269	ACAA1	P09110	v1	Oncology	/data/Dutta_lab/decode/ukb_ppp/EUR/ACAA1_P09110_OID21269_v1_Oncology	3	38137242	38103129	38137242	-1	ENSG00000060971	1	unique_match	UKBB_EUR
OID21270	TPMT	P51580	v1	Oncology	/data/Dutta_lab/decode/ukb_ppp/EUR/TPMT_P51580_OID21270_v1_Oncology	6	18155074	18128311	18155074	-1	ENSG00000137364	1	unique_match	UKBB_EUR
OID21271	FOXO3	O43524	v1	Oncology	/data/Dutta_lab/decode/ukb_ppp/EUR/FOXO3_O43524_OID21271_v1_Oncology	6	108559835	108559835	108684774	1	ENSG00000118689	1	unique_match	UKBB_EUR
OID21272	FLT3	P36888	v1	Oncology	/data/Dutta_lab/decode/ukb_ppp/EUR/FLT3_P36888_OID21272_v1_Oncology	13	28100592	28003274	28100592	-1	ENSG00000122025	2	multi_match_first	UKBB_EUR
OID21273	PDCD1LG2	Q9BQ51	v1	Oncology	/data/Dutta_lab/decode/ukb_ppp/EUR/PDCD1LG2_Q9BQ51_OID21273_v1_Oncology	9	5510570	5510570	5571254	1	ENSG00000197646	1	unique_match	UKBB_EUR
OID21274	IGF1R	P08069	v1	Oncology	/data/Dutta_lab/decode/ukb_ppp/EUR/IGF1R_P08069_OID21274_v1_Oncology	15	98648971	98648971	98964530	1	ENSG00000140443	1	unique_match	UKBB_EUR
OID21275	ADAMTS15	Q8TE58	v1	Oncology	/data/Dutta_lab/decode/ukb_ppp/EUR/ADAMTS15_Q8TE58_OID21275_v1_Oncology	11	130448974	130448974	130476641	1	ENSG00000166106	1	unique_match	UKBB_EUR
OID21276	IL6	P05231	v1	Oncology	/data/Dutta_lab/decode/ukb_ppp/EUR/IL6_P05231_OID21276_v1_Oncology	7	22725884	22725884	22732002	1	ENSG00000136244	1	unique_match	UKBB_EUR
OID21277	STAT5B	P51692	v1	Oncology	/data/Dutta_lab/decode/ukb_ppp/EUR/STAT5B_P51692_OID21277_v1_Oncology	17	42276707	42199168	42276707	-1	ENSG00000173757	2	multi_match_first	UKBB_EUR
OID21278	SF3B4	Q15427	v1	Oncology	/data/Dutta_lab/decode/ukb_ppp/EUR/SF3B4_Q15427_OID21278_v1_Oncology	1	149928344	149923317	149928344	-1	ENSG00000143368	1	unique_match	UKBB_EUR
OID21279	SEPTIN9	Q9UHD8	v1	Oncology	/data/Dutta_lab/decode/ukb_ppp/EUR/SEPTIN9_Q9UHD8_OID21279_v1_Oncology							0	missing	UKBB_EUR
OID21280	ABL1	P00519	v1	Oncology	/data/Dutta_lab/decode/ukb_ppp/EUR/ABL1_P00519_OID21280_v1_Oncology	9	130713946	130713946	130887675	1	ENSG00000097007	1	unique_match	UKBB_EUR
OID21281	VPS53	Q5VIR6	v1	Oncology	/data/Dutta_lab/decode/ukb_ppp/EUR/VPS53_Q5VIR6_OID21281_v1_Oncology	17	721717	508668	721717	-1	ENSG00000141252	1	unique_match	UKBB_EUR
OID21282	CDHR2	Q9BYE9	v1	Oncology	/data/Dutta_lab/decode/ukb_ppp/EUR/CDHR2_Q9BYE9_OID21282_v1_Oncology	5	176542511	176542511	176595974	1	ENSG00000074276	1	unique_match	UKBB_EUR
OID21283	POLR2F	P61218	v1	Oncology	/data/Dutta_lab/decode/ukb_ppp/EUR/POLR2F_P61218_OID21283_v1_Oncology	22	37952607	37952607	38041915	1	ENSG00000100142	1	unique_match	UKBB_EUR
OID21284	SERPINA9	Q86WD7	v1	Oncology	/data/Dutta_lab/decode/ukb_ppp/EUR/SERPINA9_Q86WD7_OID21284_v1_Oncology	14	94479689	94462717	94479689	-1	ENSG00000170054	1	unique_match	UKBB_EUR
OID21285	TACC3	Q9Y6A5	v1	Oncology	/data/Dutta_lab/decode/ukb_ppp/EUR/TACC3_Q9Y6A5_OID21285_v1_Oncology	4	1721490	1721490	1745176	1	ENSG00000013810	1	unique_match	UKBB_EUR
OID21286	TBC1D23	Q9NUY8	v1	Oncology	/data/Dutta_lab/decode/ukb_ppp/EUR/TBC1D23_Q9NUY8_OID21286_v1_Oncology	3	100261000	100261000	100325251	1	ENSG00000036054	1	unique_match	UKBB_EUR
OID21287	AIFM1	O95831	v1	Oncology	/data/Dutta_lab/decode/ukb_ppp/EUR/AIFM1_O95831_OID21287_v1_Oncology	23	130165887	130129362	130165887	-1	ENSG00000156709	1	unique_match	UKBB_EUR
OID21288	MPI	P34949	v1	Oncology	/data/Dutta_lab/decode/ukb_ppp/EUR/MPI_P34949_OID21288_v1_Oncology	15	74890005	74890005	74902219	1	ENSG00000178802	1	unique_match	UKBB_EUR
OID21289	SEZ6L2	Q6UXD5	v1	Oncology	/data/Dutta_lab/decode/ukb_ppp/EUR/SEZ6L2_Q6UXD5_OID21289_v1_Oncology	16	29899547	29871159	29899547	-1	ENSG00000174938	1	unique_match	UKBB_EUR
OID21290	LPCAT2	Q7L5N7	v1	Oncology	/data/Dutta_lab/decode/ukb_ppp/EUR/LPCAT2_Q7L5N7_OID21290_v1_Oncology	16	55508998	55508998	55586670	1	ENSG00000087253	1	unique_match	UKBB_EUR
OID21291	KLK13	Q9UKR3	v1	Oncology	/data/Dutta_lab/decode/ukb_ppp/EUR/KLK13_Q9UKR3_OID21291_v1_Oncology	19	51065114	51056206	51065114	-1	ENSG00000167759	1	unique_match	UKBB_EUR
OID21292	LAT2	Q9GZY6	v1	Oncology	/data/Dutta_lab/decode/ukb_ppp/EUR/LAT2_Q9GZY6_OID21292_v1_Oncology	7	74199652	74199652	74229834	1	ENSG00000086730	1	unique_match	UKBB_EUR
OID21293	LRP1	Q07954	v1	Oncology	/data/Dutta_lab/decode/ukb_ppp/EUR/LRP1_Q07954_OID21293_v1_Oncology	12	57128493	57128493	57213351	1	ENSG00000123384	1	unique_match	UKBB_EUR
OID21294	ADGRG1	Q9Y653	v1	Oncology	/data/Dutta_lab/decode/ukb_ppp/EUR/ADGRG1_Q9Y653_OID21294_v1_Oncology	16	57610652	57610652	57665580	1	ENSG00000205336	1	unique_match	UKBB_EUR
OID21295	CDKN2D	P55273	v1	Oncology	/data/Dutta_lab/decode/ukb_ppp/EUR/CDKN2D_P55273_OID21295_v1_Oncology	19	10569059	10566462	10569059	-1	ENSG00000129355	1	unique_match	UKBB_EUR
OID21296	KRT18	P05783	v1	Oncology	/data/Dutta_lab/decode/ukb_ppp/EUR/KRT18_P05783_OID21296_v1_Oncology	12	52948871	52948871	52952901	1	ENSG00000111057	1	unique_match	UKBB_EUR
OID21297	COX5B	P10606	v1	Oncology	/data/Dutta_lab/decode/ukb_ppp/EUR/COX5B_P10606_OID21297_v1_Oncology	2	97646040	97646040	97648383	1	ENSG00000135940	1	unique_match	UKBB_EUR
OID21298	CD207	Q9UJ71	v1	Oncology	/data/Dutta_lab/decode/ukb_ppp/EUR/CD207_Q9UJ71_OID21298_v1_Oncology	2	70835822	70830214	70835822	-1	ENSG00000116031	1	unique_match	UKBB_EUR
OID21299	DDAH1	O94760	v1	Oncology	/data/Dutta_lab/decode/ukb_ppp/EUR/DDAH1_O94760_OID21299_v1_Oncology	1	85578363	85318481	85578363	-1	ENSG00000153904	1	unique_match	UKBB_EUR
OID21301	FLT1	P17948	v1	Oncology	/data/Dutta_lab/decode/ukb_ppp/EUR/FLT1_P17948_OID21301_v1_Oncology	13	28495128	28300344	28495128	-1	ENSG00000102755	1	unique_match	UKBB_EUR
OID21302	RP2	O75695	v1	Oncology	/data/Dutta_lab/decode/ukb_ppp/EUR/RP2_O75695_OID21302_v1_Oncology	23	46836940	46836940	46882358	1	ENSG00000102218	1	unique_match	UKBB_EUR
OID21303	HS3ST3B1	Q9Y662	v1	Oncology	/data/Dutta_lab/decode/ukb_ppp/EUR/HS3ST3B1_Q9Y662_OID21303_v1_Oncology	17	14301083	14301083	14349404	1	ENSG00000125430	1	unique_match	UKBB_EUR
OID21304	PSMD9	O00233	v1	Oncology	/data/Dutta_lab/decode/ukb_ppp/EUR/PSMD9_O00233_OID21304_v1_Oncology	12	121888731	121888731	121918297	1	ENSG00000110801	1	unique_match	UKBB_EUR
OID21305	DPEP2	Q9H4A9	v1	Oncology	/data/Dutta_lab/decode/ukb_ppp/EUR/DPEP2_Q9H4A9_OID21305_v1_Oncology	16	68000586	67987394	68000586	-1	ENSG00000167261	1	unique_match	UKBB_EUR
OID21306	CALB1	P05937	v1	Oncology	/data/Dutta_lab/decode/ukb_ppp/EUR/CALB1_P05937_OID21306_v1_Oncology	8	90095475	90058608	90095475	-1	ENSG00000104327	1	unique_match	UKBB_EUR
OID21307	MME	P08473	v1	Oncology	/data/Dutta_lab/decode/ukb_ppp/EUR/MME_P08473_OID21307_v1_Oncology	3	155024124	155024124	155183729	1	ENSG00000196549	1	unique_match	UKBB_EUR
OID21308	NUDT2	P50583	v1	Oncology	/data/Dutta_lab/decode/ukb_ppp/EUR/NUDT2_P50583_OID21308_v1_Oncology	9	34329506	34329506	34343713	1	ENSG00000164978	1	unique_match	UKBB_EUR
OID21309	GRPEL1	Q9HAV7	v1	Oncology	/data/Dutta_lab/decode/ukb_ppp/EUR/GRPEL1_Q9HAV7_OID21309_v1_Oncology	4	7068197	7058906	7068197	-1	ENSG00000109519	1	unique_match	UKBB_EUR
OID21310	VNN2	O95498	v1	Oncology	/data/Dutta_lab/decode/ukb_ppp/EUR/VNN2_O95498_OID21310_v1_Oncology	6	132763459	132743870	132763459	-1	ENSG00000112303	1	unique_match	UKBB_EUR
OID21311	AARSD1	Q9BTE6	v1	Oncology	/data/Dutta_lab/decode/ukb_ppp/EUR/AARSD1_Q9BTE6_OID21311_v1_Oncology	17	42964498	42950526	42964498	-1	ENSG00000266967	1	unique_match	UKBB_EUR
OID21312	IGSF3	O75054	v1	Oncology	/data/Dutta_lab/decode/ukb_ppp/EUR/IGSF3_O75054_OID21312_v1_Oncology	1	116667755	116574399	116667755	-1	ENSG00000143061	1	unique_match	UKBB_EUR
OID21313	DKKL1	Q9UK85	v1	Oncology	/data/Dutta_lab/decode/ukb_ppp/EUR/DKKL1_Q9UK85_OID21313_v1_Oncology	19	49361783	49361783	49375116	1	ENSG00000104901	1	unique_match	UKBB_EUR
OID21314	INPPL1	O15357	v1	Oncology	/data/Dutta_lab/decode/ukb_ppp/EUR/INPPL1_O15357_OID21314_v1_Oncology	11	72223701	72223701	72239105	1	ENSG00000165458	1	unique_match	UKBB_EUR
OID21315	LAG3	P18627	v1	Oncology	/data/Dutta_lab/decode/ukb_ppp/EUR/LAG3_P18627_OID21315_v1_Oncology	12	6772512	6772512	6778455	1	ENSG00000089692	1	unique_match	UKBB_EUR
OID21316	CD38	P28907	v1	Oncology	/data/Dutta_lab/decode/ukb_ppp/EUR/CD38_P28907_OID21316_v1_Oncology	4	15778275	15778275	15853230	1	ENSG00000004468	1	unique_match	UKBB_EUR
OID21317	CNPY4	Q8N129	v1	Oncology	/data/Dutta_lab/decode/ukb_ppp/EUR/CNPY4_Q8N129_OID21317_v1_Oncology	7	100119613	100119613	100125511	1	ENSG00000166997	1	unique_match	UKBB_EUR
OID21318	CDNF	Q49AH0	v1	Oncology	/data/Dutta_lab/decode/ukb_ppp/EUR/CDNF_Q49AH0_OID21318_v1_Oncology	10	14838575	14819250	14838575	-1	ENSG00000185267	1	unique_match	UKBB_EUR
OID21319	CDKN1A	P38936	v1	Oncology	/data/Dutta_lab/decode/ukb_ppp/EUR/CDKN1A_P38936_OID21319_v1_Oncology	6	36676460	36676460	36687339	1	ENSG00000124762	1	unique_match	UKBB_EUR
OID21320	KIFBP	Q96EK5	v1	Oncology	/data/Dutta_lab/decode/ukb_ppp/EUR/KIFBP_Q96EK5_OID21320_v1_Oncology							0	missing	UKBB_EUR
OID21321	TAFA5	Q7Z5A7	v1	Oncology	/data/Dutta_lab/decode/ukb_ppp/EUR/TAFA5_Q7Z5A7_OID21321_v1_Oncology							0	missing	UKBB_EUR
OID21322	ST3GAL1	Q11201	v1	Oncology	/data/Dutta_lab/decode/ukb_ppp/EUR/ST3GAL1_Q11201_OID21322_v1_Oncology	8	133571940	133454848	133571940	-1	ENSG00000008513	1	unique_match	UKBB_EUR
OID21323	ERBIN	Q96RT1	v1	Oncology	/data/Dutta_lab/decode/ukb_ppp/EUR/ERBIN_Q96RT1_OID21323_v1_Oncology	5	65926475	65926475	66082549	1	ENSG00000112851	1	unique_match	UKBB_EUR
OID21324	SRP14	P37108	v1	Oncology	/data/Dutta_lab/decode/ukb_ppp/EUR/SRP14_P37108_OID21324_v1_Oncology	15	40039188	40035739	40039188	-1	ENSG00000140319	1	unique_match	UKBB_EUR
OID21325	DSG4	Q86SJ6	v1	Oncology	/data/Dutta_lab/decode/ukb_ppp/EUR/DSG4_Q86SJ6_OID21325_v1_Oncology	18	31376777	31376777	31414912	1	ENSG00000175065	1	unique_match	UKBB_EUR
OID21326	STX4	Q12846	v1	Oncology	/data/Dutta_lab/decode/ukb_ppp/EUR/STX4_Q12846_OID21326_v1_Oncology	16	31032889	31032889	31042975	1	ENSG00000103496	1	unique_match	UKBB_EUR
OID21328	CD302	Q8IX05	v1	Oncology	/data/Dutta_lab/decode/ukb_ppp/EUR/CD302_Q8IX05_OID21328_v1_Oncology	2	159798255	159768630	159798255	-1	ENSG00000241399	1	unique_match	UKBB_EUR
OID21329	SEMA4C	Q9C0C4	v1	Oncology	/data/Dutta_lab/decode/ukb_ppp/EUR/SEMA4C_Q9C0C4_OID21329_v1_Oncology	2	96870757	96859716	96870757	-1	ENSG00000168758	1	unique_match	UKBB_EUR
OID21330	GFRA2	O00451	v1	Oncology	/data/Dutta_lab/decode/ukb_ppp/EUR/GFRA2_O00451_OID21330_v1_Oncology	8	21812357	21690403	21812357	-1	ENSG00000168546	1	unique_match	UKBB_EUR
OID21331	ARSB	P15848	v1	Oncology	/data/Dutta_lab/decode/ukb_ppp/EUR/ARSB_P15848_OID21331_v1_Oncology	5	78986087	78777209	78986087	-1	ENSG00000113273	1	unique_match	UKBB_EUR
OID21332	SCAMP3	O14828	v1	Oncology	/data/Dutta_lab/decode/ukb_ppp/EUR/SCAMP3_O14828_OID21332_v1_Oncology	1	155262430	155255979	155262430	-1	ENSG00000116521	1	unique_match	UKBB_EUR
OID21333	LRRC25	Q8N386	v1	Oncology	/data/Dutta_lab/decode/ukb_ppp/EUR/LRRC25_Q8N386_OID21333_v1_Oncology	19	18397617	18391144	18397617	-1	ENSG00000175489	1	unique_match	UKBB_EUR
OID21334	DCTN2	Q13561	v1	Oncology	/data/Dutta_lab/decode/ukb_ppp/EUR/DCTN2_Q13561_OID21334_v1_Oncology	12	57547331	57530102	57547331	-1	ENSG00000175203	1	unique_match	UKBB_EUR
OID21335	DRG2	P55039	v1	Oncology	/data/Dutta_lab/decode/ukb_ppp/EUR/DRG2_P55039_OID21335_v1_Oncology	17	18087886	18087886	18107971	1	ENSG00000108591	1	unique_match	UKBB_EUR
OID21336	UBAC1	Q9BSL1	v1	Oncology	/data/Dutta_lab/decode/ukb_ppp/EUR/UBAC1_Q9BSL1_OID21336_v1_Oncology	9	135961380	135932969	135961380	-1	ENSG00000130560	1	unique_match	UKBB_EUR
OID21337	ELOA	Q14241	v1	Oncology	/data/Dutta_lab/decode/ukb_ppp/EUR/ELOA_Q14241_OID21337_v1_Oncology							0	missing	UKBB_EUR
OID21338	ERP44	Q9BS26	v1	Oncology	/data/Dutta_lab/decode/ukb_ppp/EUR/ERP44_Q9BS26_OID21338_v1_Oncology	9	100099040	99979179	100099040	-1	ENSG00000023318	1	unique_match	UKBB_EUR
OID21339	KAZALD1	Q96I82	v1	Oncology	/data/Dutta_lab/decode/ukb_ppp/EUR/KAZALD1_Q96I82_OID21339_v1_Oncology	10	101061841	101061841	101068131	1	ENSG00000107821	1	unique_match	UKBB_EUR
OID21340	CES3	Q6UWW8	v1	Oncology	/data/Dutta_lab/decode/ukb_ppp/EUR/CES3_Q6UWW8_OID21340_v1_Oncology	16	66961237	66961237	66975148	1	ENSG00000172828	1	unique_match	UKBB_EUR
OID21341	ATP6V1D	Q9Y5K8	v1	Oncology	/data/Dutta_lab/decode/ukb_ppp/EUR/ATP6V1D_Q9Y5K8_OID21341_v1_Oncology	14	67360265	67294371	67360265	-1	ENSG00000100554	1	unique_match	UKBB_EUR
OID21342	EPHA2	P29317	v1	Oncology	/data/Dutta_lab/decode/ukb_ppp/EUR/EPHA2_P29317_OID21342_v1_Oncology	1	16156087	16124337	16156087	-1	ENSG00000142627	1	unique_match	UKBB_EUR
OID21343	RTBDN	Q9BSG5	v1	Oncology	/data/Dutta_lab/decode/ukb_ppp/EUR/RTBDN_Q9BSG5_OID21343_v1_Oncology	19	12835428	12825478	12835428	-1	ENSG00000132026	1	unique_match	UKBB_EUR
OID21344	CA12	O43570	v1	Oncology	/data/Dutta_lab/decode/ukb_ppp/EUR/CA12_O43570_OID21344_v1_Oncology	15	63382161	63321378	63382161	-1	ENSG00000074410	1	unique_match	UKBB_EUR
OID21345	INPP1	P49441	v1	Oncology	/data/Dutta_lab/decode/ukb_ppp/EUR/INPP1_P49441_OID21345_v1_Oncology	2	190343470	190343470	190371665	1	ENSG00000151689	1	unique_match	UKBB_EUR
OID21346	RET	P07949	v1	Oncology	/data/Dutta_lab/decode/ukb_ppp/EUR/RET_P07949_OID21346_v1_Oncology	10	43077027	43077027	43130351	1	ENSG00000165731	2	multi_match_first	UKBB_EUR
OID21347	PPME1	Q9Y570	v1	Oncology	/data/Dutta_lab/decode/ukb_ppp/EUR/PPME1_Q9Y570_OID21347_v1_Oncology	11	74171099	74171099	74254703	1	ENSG00000214517	1	unique_match	UKBB_EUR
OID21348	YES1	P07947	v1	Oncology	/data/Dutta_lab/decode/ukb_ppp/EUR/YES1_P07947_OID21348_v1_Oncology	18	812546	721588	812546	-1	ENSG00000176105	1	unique_match	UKBB_EUR
OID21349	DTX3	Q8N9I9	v1	Oncology	/data/Dutta_lab/decode/ukb_ppp/EUR/DTX3_Q8N9I9_OID21349_v1_Oncology	12	57604622	57604622	57609804	1	ENSG00000178498	1	unique_match	UKBB_EUR
OID21350	LYN	P07948	v1	Oncology	/data/Dutta_lab/decode/ukb_ppp/EUR/LYN_P07948_OID21350_v1_Oncology	8	55879813	55879813	56014168	1	ENSG00000254087	1	unique_match	UKBB_EUR
OID21351	ICOSLG	O75144	v1	Oncology	/data/Dutta_lab/decode/ukb_ppp/EUR/ICOSLG_O75144_OID21351_v1_Oncology	21	44240966	44222991	44240966	-1	ENSG00000160223	1	unique_match	UKBB_EUR
OID21352	OMG	P23515	v1	Oncology	/data/Dutta_lab/decode/ukb_ppp/EUR/OMG_P23515_OID21352_v1_Oncology	17	31297539	31272013	31297539	-1	ENSG00000126861	1	unique_match	UKBB_EUR
OID21353	SMAD5	Q99717	v1	Oncology	/data/Dutta_lab/decode/ukb_ppp/EUR/SMAD5_Q99717_OID21353_v1_Oncology	5	136132845	136132845	136188747	1	ENSG00000113658	1	unique_match	UKBB_EUR
OID21354	DPP6	P42658	v1	Oncology	/data/Dutta_lab/decode/ukb_ppp/EUR/DPP6_P42658_OID21354_v1_Oncology	7	153887097	153887097	154894285	1	ENSG00000130226	1	unique_match	UKBB_EUR
OID21355	VPS37A	Q8NEZ2	v1	Oncology	/data/Dutta_lab/decode/ukb_ppp/EUR/VPS37A_Q8NEZ2_OID21355_v1_Oncology	8	17246571	17246571	17302427	1	ENSG00000155975	1	unique_match	UKBB_EUR
OID21356	PFKFB2	O60825	v1	Oncology	/data/Dutta_lab/decode/ukb_ppp/EUR/PFKFB2_O60825_OID21356_v1_Oncology	1	207034366	207034366	207081024	1	ENSG00000123836	1	unique_match	UKBB_EUR
OID21357	AREG	P15514	v1	Oncology	/data/Dutta_lab/decode/ukb_ppp/EUR/AREG_P15514_OID21357_v1_Oncology	4	74445134	74445134	74455009	1	ENSG00000109321	1	unique_match	UKBB_EUR
OID21358	PODXL	O00592	v1	Oncology	/data/Dutta_lab/decode/ukb_ppp/EUR/PODXL_O00592_OID21358_v1_Oncology	7	131558217	131500262	131558217	-1	ENSG00000128567	1	unique_match	UKBB_EUR
OID21359	APBB1IP	Q7Z5R6	v1	Oncology	/data/Dutta_lab/decode/ukb_ppp/EUR/APBB1IP_Q7Z5R6_OID21359_v1_Oncology	10	26438203	26438203	26567803	1	ENSG00000077420	1	unique_match	UKBB_EUR
OID21360	OGFR	Q9NZT2	v1	Oncology	/data/Dutta_lab/decode/ukb_ppp/EUR/OGFR_Q9NZT2_OID21360_v1_Oncology	20	62804835	62804835	62814000	1	ENSG00000060491	1	unique_match	UKBB_EUR
OID21361	IQGAP2	Q13576	v1	Oncology	/data/Dutta_lab/decode/ukb_ppp/EUR/IQGAP2_Q13576_OID21361_v1_Oncology	5	76403249	76403249	76708132	1	ENSG00000145703	1	unique_match	UKBB_EUR
OID21362	OPTC	Q9UBM4	v1	Oncology	/data/Dutta_lab/decode/ukb_ppp/EUR/OPTC_Q9UBM4_OID21362_v1_Oncology	1	203494143	203494143	203508864	1	ENSG00000188770	1	unique_match	UKBB_EUR
OID21363	DNAJB1	P25685	v1	Oncology	/data/Dutta_lab/decode/ukb_ppp/EUR/DNAJB1_P25685_OID21363_v1_Oncology	19	14529770	14514770	14529770	-1	ENSG00000132002	1	unique_match	UKBB_EUR
OID21364	TMPRSS15	P98073	v1	Oncology	/data/Dutta_lab/decode/ukb_ppp/EUR/TMPRSS15_P98073_OID21364_v1_Oncology	21	18485879	18269116	18485879	-1	ENSG00000154646	1	unique_match	UKBB_EUR
OID21365	RBP2	P50120	v1	Oncology	/data/Dutta_lab/decode/ukb_ppp/EUR/RBP2_P50120_OID21365_v1_Oncology	3	139480747	139452884	139480747	-1	ENSG00000114113	1	unique_match	UKBB_EUR
OID21366	CES2	O00748	v1	Oncology	/data/Dutta_lab/decode/ukb_ppp/EUR/CES2_O00748_OID21366_v1_Oncology	16	66934444	66934444	66945096	1	ENSG00000172831	1	unique_match	UKBB_EUR
OID21367	USO1	O60763	v1	Oncology	/data/Dutta_lab/decode/ukb_ppp/EUR/USO1_O60763_OID21367_v1_Oncology	4	75724593	75724593	75814286	1	ENSG00000138768	1	unique_match	UKBB_EUR
OID21368	CCN1	O00622	v1	Oncology	/data/Dutta_lab/decode/ukb_ppp/EUR/CCN1_O00622_OID21368_v1_Oncology							0	missing	UKBB_EUR
OID21369	RBP5	P82980	v1	Oncology	/data/Dutta_lab/decode/ukb_ppp/EUR/RBP5_P82980_OID21369_v1_Oncology	12	7128942	7123684	7128942	-1	ENSG00000139194	1	unique_match	UKBB_EUR
OID21370	AMIGO2	Q86SJ2	v1	Oncology	/data/Dutta_lab/decode/ukb_ppp/EUR/AMIGO2_Q86SJ2_OID21370_v1_Oncology	12	47079951	47075707	47079951	-1	ENSG00000139211	1	unique_match	UKBB_EUR
OID21371	GALNT10	Q86SR1	v1	Oncology	/data/Dutta_lab/decode/ukb_ppp/EUR/GALNT10_Q86SR1_OID21371_v1_Oncology	5	154190730	154190730	154420984	1	ENSG00000164574	1	unique_match	UKBB_EUR
OID21372	FAM3B	P58499	v1	Oncology	/data/Dutta_lab/decode/ukb_ppp/EUR/FAM3B_P58499_OID21372_v1_Oncology	21	41304212	41304212	41357431	1	ENSG00000183844	1	unique_match	UKBB_EUR
OID21374	S100A12	P80511	v1	Oncology	/data/Dutta_lab/decode/ukb_ppp/EUR/S100A12_P80511_OID21374_v1_Oncology	1	153375649	153373706	153375649	-1	ENSG00000163221	1	unique_match	UKBB_EUR
OID21375	SIRT2	Q8IXJ6	v1	Oncology	/data/Dutta_lab/decode/ukb_ppp/EUR/SIRT2_Q8IXJ6_OID21375_v1_Oncology	19	38899862	38878555	38899862	-1	ENSG00000068903	1	unique_match	UKBB_EUR
OID21376	GPA33	Q99795	v1	Oncology	/data/Dutta_lab/decode/ukb_ppp/EUR/GPA33_Q99795_OID21376_v1_Oncology	1	167166479	167052836	167166479	-1	ENSG00000143167	1	unique_match	UKBB_EUR
OID21377	GALNT7	Q86SF2	v1	Oncology	/data/Dutta_lab/decode/ukb_ppp/EUR/GALNT7_Q86SF2_OID21377_v1_Oncology	4	173168753	173168753	173323967	1	ENSG00000109586	1	unique_match	UKBB_EUR
OID21378	MUC16	Q8WXI7	v1	Oncology	/data/Dutta_lab/decode/ukb_ppp/EUR/MUC16_Q8WXI7_OID21378_v1_Oncology	19	8981342	8848844	8981342	-1	ENSG00000181143	1	unique_match	UKBB_EUR
OID21379	GCNT1	Q02742	v1	Oncology	/data/Dutta_lab/decode/ukb_ppp/EUR/GCNT1_Q02742_OID21379_v1_Oncology	9	76419850	76419850	76507416	1	ENSG00000187210	1	unique_match	UKBB_EUR
OID21380	MSLN	Q13421	v1	Oncology	/data/Dutta_lab/decode/ukb_ppp/EUR/MSLN_Q13421_OID21380_v1_Oncology	16	760762	760762	768865	1	ENSG00000102854	1	unique_match	UKBB_EUR
OID21381	VMO1	Q7Z5L0	v1	Oncology	/data/Dutta_lab/decode/ukb_ppp/EUR/VMO1_Q7Z5L0_OID21381_v1_Oncology	17	4786433	4785285	4786433	-1	ENSG00000182853	1	unique_match	UKBB_EUR
OID21382	VAT1	Q99536	v1	Oncology	/data/Dutta_lab/decode/ukb_ppp/EUR/VAT1_Q99536_OID21382_v1_Oncology	17	43025123	43014605	43025123	-1	ENSG00000108828	1	unique_match	UKBB_EUR
OID21383	ALPP	P05187	v1	Oncology	/data/Dutta_lab/decode/ukb_ppp/EUR/ALPP_P05187_OID21383_v1_Oncology	2	232378534	232378534	232382889	1	ENSG00000163283	1	unique_match	UKBB_EUR
OID21384	MOG	Q16653	v1	Oncology	/data/Dutta_lab/decode/ukb_ppp/EUR/MOG_Q16653_OID21384_v1_Oncology	6	29656981	29656981	29672372	1	ENSG00000204655	1	unique_match	UKBB_EUR
OID21385	HMBS	P08397	v1	Oncology	/data/Dutta_lab/decode/ukb_ppp/EUR/HMBS_P08397_OID21385_v1_Oncology	11	119084866	119084866	119093549	1	ENSG00000256269	1	unique_match	UKBB_EUR
OID21386	CBLN4	Q9NTU7	v1	Oncology	/data/Dutta_lab/decode/ukb_ppp/EUR/CBLN4_Q9NTU7_OID21386_v1_Oncology	20	56005472	55997440	56005472	-1	ENSG00000054803	1	unique_match	UKBB_EUR
OID21387	CALCOCO1	Q9P1Z2	v1	Oncology	/data/Dutta_lab/decode/ukb_ppp/EUR/CALCOCO1_Q9P1Z2_OID21387_v1_Oncology	12	53727745	53708517	53727745	-1	ENSG00000012822	1	unique_match	UKBB_EUR
OID21388	NPY	P01303	v1	Oncology	/data/Dutta_lab/decode/ukb_ppp/EUR/NPY_P01303_OID21388_v1_Oncology	7	24284163	24284163	24291865	1	ENSG00000122585	1	unique_match	UKBB_EUR
OID21390	SIGLEC9	Q9Y336	v1	Oncology	/data/Dutta_lab/decode/ukb_ppp/EUR/SIGLEC9_Q9Y336_OID21390_v1_Oncology	19	51124908	51124908	51136651	1	ENSG00000129450	1	unique_match	UKBB_EUR
OID21391	KLK4	Q9Y5K2	v1	Oncology	/data/Dutta_lab/decode/ukb_ppp/EUR/KLK4_Q9Y5K2_OID21391_v1_Oncology	19	50910738	50906352	50910738	-1	ENSG00000167749	1	unique_match	UKBB_EUR
OID21392	CPE	P16870	v1	Oncology	/data/Dutta_lab/decode/ukb_ppp/EUR/CPE_P16870_OID21392_v1_Oncology	4	165361194	165361194	165498320	1	ENSG00000109472	1	unique_match	UKBB_EUR
OID21393	ITGB7	P26010	v1	Oncology	/data/Dutta_lab/decode/ukb_ppp/EUR/ITGB7_P26010_OID21393_v1_Oncology	12	53207307	53191318	53207307	-1	ENSG00000139626	1	unique_match	UKBB_EUR
OID21394	SIGLEC6	O43699	v1	Oncology	/data/Dutta_lab/decode/ukb_ppp/EUR/SIGLEC6_O43699_OID21394_v1_Oncology	19	51531856	51519525	51531856	-1	ENSG00000105492	1	unique_match	UKBB_EUR
OID21395	HAO1	Q9UJM8	v1	Oncology	/data/Dutta_lab/decode/ukb_ppp/EUR/HAO1_Q9UJM8_OID21395_v1_Oncology	20	7940474	7882981	7940474	-1	ENSG00000101323	1	unique_match	UKBB_EUR
OID21396	PDCD1	Q15116	v1	Oncology	/data/Dutta_lab/decode/ukb_ppp/EUR/PDCD1_Q15116_OID21396_v1_Oncology	2	241858908	241849881	241858908	-1	ENSG00000188389	1	unique_match	UKBB_EUR
OID21397	EPS8L2	Q9H6S3	v1	Oncology	/data/Dutta_lab/decode/ukb_ppp/EUR/EPS8L2_Q9H6S3_OID21397_v1_Oncology	11	694438	694438	727727	1	ENSG00000177106	1	unique_match	UKBB_EUR
OID21398	XCL1	P47992	v1	Oncology	/data/Dutta_lab/decode/ukb_ppp/EUR/XCL1_P47992_OID21398_v1_Oncology	1	168576473	168576473	168582077	1	ENSG00000143184	1	unique_match	UKBB_EUR
OID21399	DCTN1	Q14203	v1	Oncology	/data/Dutta_lab/decode/ukb_ppp/EUR/DCTN1_Q14203_OID21399_v1_Oncology	2	74392087	74361154	74392087	-1	ENSG00000204843	1	unique_match	UKBB_EUR
OID21400	SCG2	P13521	v1	Oncology	/data/Dutta_lab/decode/ukb_ppp/EUR/SCG2_P13521_OID21400_v1_Oncology	2	223602503	223596940	223602503	-1	ENSG00000171951	1	unique_match	UKBB_EUR
OID21401	CA14	Q9ULX7	v1	Oncology	/data/Dutta_lab/decode/ukb_ppp/EUR/CA14_Q9ULX7_OID21401_v1_Oncology	1	150257159	150257159	150265078	1	ENSG00000118298	1	unique_match	UKBB_EUR
OID21402	FGF21	Q9NSA1	v1	Oncology	/data/Dutta_lab/decode/ukb_ppp/EUR/FGF21_Q9NSA1_OID21402_v1_Oncology	19	48755559	48755559	48758330	1	ENSG00000105550	1	unique_match	UKBB_EUR
OID21403	TRIAP1	O43715	v1	Oncology	/data/Dutta_lab/decode/ukb_ppp/EUR/TRIAP1_O43715_OID21403_v1_Oncology	12	120446412	120443961	120446412	-1	ENSG00000170855	1	unique_match	UKBB_EUR
OID21404	PRDX6	P30041	v1	Oncology	/data/Dutta_lab/decode/ukb_ppp/EUR/PRDX6_P30041_OID21404_v1_Oncology	1	173477266	173477266	173488807	1	ENSG00000117592	1	unique_match	UKBB_EUR
OID21405	CTSV	O60911	v1	Oncology	/data/Dutta_lab/decode/ukb_ppp/EUR/CTSV_O60911_OID21405_v1_Oncology	9	97039643	97029679	97039643	-1	ENSG00000136943	1	unique_match	UKBB_EUR
OID21407	KLK14	Q9P0G3	v1	Oncology	/data/Dutta_lab/decode/ukb_ppp/EUR/KLK14_Q9P0G3_OID21407_v1_Oncology	19	51084245	51077495	51084245	-1	ENSG00000129437	1	unique_match	UKBB_EUR
OID21408	HSPB6	O14558	v1	Oncology	/data/Dutta_lab/decode/ukb_ppp/EUR/HSPB6_O14558_OID21408_v1_Oncology	19	35758079	35754568	35758079	-1	ENSG00000004776	1	unique_match	UKBB_EUR
OID21409	SLITRK2	Q9H156	v1	Oncology	/data/Dutta_lab/decode/ukb_ppp/EUR/SLITRK2_Q9H156_OID21409_v1_Oncology	23	145817832	145817832	145825842	1	ENSG00000185985	1	unique_match	UKBB_EUR
OID21410	DPY30	Q9C005	v1	Oncology	/data/Dutta_lab/decode/ukb_ppp/EUR/DPY30_Q9C005_OID21410_v1_Oncology	2	32039812	31867809	32039812	-1	ENSG00000162961	1	unique_match	UKBB_EUR
OID21411	FGF23	Q9GZV9	v1	Oncology	/data/Dutta_lab/decode/ukb_ppp/EUR/FGF23_Q9GZV9_OID21411_v1_Oncology	12	4379728	4368227	4379728	-1	ENSG00000118972	1	unique_match	UKBB_EUR
OID21412	ANGPTL7	O43827	v1	Oncology	/data/Dutta_lab/decode/ukb_ppp/EUR/ANGPTL7_O43827_OID21412_v1_Oncology	1	11189341	11189341	11195981	1	ENSG00000171819	1	unique_match	UKBB_EUR
OID21413	AMBP	P02760	v1	Oncology	/data/Dutta_lab/decode/ukb_ppp/EUR/AMBP_P02760_OID21413_v1_Oncology	9	114078472	114060127	114078472	-1	ENSG00000106927	1	unique_match	UKBB_EUR
OID21414	CASP8	Q14790	v1	Oncology	/data/Dutta_lab/decode/ukb_ppp/EUR/CASP8_Q14790_OID21414_v1_Oncology	2	201233443	201233443	201287711	1	ENSG00000064012	2	multi_match_first	UKBB_EUR
OID21415	RSPO3	Q9BXY4	v1	Oncology	/data/Dutta_lab/decode/ukb_ppp/EUR/RSPO3_Q9BXY4_OID21415_v1_Oncology	6	127118604	127118604	127197765	1	ENSG00000146374	1	unique_match	UKBB_EUR
OID21416	ITGAV	P06756	v1	Oncology	/data/Dutta_lab/decode/ukb_ppp/EUR/ITGAV_P06756_OID21416_v1_Oncology	2	186590065	186590065	186680901	1	ENSG00000138448	1	unique_match	UKBB_EUR
OID21417	CA9	Q16790	v1	Oncology	/data/Dutta_lab/decode/ukb_ppp/EUR/CA9_Q16790_OID21417_v1_Oncology	9	35673856	35673856	35681159	1	ENSG00000107159	1	unique_match	UKBB_EUR
OID21418	CD300E	Q496F6	v1	Oncology	/data/Dutta_lab/decode/ukb_ppp/EUR/CD300E_Q496F6_OID21418_v1_Oncology	17	74623738	74609887	74623738	-1	ENSG00000186407	1	unique_match	UKBB_EUR
OID21419	CLMP	Q9H6B4	v1	Oncology	/data/Dutta_lab/decode/ukb_ppp/EUR/CLMP_Q9H6B4_OID21419_v1_Oncology	11	123195281	123069865	123195281	-1	ENSG00000166250	1	unique_match	UKBB_EUR
OID21420	PVALB	P20472	v1	Oncology	/data/Dutta_lab/decode/ukb_ppp/EUR/PVALB_P20472_OID21420_v1_Oncology	22	36819479	36800684	36819479	-1	ENSG00000100362	1	unique_match	UKBB_EUR
OID21421	VWA1	Q6PCB0	v1	Oncology	/data/Dutta_lab/decode/ukb_ppp/EUR/VWA1_Q6PCB0_OID21421_v1_Oncology	1	1434861	1434861	1442882	1	ENSG00000179403	1	unique_match	UKBB_EUR
OID21422	HAVCR1	Q96D42	v1	Oncology	/data/Dutta_lab/decode/ukb_ppp/EUR/HAVCR1_Q96D42_OID21422_v1_Oncology	5	157059119	157029413	157059119	-1	ENSG00000113249	1	unique_match	UKBB_EUR
OID21423	GALNT2	Q10471	v1	Oncology	/data/Dutta_lab/decode/ukb_ppp/EUR/GALNT2_Q10471_OID21423_v1_Oncology	1	230057990	230057990	230282124	1	ENSG00000143641	1	unique_match	UKBB_EUR
OID21424	RTN4R	Q9BZR6	v1	Oncology	/data/Dutta_lab/decode/ukb_ppp/EUR/RTN4R_Q9BZR6_OID21424_v1_Oncology	22	20283246	20241415	20283246	-1	ENSG00000040608	1	unique_match	UKBB_EUR
OID21425	SCLY	Q96I15	v1	Oncology	/data/Dutta_lab/decode/ukb_ppp/EUR/SCLY_Q96I15_OID21425_v1_Oncology	2	238060889	238060889	238099413	1	ENSG00000132330	1	unique_match	UKBB_EUR
OID21426	CNTN2	Q02246	v1	Oncology	/data/Dutta_lab/decode/ukb_ppp/EUR/CNTN2_Q02246_OID21426_v1_Oncology	1	205042937	205042937	205078499	1	ENSG00000184144	1	unique_match	UKBB_EUR
OID21427	CRNN	Q9UBG3	v1	Oncology	/data/Dutta_lab/decode/ukb_ppp/EUR/CRNN_Q9UBG3_OID21427_v1_Oncology	1	152414263	152409243	152414263	-1	ENSG00000143536	1	unique_match	UKBB_EUR
OID21428	DAB2	P98082	v1	Oncology	/data/Dutta_lab/decode/ukb_ppp/EUR/DAB2_P98082_OID21428_v1_Oncology	5	39462300	39371675	39462300	-1	ENSG00000153071	1	unique_match	UKBB_EUR
OID21429	LRIG1	Q96JA1	v1	Oncology	/data/Dutta_lab/decode/ukb_ppp/EUR/LRIG1_Q96JA1_OID21429_v1_Oncology	3	66501263	66378797	66501263	-1	ENSG00000144749	1	unique_match	UKBB_EUR
OID21430	CXCL8	P10145	v1	Oncology	/data/Dutta_lab/decode/ukb_ppp/EUR/CXCL8_P10145_OID21430_v1_Oncology	4	73740506	73740506	73743716	1	ENSG00000169429	1	unique_match	UKBB_EUR
OID21431	CAPG	P40121	v1	Oncology	/data/Dutta_lab/decode/ukb_ppp/EUR/CAPG_P40121_OID21431_v1_Oncology	2	85418432	85394748	85418432	-1	ENSG00000042493	1	unique_match	UKBB_EUR
OID21432	ACP6	Q9NPH0	v1	Oncology	/data/Dutta_lab/decode/ukb_ppp/EUR/ACP6_Q9NPH0_OID21432_v1_Oncology	1	147670496	147629652	147670496	-1	ENSG00000162836	1	unique_match	UKBB_EUR
OID21433	HBQ1	P09105	v1	Oncology	/data/Dutta_lab/decode/ukb_ppp/EUR/HBQ1_P09105_OID21433_v1_Oncology	16	180453	180453	181181	1	ENSG00000086506	1	unique_match	UKBB_EUR
OID21434	APEX1	P27695	v1	Oncology	/data/Dutta_lab/decode/ukb_ppp/EUR/APEX1_P27695_OID21434_v1_Oncology	14	20455191	20455191	20457772	1	ENSG00000100823	1	unique_match	UKBB_EUR
OID21435	CPVL	Q9H3G5	v1	Oncology	/data/Dutta_lab/decode/ukb_ppp/EUR/CPVL_Q9H3G5_OID21435_v1_Oncology	7	29195451	28995231	29195451	-1	ENSG00000106066	1	unique_match	UKBB_EUR
OID21436	RILP	Q96NA2	v1	Oncology	/data/Dutta_lab/decode/ukb_ppp/EUR/RILP_Q96NA2_OID21436_v1_Oncology	17	1650077	1646145	1650077	-1	ENSG00000167705	1	unique_match	UKBB_EUR
OID21437	METAP2	P50579	v1	Oncology	/data/Dutta_lab/decode/ukb_ppp/EUR/METAP2_P50579_OID21437_v1_Oncology	12	95473520	95473520	95515839	1	ENSG00000111142	1	unique_match	UKBB_EUR
OID21438	GPC1	P35052	v1	Oncology	/data/Dutta_lab/decode/ukb_ppp/EUR/GPC1_P35052_OID21438_v1_Oncology	2	240435671	240435671	240468078	1	ENSG00000063660	1	unique_match	UKBB_EUR
OID21439	MMP12	P39900	v1	Oncology	/data/Dutta_lab/decode/ukb_ppp/EUR/MMP12_P39900_OID21439_v1_Oncology	11	102875034	102862736	102875034	-1	ENSG00000262406	1	unique_match	UKBB_EUR
OID21440	F3	P13726	v1	Oncology	/data/Dutta_lab/decode/ukb_ppp/EUR/F3_P13726_OID21440_v1_Oncology	1	94541800	94529225	94541800	-1	ENSG00000117525	1	unique_match	UKBB_EUR
OID21441	HS6ST1	O60243	v1	Oncology	/data/Dutta_lab/decode/ukb_ppp/EUR/HS6ST1_O60243_OID21441_v1_Oncology	2	128318577	128236716	128318577	-1	ENSG00000136720	1	unique_match	UKBB_EUR
OID21442	FXN	Q16595	v1	Oncology	/data/Dutta_lab/decode/ukb_ppp/EUR/FXN_Q16595_OID21442_v1_Oncology	9	69035259	69035259	69100178	1	ENSG00000165060	1	unique_match	UKBB_EUR
OID21443	PRTG	Q2VWP7	v1	Oncology	/data/Dutta_lab/decode/ukb_ppp/EUR/PRTG_Q2VWP7_OID21443_v1_Oncology	15	55743090	55611546	55743090	-1	ENSG00000166450	1	unique_match	UKBB_EUR
OID21444	CCN4	O95388	v1	Oncology	/data/Dutta_lab/decode/ukb_ppp/EUR/CCN4_O95388_OID21444_v1_Oncology							0	missing	UKBB_EUR
OID21445	ARG1	P05089	v1	Oncology	/data/Dutta_lab/decode/ukb_ppp/EUR/ARG1_P05089_OID21445_v1_Oncology	6	131573144	131573144	131584332	1	ENSG00000118520	1	unique_match	UKBB_EUR
OID21446	TNFRSF19	Q9NS68	v1	Oncology	/data/Dutta_lab/decode/ukb_ppp/EUR/TNFRSF19_Q9NS68_OID21446_v1_Oncology	13	23570370	23570370	23676104	1	ENSG00000127863	1	unique_match	UKBB_EUR
OID21447	TACSTD2	P09758	v1	Oncology	/data/Dutta_lab/decode/ukb_ppp/EUR/TACSTD2_P09758_OID21447_v1_Oncology	1	58577773	58575423	58577773	-1	ENSG00000184292	1	unique_match	UKBB_EUR
OID21448	NUCB2	P80303	v1	Oncology	/data/Dutta_lab/decode/ukb_ppp/EUR/NUCB2_P80303_OID21448_v1_Oncology	11	17208153	17208153	17349974	1	ENSG00000070081	1	unique_match	UKBB_EUR
OID21449	CD5	P06127	v1	Oncology	/data/Dutta_lab/decode/ukb_ppp/EUR/CD5_P06127_OID21449_v1_Oncology	11	61102395	61102395	61127852	1	ENSG00000110448	1	unique_match	UKBB_EUR
OID21450	SPINK6	Q6UWN8	v1	Oncology	/data/Dutta_lab/decode/ukb_ppp/EUR/SPINK6_Q6UWN8_OID21450_v1_Oncology	5	148202794	148202794	148215137	1	ENSG00000178172	1	unique_match	UKBB_EUR
OID21451	EDA2R	Q9HAV5	v1	Oncology	/data/Dutta_lab/decode/ukb_ppp/EUR/EDA2R_Q9HAV5_OID21451_v1_Oncology	23	66639298	66595637	66639298	-1	ENSG00000131080	1	unique_match	UKBB_EUR
OID21452	LTA4H	P09960	v1	Oncology	/data/Dutta_lab/decode/ukb_ppp/EUR/LTA4H_P09960_OID21452_v1_Oncology	12	96043520	96000828	96043520	-1	ENSG00000111144	1	unique_match	UKBB_EUR
OID21453	SORD	Q00796	v1	Oncology	/data/Dutta_lab/decode/ukb_ppp/EUR/SORD_Q00796_OID21453_v1_Oncology	15	45023104	45023104	45077185	1	ENSG00000140263	1	unique_match	UKBB_EUR
OID21454	LEFTY2	O00292	v1	Oncology	/data/Dutta_lab/decode/ukb_ppp/EUR/LEFTY2_O00292_OID21454_v1_Oncology	1	225941489	225936598	225941489	-1	ENSG00000143768	1	unique_match	UKBB_EUR
OID21455	HDGF	P51858	v1	Oncology	/data/Dutta_lab/decode/ukb_ppp/EUR/HDGF_P51858_OID21455_v1_Oncology	1	156766925	156742107	156766925	-1	ENSG00000143321	1	unique_match	UKBB_EUR
OID21456	CRISP2	P16562	v1	Oncology	/data/Dutta_lab/decode/ukb_ppp/EUR/CRISP2_P16562_OID21456_v1_Oncology	6	49713590	49692358	49713590	-1	ENSG00000124490	1	unique_match	UKBB_EUR
OID21457	GFRA1	P56159	v1	Oncology	/data/Dutta_lab/decode/ukb_ppp/EUR/GFRA1_P56159_OID21457_v1_Oncology	10	116273467	116056925	116273467	-1	ENSG00000151892	1	unique_match	UKBB_EUR
OID21458	NCS1	P62166	v1	Oncology	/data/Dutta_lab/decode/ukb_ppp/EUR/NCS1_P62166_OID21458_v1_Oncology	9	130172578	130172578	130237304	1	ENSG00000107130	1	unique_match	UKBB_EUR
OID21459	HAGH	Q16775	v1	Oncology	/data/Dutta_lab/decode/ukb_ppp/EUR/HAGH_Q16775_OID21459_v1_Oncology	16	1827194	1795620	1827194	-1	ENSG00000063854	1	unique_match	UKBB_EUR
OID21460	DSG3	P32926	v1	Oncology	/data/Dutta_lab/decode/ukb_ppp/EUR/DSG3_P32926_OID21460_v1_Oncology	18	31447795	31447795	31478702	1	ENSG00000134757	1	unique_match	UKBB_EUR
OID21461	SMOC1	Q9H4F8	v1	Oncology	/data/Dutta_lab/decode/ukb_ppp/EUR/SMOC1_Q9H4F8_OID21461_v1_Oncology	14	69854131	69854131	70032366	1	ENSG00000198732	1	unique_match	UKBB_EUR
OID21462	WFDC12	Q8WWY7	v1	Oncology	/data/Dutta_lab/decode/ukb_ppp/EUR/WFDC12_Q8WWY7_OID21462_v1_Oncology	20	45124465	45123425	45124465	-1	ENSG00000168703	1	unique_match	UKBB_EUR
OID21463	ANGPT2	O15123	v1	Oncology	/data/Dutta_lab/decode/ukb_ppp/EUR/ANGPT2_O15123_OID21463_v1_Oncology	8	6563409	6499651	6563409	-1	ENSG00000091879	1	unique_match	UKBB_EUR
OID21464	WIF1	Q9Y5W5	v1	Oncology	/data/Dutta_lab/decode/ukb_ppp/EUR/WIF1_Q9Y5W5_OID21464_v1_Oncology	12	65121566	65050626	65121566	-1	ENSG00000156076	1	unique_match	UKBB_EUR
OID21465	HBEGF	Q99075	v1	Oncology	/data/Dutta_lab/decode/ukb_ppp/EUR/HBEGF_Q99075_OID21465_v1_Oncology	5	140346631	140332843	140346631	-1	ENSG00000113070	1	unique_match	UKBB_EUR
OID21466	CCL8	P80075	v1	Oncology	/data/Dutta_lab/decode/ukb_ppp/EUR/CCL8_P80075_OID21466_v1_Oncology	17	34319036	34319036	34321402	1	ENSG00000108700	1	unique_match	UKBB_EUR
OID21467	ADM	P35318	v1	Oncology	/data/Dutta_lab/decode/ukb_ppp/EUR/ADM_P35318_OID21467_v1_Oncology	11	10304680	10304680	10307397	1	ENSG00000148926	1	unique_match	UKBB_EUR
OID21468	IDUA	P35475	v1	Oncology	/data/Dutta_lab/decode/ukb_ppp/EUR/IDUA_P35475_OID21468_v1_Oncology	4	986997	986997	1004506	1	ENSG00000127415	1	unique_match	UKBB_EUR
OID21469	CD300LF	Q8TDQ1	v1	Oncology	/data/Dutta_lab/decode/ukb_ppp/EUR/CD300LF_Q8TDQ1_OID21469_v1_Oncology	17	74712978	74694311	74712978	-1	ENSG00000186074	1	unique_match	UKBB_EUR
OID21470	CDC37	Q16543	v1	Oncology	/data/Dutta_lab/decode/ukb_ppp/EUR/CDC37_Q16543_OID21470_v1_Oncology	19	10420121	10391134	10420121	-1	ENSG00000105401	1	unique_match	UKBB_EUR
OID21471	HTRA2	O43464	v1	Oncology	/data/Dutta_lab/decode/ukb_ppp/EUR/HTRA2_O43464_OID21471_v1_Oncology	2	74529377	74529377	74533348	1	ENSG00000115317	1	unique_match	UKBB_EUR
OID21472	CD33	P20138	v1	Oncology	/data/Dutta_lab/decode/ukb_ppp/EUR/CD33_P20138_OID21472_v1_Oncology	19	51225064	51225064	51243860	1	ENSG00000105383	1	unique_match	UKBB_EUR
OID21473	PLA2G15	Q8NCC3	v1	Oncology	/data/Dutta_lab/decode/ukb_ppp/EUR/PLA2G15_Q8NCC3_OID21473_v1_Oncology	16	68245304	68245304	68261062	1	ENSG00000103066	1	unique_match	UKBB_EUR
OID21474	DCBLD2	Q96PD2	v1	Oncology	/data/Dutta_lab/decode/ukb_ppp/EUR/DCBLD2_Q96PD2_OID21474_v1_Oncology	3	98901689	98795941	98901689	-1	ENSG00000057019	1	unique_match	UKBB_EUR
OID21475	PPP1R12A	O14974	v1	Oncology	/data/Dutta_lab/decode/ukb_ppp/EUR/PPP1R12A_O14974_OID21475_v1_Oncology	12	79935460	79773563	79935460	-1	ENSG00000058272	1	unique_match	UKBB_EUR
OID21476	ATOX1	O00244	v1	Oncology	/data/Dutta_lab/decode/ukb_ppp/EUR/ATOX1_O00244_OID21476_v1_Oncology	5	151772532	151742316	151772532	-1	ENSG00000177556	1	unique_match	UKBB_EUR
OID21477	TJAP1	Q5JTD0	v1	Oncology	/data/Dutta_lab/decode/ukb_ppp/EUR/TJAP1_Q5JTD0_OID21477_v1_Oncology	6	43477523	43477523	43506556	1	ENSG00000137221	1	unique_match	UKBB_EUR
OID21478	FGFR2	P21802	v1	Oncology	/data/Dutta_lab/decode/ukb_ppp/EUR/FGFR2_P21802_OID21478_v1_Oncology	10	121598458	121478334	121598458	-1	ENSG00000066468	1	unique_match	UKBB_EUR
OID21479	CPXM1	Q96SM3	v1	Oncology	/data/Dutta_lab/decode/ukb_ppp/EUR/CPXM1_Q96SM3_OID21479_v1_Oncology	20	2800637	2794069	2800637	-1	ENSG00000088882	1	unique_match	UKBB_EUR
OID21480	DCXR	Q7Z4W1	v1	Oncology	/data/Dutta_lab/decode/ukb_ppp/EUR/DCXR_Q7Z4W1_OID21480_v1_Oncology	17	82037732	82035136	82037732	-1	ENSG00000169738	1	unique_match	UKBB_EUR
OID21481	C4BPB	P20851	v1	Oncology	/data/Dutta_lab/decode/ukb_ppp/EUR/C4BPB_P20851_OID21481_v1_Oncology	1	207088842	207088842	207099993	1	ENSG00000123843	1	unique_match	UKBB_EUR
OID21482	TNFRSF12A	Q9NP84	v1	Oncology	/data/Dutta_lab/decode/ukb_ppp/EUR/TNFRSF12A_Q9NP84_OID21482_v1_Oncology	16	3018445	3018445	3022383	1	ENSG00000006327	1	unique_match	UKBB_EUR
OID21483	CD1C	P29017	v1	Oncology	/data/Dutta_lab/decode/ukb_ppp/EUR/CD1C_P29017_OID21483_v1_Oncology	1	158289786	158289786	158293630	1	ENSG00000158481	1	unique_match	UKBB_EUR
OID21484	L1CAM	P32004	v1	Oncology	/data/Dutta_lab/decode/ukb_ppp/EUR/L1CAM_P32004_OID21484_v1_Oncology	23	153909223	153861514	153909223	-1	ENSG00000198910	1	unique_match	UKBB_EUR
OID21485	FOLR3	P41439	v1	Oncology	/data/Dutta_lab/decode/ukb_ppp/EUR/FOLR3_P41439_OID21485_v1_Oncology	11	72114869	72114869	72139892	1	ENSG00000110203	1	unique_match	UKBB_EUR
OID21486	NBL1	P41271	v1	Oncology	/data/Dutta_lab/decode/ukb_ppp/EUR/NBL1_P41271_OID21486_v1_Oncology	1	19640554	19640554	19658456	1	ENSG00000158747	1	unique_match	UKBB_EUR
OID21487	PODXL2	Q9NZ53	v1	Oncology	/data/Dutta_lab/decode/ukb_ppp/EUR/PODXL2_Q9NZ53_OID21487_v1_Oncology	3	127629181	127629181	127672809	1	ENSG00000114631	1	unique_match	UKBB_EUR
OID21488	SEZ6L	Q9BYH1	v1	Oncology	/data/Dutta_lab/decode/ukb_ppp/EUR/SEZ6L_Q9BYH1_OID21488_v1_Oncology	22	26169474	26169474	26383597	1	ENSG00000100095	1	unique_match	UKBB_EUR
OID21489	MDK	P21741	v1	Oncology	/data/Dutta_lab/decode/ukb_ppp/EUR/MDK_P21741_OID21489_v1_Oncology	11	46380756	46380756	46383837	1	ENSG00000110492	1	unique_match	UKBB_EUR
OID21490	NECTIN4	Q96NY8	v1	Oncology	/data/Dutta_lab/decode/ukb_ppp/EUR/NECTIN4_Q96NY8_OID21490_v1_Oncology	1	161089599	161070995	161089599	-1	ENSG00000143217	1	unique_match	UKBB_EUR
OID21491	FLT4	P35916	v1	Oncology	/data/Dutta_lab/decode/ukb_ppp/EUR/FLT4_P35916_OID21491_v1_Oncology	5	180649624	180601506	180649624	-1	ENSG00000037280	1	unique_match	UKBB_EUR
OID21492	MANSC1	Q9H8J5	v1	Oncology	/data/Dutta_lab/decode/ukb_ppp/EUR/MANSC1_Q9H8J5_OID21492_v1_Oncology	12	12350541	12326056	12350541	-1	ENSG00000111261	1	unique_match	UKBB_EUR
OID21493	TGFBR2	P37173	v1	Oncology	/data/Dutta_lab/decode/ukb_ppp/EUR/TGFBR2_P37173_OID21493_v1_Oncology	3	30606502	30606502	30694142	1	ENSG00000163513	2	multi_match_first	UKBB_EUR
OID21494	NELL1	Q92832	v1	Oncology	/data/Dutta_lab/decode/ukb_ppp/EUR/NELL1_Q92832_OID21494_v1_Oncology	11	20669551	20669551	21575681	1	ENSG00000165973	1	unique_match	UKBB_EUR
OID21495	TXNDC15	Q96J42	v1	Oncology	/data/Dutta_lab/decode/ukb_ppp/EUR/TXNDC15_Q96J42_OID21495_v1_Oncology	5	134873803	134873803	134901525	1	ENSG00000113621	1	unique_match	UKBB_EUR
OID21496	TEK	Q02763	v1	Oncology	/data/Dutta_lab/decode/ukb_ppp/EUR/TEK_Q02763_OID21496_v1_Oncology	9	27109141	27109141	27230175	1	ENSG00000120156	1	unique_match	UKBB_EUR
OID21497	KDR	P35968	v1	Oncology	/data/Dutta_lab/decode/ukb_ppp/EUR/KDR_P35968_OID21497_v1_Oncology	4	55125589	55078477	55125589	-1	ENSG00000128052	1	unique_match	UKBB_EUR
OID21498	NT5E	P21589	v1	Oncology	/data/Dutta_lab/decode/ukb_ppp/EUR/NT5E_P21589_OID21498_v1_Oncology	6	85449584	85449584	85495791	1	ENSG00000135318	1	unique_match	UKBB_EUR
OID21499	KLK1	P06870	v1	Oncology	/data/Dutta_lab/decode/ukb_ppp/EUR/KLK1_P06870_OID21499_v1_Oncology	19	50823787	50819148	50823787	-1	ENSG00000167748	1	unique_match	UKBB_EUR
OID21500	CTSF	Q9UBX1	v1	Oncology	/data/Dutta_lab/decode/ukb_ppp/EUR/CTSF_Q9UBX1_OID21500_v1_Oncology	11	66568841	66563463	66568841	-1	ENSG00000174080	1	unique_match	UKBB_EUR
OID21501	CIAPIN1	Q6FI81	v1	Oncology	/data/Dutta_lab/decode/ukb_ppp/EUR/CIAPIN1_Q6FI81_OID21501_v1_Oncology	16	57447528	57428169	57447528	-1	ENSG00000005194	1	unique_match	UKBB_EUR
OID21502	ADAMTS8	Q9UP79	v1	Oncology	/data/Dutta_lab/decode/ukb_ppp/EUR/ADAMTS8_Q9UP79_OID21502_v1_Oncology	11	130428993	130404925	130428993	-1	ENSG00000134917	1	unique_match	UKBB_EUR
OID21503	SIAE	Q9HAT2	v1	Oncology	/data/Dutta_lab/decode/ukb_ppp/EUR/SIAE_Q9HAT2_OID21503_v1_Oncology	11	124695707	124633113	124695707	-1	ENSG00000110013	1	unique_match	UKBB_EUR
OID21504	IL13RA1	P78552	v1	Oncology	/data/Dutta_lab/decode/ukb_ppp/EUR/IL13RA1_P78552_OID21504_v1_Oncology	23	118727572	118727572	118794539	1	ENSG00000131724	1	unique_match	UKBB_EUR
OID21505	WFDC2	Q14508	v1	Oncology	/data/Dutta_lab/decode/ukb_ppp/EUR/WFDC2_Q14508_OID21505_v1_Oncology	20	45469706	45469706	45481532	1	ENSG00000101443	1	unique_match	UKBB_EUR
OID21506	SNAP29	O95721	v1	Oncology	/data/Dutta_lab/decode/ukb_ppp/EUR/SNAP29_O95721_OID21506_v1_Oncology	22	20858983	20858983	20891218	1	ENSG00000099940	1	unique_match	UKBB_EUR
OID21507	FGFBP1	Q14512	v1	Oncology	/data/Dutta_lab/decode/ukb_ppp/EUR/FGFBP1_Q14512_OID21507_v1_Oncology	4	15938740	15935569	15938740	-1	ENSG00000137440	1	unique_match	UKBB_EUR
OID21508	XPNPEP2	O43895	v1	Oncology	/data/Dutta_lab/decode/ukb_ppp/EUR/XPNPEP2_O43895_OID21508_v1_Oncology	23	129738974	129738974	129769538	1	ENSG00000122121	1	unique_match	UKBB_EUR
OID21509	P4HB	P07237	v1	Oncology	/data/Dutta_lab/decode/ukb_ppp/EUR/P4HB_P07237_OID21509_v1_Oncology	17	81860694	81843159	81860694	-1	ENSG00000185624	1	unique_match	UKBB_EUR
OID21510	ERBB4	Q15303	v1	Oncology	/data/Dutta_lab/decode/ukb_ppp/EUR/ERBB4_Q15303_OID21510_v1_Oncology	2	212538841	211375717	212538841	-1	ENSG00000178568	1	unique_match	UKBB_EUR
OID21511	SPARC	P09486	v1	Oncology	/data/Dutta_lab/decode/ukb_ppp/EUR/SPARC_P09486_OID21511_v1_Oncology	5	151687165	151661096	151687165	-1	ENSG00000113140	1	unique_match	UKBB_EUR
OID21512	TFPI2	P48307	v1	Oncology	/data/Dutta_lab/decode/ukb_ppp/EUR/TFPI2_P48307_OID21512_v1_Oncology	7	93890991	93885397	93890991	-1	ENSG00000105825	1	unique_match	UKBB_EUR
OID21513	MSRA	Q9UJ68	v1	Oncology	/data/Dutta_lab/decode/ukb_ppp/EUR/MSRA_Q9UJ68_OID21513_v1_Oncology	8	10054268	10054268	10428891	1	ENSG00000175806	1	unique_match	UKBB_EUR
OID21514	FURIN	P09958	v1	Oncology	/data/Dutta_lab/decode/ukb_ppp/EUR/FURIN_P09958_OID21514_v1_Oncology	15	90868592	90868592	90883458	1	ENSG00000140564	1	unique_match	UKBB_EUR
OID21515	CREG1	O75629	v1	Oncology	/data/Dutta_lab/decode/ukb_ppp/EUR/CREG1_O75629_OID21515_v1_Oncology	1	167553767	167529677	167553767	-1	ENSG00000143162	1	unique_match	UKBB_EUR
OID21516	PPY	P01298	v1	Oncology	/data/Dutta_lab/decode/ukb_ppp/EUR/PPY_P01298_OID21516_v1_Oncology	17	43942468	43940804	43942468	-1	ENSG00000108849	1	unique_match	UKBB_EUR
OID21517	KLK8	O60259	v1	Oncology	/data/Dutta_lab/decode/ukb_ppp/EUR/KLK8_O60259_OID21517_v1_Oncology	19	51002711	50996007	51002711	-1	ENSG00000129455	1	unique_match	UKBB_EUR
OID21518	KLK11	Q9UBX7	v1	Oncology	/data/Dutta_lab/decode/ukb_ppp/EUR/KLK11_Q9UBX7_OID21518_v1_Oncology	19	51028039	51022216	51028039	-1	ENSG00000167757	1	unique_match	UKBB_EUR
OID21519	S100A4	P26447	v1	Oncology	/data/Dutta_lab/decode/ukb_ppp/EUR/S100A4_P26447_OID21519_v1_Oncology	1	153550136	153543613	153550136	-1	ENSG00000196154	1	unique_match	UKBB_EUR
OID21520	ERBB2	P04626	v1	Oncology	/data/Dutta_lab/decode/ukb_ppp/EUR/ERBB2_P04626_OID21520_v1_Oncology	17	39687914	39687914	39730426	1	ENSG00000141736	2	multi_match_first	UKBB_EUR
OID21521	SRC	P12931	v1	Oncology	/data/Dutta_lab/decode/ukb_ppp/EUR/SRC_P12931_OID21521_v1_Oncology	20	37344685	37344685	37406050	1	ENSG00000197122	2	multi_match_first	UKBB_EUR
OID21522	ITGB5	P18084	v1	Oncology	/data/Dutta_lab/decode/ukb_ppp/EUR/ITGB5_P18084_OID21522_v1_Oncology	3	124901418	124761948	124901418	-1	ENSG00000082781	1	unique_match	UKBB_EUR
OID21523	KLK10	O43240	v1	Oncology	/data/Dutta_lab/decode/ukb_ppp/EUR/KLK10_O43240_OID21523_v1_Oncology	19	51020175	51012739	51020175	-1	ENSG00000129451	1	unique_match	UKBB_EUR
OID21524	VEGFC	P49767	v1	Oncology	/data/Dutta_lab/decode/ukb_ppp/EUR/VEGFC_P49767_OID21524_v1_Oncology	4	176792727	176683538	176792727	-1	ENSG00000150630	1	unique_match	UKBB_EUR
OID21525	DLL1	O00548	v1	Oncology	/data/Dutta_lab/decode/ukb_ppp/EUR/DLL1_O00548_OID21525_v1_Oncology	6	170306565	170282206	170306565	-1	ENSG00000198719	1	unique_match	UKBB_EUR
OID21526	KLK6	Q92876	v1	Oncology	/data/Dutta_lab/decode/ukb_ppp/EUR/KLK6_Q92876_OID21526_v1_Oncology	19	50969673	50958631	50969673	-1	ENSG00000167755	1	unique_match	UKBB_EUR
OID21527	CD27	P26842	v1	Oncology	/data/Dutta_lab/decode/ukb_ppp/EUR/CD27_P26842_OID21527_v1_Oncology	12	6444867	6444867	6451718	1	ENSG00000139193	2	multi_match_first	UKBB_EUR
OID21528	CEACAM1	P13688	v1	Oncology	/data/Dutta_lab/decode/ukb_ppp/EUR/CEACAM1_P13688_OID21528_v1_Oncology	19	42561234	42507304	42561234	-1	ENSG00000079385	1	unique_match	UKBB_EUR
OID21529	FOLR1	P15328	v1	Oncology	/data/Dutta_lab/decode/ukb_ppp/EUR/FOLR1_P15328_OID21529_v1_Oncology	11	72189558	72189558	72196301	1	ENSG00000110195	1	unique_match	UKBB_EUR
OID21530	LYPD3	O95274	v1	Oncology	/data/Dutta_lab/decode/ukb_ppp/EUR/LYPD3_O95274_OID21530_v1_Oncology	19	43465660	43460787	43465660	-1	ENSG00000124466	1	unique_match	UKBB_EUR
OID21531	MIA	Q16674	v1	Oncology	/data/Dutta_lab/decode/ukb_ppp/EUR/MIA_Q16674_OID21531_v1_Oncology	19	40771648	40771648	40777490	1	ENSG00000261857	1	unique_match	UKBB_EUR
OID30049	RTKN2	Q8IZC4	v1	Cardiometabolic_II	/data/Dutta_lab/decode/ukb_ppp/EUR/RTKN2_Q8IZC4_OID30049_v1_Cardiometabolic_II	10	62268707	62183035	62268707	-1	ENSG00000182010	1	unique_match	UKBB_EUR
OID30050	DENND2B	P78524	v1	Cardiometabolic_II	/data/Dutta_lab/decode/ukb_ppp/EUR/DENND2B_P78524_OID30050_v1_Cardiometabolic_II							0	missing	UKBB_EUR
OID30051	BHMT2	Q9H2M3	v1	Cardiometabolic_II	/data/Dutta_lab/decode/ukb_ppp/EUR/BHMT2_Q9H2M3_OID30051_v1_Cardiometabolic_II	5	79069717	79069717	79089466	1	ENSG00000132840	1	unique_match	UKBB_EUR
OID30052	SNU13	P55769	v1	Cardiometabolic_II	/data/Dutta_lab/decode/ukb_ppp/EUR/SNU13_P55769_OID30052_v1_Cardiometabolic_II	22	41690504	41673930	41690504	-1	ENSG00000100138	1	unique_match	UKBB_EUR
OID30053	THRAP3	Q9Y2W1	v1	Cardiometabolic_II	/data/Dutta_lab/decode/ukb_ppp/EUR/THRAP3_Q9Y2W1_OID30053_v1_Cardiometabolic_II	1	36224416	36224416	36305357	1	ENSG00000054118	1	unique_match	UKBB_EUR
OID30054	TRAF3IP2	O43734	v1	Cardiometabolic_II	/data/Dutta_lab/decode/ukb_ppp/EUR/TRAF3IP2_O43734_OID30054_v1_Cardiometabolic_II	6	111606278	111556454	111606278	-1	ENSG00000056972	1	unique_match	UKBB_EUR
OID30055	NOP56	O00567	v1	Cardiometabolic_II	/data/Dutta_lab/decode/ukb_ppp/EUR/NOP56_O00567_OID30055_v1_Cardiometabolic_II	20	2652145	2652145	2658393	1	ENSG00000101361	1	unique_match	UKBB_EUR
OID30056	SKIV2L	Q15477	v1	Cardiometabolic_II	/data/Dutta_lab/decode/ukb_ppp/EUR/SKIV2L_Q15477_OID30056_v1_Cardiometabolic_II	6	31959080	31959080	31969755	1	ENSG00000204351	1	unique_match	UKBB_EUR
OID30057	LAMA1	P25391	v1	Cardiometabolic_II	/data/Dutta_lab/decode/ukb_ppp/EUR/LAMA1_P25391_OID30057_v1_Cardiometabolic_II	18	7117814	6941744	7117814	-1	ENSG00000101680	1	unique_match	UKBB_EUR
OID30058	TPM3	P06753	v1	Cardiometabolic_II	/data/Dutta_lab/decode/ukb_ppp/EUR/TPM3_P06753_OID30058_v1_Cardiometabolic_II	1	154194648	154155304	154194648	-1	ENSG00000143549	1	unique_match	UKBB_EUR
OID30059	GCLM	P48507	v1	Cardiometabolic_II	/data/Dutta_lab/decode/ukb_ppp/EUR/GCLM_P48507_OID30059_v1_Cardiometabolic_II	1	93909456	93885205	93909456	-1	ENSG00000023909	1	unique_match	UKBB_EUR
OID30060	EIF2AK3	Q9NZJ5	v1	Cardiometabolic_II	/data/Dutta_lab/decode/ukb_ppp/EUR/EIF2AK3_Q9NZJ5_OID30060_v1_Cardiometabolic_II	2	88627576	88556741	88627576	-1	ENSG00000172071	1	unique_match	UKBB_EUR
OID30061	MYH4	Q9Y623	v1	Cardiometabolic_II	/data/Dutta_lab/decode/ukb_ppp/EUR/MYH4_Q9Y623_OID30061_v1_Cardiometabolic_II	17	10469559	10443290	10469559	-1	ENSG00000264424	1	unique_match	UKBB_EUR
OID30062	ATP2B4	P23634	v1	Cardiometabolic_II	/data/Dutta_lab/decode/ukb_ppp/EUR/ATP2B4_P23634_OID30062_v1_Cardiometabolic_II	1	203626561	203626561	203744081	1	ENSG00000058668	1	unique_match	UKBB_EUR
OID30063	CASQ2	O14958	v1	Cardiometabolic_II	/data/Dutta_lab/decode/ukb_ppp/EUR/CASQ2_O14958_OID30063_v1_Cardiometabolic_II	1	115768805	115700003	115768805	-1	LRG_404	2	multi_match_first	UKBB_EUR
OID30064	CACNA1H	O95180	v1	Cardiometabolic_II	/data/Dutta_lab/decode/ukb_ppp/EUR/CACNA1H_O95180_OID30064_v1_Cardiometabolic_II	16	1153121	1153121	1221772	1	ENSG00000196557	1	unique_match	UKBB_EUR
OID30065	ATP1B3	P54709	v1	Cardiometabolic_II	/data/Dutta_lab/decode/ukb_ppp/EUR/ATP1B3_P54709_OID30065_v1_Cardiometabolic_II	3	141876124	141876124	141926514	1	ENSG00000069849	1	unique_match	UKBB_EUR
OID30066	MED21	Q13503	v1	Cardiometabolic_II	/data/Dutta_lab/decode/ukb_ppp/EUR/MED21_Q13503_OID30066_v1_Cardiometabolic_II	12	27022546	27022546	27066343	1	ENSG00000152944	1	unique_match	UKBB_EUR
OID30067	ADRA2A	P08913	v1	Cardiometabolic_II	/data/Dutta_lab/decode/ukb_ppp/EUR/ADRA2A_P08913_OID30067_v1_Cardiometabolic_II	10	111077163	111077163	111080907	1	ENSG00000150594	1	unique_match	UKBB_EUR
OID30068	TMED10	P49755	v1	Cardiometabolic_II	/data/Dutta_lab/decode/ukb_ppp/EUR/TMED10_P49755_OID30068_v1_Cardiometabolic_II	14	75176631	75131470	75176631	-1	ENSG00000170348	1	unique_match	UKBB_EUR
OID30069	RAB39B	Q96DA2	v1	Cardiometabolic_II	/data/Dutta_lab/decode/ukb_ppp/EUR/RAB39B_Q96DA2_OID30069_v1_Cardiometabolic_II	23	155264589	155258241	155264589	-1	ENSG00000155961	1	unique_match	UKBB_EUR
OID30070	RPS10	P46783	v1	Cardiometabolic_II	/data/Dutta_lab/decode/ukb_ppp/EUR/RPS10_P46783_OID30070_v1_Cardiometabolic_II	6	34426125	34417454	34426125	-1	ENSG00000124614	1	unique_match	UKBB_EUR
OID30071	HIP1	O00291	v1	Cardiometabolic_II	/data/Dutta_lab/decode/ukb_ppp/EUR/HIP1_O00291_OID30071_v1_Cardiometabolic_II	7	75738962	75533300	75738962	-1	ENSG00000127946	1	unique_match	UKBB_EUR
OID30072	CSF2	P04141	v1	Cardiometabolic_II	/data/Dutta_lab/decode/ukb_ppp/EUR/CSF2_P04141_OID30072_v1_Cardiometabolic_II	5	132073790	132073790	132076170	1	ENSG00000164400	1	unique_match	UKBB_EUR
OID30074	MAP1LC3B2	A6NCE7	v1	Cardiometabolic_II	/data/Dutta_lab/decode/ukb_ppp/EUR/MAP1LC3B2_A6NCE7_OID30074_v1_Cardiometabolic_II	12	116548105	116548105	116576448	1	ENSG00000258102	1	unique_match	UKBB_EUR
OID30075	REXO2	Q9Y3B8	v1	Cardiometabolic_II	/data/Dutta_lab/decode/ukb_ppp/EUR/REXO2_Q9Y3B8_OID30075_v1_Cardiometabolic_II	11	114439386	114439386	114450279	1	ENSG00000076043	1	unique_match	UKBB_EUR
OID30076	NXPE4	Q6UWF7	v1	Cardiometabolic_II	/data/Dutta_lab/decode/ukb_ppp/EUR/NXPE4_Q6UWF7_OID30076_v1_Cardiometabolic_II	11	114595762	114570591	114595762	-1	ENSG00000137634	1	unique_match	UKBB_EUR
OID30077	SLC12A2	P55011	v1	Cardiometabolic_II	/data/Dutta_lab/decode/ukb_ppp/EUR/SLC12A2_P55011_OID30077_v1_Cardiometabolic_II	5	128083766	128083766	128189688	1	ENSG00000064651	1	unique_match	UKBB_EUR
OID30078	FDX1	P10109	v1	Cardiometabolic_II	/data/Dutta_lab/decode/ukb_ppp/EUR/FDX1_P10109_OID30078_v1_Cardiometabolic_II	11	110429883	110429883	110464881	1	ENSG00000137714	1	unique_match	UKBB_EUR
OID30079	ATP5F1D	P30049	v1	Cardiometabolic_II	/data/Dutta_lab/decode/ukb_ppp/EUR/ATP5F1D_P30049_OID30079_v1_Cardiometabolic_II							0	missing	UKBB_EUR
OID30080	ACSL1	P33121	v1	Cardiometabolic_II	/data/Dutta_lab/decode/ukb_ppp/EUR/ACSL1_P33121_OID30080_v1_Cardiometabolic_II	4	184826818	184755595	184826818	-1	ENSG00000151726	1	unique_match	UKBB_EUR
OID30081	UGDH	O60701	v1	Cardiometabolic_II	/data/Dutta_lab/decode/ukb_ppp/EUR/UGDH_O60701_OID30081_v1_Cardiometabolic_II	4	39528311	39498755	39528311	-1	ENSG00000109814	1	unique_match	UKBB_EUR
OID30082	ITPA	Q9BY32	v1	Cardiometabolic_II	/data/Dutta_lab/decode/ukb_ppp/EUR/ITPA_Q9BY32_OID30082_v1_Cardiometabolic_II	20	3208868	3208868	3223870	1	ENSG00000125877	1	unique_match	UKBB_EUR
OID30083	EXOSC10	Q01780	v1	Cardiometabolic_II	/data/Dutta_lab/decode/ukb_ppp/EUR/EXOSC10_Q01780_OID30083_v1_Cardiometabolic_II	1	11099881	11066618	11099881	-1	ENSG00000171824	1	unique_match	UKBB_EUR
OID30084	PDE4D	Q08499	v1	Cardiometabolic_II	/data/Dutta_lab/decode/ukb_ppp/EUR/PDE4D_Q08499_OID30084_v1_Cardiometabolic_II	5	60522120	58969038	60522120	-1	ENSG00000113448	1	unique_match	UKBB_EUR
OID30085	RYR1	P21817	v1	Cardiometabolic_II	/data/Dutta_lab/decode/ukb_ppp/EUR/RYR1_P21817_OID30085_v1_Cardiometabolic_II	19	38433699	38433699	38587564	1	ENSG00000196218	2	multi_match_first	UKBB_EUR
OID30086	ACY3	Q96HD9	v1	Cardiometabolic_II	/data/Dutta_lab/decode/ukb_ppp/EUR/ACY3_Q96HD9_OID30086_v1_Cardiometabolic_II	11	67650659	67642555	67650659	-1	ENSG00000132744	1	unique_match	UKBB_EUR
OID30087	NOS2	P35228	v1	Cardiometabolic_II	/data/Dutta_lab/decode/ukb_ppp/EUR/NOS2_P35228_OID30087_v1_Cardiometabolic_II	17	27800499	27756766	27800499	-1	ENSG00000007171	1	unique_match	UKBB_EUR
OID30088	HCG22	E2RYF7	v1	Cardiometabolic_II	/data/Dutta_lab/decode/ukb_ppp/EUR/HCG22_E2RYF7_OID30088_v1_Cardiometabolic_II	6	31053450	31053450	31059890	1	ENSG00000228789	1	unique_match	UKBB_EUR
OID30089	NECAP2	Q9NVZ3	v1	Cardiometabolic_II	/data/Dutta_lab/decode/ukb_ppp/EUR/NECAP2_Q9NVZ3_OID30089_v1_Cardiometabolic_II	1	16440672	16440672	16460078	1	ENSG00000157191	1	unique_match	UKBB_EUR
OID30090	RBM19	Q9Y4C8	v1	Cardiometabolic_II	/data/Dutta_lab/decode/ukb_ppp/EUR/RBM19_Q9Y4C8_OID30090_v1_Cardiometabolic_II	12	113966371	113816738	113966371	-1	ENSG00000122965	1	unique_match	UKBB_EUR
OID30091	CYP24A1	Q07973	v1	Cardiometabolic_II	/data/Dutta_lab/decode/ukb_ppp/EUR/CYP24A1_Q07973_OID30091_v1_Cardiometabolic_II	20	54173973	54153449	54173973	-1	ENSG00000019186	1	unique_match	UKBB_EUR
OID30092	KRT17	Q04695	v1	Cardiometabolic_II	/data/Dutta_lab/decode/ukb_ppp/EUR/KRT17_Q04695_OID30092_v1_Cardiometabolic_II	17	41624842	41619437	41624842	-1	ENSG00000128422	1	unique_match	UKBB_EUR
OID30093	BRD3	Q15059	v1	Cardiometabolic_II	/data/Dutta_lab/decode/ukb_ppp/EUR/BRD3_Q15059_OID30093_v1_Cardiometabolic_II	9	134068535	134030305	134068535	-1	ENSG00000169925	1	unique_match	UKBB_EUR
OID30094	ERVV-1	B6SEH8	v1	Cardiometabolic_II	/data/Dutta_lab/decode/ukb_ppp/EUR/ERVV-1_B6SEH8_OID30094_v1_Cardiometabolic_II	19	53013921	53013921	53016122	1	ENSG00000269526	1	unique_match	UKBB_EUR
OID30095	TSPAN15	O95858	v1	Cardiometabolic_II	/data/Dutta_lab/decode/ukb_ppp/EUR/TSPAN15_O95858_OID30095_v1_Cardiometabolic_II	10	69451473	69451473	69507669	1	ENSG00000099282	1	unique_match	UKBB_EUR
OID30096	UBQLN3	Q9H347	v1	Cardiometabolic_II	/data/Dutta_lab/decode/ukb_ppp/EUR/UBQLN3_Q9H347_OID30096_v1_Cardiometabolic_II	11	5509985	5507300	5509985	-1	ENSG00000175520	1	unique_match	UKBB_EUR
OID30097	CD2	P06729	v1	Cardiometabolic_II	/data/Dutta_lab/decode/ukb_ppp/EUR/CD2_P06729_OID30097_v1_Cardiometabolic_II	1	116754385	116754385	116769228	1	ENSG00000116824	1	unique_match	UKBB_EUR
OID30098	SHD	Q96IW2	v1	Cardiometabolic_II	/data/Dutta_lab/decode/ukb_ppp/EUR/SHD_Q96IW2_OID30098_v1_Cardiometabolic_II	19	4278601	4278601	4290724	1	ENSG00000105251	1	unique_match	UKBB_EUR
OID30099	MEGF11	A6BM72	v1	Cardiometabolic_II	/data/Dutta_lab/decode/ukb_ppp/EUR/MEGF11_A6BM72_OID30099_v1_Cardiometabolic_II	15	66253747	65895079	66253747	-1	ENSG00000157890	1	unique_match	UKBB_EUR
OID30100	NUP50	Q9UKX7	v1	Cardiometabolic_II	/data/Dutta_lab/decode/ukb_ppp/EUR/NUP50_Q9UKX7_OID30100_v1_Cardiometabolic_II	22	45163841	45163841	45188015	1	ENSG00000093000	1	unique_match	UKBB_EUR
OID30101	PGLYRP4	Q96LB8	v1	Cardiometabolic_II	/data/Dutta_lab/decode/ukb_ppp/EUR/PGLYRP4_Q96LB8_OID30101_v1_Cardiometabolic_II	1	153348840	153330120	153348840	-1	ENSG00000163218	1	unique_match	UKBB_EUR
OID30102	NUDT15	Q9NV35	v1	Cardiometabolic_II	/data/Dutta_lab/decode/ukb_ppp/EUR/NUDT15_Q9NV35_OID30102_v1_Cardiometabolic_II	13	48037567	48037567	48047222	1	ENSG00000136159	1	unique_match	UKBB_EUR
OID30103	TEF	Q10587	v1	Cardiometabolic_II	/data/Dutta_lab/decode/ukb_ppp/EUR/TEF_Q10587_OID30103_v1_Cardiometabolic_II	22	41367333	41367333	41399326	1	ENSG00000167074	1	unique_match	UKBB_EUR
OID30104	SCGB2A2	Q13296	v1	Cardiometabolic_II	/data/Dutta_lab/decode/ukb_ppp/EUR/SCGB2A2_Q13296_OID30104_v1_Cardiometabolic_II	11	62270155	62270155	62273156	1	ENSG00000110484	1	unique_match	UKBB_EUR
OID30105	NEB	P20929	v1	Cardiometabolic_II	/data/Dutta_lab/decode/ukb_ppp/EUR/NEB_P20929_OID30105_v1_Cardiometabolic_II	2	151734487	151485336	151734487	-1	ENSG00000183091	2	multi_match_first	UKBB_EUR
OID30106	CPTP	Q5TA50	v1	Cardiometabolic_II	/data/Dutta_lab/decode/ukb_ppp/EUR/CPTP_Q5TA50_OID30106_v1_Cardiometabolic_II	1	1324756	1324756	1328897	1	ENSG00000224051	1	unique_match	UKBB_EUR
OID30107	SLC51B	Q86UW2	v1	Cardiometabolic_II	/data/Dutta_lab/decode/ukb_ppp/EUR/SLC51B_Q86UW2_OID30107_v1_Cardiometabolic_II	15	65045370	65045370	65053396	1	ENSG00000186198	1	unique_match	UKBB_EUR
OID30108	TTN	Q8WZ42	v1	Cardiometabolic_II	/data/Dutta_lab/decode/ukb_ppp/EUR/TTN_Q8WZ42_OID30108_v1_Cardiometabolic_II	2	178830802	178525989	178830802	-1	ENSG00000155657	3	multi_match_first	UKBB_EUR
OID30109	GASK1A	Q9UFP1	v1	Cardiometabolic_II	/data/Dutta_lab/decode/ukb_ppp/EUR/GASK1A_Q9UFP1_OID30109_v1_Cardiometabolic_II							0	missing	UKBB_EUR
OID30110	MTR	Q99707	v1	Cardiometabolic_II	/data/Dutta_lab/decode/ukb_ppp/EUR/MTR_Q99707_OID30110_v1_Cardiometabolic_II	1	236795281	236795281	236903981	1	ENSG00000116984	1	unique_match	UKBB_EUR
OID30111	SAT1	P21673	v1	Cardiometabolic_II	/data/Dutta_lab/decode/ukb_ppp/EUR/SAT1_P21673_OID30111_v1_Cardiometabolic_II	23	23783173	23783173	23786226	1	ENSG00000130066	1	unique_match	UKBB_EUR
OID30112	IGF2BP3	O00425	v1	Cardiometabolic_II	/data/Dutta_lab/decode/ukb_ppp/EUR/IGF2BP3_O00425_OID30112_v1_Cardiometabolic_II	7	23470467	23310209	23470467	-1	ENSG00000136231	1	unique_match	UKBB_EUR
OID30113	SART1	O43290	v1	Cardiometabolic_II	/data/Dutta_lab/decode/ukb_ppp/EUR/SART1_O43290_OID30113_v1_Cardiometabolic_II	11	65961689	65961689	65979828	1	ENSG00000175467	1	unique_match	UKBB_EUR
OID30114	EXTL1	Q92935	v1	Cardiometabolic_II	/data/Dutta_lab/decode/ukb_ppp/EUR/EXTL1_Q92935_OID30114_v1_Cardiometabolic_II	1	26019884	26019884	26036464	1	ENSG00000158008	1	unique_match	UKBB_EUR
OID30115	CEP112	Q8N8E3	v1	Cardiometabolic_II	/data/Dutta_lab/decode/ukb_ppp/EUR/CEP112_Q8N8E3_OID30115_v1_Cardiometabolic_II	17	66192084	65635538	66192084	-1	ENSG00000154240	1	unique_match	UKBB_EUR
OID30116	NPR1	P16066	v1	Cardiometabolic_II	/data/Dutta_lab/decode/ukb_ppp/EUR/NPR1_P16066_OID30116_v1_Cardiometabolic_II	1	153678637	153678637	153693992	1	ENSG00000169418	1	unique_match	UKBB_EUR
OID30117	ZCCHC8	Q6NZY4	v1	Cardiometabolic_II	/data/Dutta_lab/decode/ukb_ppp/EUR/ZCCHC8_Q6NZY4_OID30117_v1_Cardiometabolic_II	12	122501073	122471600	122501073	-1	ENSG00000033030	1	unique_match	UKBB_EUR
OID30118	ATP1B2	P14415	v1	Cardiometabolic_II	/data/Dutta_lab/decode/ukb_ppp/EUR/ATP1B2_P14415_OID30118_v1_Cardiometabolic_II	17	7646627	7646627	7657768	1	ENSG00000129244	1	unique_match	UKBB_EUR
OID30119	USP47	Q96K76	v1	Cardiometabolic_II	/data/Dutta_lab/decode/ukb_ppp/EUR/USP47_Q96K76_OID30119_v1_Cardiometabolic_II	11	11841423	11841423	11959323	1	ENSG00000170242	1	unique_match	UKBB_EUR
OID30120	MYL1	P05976	v1	Cardiometabolic_II	/data/Dutta_lab/decode/ukb_ppp/EUR/MYL1_P05976_OID30120_v1_Cardiometabolic_II	2	210315190	210290150	210315190	-1	ENSG00000168530	1	unique_match	UKBB_EUR
OID30121	ARL2BP	Q9Y2Y0	v1	Cardiometabolic_II	/data/Dutta_lab/decode/ukb_ppp/EUR/ARL2BP_Q9Y2Y0_OID30121_v1_Cardiometabolic_II	16	57245098	57245098	57253635	1	ENSG00000102931	1	unique_match	UKBB_EUR
OID30122	RAB33A	Q14088	v1	Cardiometabolic_II	/data/Dutta_lab/decode/ukb_ppp/EUR/RAB33A_Q14088_OID30122_v1_Cardiometabolic_II	23	130171649	130171649	130184870	1	ENSG00000134594	1	unique_match	UKBB_EUR
OID30123	IGHMBP2	P38935	v1	Cardiometabolic_II	/data/Dutta_lab/decode/ukb_ppp/EUR/IGHMBP2_P38935_OID30123_v1_Cardiometabolic_II	11	68903842	68903842	68940602	1	ENSG00000132740	2	multi_match_first	UKBB_EUR
OID30124	ATP1B1	P05026	v1	Cardiometabolic_II	/data/Dutta_lab/decode/ukb_ppp/EUR/ATP1B1_P05026_OID30124_v1_Cardiometabolic_II	1	169105697	169105697	169132722	1	ENSG00000143153	1	unique_match	UKBB_EUR
OID30125	PMM2	O15305	v1	Cardiometabolic_II	/data/Dutta_lab/decode/ukb_ppp/EUR/PMM2_O15305_OID30125_v1_Cardiometabolic_II	16	8788823	8788823	8849331	1	ENSG00000140650	1	unique_match	UKBB_EUR
OID30126	DDA1	Q9BW61	v1	Cardiometabolic_II	/data/Dutta_lab/decode/ukb_ppp/EUR/DDA1_Q9BW61_OID30126_v1_Cardiometabolic_II	19	17309518	17309518	17323301	1	ENSG00000130311	1	unique_match	UKBB_EUR
OID30127	ELOB	Q15370	v1	Cardiometabolic_II	/data/Dutta_lab/decode/ukb_ppp/EUR/ELOB_Q15370_OID30127_v1_Cardiometabolic_II							0	missing	UKBB_EUR
OID30128	TRPV3	Q8NET8	v1	Cardiometabolic_II	/data/Dutta_lab/decode/ukb_ppp/EUR/TRPV3_Q8NET8_OID30128_v1_Cardiometabolic_II	17	3557995	3510502	3557995	-1	ENSG00000167723	1	unique_match	UKBB_EUR
OID30129	IFNW1	P05000	v1	Cardiometabolic_II	/data/Dutta_lab/decode/ukb_ppp/EUR/IFNW1_P05000_OID30129_v1_Cardiometabolic_II	9	21142145	21140214	21142145	-1	ENSG00000177047	1	unique_match	UKBB_EUR
OID30130	ABRAXAS2	Q15018	v1	Cardiometabolic_II	/data/Dutta_lab/decode/ukb_ppp/EUR/ABRAXAS2_Q15018_OID30130_v1_Cardiometabolic_II							0	missing	UKBB_EUR
OID30131	MYOM2	P54296	v1	Cardiometabolic_II	/data/Dutta_lab/decode/ukb_ppp/EUR/MYOM2_P54296_OID30131_v1_Cardiometabolic_II	8	2045040	2045040	2165552	1	ENSG00000036448	1	unique_match	UKBB_EUR
OID30132	HADH	Q16836	v1	Cardiometabolic_II	/data/Dutta_lab/decode/ukb_ppp/EUR/HADH_Q16836_OID30132_v1_Cardiometabolic_II	4	107989714	107989714	108035175	1	ENSG00000138796	1	unique_match	UKBB_EUR
OID30133	GAMT	Q14353	v1	Cardiometabolic_II	/data/Dutta_lab/decode/ukb_ppp/EUR/GAMT_Q14353_OID30133_v1_Cardiometabolic_II	19	1401570	1397084	1401570	-1	ENSG00000130005	1	unique_match	UKBB_EUR
OID30134	NFYA	P23511	v1	Cardiometabolic_II	/data/Dutta_lab/decode/ukb_ppp/EUR/NFYA_P23511_OID30134_v1_Cardiometabolic_II	6	41072945	41072945	41099976	1	ENSG00000001167	1	unique_match	UKBB_EUR
OID30135	ENPEP	Q07075	v1	Cardiometabolic_II	/data/Dutta_lab/decode/ukb_ppp/EUR/ENPEP_Q07075_OID30135_v1_Cardiometabolic_II	4	110365733	110365733	110565285	1	ENSG00000138792	1	unique_match	UKBB_EUR
OID30136	EDEM2	Q9BV94	v1	Cardiometabolic_II	/data/Dutta_lab/decode/ukb_ppp/EUR/EDEM2_Q9BV94_OID30136_v1_Cardiometabolic_II	20	35147364	35115357	35147364	-1	ENSG00000088298	1	unique_match	UKBB_EUR
OID30137	DHODH	Q02127	v1	Cardiometabolic_II	/data/Dutta_lab/decode/ukb_ppp/EUR/DHODH_Q02127_OID30137_v1_Cardiometabolic_II	16	72008588	72008588	72027664	1	ENSG00000102967	1	unique_match	UKBB_EUR
OID30138	RIPK4	P57078	v1	Cardiometabolic_II	/data/Dutta_lab/decode/ukb_ppp/EUR/RIPK4_P57078_OID30138_v1_Cardiometabolic_II	21	41767106	41739369	41767106	-1	ENSG00000183421	1	unique_match	UKBB_EUR
OID30139	GBP6	Q6ZN66	v1	Cardiometabolic_II	/data/Dutta_lab/decode/ukb_ppp/EUR/GBP6_Q6ZN66_OID30139_v1_Cardiometabolic_II	1	89364058	89364058	89386461	1	ENSG00000183347	1	unique_match	UKBB_EUR
OID30140	PRKD2	Q9BZL6	v1	Cardiometabolic_II	/data/Dutta_lab/decode/ukb_ppp/EUR/PRKD2_Q9BZL6_OID30140_v1_Cardiometabolic_II	19	46717127	46674275	46717127	-1	ENSG00000105287	1	unique_match	UKBB_EUR
OID30141	MANSC4	A6NHS7	v1	Cardiometabolic_II	/data/Dutta_lab/decode/ukb_ppp/EUR/MANSC4_A6NHS7_OID30141_v1_Cardiometabolic_II	12	27771276	27762738	27771276	-1	ENSG00000205693	1	unique_match	UKBB_EUR
OID30142	ECI2	O75521	v1	Cardiometabolic_II	/data/Dutta_lab/decode/ukb_ppp/EUR/ECI2_O75521_OID30142_v1_Cardiometabolic_II	6	4135597	4115689	4135597	-1	ENSG00000198721	1	unique_match	UKBB_EUR
OID30143	TPR	P12270	v1	Cardiometabolic_II	/data/Dutta_lab/decode/ukb_ppp/EUR/TPR_P12270_OID30143_v1_Cardiometabolic_II	1	186375693	186311652	186375693	-1	ENSG00000047410	1	unique_match	UKBB_EUR
OID30144	CALY	Q9NYX4	v1	Cardiometabolic_II	/data/Dutta_lab/decode/ukb_ppp/EUR/CALY_Q9NYX4_OID30144_v1_Cardiometabolic_II	10	133336935	133324072	133336935	-1	ENSG00000130643	1	unique_match	UKBB_EUR
OID30145	HSD17B3	P37058	v1	Cardiometabolic_II	/data/Dutta_lab/decode/ukb_ppp/EUR/HSD17B3_P37058_OID30145_v1_Cardiometabolic_II	9	96302152	96235306	96302152	-1	ENSG00000130948	1	unique_match	UKBB_EUR
OID30146	ABCA2	Q9BZC7	v1	Cardiometabolic_II	/data/Dutta_lab/decode/ukb_ppp/EUR/ABCA2_Q9BZC7_OID30146_v1_Cardiometabolic_II	9	137028922	137007227	137028922	-1	ENSG00000107331	1	unique_match	UKBB_EUR
OID30147	FDX2	Q6P4F2	v1	Cardiometabolic_II	/data/Dutta_lab/decode/ukb_ppp/EUR/FDX2_Q6P4F2_OID30147_v1_Cardiometabolic_II	19	10316015	10310045	10316015	-1	ENSG00000267673	1	unique_match	UKBB_EUR
OID30148	GUK1	Q16774	v1	Cardiometabolic_II	/data/Dutta_lab/decode/ukb_ppp/EUR/GUK1_Q16774_OID30148_v1_Cardiometabolic_II	1	228139962	228139962	228148984	1	ENSG00000143774	1	unique_match	UKBB_EUR
OID30149	PROCR	Q9UNN8	v1	Cardiometabolic_II	/data/Dutta_lab/decode/ukb_ppp/EUR/PROCR_Q9UNN8_OID30149_v1_Cardiometabolic_II	20	35172073	35172073	35216240	1	ENSG00000101000	1	unique_match	UKBB_EUR
OID30150	PYY	P10082	v1	Cardiometabolic_II	/data/Dutta_lab/decode/ukb_ppp/EUR/PYY_P10082_OID30150_v1_Cardiometabolic_II	17	44004469	43952738	44004469	-1	ENSG00000131096	1	unique_match	UKBB_EUR
OID30151	PDZD2	O15018	v1	Cardiometabolic_II	/data/Dutta_lab/decode/ukb_ppp/EUR/PDZD2_O15018_OID30151_v1_Cardiometabolic_II	5	31639410	31639410	32110931	1	ENSG00000133401	1	unique_match	UKBB_EUR
OID30152	ENOX2	Q16206	v1	Cardiometabolic_II	/data/Dutta_lab/decode/ukb_ppp/EUR/ENOX2_Q16206_OID30152_v1_Cardiometabolic_II	23	130903317	130623369	130903317	-1	ENSG00000165675	1	unique_match	UKBB_EUR
OID30153	SPINK8	P0C7L1	v1	Cardiometabolic_II	/data/Dutta_lab/decode/ukb_ppp/EUR/SPINK8_P0C7L1_OID30153_v1_Cardiometabolic_II	3	48328341	48306842	48328341	-1	ENSG00000229453	1	unique_match	UKBB_EUR
OID30154	TMED4	Q7Z7H5	v1	Cardiometabolic_II	/data/Dutta_lab/decode/ukb_ppp/EUR/TMED4_Q7Z7H5_OID30154_v1_Cardiometabolic_II	7	44582287	44577894	44582287	-1	ENSG00000158604	1	unique_match	UKBB_EUR
OID30155	FRMD4B	Q9Y2L6	v1	Cardiometabolic_II	/data/Dutta_lab/decode/ukb_ppp/EUR/FRMD4B_Q9Y2L6_OID30155_v1_Cardiometabolic_II	3	69542583	69169990	69542583	-1	ENSG00000114541	1	unique_match	UKBB_EUR
OID30156	EIF5	P55010	v1	Cardiometabolic_II	/data/Dutta_lab/decode/ukb_ppp/EUR/EIF5_P55010_OID30156_v1_Cardiometabolic_II	14	103333544	103333544	103345025	1	ENSG00000100664	1	unique_match	UKBB_EUR
OID30157	HMGCS1	Q01581	v1	Cardiometabolic_II	/data/Dutta_lab/decode/ukb_ppp/EUR/HMGCS1_Q01581_OID30157_v1_Cardiometabolic_II	5	43313512	43289395	43313512	-1	ENSG00000112972	1	unique_match	UKBB_EUR
OID30158	NFX1	Q12986	v1	Cardiometabolic_II	/data/Dutta_lab/decode/ukb_ppp/EUR/NFX1_Q12986_OID30158_v1_Cardiometabolic_II	9	33290511	33290511	33371157	1	ENSG00000086102	1	unique_match	UKBB_EUR
OID30159	MMUT	P22033	v1	Cardiometabolic_II	/data/Dutta_lab/decode/ukb_ppp/EUR/MMUT_P22033_OID30159_v1_Cardiometabolic_II							0	missing	UKBB_EUR
OID30160	NFKB1	P19838	v1	Cardiometabolic_II	/data/Dutta_lab/decode/ukb_ppp/EUR/NFKB1_P19838_OID30160_v1_Cardiometabolic_II	4	102501329	102501329	102617302	1	ENSG00000109320	1	unique_match	UKBB_EUR
OID30161	ANK2	Q01484	v1	Cardiometabolic_II	/data/Dutta_lab/decode/ukb_ppp/EUR/ANK2_Q01484_OID30161_v1_Cardiometabolic_II	4	112818083	112818083	113383740	1	LRG_327	2	multi_match_first	UKBB_EUR
OID30162	LILRA4	P59901	v1	Cardiometabolic_II	/data/Dutta_lab/decode/ukb_ppp/EUR/LILRA4_P59901_OID30162_v1_Cardiometabolic_II	19	54339150	54333185	54339150	-1	ENSG00000239961	1	unique_match	UKBB_EUR
OID30163	KIF1C	O43896	v1	Cardiometabolic_II	/data/Dutta_lab/decode/ukb_ppp/EUR/KIF1C_O43896_OID30163_v1_Cardiometabolic_II	17	4997948	4997948	5028401	1	ENSG00000129250	1	unique_match	UKBB_EUR
OID30164	GSTM4	Q03013	v1	Cardiometabolic_II	/data/Dutta_lab/decode/ukb_ppp/EUR/GSTM4_Q03013_OID30164_v1_Cardiometabolic_II	1	109656081	109656081	109674836	1	ENSG00000168765	1	unique_match	UKBB_EUR
OID30165	B3GAT3	O94766	v1	Cardiometabolic_II	/data/Dutta_lab/decode/ukb_ppp/EUR/B3GAT3_O94766_OID30165_v1_Cardiometabolic_II	11	62622175	62615296	62622175	-1	ENSG00000149541	1	unique_match	UKBB_EUR
OID30166	ARL13B	Q3SXY8	v1	Cardiometabolic_II	/data/Dutta_lab/decode/ukb_ppp/EUR/ARL13B_Q3SXY8_OID30166_v1_Cardiometabolic_II	3	93980139	93980139	94055668	1	ENSG00000169379	1	unique_match	UKBB_EUR
OID30167	ATP6V1G2	O95670	v1	Cardiometabolic_II	/data/Dutta_lab/decode/ukb_ppp/EUR/ATP6V1G2_O95670_OID30167_v1_Cardiometabolic_II	6	31548427	31544462	31548427	-1	ENSG00000213760	1	unique_match	UKBB_EUR
OID30168	ARNTL	O00327	v1	Cardiometabolic_II	/data/Dutta_lab/decode/ukb_ppp/EUR/ARNTL_O00327_OID30168_v1_Cardiometabolic_II	11	13276652	13276652	13387266	1	ENSG00000133794	1	unique_match	UKBB_EUR
OID30169	KRT6C	P48668	v1	Cardiometabolic_II	/data/Dutta_lab/decode/ukb_ppp/EUR/KRT6C_P48668_OID30169_v1_Cardiometabolic_II	12	52473785	52468516	52473785	-1	ENSG00000170465	1	unique_match	UKBB_EUR
OID30170	ASS1	P00966	v1	Cardiometabolic_II	/data/Dutta_lab/decode/ukb_ppp/EUR/ASS1_P00966_OID30170_v1_Cardiometabolic_II	9	130444929	130444929	130501274	1	ENSG00000130707	1	unique_match	UKBB_EUR
OID30171	UHRF2	Q96PU4	v1	Cardiometabolic_II	/data/Dutta_lab/decode/ukb_ppp/EUR/UHRF2_Q96PU4_OID30171_v1_Cardiometabolic_II	9	6413151	6413151	6507054	1	ENSG00000147854	1	unique_match	UKBB_EUR
OID30172	PMCH	P20382	v1	Cardiometabolic_II	/data/Dutta_lab/decode/ukb_ppp/EUR/PMCH_P20382_OID30172_v1_Cardiometabolic_II	12	102197845	102196459	102197845	-1	ENSG00000183395	1	unique_match	UKBB_EUR
OID30173	COPB2	P35606	v1	Cardiometabolic_II	/data/Dutta_lab/decode/ukb_ppp/EUR/COPB2_P35606_OID30173_v1_Cardiometabolic_II	3	139389732	139355600	139389732	-1	ENSG00000184432	1	unique_match	UKBB_EUR
OID30174	GP1BB	P13224	v1	Cardiometabolic_II	/data/Dutta_lab/decode/ukb_ppp/EUR/GP1BB_P13224_OID30174_v1_Cardiometabolic_II	22	19722945	19722945	19724771	1	ENSG00000203618	2	multi_match_first	UKBB_EUR
OID30175	KIF22	Q14807	v1	Cardiometabolic_II	/data/Dutta_lab/decode/ukb_ppp/EUR/KIF22_Q14807_OID30175_v1_Cardiometabolic_II	16	29790719	29790719	29805385	1	ENSG00000079616	1	unique_match	UKBB_EUR
OID30176	CSRP3	P50461	v1	Cardiometabolic_II	/data/Dutta_lab/decode/ukb_ppp/EUR/CSRP3_P50461_OID30176_v1_Cardiometabolic_II	11	19210573	19182030	19210573	-1	ENSG00000129170	2	multi_match_first	UKBB_EUR
OID30177	CBX2	Q14781	v1	Cardiometabolic_II	/data/Dutta_lab/decode/ukb_ppp/EUR/CBX2_Q14781_OID30177_v1_Cardiometabolic_II	17	79778132	79778132	79787983	1	ENSG00000173894	1	unique_match	UKBB_EUR
OID30178	MRPL24	Q96A35	v1	Cardiometabolic_II	/data/Dutta_lab/decode/ukb_ppp/EUR/MRPL24_Q96A35_OID30178_v1_Cardiometabolic_II	1	156741590	156737303	156741590	-1	ENSG00000143314	1	unique_match	UKBB_EUR
OID30179	BRDT	Q58F21	v1	Cardiometabolic_II	/data/Dutta_lab/decode/ukb_ppp/EUR/BRDT_Q58F21_OID30179_v1_Cardiometabolic_II	1	91949371	91949371	92014426	1	ENSG00000137948	1	unique_match	UKBB_EUR
OID30180	C1GALT1C1	Q96EU7	v1	Cardiometabolic_II	/data/Dutta_lab/decode/ukb_ppp/EUR/C1GALT1C1_Q96EU7_OID30180_v1_Cardiometabolic_II	23	120630150	120625793	120630150	-1	ENSG00000171155	1	unique_match	UKBB_EUR
OID30181	YOD1	Q5VVQ6	v1	Cardiometabolic_II	/data/Dutta_lab/decode/ukb_ppp/EUR/YOD1_Q5VVQ6_OID30181_v1_Cardiometabolic_II	1	207052980	207043849	207052980	-1	ENSG00000180667	1	unique_match	UKBB_EUR
OID30182	PALM3	A6NDB9	v1	Cardiometabolic_II	/data/Dutta_lab/decode/ukb_ppp/EUR/PALM3_A6NDB9_OID30182_v1_Cardiometabolic_II	19	14059159	14053365	14059159	-1	ENSG00000187867	1	unique_match	UKBB_EUR
OID30183	CSDE1	O75534	v1	Cardiometabolic_II	/data/Dutta_lab/decode/ukb_ppp/EUR/CSDE1_O75534_OID30183_v1_Cardiometabolic_II	1	114758676	114716913	114758676	-1	ENSG00000009307	1	unique_match	UKBB_EUR
OID30184	PKD2	Q13563	v1	Cardiometabolic_II	/data/Dutta_lab/decode/ukb_ppp/EUR/PKD2_Q13563_OID30184_v1_Cardiometabolic_II	4	88007668	88007668	88077777	1	ENSG00000118762	1	unique_match	UKBB_EUR
OID30185	TSNAX	Q99598	v1	Cardiometabolic_II	/data/Dutta_lab/decode/ukb_ppp/EUR/TSNAX_Q99598_OID30185_v1_Cardiometabolic_II	1	231528653	231528653	231566524	1	ENSG00000116918	1	unique_match	UKBB_EUR
OID30186	PACS2	Q86VP3	v1	Cardiometabolic_II	/data/Dutta_lab/decode/ukb_ppp/EUR/PACS2_Q86VP3_OID30186_v1_Cardiometabolic_II	14	105300563	105300563	105398147	1	ENSG00000179364	1	unique_match	UKBB_EUR
OID30187	FHIP2A	Q5W0V3	v1	Cardiometabolic_II	/data/Dutta_lab/decode/ukb_ppp/EUR/FHIP2A_Q5W0V3_OID30187_v1_Cardiometabolic_II							0	missing	UKBB_EUR
OID30188	NAA10	P41227	v1	Cardiometabolic_II	/data/Dutta_lab/decode/ukb_ppp/EUR/NAA10_P41227_OID30188_v1_Cardiometabolic_II	23	153935223	153929242	153935223	-1	ENSG00000102030	1	unique_match	UKBB_EUR
OID30189	VSIG10L	Q86VR7	v1	Cardiometabolic_II	/data/Dutta_lab/decode/ukb_ppp/EUR/VSIG10L_Q86VR7_OID30189_v1_Cardiometabolic_II	19	51342124	51331536	51342124	-1	ENSG00000186806	1	unique_match	UKBB_EUR
OID30190	LPP	Q93052	v1	Cardiometabolic_II	/data/Dutta_lab/decode/ukb_ppp/EUR/LPP_Q93052_OID30190_v1_Cardiometabolic_II	3	188153284	188153284	188890671	1	ENSG00000145012	1	unique_match	UKBB_EUR
OID30191	LRCH4	O75427	v1	Cardiometabolic_II	/data/Dutta_lab/decode/ukb_ppp/EUR/LRCH4_O75427_OID30191_v1_Cardiometabolic_II	7	100586153	100574011	100586153	-1	ENSG00000077454	1	unique_match	UKBB_EUR
OID30192	ACTN2	P35609	v1	Cardiometabolic_II	/data/Dutta_lab/decode/ukb_ppp/EUR/ACTN2_P35609_OID30192_v1_Cardiometabolic_II	1	236686454	236686454	236764631	1	ENSG00000077522	1	unique_match	UKBB_EUR
OID30193	VIPR1	P32241	v1	Cardiometabolic_II	/data/Dutta_lab/decode/ukb_ppp/EUR/VIPR1_P32241_OID30193_v1_Cardiometabolic_II	3	42489299	42489299	42537573	1	ENSG00000114812	1	unique_match	UKBB_EUR
OID30194	PNMA1	Q8ND90	v1	Cardiometabolic_II	/data/Dutta_lab/decode/ukb_ppp/EUR/PNMA1_Q8ND90_OID30194_v1_Cardiometabolic_II	14	73714372	73711783	73714372	-1	ENSG00000176903	1	unique_match	UKBB_EUR
OID30195	TOR1AIP1	Q5JTV8	v1	Cardiometabolic_II	/data/Dutta_lab/decode/ukb_ppp/EUR/TOR1AIP1_Q5JTV8_OID30195_v1_Cardiometabolic_II	1	179882042	179882042	179925000	1	ENSG00000143337	1	unique_match	UKBB_EUR
OID30196	SEL1L	Q9UBV2	v1	Cardiometabolic_II	/data/Dutta_lab/decode/ukb_ppp/EUR/SEL1L_Q9UBV2_OID30196_v1_Cardiometabolic_II	14	81533861	81471549	81533861	-1	ENSG00000071537	1	unique_match	UKBB_EUR
OID30197	GNPDA1	P46926	v1	Cardiometabolic_II	/data/Dutta_lab/decode/ukb_ppp/EUR/GNPDA1_P46926_OID30197_v1_Cardiometabolic_II	5	142013041	141991749	142013041	-1	ENSG00000113552	1	unique_match	UKBB_EUR
OID30198	NUDT10	Q8NFP7	v1	Cardiometabolic_II	/data/Dutta_lab/decode/ukb_ppp/EUR/NUDT10_Q8NFP7_OID30198_v1_Cardiometabolic_II	23	51332231	51332231	51337525	1	ENSG00000122824	1	unique_match	UKBB_EUR
OID30199	MYBPC2	Q14324	v1	Cardiometabolic_II	/data/Dutta_lab/decode/ukb_ppp/EUR/MYBPC2_Q14324_OID30199_v1_Cardiometabolic_II	19	50432903	50432903	50466321	1	ENSG00000086967	1	unique_match	UKBB_EUR
OID30200	CBS	P35520	v1	Cardiometabolic_II	/data/Dutta_lab/decode/ukb_ppp/EUR/CBS_P35520_OID30200_v1_Cardiometabolic_II	21	43076943	43053191	43076943	-1	ENSG00000160200	2	multi_match_first	UKBB_EUR
OID30201	OPLAH	O14841	v1	Cardiometabolic_II	/data/Dutta_lab/decode/ukb_ppp/EUR/OPLAH_O14841_OID30201_v1_Cardiometabolic_II	8	144063965	144051266	144063965	-1	ENSG00000178814	1	unique_match	UKBB_EUR
OID30202	PYDC1	Q8WXC3	v1	Cardiometabolic_II	/data/Dutta_lab/decode/ukb_ppp/EUR/PYDC1_Q8WXC3_OID30202_v1_Cardiometabolic_II	16	31217359	31215962	31217359	-1	ENSG00000169900	1	unique_match	UKBB_EUR
OID30203	ANP32C	O43423	v1	Cardiometabolic_II	/data/Dutta_lab/decode/ukb_ppp/EUR/ANP32C_O43423_OID30203_v1_Cardiometabolic_II	4	164197711	164197007	164197711	-1	ENSG00000248546	1	unique_match	UKBB_EUR
OID30204	AIF1L	Q9BQI0	v1	Cardiometabolic_II	/data/Dutta_lab/decode/ukb_ppp/EUR/AIF1L_Q9BQI0_OID30204_v1_Cardiometabolic_II	9	131096476	131096476	131123152	1	ENSG00000126878	1	unique_match	UKBB_EUR
OID30205	SNED1	Q8TER0	v1	Cardiometabolic_II	/data/Dutta_lab/decode/ukb_ppp/EUR/SNED1_Q8TER0_OID30205_v1_Cardiometabolic_II	2	240998838	240998838	241095568	1	ENSG00000162804	1	unique_match	UKBB_EUR
OID30206	PAGR1	Q9BTK6	v1	Cardiometabolic_II	/data/Dutta_lab/decode/ukb_ppp/EUR/PAGR1_Q9BTK6_OID30206_v1_Cardiometabolic_II	16	29815952	29815952	29820117	1	ENSG00000280789	1	unique_match	UKBB_EUR
OID30207	SIL1	Q9H173	v1	Cardiometabolic_II	/data/Dutta_lab/decode/ukb_ppp/EUR/SIL1_Q9H173_OID30207_v1_Cardiometabolic_II	5	139293557	138946720	139293557	-1	ENSG00000120725	1	unique_match	UKBB_EUR
OID30208	M6PR	P20645	v1	Cardiometabolic_II	/data/Dutta_lab/decode/ukb_ppp/EUR/M6PR_P20645_OID30208_v1_Cardiometabolic_II	12	8949955	8940363	8949955	-1	ENSG00000003056	1	unique_match	UKBB_EUR
OID30209	ENO3	P13929	v1	Cardiometabolic_II	/data/Dutta_lab/decode/ukb_ppp/EUR/ENO3_P13929_OID30209_v1_Cardiometabolic_II	17	4948092	4948092	4957131	1	ENSG00000108515	1	unique_match	UKBB_EUR
OID30210	IGSF21	Q96ID5	v1	Cardiometabolic_II	/data/Dutta_lab/decode/ukb_ppp/EUR/IGSF21_Q96ID5_OID30210_v1_Cardiometabolic_II	1	18107746	18107746	18378483	1	ENSG00000117154	1	unique_match	UKBB_EUR
OID30211	HRC	P23327	v1	Cardiometabolic_II	/data/Dutta_lab/decode/ukb_ppp/EUR/HRC_P23327_OID30211_v1_Cardiometabolic_II	19	49155424	49151198	49155424	-1	ENSG00000130528	1	unique_match	UKBB_EUR
OID30212	LMOD1	P29536	v1	Cardiometabolic_II	/data/Dutta_lab/decode/ukb_ppp/EUR/LMOD1_P29536_OID30212_v1_Cardiometabolic_II	1	201946588	201896452	201946588	-1	ENSG00000163431	1	unique_match	UKBB_EUR
OID30213	DMP1	Q13316	v1	Cardiometabolic_II	/data/Dutta_lab/decode/ukb_ppp/EUR/DMP1_Q13316_OID30213_v1_Cardiometabolic_II	4	87650307	87650307	87664361	1	ENSG00000152592	1	unique_match	UKBB_EUR
OID30214	HMGCL	P35914	v1	Cardiometabolic_II	/data/Dutta_lab/decode/ukb_ppp/EUR/HMGCL_P35914_OID30214_v1_Cardiometabolic_II	1	23838620	23801885	23838620	-1	ENSG00000117305	1	unique_match	UKBB_EUR
OID30215	SNX5	Q9Y5X3	v1	Cardiometabolic_II	/data/Dutta_lab/decode/ukb_ppp/EUR/SNX5_Q9Y5X3_OID30215_v1_Cardiometabolic_II	20	17968980	17941597	17968980	-1	ENSG00000089006	1	unique_match	UKBB_EUR
OID30216	ITPR1	Q14643	v1	Cardiometabolic_II	/data/Dutta_lab/decode/ukb_ppp/EUR/ITPR1_Q14643_OID30216_v1_Cardiometabolic_II	3	4493348	4493348	4847840	1	ENSG00000150995	1	unique_match	UKBB_EUR
OID30217	COQ7	Q99807	v1	Cardiometabolic_II	/data/Dutta_lab/decode/ukb_ppp/EUR/COQ7_Q99807_OID30217_v1_Cardiometabolic_II	16	19067599	19067599	19080095	1	ENSG00000167186	1	unique_match	UKBB_EUR
OID30218	RNF5	Q99942	v1	Cardiometabolic_II	/data/Dutta_lab/decode/ukb_ppp/EUR/RNF5_Q99942_OID30218_v1_Cardiometabolic_II	6	32178354	32178354	32180793	1	ENSG00000204308	1	unique_match	UKBB_EUR
OID30219	LONP1	P36776	v1	Cardiometabolic_II	/data/Dutta_lab/decode/ukb_ppp/EUR/LONP1_P36776_OID30219_v1_Cardiometabolic_II	19	5720572	5691834	5720572	-1	ENSG00000196365	1	unique_match	UKBB_EUR
OID30220	BECN1	Q14457	v1	Cardiometabolic_II	/data/Dutta_lab/decode/ukb_ppp/EUR/BECN1_Q14457_OID30220_v1_Cardiometabolic_II	17	42833350	42810134	42833350	-1	ENSG00000126581	1	unique_match	UKBB_EUR
OID30221	CCER2	I3L3R5	v1	Cardiometabolic_II	/data/Dutta_lab/decode/ukb_ppp/EUR/CCER2_I3L3R5_OID30221_v1_Cardiometabolic_II	19	38912158	38908980	38912158	-1	ENSG00000262484	1	unique_match	UKBB_EUR
OID30222	COMMD1	Q8N668	v1	Cardiometabolic_II	/data/Dutta_lab/decode/ukb_ppp/EUR/COMMD1_Q8N668_OID30222_v1_Cardiometabolic_II	2	61888724	61888724	62147247	1	ENSG00000173163	1	unique_match	UKBB_EUR
OID30223	DMD	P11532	v1	Cardiometabolic_II	/data/Dutta_lab/decode/ukb_ppp/EUR/DMD_P11532_OID30223_v1_Cardiometabolic_II	23	33339441	31097677	33339441	-1	ENSG00000198947	2	multi_match_first	UKBB_EUR
OID30224	EDN1	P05305	v1	Cardiometabolic_II	/data/Dutta_lab/decode/ukb_ppp/EUR/EDN1_P05305_OID30224_v1_Cardiometabolic_II	6	12290363	12290363	12297194	1	ENSG00000078401	1	unique_match	UKBB_EUR
OID30225	SCRIB	Q14160	v1	Cardiometabolic_II	/data/Dutta_lab/decode/ukb_ppp/EUR/SCRIB_Q14160_OID30225_v1_Cardiometabolic_II	8	143815379	143790920	143815379	-1	ENSG00000180900	1	unique_match	UKBB_EUR
OID30226	ROBO4	Q8WZ75	v1	Cardiometabolic_II	/data/Dutta_lab/decode/ukb_ppp/EUR/ROBO4_Q8WZ75_OID30226_v1_Cardiometabolic_II	11	124898500	124883691	124898500	-1	ENSG00000154133	1	unique_match	UKBB_EUR
OID30227	OXCT1	P55809	v1	Cardiometabolic_II	/data/Dutta_lab/decode/ukb_ppp/EUR/OXCT1_P55809_OID30227_v1_Cardiometabolic_II	5	41870519	41730065	41870519	-1	ENSG00000083720	1	unique_match	UKBB_EUR
OID30228	PECR	Q9BY49	v1	Cardiometabolic_II	/data/Dutta_lab/decode/ukb_ppp/EUR/PECR_Q9BY49_OID30228_v1_Cardiometabolic_II	2	216082955	215996329	216082955	-1	ENSG00000115425	1	unique_match	UKBB_EUR
OID30229	EHD3	Q9NZN3	v1	Cardiometabolic_II	/data/Dutta_lab/decode/ukb_ppp/EUR/EHD3_Q9NZN3_OID30229_v1_Cardiometabolic_II	2	31234337	31234337	31269447	1	ENSG00000013016	1	unique_match	UKBB_EUR
OID30230	IDO1	P14902	v1	Cardiometabolic_II	/data/Dutta_lab/decode/ukb_ppp/EUR/IDO1_P14902_OID30230_v1_Cardiometabolic_II	8	39902275	39902275	39928444	1	ENSG00000131203	1	unique_match	UKBB_EUR
OID30231	ENTR1	Q96C92	v1	Cardiometabolic_II	/data/Dutta_lab/decode/ukb_ppp/EUR/ENTR1_Q96C92_OID30231_v1_Cardiometabolic_II							0	missing	UKBB_EUR
OID30232	HSBP1	O75506	v1	Cardiometabolic_II	/data/Dutta_lab/decode/ukb_ppp/EUR/HSBP1_O75506_OID30232_v1_Cardiometabolic_II	16	83807843	83807843	83819737	1	ENSG00000230989	1	unique_match	UKBB_EUR
OID30233	FSHB	P01225	v1	Cardiometabolic_II	/data/Dutta_lab/decode/ukb_ppp/EUR/FSHB_P01225_OID30233_v1_Cardiometabolic_II	11	30231016	30231016	30235261	1	ENSG00000131808	1	unique_match	UKBB_EUR
OID30234	RECK	O95980	v1	Cardiometabolic_II	/data/Dutta_lab/decode/ukb_ppp/EUR/RECK_O95980_OID30234_v1_Cardiometabolic_II	9	36036433	36036433	36124451	1	ENSG00000122707	1	unique_match	UKBB_EUR
OID30235	RNF149	Q8NC42	v1	Cardiometabolic_II	/data/Dutta_lab/decode/ukb_ppp/EUR/RNF149_Q8NC42_OID30235_v1_Cardiometabolic_II	2	101308701	101271219	101308701	-1	ENSG00000163162	1	unique_match	UKBB_EUR
OID30236	AAMDC	Q9H7C9	v1	Cardiometabolic_II	/data/Dutta_lab/decode/ukb_ppp/EUR/AAMDC_Q9H7C9_OID30236_v1_Cardiometabolic_II	11	77821109	77821109	77918432	1	ENSG00000087884	1	unique_match	UKBB_EUR
OID30237	GADD45GIP1	Q8TAE8	v1	Cardiometabolic_II	/data/Dutta_lab/decode/ukb_ppp/EUR/GADD45GIP1_Q8TAE8_OID30237_v1_Cardiometabolic_II	19	12957236	12953119	12957236	-1	ENSG00000179271	1	unique_match	UKBB_EUR
OID30238	RNASE10	Q5GAN6	v1	Cardiometabolic_II	/data/Dutta_lab/decode/ukb_ppp/EUR/RNASE10_Q5GAN6_OID30238_v1_Cardiometabolic_II	14	20505537	20505537	20511169	1	ENSG00000182545	1	unique_match	UKBB_EUR
OID30239	ECHS1	P30084	v1	Cardiometabolic_II	/data/Dutta_lab/decode/ukb_ppp/EUR/ECHS1_P30084_OID30239_v1_Cardiometabolic_II	10	133373689	133362480	133373689	-1	ENSG00000127884	1	unique_match	UKBB_EUR
OID30240	CEP170	Q5SW79	v1	Cardiometabolic_II	/data/Dutta_lab/decode/ukb_ppp/EUR/CEP170_Q5SW79_OID30240_v1_Cardiometabolic_II	1	243255348	243124428	243255348	-1	ENSG00000143702	1	unique_match	UKBB_EUR
OID30241	KHK	P50053	v1	Cardiometabolic_II	/data/Dutta_lab/decode/ukb_ppp/EUR/KHK_P50053_OID30241_v1_Cardiometabolic_II	2	27086747	27086747	27100772	1	ENSG00000138030	1	unique_match	UKBB_EUR
OID30242	ATP6V1G1	O75348	v1	Cardiometabolic_II	/data/Dutta_lab/decode/ukb_ppp/EUR/ATP6V1G1_O75348_OID30242_v1_Cardiometabolic_II	9	114587746	114587746	114598373	1	ENSG00000136888	1	unique_match	UKBB_EUR
OID30243	HS1BP3	Q53T59	v1	Cardiometabolic_II	/data/Dutta_lab/decode/ukb_ppp/EUR/HS1BP3_Q53T59_OID30243_v1_Cardiometabolic_II	2	20651089	20560448	20651089	-1	ENSG00000118960	1	unique_match	UKBB_EUR
OID30244	AHNAK2	Q8IVF2	v1	Cardiometabolic_II	/data/Dutta_lab/decode/ukb_ppp/EUR/AHNAK2_Q8IVF2_OID30244_v1_Cardiometabolic_II	14	104978357	104937244	104978357	-1	ENSG00000185567	1	unique_match	UKBB_EUR
OID30245	MYL4	P12829	v1	Cardiometabolic_II	/data/Dutta_lab/decode/ukb_ppp/EUR/MYL4_P12829_OID30245_v1_Cardiometabolic_II	17	47200446	47200446	47223679	1	ENSG00000198336	1	unique_match	UKBB_EUR
OID30246	APOBR	Q0VD83	v1	Cardiometabolic_II	/data/Dutta_lab/decode/ukb_ppp/EUR/APOBR_Q0VD83_OID30246_v1_Cardiometabolic_II	16	28494649	28494649	28498970	1	ENSG00000184730	1	unique_match	UKBB_EUR
OID30247	DNAJC6	O75061	v1	Cardiometabolic_II	/data/Dutta_lab/decode/ukb_ppp/EUR/DNAJC6_O75061_OID30247_v1_Cardiometabolic_II	1	65248219	65248219	65415869	1	ENSG00000116675	1	unique_match	UKBB_EUR
OID30248	FAM172A	Q8WUF8	v1	Cardiometabolic_II	/data/Dutta_lab/decode/ukb_ppp/EUR/FAM172A_Q8WUF8_OID30248_v1_Cardiometabolic_II	5	94111699	93618069	94111699	-1	ENSG00000113391	1	unique_match	UKBB_EUR
OID30249	CALCOCO2	Q13137	v1	Cardiometabolic_II	/data/Dutta_lab/decode/ukb_ppp/EUR/CALCOCO2_Q13137_OID30249_v1_Cardiometabolic_II	17	48830988	48830988	48866522	1	ENSG00000136436	1	unique_match	UKBB_EUR
OID30250	EPPK1	P58107	v1	Cardiometabolic_II	/data/Dutta_lab/decode/ukb_ppp/EUR/EPPK1_P58107_OID30250_v1_Cardiometabolic_II	8	143878464	143857319	143878464	-1	LRG_880	2	multi_match_first	UKBB_EUR
OID30251	MYL3	P08590	v1	Cardiometabolic_II	/data/Dutta_lab/decode/ukb_ppp/EUR/MYL3_P08590_OID30251_v1_Cardiometabolic_II	3	46863483	46857867	46863483	-1	LRG_395	2	multi_match_first	UKBB_EUR
OID30252	NIT1	Q86X76	v1	Cardiometabolic_II	/data/Dutta_lab/decode/ukb_ppp/EUR/NIT1_Q86X76_OID30252_v1_Cardiometabolic_II	1	161118086	161118086	161125445	1	ENSG00000158793	1	unique_match	UKBB_EUR
OID30253	GATD3	P0DPI2	v1	Cardiometabolic_II	/data/Dutta_lab/decode/ukb_ppp/EUR/GATD3_P0DPI2_OID30253_v1_Cardiometabolic_II							0	missing	UKBB_EUR
OID30254	FSTL1	Q12841	v1	Cardiometabolic_II	/data/Dutta_lab/decode/ukb_ppp/EUR/FSTL1_Q12841_OID30254_v1_Cardiometabolic_II	3	120451253	120392293	120451253	-1	ENSG00000163430	1	unique_match	UKBB_EUR
OID30255	DLL4	Q9NR61	v1	Cardiometabolic_II	/data/Dutta_lab/decode/ukb_ppp/EUR/DLL4_Q9NR61_OID30255_v1_Cardiometabolic_II	15	40929340	40929340	40939072	1	ENSG00000128917	1	unique_match	UKBB_EUR
OID30256	HSDL2	Q6YN16	v1	Cardiometabolic_II	/data/Dutta_lab/decode/ukb_ppp/EUR/HSDL2_Q6YN16_OID30256_v1_Cardiometabolic_II	9	112379937	112379937	112472410	1	ENSG00000119471	1	unique_match	UKBB_EUR
OID30257	RBPMS2	Q6ZRY4	v1	Cardiometabolic_II	/data/Dutta_lab/decode/ukb_ppp/EUR/RBPMS2_Q6ZRY4_OID30257_v1_Cardiometabolic_II	15	64775587	64739892	64775587	-1	ENSG00000166831	1	unique_match	UKBB_EUR
OID30258	RANBP1	P43487	v1	Cardiometabolic_II	/data/Dutta_lab/decode/ukb_ppp/EUR/RANBP1_P43487_OID30258_v1_Cardiometabolic_II	22	20115938	20115938	20127357	1	ENSG00000099901	1	unique_match	UKBB_EUR
OID30259	INPP5D	Q92835	v1	Cardiometabolic_II	/data/Dutta_lab/decode/ukb_ppp/EUR/INPP5D_Q92835_OID30259_v1_Cardiometabolic_II	2	233059967	233059967	233207903	1	ENSG00000168918	1	unique_match	UKBB_EUR
OID30260	AHNAK	Q09666	v1	Cardiometabolic_II	/data/Dutta_lab/decode/ukb_ppp/EUR/AHNAK_Q09666_OID30260_v1_Cardiometabolic_II	11	62556235	62433542	62556235	-1	ENSG00000124942	1	unique_match	UKBB_EUR
OID30261	SIGLEC8	Q9NYZ4	v1	Cardiometabolic_II	/data/Dutta_lab/decode/ukb_ppp/EUR/SIGLEC8_Q9NYZ4_OID30261_v1_Cardiometabolic_II	19	51458456	51450847	51458456	-1	ENSG00000105366	1	unique_match	UKBB_EUR
OID30262	MAN1A2	O60476	v1	Cardiometabolic_II	/data/Dutta_lab/decode/ukb_ppp/EUR/MAN1A2_O60476_OID30262_v1_Cardiometabolic_II	1	117367449	117367449	117528872	1	ENSG00000198162	1	unique_match	UKBB_EUR
OID30263	ANXA2	P07355	v1	Cardiometabolic_II	/data/Dutta_lab/decode/ukb_ppp/EUR/ANXA2_P07355_OID30263_v1_Cardiometabolic_II	15	60402883	60347134	60402883	-1	ENSG00000182718	1	unique_match	UKBB_EUR
OID30264	GRP	P07492	v1	Cardiometabolic_II	/data/Dutta_lab/decode/ukb_ppp/EUR/GRP_P07492_OID30264_v1_Cardiometabolic_II	18	59220168	59220168	59230774	1	ENSG00000134443	1	unique_match	UKBB_EUR
OID30265	ZP3	P21754	v1	Cardiometabolic_II	/data/Dutta_lab/decode/ukb_ppp/EUR/ZP3_P21754_OID30265_v1_Cardiometabolic_II	7	76397518	76397518	76442071	1	ENSG00000188372	1	unique_match	UKBB_EUR
OID30266	LIPF	P07098	v1	Cardiometabolic_II	/data/Dutta_lab/decode/ukb_ppp/EUR/LIPF_P07098_OID30266_v1_Cardiometabolic_II	10	88664441	88664441	88678814	1	ENSG00000182333	1	unique_match	UKBB_EUR
OID30268	NFE2	Q16621	v1	Cardiometabolic_II	/data/Dutta_lab/decode/ukb_ppp/EUR/NFE2_Q16621_OID30268_v1_Cardiometabolic_II	12	54301121	54292111	54301121	-1	ENSG00000123405	1	unique_match	UKBB_EUR
OID30269	SEC31A	O94979	v1	Cardiometabolic_II	/data/Dutta_lab/decode/ukb_ppp/EUR/SEC31A_O94979_OID30269_v1_Cardiometabolic_II	4	82901166	82818661	82901166	-1	ENSG00000138674	1	unique_match	UKBB_EUR
OID30270	EIF2S2	P20042	v1	Cardiometabolic_II	/data/Dutta_lab/decode/ukb_ppp/EUR/EIF2S2_P20042_OID30270_v1_Cardiometabolic_II	20	34112332	34088298	34112332	-1	ENSG00000125977	1	unique_match	UKBB_EUR
OID30271	NAGK	Q9UJ70	v1	Cardiometabolic_II	/data/Dutta_lab/decode/ukb_ppp/EUR/NAGK_Q9UJ70_OID30271_v1_Cardiometabolic_II	2	71064344	71064344	71079805	1	ENSG00000124357	1	unique_match	UKBB_EUR
OID30272	CRYZL1	O95825	v1	Cardiometabolic_II	/data/Dutta_lab/decode/ukb_ppp/EUR/CRYZL1_O95825_OID30272_v1_Cardiometabolic_II	21	33643926	33589341	33643926	-1	ENSG00000205758	1	unique_match	UKBB_EUR
OID30273	ENPP6	Q6UWR7	v1	Cardiometabolic_II	/data/Dutta_lab/decode/ukb_ppp/EUR/ENPP6_Q6UWR7_OID30273_v1_Cardiometabolic_II	4	184221230	184088706	184221230	-1	ENSG00000164303	1	unique_match	UKBB_EUR
OID30274	MECR	Q9BV79	v1	Cardiometabolic_II	/data/Dutta_lab/decode/ukb_ppp/EUR/MECR_Q9BV79_OID30274_v1_Cardiometabolic_II	1	29230942	29192873	29230942	-1	ENSG00000116353	1	unique_match	UKBB_EUR
OID30275	ADAMTSL4	Q6UY14	v1	Cardiometabolic_II	/data/Dutta_lab/decode/ukb_ppp/EUR/ADAMTSL4_Q6UY14_OID30275_v1_Cardiometabolic_II	1	150549369	150549369	150560937	1	ENSG00000143382	1	unique_match	UKBB_EUR
OID30276	PRRT3	Q5FWE3	v1	Cardiometabolic_II	/data/Dutta_lab/decode/ukb_ppp/EUR/PRRT3_Q5FWE3_OID30276_v1_Cardiometabolic_II	3	9952394	9945542	9952394	-1	ENSG00000163704	1	unique_match	UKBB_EUR
OID30277	SCN4B	Q8IWT1	v1	Cardiometabolic_II	/data/Dutta_lab/decode/ukb_ppp/EUR/SCN4B_Q8IWT1_OID30277_v1_Cardiometabolic_II	11	118152888	118133377	118152888	-1	ENSG00000177098	2	multi_match_first	UKBB_EUR
OID30278	SCPEP1	Q9HB40	v1	Cardiometabolic_II	/data/Dutta_lab/decode/ukb_ppp/EUR/SCPEP1_Q9HB40_OID30278_v1_Cardiometabolic_II	17	56978105	56978105	57006768	1	ENSG00000121064	1	unique_match	UKBB_EUR
OID30279	BPIFA2	Q96DR5	v1	Cardiometabolic_II	/data/Dutta_lab/decode/ukb_ppp/EUR/BPIFA2_Q96DR5_OID30279_v1_Cardiometabolic_II	20	33161768	33161768	33181412	1	ENSG00000131050	1	unique_match	UKBB_EUR
OID30280	LAMB1	P07942	v1	Cardiometabolic_II	/data/Dutta_lab/decode/ukb_ppp/EUR/LAMB1_P07942_OID30280_v1_Cardiometabolic_II	7	108003255	107923799	108003255	-1	ENSG00000091136	1	unique_match	UKBB_EUR
OID30281	B3GNT7	Q8NFL0	v1	Cardiometabolic_II	/data/Dutta_lab/decode/ukb_ppp/EUR/B3GNT7_Q8NFL0_OID30281_v1_Cardiometabolic_II	2	231395543	231395543	231401164	1	ENSG00000156966	1	unique_match	UKBB_EUR
OID30282	POMC	P01189	v1	Cardiometabolic_II	/data/Dutta_lab/decode/ukb_ppp/EUR/POMC_P01189_OID30282_v1_Cardiometabolic_II	2	25168903	25160853	25168903	-1	ENSG00000115138	1	unique_match	UKBB_EUR
OID30283	ASRGL1	Q7L266	v1	Cardiometabolic_II	/data/Dutta_lab/decode/ukb_ppp/EUR/ASRGL1_Q7L266_OID30283_v1_Cardiometabolic_II	11	62337448	62337448	62393412	1	ENSG00000162174	1	unique_match	UKBB_EUR
OID30284	RPL14	P50914	v1	Cardiometabolic_II	/data/Dutta_lab/decode/ukb_ppp/EUR/RPL14_P50914_OID30284_v1_Cardiometabolic_II	3	40457292	40457292	40468587	1	ENSG00000188846	1	unique_match	UKBB_EUR
OID30285	CNP	P09543	v1	Cardiometabolic_II	/data/Dutta_lab/decode/ukb_ppp/EUR/CNP_P09543_OID30285_v1_Cardiometabolic_II	17	41966741	41966741	41977731	1	ENSG00000173786	1	unique_match	UKBB_EUR
OID30286	COL2A1	P02458	v1	Cardiometabolic_II	/data/Dutta_lab/decode/ukb_ppp/EUR/COL2A1_P02458_OID30286_v1_Cardiometabolic_II	12	48004486	47972965	48004486	-1	ENSG00000139219	1	unique_match	UKBB_EUR
OID30287	TMEM132A	Q24JP5	v1	Cardiometabolic_II	/data/Dutta_lab/decode/ukb_ppp/EUR/TMEM132A_Q24JP5_OID30287_v1_Cardiometabolic_II	11	60924463	60924463	60937159	1	ENSG00000006118	1	unique_match	UKBB_EUR
OID30288	GIP	P09681	v1	Cardiometabolic_II	/data/Dutta_lab/decode/ukb_ppp/EUR/GIP_P09681_OID30288_v1_Cardiometabolic_II	17	48968596	48958554	48968596	-1	ENSG00000159224	1	unique_match	UKBB_EUR
OID30289	GRHPR	Q9UBQ7	v1	Cardiometabolic_II	/data/Dutta_lab/decode/ukb_ppp/EUR/GRHPR_Q9UBQ7_OID30289_v1_Cardiometabolic_II	9	37422666	37422666	37436990	1	ENSG00000137106	1	unique_match	UKBB_EUR
OID30290	GGACT	Q9BVM4	v1	Cardiometabolic_II	/data/Dutta_lab/decode/ukb_ppp/EUR/GGACT_Q9BVM4_OID30290_v1_Cardiometabolic_II	13	100589528	100530164	100589528	-1	ENSG00000134864	1	unique_match	UKBB_EUR
OID30291	CD80	P33681	v1	Cardiometabolic_II	/data/Dutta_lab/decode/ukb_ppp/EUR/CD80_P33681_OID30291_v1_Cardiometabolic_II	3	119559602	119524293	119559602	-1	ENSG00000121594	1	unique_match	UKBB_EUR
OID30292	BNIP2	Q12982	v1	Cardiometabolic_II	/data/Dutta_lab/decode/ukb_ppp/EUR/BNIP2_Q12982_OID30292_v1_Cardiometabolic_II	15	59689534	59659146	59689534	-1	ENSG00000140299	1	unique_match	UKBB_EUR
OID30293	ECHDC3	Q96DC8	v1	Cardiometabolic_II	/data/Dutta_lab/decode/ukb_ppp/EUR/ECHDC3_Q96DC8_OID30293_v1_Cardiometabolic_II	10	11742366	11742366	11764070	1	ENSG00000134463	1	unique_match	UKBB_EUR
OID30294	NT5C	Q8TCD5	v1	Cardiometabolic_II	/data/Dutta_lab/decode/ukb_ppp/EUR/NT5C_Q8TCD5_OID30294_v1_Cardiometabolic_II	17	75131795	75130225	75131795	-1	ENSG00000125458	1	unique_match	UKBB_EUR
OID30295	GALNT5	Q7Z7M9	v1	Cardiometabolic_II	/data/Dutta_lab/decode/ukb_ppp/EUR/GALNT5_Q7Z7M9_OID30295_v1_Cardiometabolic_II	2	157257598	157257598	157314211	1	ENSG00000136542	1	unique_match	UKBB_EUR
OID30296	MYBPC1	Q00872	v1	Cardiometabolic_II	/data/Dutta_lab/decode/ukb_ppp/EUR/MYBPC1_Q00872_OID30296_v1_Cardiometabolic_II	12	101568353	101568353	101686018	1	ENSG00000196091	1	unique_match	UKBB_EUR
OID30297	PTGR1	Q14914	v1	Cardiometabolic_II	/data/Dutta_lab/decode/ukb_ppp/EUR/PTGR1_Q14914_OID30297_v1_Cardiometabolic_II	9	111599855	111562577	111599855	-1	ENSG00000106853	1	unique_match	UKBB_EUR
OID30298	SPESP1	Q6UW49	v1	Cardiometabolic_II	/data/Dutta_lab/decode/ukb_ppp/EUR/SPESP1_Q6UW49_OID30298_v1_Cardiometabolic_II	15	68818221	68818221	68946811	1	ENSG00000258484	1	unique_match	UKBB_EUR
OID30299	MMP15	P51511	v1	Cardiometabolic_II	/data/Dutta_lab/decode/ukb_ppp/EUR/MMP15_P51511_OID30299_v1_Cardiometabolic_II	16	58025566	58025566	58046901	1	ENSG00000102996	1	unique_match	UKBB_EUR
OID30300	NGFR	P08138	v1	Cardiometabolic_II	/data/Dutta_lab/decode/ukb_ppp/EUR/NGFR_P08138_OID30300_v1_Cardiometabolic_II	17	49495293	49495293	49515017	1	ENSG00000064300	1	unique_match	UKBB_EUR
OID30301	ELN	P15502	v1	Cardiometabolic_II	/data/Dutta_lab/decode/ukb_ppp/EUR/ELN_P15502_OID30301_v1_Cardiometabolic_II	7	74027789	74027789	74069907	1	ENSG00000049540	1	unique_match	UKBB_EUR
OID30302	EHBP1	Q8NDI1	v1	Cardiometabolic_II	/data/Dutta_lab/decode/ukb_ppp/EUR/EHBP1_Q8NDI1_OID30302_v1_Cardiometabolic_II	2	62673851	62673851	63046487	1	ENSG00000115504	1	unique_match	UKBB_EUR
OID30303	GET3	O43681	v1	Cardiometabolic_II	/data/Dutta_lab/decode/ukb_ppp/EUR/GET3_O43681_OID30303_v1_Cardiometabolic_II							0	missing	UKBB_EUR
OID30304	GGCT	O75223	v1	Cardiometabolic_II	/data/Dutta_lab/decode/ukb_ppp/EUR/GGCT_O75223_OID30304_v1_Cardiometabolic_II	7	30504844	30496621	30504844	-1	ENSG00000006625	1	unique_match	UKBB_EUR
OID30305	COCH	O43405	v1	Cardiometabolic_II	/data/Dutta_lab/decode/ukb_ppp/EUR/COCH_O43405_OID30305_v1_Cardiometabolic_II	14	30874514	30874514	30895065	1	ENSG00000100473	1	unique_match	UKBB_EUR
OID30306	MAN2B2	Q9Y2E5	v1	Cardiometabolic_II	/data/Dutta_lab/decode/ukb_ppp/EUR/MAN2B2_Q9Y2E5_OID30306_v1_Cardiometabolic_II	4	6575175	6575175	6623362	1	ENSG00000013288	1	unique_match	UKBB_EUR
OID30307	HBZ	P02008	v1	Cardiometabolic_II	/data/Dutta_lab/decode/ukb_ppp/EUR/HBZ_P02008_OID30307_v1_Cardiometabolic_II	16	152687	152687	154503	1	ENSG00000130656	1	unique_match	UKBB_EUR
OID30308	DTYMK	P23919	v1	Cardiometabolic_II	/data/Dutta_lab/decode/ukb_ppp/EUR/DTYMK_P23919_OID30308_v1_Cardiometabolic_II	2	241686991	241675742	241686991	-1	ENSG00000168393	1	unique_match	UKBB_EUR
OID30309	MAMDC2	Q7Z304	v1	Cardiometabolic_II	/data/Dutta_lab/decode/ukb_ppp/EUR/MAMDC2_Q7Z304_OID30309_v1_Cardiometabolic_II	9	70043581	70043581	70226970	1	ENSG00000165072	1	unique_match	UKBB_EUR
OID30310	SRPX	P78539	v1	Cardiometabolic_II	/data/Dutta_lab/decode/ukb_ppp/EUR/SRPX_P78539_OID30310_v1_Cardiometabolic_II	23	38220924	38149336	38220924	-1	ENSG00000101955	1	unique_match	UKBB_EUR
OID30311	BPIFB2	Q8N4F0	v1	Cardiometabolic_II	/data/Dutta_lab/decode/ukb_ppp/EUR/BPIFB2_Q8N4F0_OID30311_v1_Cardiometabolic_II	20	33007600	33007600	33023709	1	ENSG00000078898	1	unique_match	UKBB_EUR
OID30312	BCAT1	P54687	v1	Cardiometabolic_II	/data/Dutta_lab/decode/ukb_ppp/EUR/BCAT1_P54687_OID30312_v1_Cardiometabolic_II	12	24949459	24810022	24949459	-1	ENSG00000060982	1	unique_match	UKBB_EUR
OID30313	MYDGF	Q969H8	v1	Cardiometabolic_II	/data/Dutta_lab/decode/ukb_ppp/EUR/MYDGF_Q969H8_OID30313_v1_Cardiometabolic_II	19	4670370	4641374	4670370	-1	ENSG00000074842	1	unique_match	UKBB_EUR
OID30314	L3HYPDH	Q96EM0	v1	Cardiometabolic_II	/data/Dutta_lab/decode/ukb_ppp/EUR/L3HYPDH_Q96EM0_OID30314_v1_Cardiometabolic_II	14	59484430	59460363	59484430	-1	ENSG00000126790	1	unique_match	UKBB_EUR
OID30315	ASPN	Q9BXN1	v1	Cardiometabolic_II	/data/Dutta_lab/decode/ukb_ppp/EUR/ASPN_Q9BXN1_OID30315_v1_Cardiometabolic_II	9	92482506	92456205	92482506	-1	ENSG00000106819	1	unique_match	UKBB_EUR
OID30316	TCOF1	Q13428	v1	Cardiometabolic_II	/data/Dutta_lab/decode/ukb_ppp/EUR/TCOF1_Q13428_OID30316_v1_Cardiometabolic_II	5	150357639	150357639	150400308	1	ENSG00000070814	1	unique_match	UKBB_EUR
OID30317	COX6B1	P14854	v1	Cardiometabolic_II	/data/Dutta_lab/decode/ukb_ppp/EUR/COX6B1_P14854_OID30317_v1_Cardiometabolic_II	19	35648223	35648223	35658861	1	ENSG00000126267	1	unique_match	UKBB_EUR
OID30318	TIMP2	P16035	v1	Cardiometabolic_II	/data/Dutta_lab/decode/ukb_ppp/EUR/TIMP2_P16035_OID30318_v1_Cardiometabolic_II	17	78925387	78852977	78925387	-1	ENSG00000035862	1	unique_match	UKBB_EUR
OID30319	CRYBB1	P53674	v1	Cardiometabolic_II	/data/Dutta_lab/decode/ukb_ppp/EUR/CRYBB1_P53674_OID30319_v1_Cardiometabolic_II	22	26618088	26599278	26618088	-1	ENSG00000100122	1	unique_match	UKBB_EUR
OID30320	LECT2	O14960	v1	Cardiometabolic_II	/data/Dutta_lab/decode/ukb_ppp/EUR/LECT2_O14960_OID30320_v1_Cardiometabolic_II	5	135955034	135922279	135955034	-1	ENSG00000145826	1	unique_match	UKBB_EUR
OID30321	UBE2L6	O14933	v1	Cardiometabolic_II	/data/Dutta_lab/decode/ukb_ppp/EUR/UBE2L6_O14933_OID30321_v1_Cardiometabolic_II	11	57568284	57551656	57568284	-1	ENSG00000156587	1	unique_match	UKBB_EUR
OID30322	CPXM2	Q8N436	v1	Cardiometabolic_II	/data/Dutta_lab/decode/ukb_ppp/EUR/CPXM2_Q8N436_OID30322_v1_Cardiometabolic_II	10	123940267	123706207	123940267	-1	ENSG00000121898	1	unique_match	UKBB_EUR
OID30323	PDAP1	Q13442	v1	Cardiometabolic_II	/data/Dutta_lab/decode/ukb_ppp/EUR/PDAP1_Q13442_OID30323_v1_Cardiometabolic_II	7	99408829	99392048	99408829	-1	ENSG00000106244	1	unique_match	UKBB_EUR
OID30324	PTPRB	P23467	v1	Cardiometabolic_II	/data/Dutta_lab/decode/ukb_ppp/EUR/PTPRB_P23467_OID30324_v1_Cardiometabolic_II	12	70637440	70515866	70637440	-1	ENSG00000127329	1	unique_match	UKBB_EUR
OID30325	RAB11FIP3	O75154	v1	Cardiometabolic_II	/data/Dutta_lab/decode/ukb_ppp/EUR/RAB11FIP3_O75154_OID30325_v1_Cardiometabolic_II	16	425619	425619	523011	1	ENSG00000090565	1	unique_match	UKBB_EUR
OID30326	TCTN3	Q6NUS6	v1	Cardiometabolic_II	/data/Dutta_lab/decode/ukb_ppp/EUR/TCTN3_Q6NUS6_OID30326_v1_Cardiometabolic_II	10	95694143	95663396	95694143	-1	ENSG00000119977	1	unique_match	UKBB_EUR
OID30327	CHMP6	Q96FZ7	v1	Cardiometabolic_II	/data/Dutta_lab/decode/ukb_ppp/EUR/CHMP6_Q96FZ7_OID30327_v1_Cardiometabolic_II	17	80991598	80991598	81009517	1	ENSG00000176108	1	unique_match	UKBB_EUR
OID30328	PKD1	P98161	v1	Cardiometabolic_II	/data/Dutta_lab/decode/ukb_ppp/EUR/PKD1_P98161_OID30328_v1_Cardiometabolic_II	16	2135898	2088710	2135898	-1	ENSG00000008710	1	unique_match	UKBB_EUR
OID30329	NPL	Q9BXD5	v1	Cardiometabolic_II	/data/Dutta_lab/decode/ukb_ppp/EUR/NPL_Q9BXD5_OID30329_v1_Cardiometabolic_II	1	182789293	182789293	182830384	1	ENSG00000135838	1	unique_match	UKBB_EUR
OID30330	IGSF9	Q9P2J2	v1	Cardiometabolic_II	/data/Dutta_lab/decode/ukb_ppp/EUR/IGSF9_Q9P2J2_OID30330_v1_Cardiometabolic_II	1	159945604	159927039	159945604	-1	ENSG00000085552	1	unique_match	UKBB_EUR
OID30331	SARG	Q9BW04	v1	Cardiometabolic_II	/data/Dutta_lab/decode/ukb_ppp/EUR/SARG_Q9BW04_OID30331_v1_Cardiometabolic_II							0	missing	UKBB_EUR
OID30332	FCAMR	Q8WWV6	v1	Cardiometabolic_II	/data/Dutta_lab/decode/ukb_ppp/EUR/FCAMR_Q8WWV6_OID30332_v1_Cardiometabolic_II	1	206970625	206957965	206970625	-1	ENSG00000162897	1	unique_match	UKBB_EUR
OID30333	SCRG1	O75711	v1	Cardiometabolic_II	/data/Dutta_lab/decode/ukb_ppp/EUR/SCRG1_O75711_OID30333_v1_Cardiometabolic_II	4	173406380	173384701	173406380	-1	ENSG00000164106	1	unique_match	UKBB_EUR
OID30334	VIT	Q6UXI7	v1	Cardiometabolic_II	/data/Dutta_lab/decode/ukb_ppp/EUR/VIT_Q6UXI7_OID30334_v1_Cardiometabolic_II	2	36696690	36696690	36814792	1	ENSG00000205221	1	unique_match	UKBB_EUR
OID30335	EEF1D	P29692	v1	Cardiometabolic_II	/data/Dutta_lab/decode/ukb_ppp/EUR/EEF1D_P29692_OID30335_v1_Cardiometabolic_II	8	143599541	143579697	143599541	-1	ENSG00000104529	1	unique_match	UKBB_EUR
OID30336	NIT2	Q9NQR4	v1	Cardiometabolic_II	/data/Dutta_lab/decode/ukb_ppp/EUR/NIT2_Q9NQR4_OID30336_v1_Cardiometabolic_II	3	100334701	100334701	100361635	1	ENSG00000114021	1	unique_match	UKBB_EUR
OID30337	HEPH	Q9BQS7	v1	Cardiometabolic_II	/data/Dutta_lab/decode/ukb_ppp/EUR/HEPH_Q9BQS7_OID30337_v1_Cardiometabolic_II	23	66162549	66162549	66268867	1	ENSG00000089472	1	unique_match	UKBB_EUR
OID30338	TPK1	Q9H3S4	v1	Cardiometabolic_II	/data/Dutta_lab/decode/ukb_ppp/EUR/TPK1_Q9H3S4_OID30338_v1_Cardiometabolic_II	7	144836395	144451941	144836395	-1	ENSG00000196511	1	unique_match	UKBB_EUR
OID30339	SYTL4	Q96C24	v1	Cardiometabolic_II	/data/Dutta_lab/decode/ukb_ppp/EUR/SYTL4_Q96C24_OID30339_v1_Cardiometabolic_II	23	100732123	100674491	100732123	-1	ENSG00000102362	1	unique_match	UKBB_EUR
OID30340	GMFG	O60234	v1	Cardiometabolic_II	/data/Dutta_lab/decode/ukb_ppp/EUR/GMFG_O60234_OID30340_v1_Cardiometabolic_II	19	39342372	39328353	39342372	-1	ENSG00000130755	1	unique_match	UKBB_EUR
OID30341	SGSH	P51688	v1	Cardiometabolic_II	/data/Dutta_lab/decode/ukb_ppp/EUR/SGSH_P51688_OID30341_v1_Cardiometabolic_II	17	80220923	80206716	80220923	-1	ENSG00000181523	1	unique_match	UKBB_EUR
OID30342	RILPL2	Q969X0	v1	Cardiometabolic_II	/data/Dutta_lab/decode/ukb_ppp/EUR/RILPL2_Q969X0_OID30342_v1_Cardiometabolic_II	12	123436717	123410683	123436717	-1	ENSG00000150977	1	unique_match	UKBB_EUR
OID30343	PTPRZ1	P23471	v1	Cardiometabolic_II	/data/Dutta_lab/decode/ukb_ppp/EUR/PTPRZ1_P23471_OID30343_v1_Cardiometabolic_II	7	121873089	121873089	122062036	1	ENSG00000106278	1	unique_match	UKBB_EUR
OID30344	PGD	P52209	v1	Cardiometabolic_II	/data/Dutta_lab/decode/ukb_ppp/EUR/PGD_P52209_OID30344_v1_Cardiometabolic_II	1	10398592	10398592	10420144	1	ENSG00000142657	1	unique_match	UKBB_EUR
OID30345	CDA	P32320	v1	Cardiometabolic_II	/data/Dutta_lab/decode/ukb_ppp/EUR/CDA_P32320_OID30345_v1_Cardiometabolic_II	1	20588948	20588948	20618908	1	ENSG00000158825	1	unique_match	UKBB_EUR
OID30346	LILRA6	Q6PI73	v1	Cardiometabolic_II	/data/Dutta_lab/decode/ukb_ppp/EUR/LILRA6_Q6PI73_OID30346_v1_Cardiometabolic_II	19	54242791	54236592	54242791	-1	ENSG00000244482	1	unique_match	UKBB_EUR
OID30347	MELTF	P08582	v1	Cardiometabolic_II	/data/Dutta_lab/decode/ukb_ppp/EUR/MELTF_P08582_OID30347_v1_Cardiometabolic_II	3	197029816	196988621	197029816	-1	ENSG00000163975	1	unique_match	UKBB_EUR
OID30348	FAM20A	Q96MK3	v1	Cardiometabolic_II	/data/Dutta_lab/decode/ukb_ppp/EUR/FAM20A_Q96MK3_OID30348_v1_Cardiometabolic_II	17	68601389	68535113	68601389	-1	ENSG00000108950	1	unique_match	UKBB_EUR
OID30349	ADGRF5	Q8IZF2	v1	Cardiometabolic_II	/data/Dutta_lab/decode/ukb_ppp/EUR/ADGRF5_Q8IZF2_OID30349_v1_Cardiometabolic_II	6	46954943	46852512	46954943	-1	ENSG00000069122	1	unique_match	UKBB_EUR
OID30350	PPM1F	P49593	v1	Cardiometabolic_II	/data/Dutta_lab/decode/ukb_ppp/EUR/PPM1F_P49593_OID30350_v1_Cardiometabolic_II	22	21952837	21919420	21952837	-1	ENSG00000100034	1	unique_match	UKBB_EUR
OID30351	FABP3	P05413	v1	Cardiometabolic_II	/data/Dutta_lab/decode/ukb_ppp/EUR/FABP3_P05413_OID30351_v1_Cardiometabolic_II	1	31376850	31365625	31376850	-1	ENSG00000121769	1	unique_match	UKBB_EUR
OID30352	UPB1	Q9UBR1	v1	Cardiometabolic_II	/data/Dutta_lab/decode/ukb_ppp/EUR/UPB1_Q9UBR1_OID30352_v1_Cardiometabolic_II	22	24494107	24494107	24528390	1	ENSG00000100024	1	unique_match	UKBB_EUR
OID30353	TOMM20	Q15388	v1	Cardiometabolic_II	/data/Dutta_lab/decode/ukb_ppp/EUR/TOMM20_Q15388_OID30353_v1_Cardiometabolic_II	1	235128936	235109336	235128936	-1	ENSG00000173726	1	unique_match	UKBB_EUR
OID30354	RAB27B	O00194	v1	Cardiometabolic_II	/data/Dutta_lab/decode/ukb_ppp/EUR/RAB27B_O00194_OID30354_v1_Cardiometabolic_II	18	54717860	54717860	54895516	1	ENSG00000041353	1	unique_match	UKBB_EUR
OID30355	ADAMTSL5	Q6ZMM2	v1	Cardiometabolic_II	/data/Dutta_lab/decode/ukb_ppp/EUR/ADAMTSL5_Q6ZMM2_OID30355_v1_Cardiometabolic_II	19	1513604	1505018	1513604	-1	ENSG00000185761	1	unique_match	UKBB_EUR
OID30356	ACADSB	P45954	v1	Cardiometabolic_II	/data/Dutta_lab/decode/ukb_ppp/EUR/ACADSB_P45954_OID30356_v1_Cardiometabolic_II	10	123008913	123008913	123058290	1	LRG_451	2	multi_match_first	UKBB_EUR
OID30357	RAB10	P61026	v1	Cardiometabolic_II	/data/Dutta_lab/decode/ukb_ppp/EUR/RAB10_P61026_OID30357_v1_Cardiometabolic_II	2	26034107	26034107	26137454	1	ENSG00000084733	1	unique_match	UKBB_EUR
OID30358	TIMM10	P62072	v1	Cardiometabolic_II	/data/Dutta_lab/decode/ukb_ppp/EUR/TIMM10_P62072_OID30358_v1_Cardiometabolic_II	11	57530803	57528463	57530803	-1	ENSG00000134809	1	unique_match	UKBB_EUR
OID30359	SERPINE2	P07093	v1	Cardiometabolic_II	/data/Dutta_lab/decode/ukb_ppp/EUR/SERPINE2_P07093_OID30359_v1_Cardiometabolic_II	2	224039319	223975112	224039319	-1	ENSG00000135919	1	unique_match	UKBB_EUR
OID30360	CMC1	Q7Z7K0	v1	Cardiometabolic_II	/data/Dutta_lab/decode/ukb_ppp/EUR/CMC1_Q7Z7K0_OID30360_v1_Cardiometabolic_II	3	28241584	28241584	28325142	1	ENSG00000187118	1	unique_match	UKBB_EUR
OID30361	LRRC59	Q96AG4	v1	Cardiometabolic_II	/data/Dutta_lab/decode/ukb_ppp/EUR/LRRC59_Q96AG4_OID30361_v1_Cardiometabolic_II	17	50397553	50375059	50397553	-1	ENSG00000108829	1	unique_match	UKBB_EUR
OID30362	CEACAM6	P40199	v1	Cardiometabolic_II	/data/Dutta_lab/decode/ukb_ppp/EUR/CEACAM6_P40199_OID30362_v1_Cardiometabolic_II	19	41750977	41750977	41772208	1	ENSG00000086548	1	unique_match	UKBB_EUR
OID30363	CTLA4	P16410	v1	Cardiometabolic_II	/data/Dutta_lab/decode/ukb_ppp/EUR/CTLA4_P16410_OID30363_v1_Cardiometabolic_II	2	203867786	203867786	203873960	1	ENSG00000163599	1	unique_match	UKBB_EUR
OID30364	KLK3	P07288	v1	Cardiometabolic_II	/data/Dutta_lab/decode/ukb_ppp/EUR/KLK3_P07288_OID30364_v1_Cardiometabolic_II	19	50854915	50854915	50860764	1	ENSG00000142515	1	unique_match	UKBB_EUR
OID30365	ISM2	Q6H9L7	v1	Cardiometabolic_II	/data/Dutta_lab/decode/ukb_ppp/EUR/ISM2_Q6H9L7_OID30365_v1_Cardiometabolic_II	14	77498850	77474394	77498850	-1	ENSG00000100593	1	unique_match	UKBB_EUR
OID30366	AMDHD2	Q9Y303	v1	Cardiometabolic_II	/data/Dutta_lab/decode/ukb_ppp/EUR/AMDHD2_Q9Y303_OID30366_v1_Cardiometabolic_II	16	2520357	2520357	2531422	1	ENSG00000162066	1	unique_match	UKBB_EUR
OID30367	LCP1	P13796	v1	Cardiometabolic_II	/data/Dutta_lab/decode/ukb_ppp/EUR/LCP1_P13796_OID30367_v1_Cardiometabolic_II	13	46211871	46125920	46211871	-1	ENSG00000136167	1	unique_match	UKBB_EUR
OID30369	SLC4A1	P02730	v1	Cardiometabolic_II	/data/Dutta_lab/decode/ukb_ppp/EUR/SLC4A1_P02730_OID30369_v1_Cardiometabolic_II	17	44268141	44248385	44268141	-1	ENSG00000004939	1	unique_match	UKBB_EUR
OID30370	ADAMTSL2	Q86TH1	v1	Cardiometabolic_II	/data/Dutta_lab/decode/ukb_ppp/EUR/ADAMTSL2_Q86TH1_OID30370_v1_Cardiometabolic_II	9	133532164	133532164	133575519	1	ENSG00000197859	1	unique_match	UKBB_EUR
OID30372	DDT	P30046	v1	Cardiometabolic_II	/data/Dutta_lab/decode/ukb_ppp/EUR/DDT_P30046_OID30372_v1_Cardiometabolic_II	22	23980469	23971365	23980469	-1	ENSG00000099977	1	unique_match	UKBB_EUR
OID30373	BDNF	P23560	v1	Cardiometabolic_II	/data/Dutta_lab/decode/ukb_ppp/EUR/BDNF_P23560_OID30373_v1_Cardiometabolic_II	11	27722058	27654893	27722058	-1	ENSG00000176697	1	unique_match	UKBB_EUR
OID30374	CYTL1	Q9NRR1	v1	Cardiometabolic_II	/data/Dutta_lab/decode/ukb_ppp/EUR/CYTL1_Q9NRR1_OID30374_v1_Cardiometabolic_II	4	5019472	5014586	5019472	-1	ENSG00000170891	1	unique_match	UKBB_EUR
OID30375	PDIA4	P13667	v1	Cardiometabolic_II	/data/Dutta_lab/decode/ukb_ppp/EUR/PDIA4_P13667_OID30375_v1_Cardiometabolic_II	7	149028641	149003062	149028641	-1	ENSG00000155660	1	unique_match	UKBB_EUR
OID30376	LILRA3	Q8N6C8	v1	Cardiometabolic_II	/data/Dutta_lab/decode/ukb_ppp/EUR/LILRA3_Q8N6C8_OID30376_v1_Cardiometabolic_II							0	missing	UKBB_EUR
OID30377	MUC2	Q02817	v1	Cardiometabolic_II	/data/Dutta_lab/decode/ukb_ppp/EUR/MUC2_Q02817_OID30377_v1_Cardiometabolic_II	11	1074875	1074875	1110511	1	ENSG00000198788	1	unique_match	UKBB_EUR
OID30378	FBLN2	P98095	v1	Cardiometabolic_II	/data/Dutta_lab/decode/ukb_ppp/EUR/FBLN2_P98095_OID30378_v1_Cardiometabolic_II	3	13549131	13549131	13638422	1	ENSG00000163520	1	unique_match	UKBB_EUR
OID30379	COL3A1	P02461	v1	Cardiometabolic_II	/data/Dutta_lab/decode/ukb_ppp/EUR/COL3A1_P02461_OID30379_v1_Cardiometabolic_II	2	188974320	188974320	189012746	1	ENSG00000168542	2	multi_match_first	UKBB_EUR
OID30380	PTPRC	P08575	v1	Cardiometabolic_II	/data/Dutta_lab/decode/ukb_ppp/EUR/PTPRC_P08575_OID30380_v1_Cardiometabolic_II	1	198638671	198638671	198757283	1	ENSG00000081237	1	unique_match	UKBB_EUR
OID30381	PRG2	P13727	v1	Cardiometabolic_II	/data/Dutta_lab/decode/ukb_ppp/EUR/PRG2_P13727_OID30381_v1_Cardiometabolic_II	11	57390657	57386794	57390657	-1	ENSG00000186652	1	unique_match	UKBB_EUR
OID30382	MYH9	P35579	v1	Cardiometabolic_II	/data/Dutta_lab/decode/ukb_ppp/EUR/MYH9_P35579_OID30382_v1_Cardiometabolic_II	22	36388067	36281277	36388067	-1	LRG_567	2	multi_match_first	UKBB_EUR
OID30383	PRG3	Q9Y2Y8	v1	Cardiometabolic_II	/data/Dutta_lab/decode/ukb_ppp/EUR/PRG3_Q9Y2Y8_OID30383_v1_Cardiometabolic_II	11	57381150	57376769	57381150	-1	ENSG00000156575	1	unique_match	UKBB_EUR
OID30384	TNFSF8	P32971	v1	Cardiometabolic_II	/data/Dutta_lab/decode/ukb_ppp/EUR/TNFSF8_P32971_OID30384_v1_Cardiometabolic_II	9	114930595	114893343	114930595	-1	ENSG00000106952	1	unique_match	UKBB_EUR
OID30385	PPIF	P30405	v1	Cardiometabolic_II	/data/Dutta_lab/decode/ukb_ppp/EUR/PPIF_P30405_OID30385_v1_Cardiometabolic_II	10	79347469	79347469	79355337	1	ENSG00000108179	1	unique_match	UKBB_EUR
OID30386	TWF2	Q6IBS0	v1	Cardiometabolic_II	/data/Dutta_lab/decode/ukb_ppp/EUR/TWF2_Q6IBS0_OID30386_v1_Cardiometabolic_II	3	52239260	52228610	52239260	-1	ENSG00000247596	1	unique_match	UKBB_EUR
OID30387	SHISA5	Q8N114	v1	Cardiometabolic_II	/data/Dutta_lab/decode/ukb_ppp/EUR/SHISA5_Q8N114_OID30387_v1_Cardiometabolic_II	3	48504826	48467798	48504826	-1	ENSG00000164054	1	unique_match	UKBB_EUR
OID30388	TREH	O43280	v1	Cardiometabolic_II	/data/Dutta_lab/decode/ukb_ppp/EUR/TREH_O43280_OID30388_v1_Cardiometabolic_II	11	118679690	118657316	118679690	-1	ENSG00000118094	1	unique_match	UKBB_EUR
OID30389	BGLAP	P02818	v1	Cardiometabolic_II	/data/Dutta_lab/decode/ukb_ppp/EUR/BGLAP_P02818_OID30389_v1_Cardiometabolic_II	1	156241962	156241962	156243321	1	ENSG00000242252	1	unique_match	UKBB_EUR
OID30390	NPTX2	P47972	v1	Cardiometabolic_II	/data/Dutta_lab/decode/ukb_ppp/EUR/NPTX2_P47972_OID30390_v1_Cardiometabolic_II	7	98617297	98617297	98629868	1	ENSG00000106236	1	unique_match	UKBB_EUR
OID30391	PRAP1	Q96NZ9	v1	Cardiometabolic_II	/data/Dutta_lab/decode/ukb_ppp/EUR/PRAP1_Q96NZ9_OID30391_v1_Cardiometabolic_II	10	133347146	133347146	133352683	1	ENSG00000165828	1	unique_match	UKBB_EUR
OID30393	CTHRC1	Q96CG8	v1	Cardiometabolic_II	/data/Dutta_lab/decode/ukb_ppp/EUR/CTHRC1_Q96CG8_OID30393_v1_Cardiometabolic_II	8	103371515	103371515	103382997	1	ENSG00000164932	1	unique_match	UKBB_EUR
OID30394	CD248	Q9HCU0	v1	Cardiometabolic_II	/data/Dutta_lab/decode/ukb_ppp/EUR/CD248_Q9HCU0_OID30394_v1_Cardiometabolic_II	11	66317044	66314487	66317044	-1	ENSG00000174807	1	unique_match	UKBB_EUR
OID30395	FGFBP2	Q9BYJ0	v1	Cardiometabolic_II	/data/Dutta_lab/decode/ukb_ppp/EUR/FGFBP2_Q9BYJ0_OID30395_v1_Cardiometabolic_II	4	15969309	15960243	15969309	-1	ENSG00000137441	1	unique_match	UKBB_EUR
OID30396	COL15A1	P39059	v1	Cardiometabolic_II	/data/Dutta_lab/decode/ukb_ppp/EUR/COL15A1_P39059_OID30396_v1_Cardiometabolic_II	9	98943179	98943179	99070792	1	ENSG00000204291	1	unique_match	UKBB_EUR
OID30397	CSPG4	Q6UVK1	v1	Cardiometabolic_II	/data/Dutta_lab/decode/ukb_ppp/EUR/CSPG4_Q6UVK1_OID30397_v1_Cardiometabolic_II	15	75712848	75674322	75712848	-1	ENSG00000173546	1	unique_match	UKBB_EUR
OID30398	SBSN	Q6UWP8	v1	Cardiometabolic_II	/data/Dutta_lab/decode/ukb_ppp/EUR/SBSN_Q6UWP8_OID30398_v1_Cardiometabolic_II	19	35528351	35523367	35528351	-1	ENSG00000189001	1	unique_match	UKBB_EUR
OID30399	CILP	O75339	v1	Cardiometabolic_II	/data/Dutta_lab/decode/ukb_ppp/EUR/CILP_O75339_OID30399_v1_Cardiometabolic_II	15	65211488	65194758	65211488	-1	ENSG00000138615	1	unique_match	UKBB_EUR
OID30400	CKB	P12277	v1	Cardiometabolic_II	/data/Dutta_lab/decode/ukb_ppp/EUR/CKB_P12277_OID30400_v1_Cardiometabolic_II	14	103523111	103519659	103523111	-1	ENSG00000166165	1	unique_match	UKBB_EUR
OID30401	STAB2	Q8WWQ8	v1	Cardiometabolic_II	/data/Dutta_lab/decode/ukb_ppp/EUR/STAB2_Q8WWQ8_OID30401_v1_Cardiometabolic_II	12	103587273	103587273	103766727	1	ENSG00000136011	1	unique_match	UKBB_EUR
OID30402	IGDCC4	Q8TDY8	v1	Cardiometabolic_II	/data/Dutta_lab/decode/ukb_ppp/EUR/IGDCC4_Q8TDY8_OID30402_v1_Cardiometabolic_II	15	65423072	65381464	65423072	-1	ENSG00000103742	1	unique_match	UKBB_EUR
OID30403	CHGA	P10645	v1	Cardiometabolic_II	/data/Dutta_lab/decode/ukb_ppp/EUR/CHGA_P10645_OID30403_v1_Cardiometabolic_II	14	92923080	92923080	92935293	1	ENSG00000100604	1	unique_match	UKBB_EUR
OID30404	SLURP1	P55000	v1	Cardiometabolic_II	/data/Dutta_lab/decode/ukb_ppp/EUR/SLURP1_P55000_OID30404_v1_Cardiometabolic_II	8	142742411	142740944	142742411	-1	ENSG00000126233	1	unique_match	UKBB_EUR
OID30405	CLEC4M	Q9H2X3	v1	Cardiometabolic_II	/data/Dutta_lab/decode/ukb_ppp/EUR/CLEC4M_Q9H2X3_OID30405_v1_Cardiometabolic_II	19	7763149	7763149	7769605	1	ENSG00000104938	1	unique_match	UKBB_EUR
OID30406	CPQ	Q9Y646	v1	Cardiometabolic_II	/data/Dutta_lab/decode/ukb_ppp/EUR/CPQ_Q9Y646_OID30406_v1_Cardiometabolic_II	8	96645227	96645227	97149654	1	ENSG00000104324	1	unique_match	UKBB_EUR
OID30407	NOTCH2	Q04721	v1	Cardiometabolic_II	/data/Dutta_lab/decode/ukb_ppp/EUR/NOTCH2_Q04721_OID30407_v1_Cardiometabolic_II	1	120069626	119911553	120069626	-1	ENSG00000134250	1	unique_match	UKBB_EUR
OID30408	ITGBL1	O95965	v1	Cardiometabolic_II	/data/Dutta_lab/decode/ukb_ppp/EUR/ITGBL1_O95965_OID30408_v1_Cardiometabolic_II	13	101452593	101452593	101720856	1	ENSG00000198542	1	unique_match	UKBB_EUR
OID30409	HPSE	Q9Y251	v1	Cardiometabolic_II	/data/Dutta_lab/decode/ukb_ppp/EUR/HPSE_Q9Y251_OID30409_v1_Cardiometabolic_II	4	83335153	83292461	83335153	-1	ENSG00000173083	1	unique_match	UKBB_EUR
OID30410	POSTN	Q15063	v1	Cardiometabolic_II	/data/Dutta_lab/decode/ukb_ppp/EUR/POSTN_Q15063_OID30410_v1_Cardiometabolic_II	13	37598844	37562583	37598844	-1	ENSG00000133110	1	unique_match	UKBB_EUR
OID30411	CELA2A	P08217	v1	Cardiometabolic_II	/data/Dutta_lab/decode/ukb_ppp/EUR/CELA2A_P08217_OID30411_v1_Cardiometabolic_II	1	15456728	15456728	15472091	1	ENSG00000142615	1	unique_match	UKBB_EUR
OID30412	TNN	Q9UQP3	v1	Cardiometabolic_II	/data/Dutta_lab/decode/ukb_ppp/EUR/TNN_Q9UQP3_OID30412_v1_Cardiometabolic_II	1	175067858	175067858	175148066	1	ENSG00000120332	1	unique_match	UKBB_EUR
OID30413	GM2A	P17900	v1	Cardiometabolic_II	/data/Dutta_lab/decode/ukb_ppp/EUR/GM2A_P17900_OID30413_v1_Cardiometabolic_II	5	151212150	151212150	151270440	1	ENSG00000196743	1	unique_match	UKBB_EUR
OID30414	TALDO1	P37837	v1	Cardiometabolic_II	/data/Dutta_lab/decode/ukb_ppp/EUR/TALDO1_P37837_OID30414_v1_Cardiometabolic_II	11	747329	747329	765024	1	ENSG00000177156	1	unique_match	UKBB_EUR
OID30415	ASAH1	Q13510	v1	Cardiometabolic_II	/data/Dutta_lab/decode/ukb_ppp/EUR/ASAH1_Q13510_OID30415_v1_Cardiometabolic_II	8	18084998	18055992	18084998	-1	ENSG00000104763	1	unique_match	UKBB_EUR
OID30416	LAMP1	P11279	v1	Cardiometabolic_II	/data/Dutta_lab/decode/ukb_ppp/EUR/LAMP1_P11279_OID30416_v1_Cardiometabolic_II	13	113297241	113297241	113323672	1	ENSG00000185896	1	unique_match	UKBB_EUR
OID30417	GOT1	P17174	v1	Cardiometabolic_II	/data/Dutta_lab/decode/ukb_ppp/EUR/GOT1_P17174_OID30417_v1_Cardiometabolic_II	10	99430624	99396870	99430624	-1	ENSG00000120053	1	unique_match	UKBB_EUR
OID30418	NPC2	P61916	v1	Cardiometabolic_II	/data/Dutta_lab/decode/ukb_ppp/EUR/NPC2_P61916_OID30418_v1_Cardiometabolic_II	14	74494177	74476192	74494177	-1	ENSG00000119655	1	unique_match	UKBB_EUR
OID30419	PSAP	P07602	v1	Cardiometabolic_II	/data/Dutta_lab/decode/ukb_ppp/EUR/PSAP_P07602_OID30419_v1_Cardiometabolic_II	10	71851375	71816298	71851375	-1	ENSG00000197746	1	unique_match	UKBB_EUR
OID30420	DAND5	Q8N907	v1	Inflammation_II	/data/Dutta_lab/decode/ukb_ppp/EUR/DAND5_Q8N907_OID30420_v1_Inflammation_II	19	12965159	12965159	12974762	1	ENSG00000179284	1	unique_match	UKBB_EUR
OID30421	EDNRB	P24530	v1	Inflammation_II	/data/Dutta_lab/decode/ukb_ppp/EUR/EDNRB_P24530_OID30421_v1_Inflammation_II	13	77919768	77895481	77919768	-1	ENSG00000136160	1	unique_match	UKBB_EUR
OID30422	IL12RB2	Q99665	v1	Inflammation_II	/data/Dutta_lab/decode/ukb_ppp/EUR/IL12RB2_Q99665_OID30422_v1_Inflammation_II	1	67307364	67307364	67396900	1	ENSG00000081985	1	unique_match	UKBB_EUR
OID30423	SPRED2	Q7Z698	v1	Inflammation_II	/data/Dutta_lab/decode/ukb_ppp/EUR/SPRED2_Q7Z698_OID30423_v1_Inflammation_II	2	65432637	65310851	65432637	-1	ENSG00000198369	1	unique_match	UKBB_EUR
OID30424	TPSG1	Q9NRR2	v1	Inflammation_II	/data/Dutta_lab/decode/ukb_ppp/EUR/TPSG1_Q9NRR2_OID30424_v1_Inflammation_II	16	1225257	1221651	1225257	-1	ENSG00000116176	1	unique_match	UKBB_EUR
OID30425	HIF1A	Q16665	v1	Inflammation_II	/data/Dutta_lab/decode/ukb_ppp/EUR/HIF1A_Q16665_OID30425_v1_Inflammation_II	14	61695513	61695513	61748259	1	ENSG00000100644	1	unique_match	UKBB_EUR
OID30426	KDM3A	Q9Y4C1	v1	Inflammation_II	/data/Dutta_lab/decode/ukb_ppp/EUR/KDM3A_Q9Y4C1_OID30426_v1_Inflammation_II	2	86440647	86440647	86492716	1	ENSG00000115548	1	unique_match	UKBB_EUR
OID30427	UBE2Z	Q9H832	v1	Inflammation_II	/data/Dutta_lab/decode/ukb_ppp/EUR/UBE2Z_Q9H832_OID30427_v1_Inflammation_II	17	48908369	48908369	48929056	1	ENSG00000159202	1	unique_match	UKBB_EUR
OID30428	TLR4	O00206	v1	Inflammation_II	/data/Dutta_lab/decode/ukb_ppp/EUR/TLR4_O00206_OID30428_v1_Inflammation_II	9	117704332	117704332	117716871	1	ENSG00000136869	1	unique_match	UKBB_EUR
OID30429	GLI2	P10070	v1	Inflammation_II	/data/Dutta_lab/decode/ukb_ppp/EUR/GLI2_P10070_OID30429_v1_Inflammation_II	2	120735623	120735623	120992653	1	ENSG00000074047	1	unique_match	UKBB_EUR
OID30430	FOLH1	Q04609	v1	Inflammation_II	/data/Dutta_lab/decode/ukb_ppp/EUR/FOLH1_Q04609_OID30430_v1_Inflammation_II	11	49208670	49146635	49208670	-1	ENSG00000086205	1	unique_match	UKBB_EUR
OID30431	DDX4	Q9NQI0	v1	Inflammation_II	/data/Dutta_lab/decode/ukb_ppp/EUR/DDX4_Q9NQI0_OID30431_v1_Inflammation_II	5	55738017	55738017	55817157	1	ENSG00000152670	1	unique_match	UKBB_EUR
OID30432	STX5	Q13190	v1	Inflammation_II	/data/Dutta_lab/decode/ukb_ppp/EUR/STX5_Q13190_OID30432_v1_Inflammation_II	11	62832088	62806897	62832088	-1	ENSG00000162236	1	unique_match	UKBB_EUR
OID30433	RICTOR	Q6R327	v1	Inflammation_II	/data/Dutta_lab/decode/ukb_ppp/EUR/RICTOR_Q6R327_OID30433_v1_Inflammation_II	5	39074408	38937919	39074408	-1	ENSG00000164327	1	unique_match	UKBB_EUR
OID30434	ESR1	P03372	v1	Inflammation_II	/data/Dutta_lab/decode/ukb_ppp/EUR/ESR1_P03372_OID30434_v1_Inflammation_II	6	151656691	151656691	152129619	1	ENSG00000091831	2	multi_match_first	UKBB_EUR
OID30436	HDAC8	Q9BY41	v1	Inflammation_II	/data/Dutta_lab/decode/ukb_ppp/EUR/HDAC8_Q9BY41_OID30436_v1_Inflammation_II	23	72573103	72329516	72573103	-1	ENSG00000147099	1	unique_match	UKBB_EUR
OID30437	PTPN9	P43378	v1	Inflammation_II	/data/Dutta_lab/decode/ukb_ppp/EUR/PTPN9_P43378_OID30437_v1_Inflammation_II	15	75579289	75463251	75579289	-1	ENSG00000169410	1	unique_match	UKBB_EUR
OID30438	EP300	Q09472	v1	Inflammation_II	/data/Dutta_lab/decode/ukb_ppp/EUR/EP300_Q09472_OID30438_v1_Inflammation_II	22	41091786	41091786	41180079	1	ENSG00000100393	1	unique_match	UKBB_EUR
OID30439	SIRT1	Q96EB6	v1	Inflammation_II	/data/Dutta_lab/decode/ukb_ppp/EUR/SIRT1_Q96EB6_OID30439_v1_Inflammation_II	10	67884669	67884669	67918390	1	ENSG00000096717	1	unique_match	UKBB_EUR
OID30440	POLR2A	P24928	v1	Inflammation_II	/data/Dutta_lab/decode/ukb_ppp/EUR/POLR2A_P24928_OID30440_v1_Inflammation_II	17	7484366	7484366	7514616	1	ENSG00000181222	1	unique_match	UKBB_EUR
OID30441	IL21R	Q9HBE5	v1	Inflammation_II	/data/Dutta_lab/decode/ukb_ppp/EUR/IL21R_Q9HBE5_OID30441_v1_Inflammation_II	16	27402162	27402162	27452042	1	ENSG00000103522	1	unique_match	UKBB_EUR
OID30442	ST8SIA1	Q92185	v1	Inflammation_II	/data/Dutta_lab/decode/ukb_ppp/EUR/ST8SIA1_Q92185_OID30442_v1_Inflammation_II	12	22437041	22063773	22437041	-1	ENSG00000111728	1	unique_match	UKBB_EUR
OID30443	FGF6	P10767	v1	Inflammation_II	/data/Dutta_lab/decode/ukb_ppp/EUR/FGF6_P10767_OID30443_v1_Inflammation_II	12	4445614	4428155	4445614	-1	ENSG00000111241	1	unique_match	UKBB_EUR
OID30444	PALLD	Q8WX93	v1	Inflammation_II	/data/Dutta_lab/decode/ukb_ppp/EUR/PALLD_Q8WX93_OID30444_v1_Inflammation_II	4	168497066	168497066	168928457	1	ENSG00000129116	1	unique_match	UKBB_EUR
OID30445	FOXJ3	Q9UPW0	v1	Inflammation_II	/data/Dutta_lab/decode/ukb_ppp/EUR/FOXJ3_Q9UPW0_OID30445_v1_Inflammation_II	1	42335877	42176539	42335877	-1	ENSG00000198815	1	unique_match	UKBB_EUR
OID30446	YY1	P25490	v1	Inflammation_II	/data/Dutta_lab/decode/ukb_ppp/EUR/YY1_P25490_OID30446_v1_Inflammation_II	14	100238298	100238298	100282792	1	ENSG00000100811	1	unique_match	UKBB_EUR
OID30447	UNC5D	Q6UXZ4	v1	Inflammation_II	/data/Dutta_lab/decode/ukb_ppp/EUR/UNC5D_Q6UXZ4_OID30447_v1_Inflammation_II	8	35235457	35235457	35796550	1	ENSG00000156687	1	unique_match	UKBB_EUR
OID30448	CD3G	P09693	v1	Inflammation_II	/data/Dutta_lab/decode/ukb_ppp/EUR/CD3G_P09693_OID30448_v1_Inflammation_II	11	118344344	118344344	118355161	1	ENSG00000160654	2	multi_match_first	UKBB_EUR
OID30449	GAD2	Q05329	v1	Inflammation_II	/data/Dutta_lab/decode/ukb_ppp/EUR/GAD2_Q05329_OID30449_v1_Inflammation_II	10	26216307	26216307	26304558	1	ENSG00000136750	1	unique_match	UKBB_EUR
OID30450	LRIG3	Q6UXM1	v1	Inflammation_II	/data/Dutta_lab/decode/ukb_ppp/EUR/LRIG3_Q6UXM1_OID30450_v1_Inflammation_II	12	58920522	58872149	58920522	-1	ENSG00000139263	1	unique_match	UKBB_EUR
OID30451	NME1	P15531	v1	Inflammation_II	/data/Dutta_lab/decode/ukb_ppp/EUR/NME1_P15531_OID30451_v1_Inflammation_II	17	51153536	51153536	51162428	1	ENSG00000239672	1	unique_match	UKBB_EUR
OID30452	RAP1A	P62834	v1	Inflammation_II	/data/Dutta_lab/decode/ukb_ppp/EUR/RAP1A_P62834_OID30452_v1_Inflammation_II	1	111542218	111542218	111716691	1	ENSG00000116473	1	unique_match	UKBB_EUR
OID30453	RPA2	P15927	v1	Inflammation_II	/data/Dutta_lab/decode/ukb_ppp/EUR/RPA2_P15927_OID30453_v1_Inflammation_II	1	27914746	27891524	27914746	-1	ENSG00000117748	1	unique_match	UKBB_EUR
OID30454	FGF12	P61328	v1	Inflammation_II	/data/Dutta_lab/decode/ukb_ppp/EUR/FGF12_P61328_OID30454_v1_Inflammation_II	3	192767764	192139395	192767764	-1	ENSG00000114279	1	unique_match	UKBB_EUR
OID30455	MKI67	P46013	v1	Inflammation_II	/data/Dutta_lab/decode/ukb_ppp/EUR/MKI67_P46013_OID30455_v1_Inflammation_II	10	128126385	128096659	128126385	-1	ENSG00000148773	1	unique_match	UKBB_EUR
OID30456	CCNE1	P24864	v1	Inflammation_II	/data/Dutta_lab/decode/ukb_ppp/EUR/CCNE1_P24864_OID30456_v1_Inflammation_II	19	29811898	29811898	29824308	1	ENSG00000105173	1	unique_match	UKBB_EUR
OID30457	PRR5	P85299	v1	Inflammation_II	/data/Dutta_lab/decode/ukb_ppp/EUR/PRR5_P85299_OID30457_v1_Inflammation_II	22	44668547	44668547	44737681	1	ENSG00000186654	1	unique_match	UKBB_EUR
OID30458	CEBPA	P49715	v1	Inflammation_II	/data/Dutta_lab/decode/ukb_ppp/EUR/CEBPA_P49715_OID30458_v1_Inflammation_II	19	33302564	33299934	33302564	-1	ENSG00000245848	2	multi_match_first	UKBB_EUR
OID30459	FGF20	Q9NP95	v1	Inflammation_II	/data/Dutta_lab/decode/ukb_ppp/EUR/FGF20_Q9NP95_OID30459_v1_Inflammation_II	8	17002181	16992169	17002181	-1	ENSG00000078579	1	unique_match	UKBB_EUR
OID30460	PGR	P06401	v1	Inflammation_II	/data/Dutta_lab/decode/ukb_ppp/EUR/PGR_P06401_OID30460_v1_Inflammation_II	11	101130524	101029624	101130524	-1	ENSG00000082175	1	unique_match	UKBB_EUR
OID30461	IL20RB	Q6UXL0	v1	Inflammation_II	/data/Dutta_lab/decode/ukb_ppp/EUR/IL20RB_Q6UXL0_OID30461_v1_Inflammation_II	3	136946230	136946230	137011085	1	ENSG00000174564	1	unique_match	UKBB_EUR
OID30462	NPHS2	Q9NP85	v1	Inflammation_II	/data/Dutta_lab/decode/ukb_ppp/EUR/NPHS2_Q9NP85_OID30462_v1_Inflammation_II	1	179575952	179550539	179575952	-1	ENSG00000116218	2	multi_match_first	UKBB_EUR
OID30463	RELB	Q01201	v1	Inflammation_II	/data/Dutta_lab/decode/ukb_ppp/EUR/RELB_Q01201_OID30463_v1_Inflammation_II	19	45001430	45001430	45038198	1	ENSG00000104856	1	unique_match	UKBB_EUR
OID30464	KLRF1	Q9NZS2	v1	Inflammation_II	/data/Dutta_lab/decode/ukb_ppp/EUR/KLRF1_Q9NZS2_OID30464_v1_Inflammation_II	12	9827481	9827481	9845007	1	ENSG00000150045	1	unique_match	UKBB_EUR
OID30465	PIKFYVE	Q9Y2I7	v1	Inflammation_II	/data/Dutta_lab/decode/ukb_ppp/EUR/PIKFYVE_Q9Y2I7_OID30465_v1_Inflammation_II	2	208266267	208266267	208358751	1	ENSG00000115020	1	unique_match	UKBB_EUR
OID30466	BABAM1	Q9NWV8	v1	Inflammation_II	/data/Dutta_lab/decode/ukb_ppp/EUR/BABAM1_Q9NWV8_OID30466_v1_Inflammation_II	19	17267350	17267350	17281249	1	ENSG00000105393	1	unique_match	UKBB_EUR
OID30467	WASL	O00401	v1	Inflammation_II	/data/Dutta_lab/decode/ukb_ppp/EUR/WASL_O00401_OID30467_v1_Inflammation_II	7	123749067	123681935	123749067	-1	ENSG00000106299	1	unique_match	UKBB_EUR
OID30468	SSBP1	Q04837	v1	Inflammation_II	/data/Dutta_lab/decode/ukb_ppp/EUR/SSBP1_Q04837_OID30468_v1_Inflammation_II	7	141738321	141738321	141787922	1	ENSG00000106028	1	unique_match	UKBB_EUR
OID30469	PTP4A3	O75365	v1	Inflammation_II	/data/Dutta_lab/decode/ukb_ppp/EUR/PTP4A3_O75365_OID30469_v1_Inflammation_II	8	141391993	141391993	141432454	1	ENSG00000184489	1	unique_match	UKBB_EUR
OID30470	TP53BP1	Q12888	v1	Inflammation_II	/data/Dutta_lab/decode/ukb_ppp/EUR/TP53BP1_Q12888_OID30470_v1_Inflammation_II	15	43510728	43403061	43510728	-1	ENSG00000067369	1	unique_match	UKBB_EUR
OID30471	ADAMTS4	O75173	v1	Inflammation_II	/data/Dutta_lab/decode/ukb_ppp/EUR/ADAMTS4_O75173_OID30471_v1_Inflammation_II	1	161199056	161184308	161199056	-1	ENSG00000158859	1	unique_match	UKBB_EUR
OID30472	IL36A	Q9UHA7	v1	Inflammation_II	/data/Dutta_lab/decode/ukb_ppp/EUR/IL36A_Q9UHA7_OID30472_v1_Inflammation_II	2	113005461	113005461	113008044	1	ENSG00000136694	1	unique_match	UKBB_EUR
OID30473	RNF31	Q96EP0	v1	Inflammation_II	/data/Dutta_lab/decode/ukb_ppp/EUR/RNF31_Q96EP0_OID30473_v1_Inflammation_II	14	24146683	24146683	24160661	1	ENSG00000092098	1	unique_match	UKBB_EUR
OID30474	BAG4	O95429	v1	Inflammation_II	/data/Dutta_lab/decode/ukb_ppp/EUR/BAG4_O95429_OID30474_v1_Inflammation_II	8	38176533	38176533	38213301	1	ENSG00000156735	1	unique_match	UKBB_EUR
OID30475	IL31RA	Q8NI17	v1	Inflammation_II	/data/Dutta_lab/decode/ukb_ppp/EUR/IL31RA_Q8NI17_OID30475_v1_Inflammation_II	5	55851379	55851379	55922853	1	ENSG00000164509	1	unique_match	UKBB_EUR
OID30476	THSD1	Q9NS62	v1	Inflammation_II	/data/Dutta_lab/decode/ukb_ppp/EUR/THSD1_Q9NS62_OID30476_v1_Inflammation_II	13	52406494	52377167	52406494	-1	ENSG00000136114	1	unique_match	UKBB_EUR
OID30477	SMPD3	Q9NY59	v1	Inflammation_II	/data/Dutta_lab/decode/ukb_ppp/EUR/SMPD3_Q9NY59_OID30477_v1_Inflammation_II	16	68448688	68358325	68448688	-1	ENSG00000103056	1	unique_match	UKBB_EUR
OID30478	TSC1	Q92574	v1	Inflammation_II	/data/Dutta_lab/decode/ukb_ppp/EUR/TSC1_Q92574_OID30478_v1_Inflammation_II	9	132944633	132891348	132944633	-1	ENSG00000165699	2	multi_match_first	UKBB_EUR
OID30479	TRAF3	Q13114-2	v1	Inflammation_II	/data/Dutta_lab/decode/ukb_ppp/EUR/TRAF3_Q13114-2_OID30479_v1_Inflammation_II	14	102777476	102777476	102911500	1	ENSG00000131323	2	multi_match_first	UKBB_EUR
OID30480	TERF1	P54274	v1	Inflammation_II	/data/Dutta_lab/decode/ukb_ppp/EUR/TERF1_P54274_OID30480_v1_Inflammation_II	8	73008864	73008864	73048122	1	ENSG00000147601	1	unique_match	UKBB_EUR
OID30481	HS6ST2	Q96MM7	v1	Inflammation_II	/data/Dutta_lab/decode/ukb_ppp/EUR/HS6ST2_Q96MM7_OID30481_v1_Inflammation_II	23	132961395	132626016	132961395	-1	ENSG00000171004	1	unique_match	UKBB_EUR
OID30482	CA8	P35219	v1	Inflammation_II	/data/Dutta_lab/decode/ukb_ppp/EUR/CA8_P35219_OID30482_v1_Inflammation_II	8	60281412	60187347	60281412	-1	ENSG00000178538	1	unique_match	UKBB_EUR
OID30483	PRSS22	Q9GZN4	v1	Inflammation_II	/data/Dutta_lab/decode/ukb_ppp/EUR/PRSS22_Q9GZN4_OID30483_v1_Inflammation_II	16	2858170	2852727	2858170	-1	ENSG00000005001	1	unique_match	UKBB_EUR
OID30484	PLCB1	Q9NQ66	v1	Inflammation_II	/data/Dutta_lab/decode/ukb_ppp/EUR/PLCB1_Q9NQ66_OID30484_v1_Inflammation_II	20	8077251	8077251	8968360	1	ENSG00000182621	1	unique_match	UKBB_EUR
OID30485	CD36	P16671	v1	Inflammation_II	/data/Dutta_lab/decode/ukb_ppp/EUR/CD36_P16671_OID30485_v1_Inflammation_II	7	80369575	80369575	80679277	1	ENSG00000135218	1	unique_match	UKBB_EUR
OID30486	SUMF1	Q8NBK3	v1	Inflammation_II	/data/Dutta_lab/decode/ukb_ppp/EUR/SUMF1_Q8NBK3_OID30486_v1_Inflammation_II	3	4467281	3700814	4467281	-1	ENSG00000144455	1	unique_match	UKBB_EUR
OID30487	IL31	Q6EBC2	v1	Inflammation_II	/data/Dutta_lab/decode/ukb_ppp/EUR/IL31_Q6EBC2_OID30487_v1_Inflammation_II	12	122174199	122172030	122174199	-1	ENSG00000204671	1	unique_match	UKBB_EUR
OID30488	AKR7L	Q8NHP1	v1	Inflammation_II	/data/Dutta_lab/decode/ukb_ppp/EUR/AKR7L_Q8NHP1_OID30488_v1_Inflammation_II	1	19274194	19265982	19274194	-1	ENSG00000211454	1	unique_match	UKBB_EUR
OID30489	MRPS16	Q9Y3D3	v1	Inflammation_II	/data/Dutta_lab/decode/ukb_ppp/EUR/MRPS16_Q9Y3D3_OID30489_v1_Inflammation_II	10	73252693	73248843	73252693	-1	ENSG00000182180	1	unique_match	UKBB_EUR
OID30490	XIAP	P98170	v1	Inflammation_II	/data/Dutta_lab/decode/ukb_ppp/EUR/XIAP_P98170_OID30490_v1_Inflammation_II	23	123859724	123859724	123913979	1	ENSG00000101966	2	multi_match_first	UKBB_EUR
OID30491	ADAM12	O43184	v1	Inflammation_II	/data/Dutta_lab/decode/ukb_ppp/EUR/ADAM12_O43184_OID30491_v1_Inflammation_II	10	126388455	126012381	126388455	-1	ENSG00000148848	1	unique_match	UKBB_EUR
OID30492	CSNK1D	P48730	v1	Inflammation_II	/data/Dutta_lab/decode/ukb_ppp/EUR/CSNK1D_P48730_OID30492_v1_Inflammation_II	17	82273731	82239023	82273731	-1	ENSG00000141551	1	unique_match	UKBB_EUR
OID30493	DENR	O43583	v1	Inflammation_II	/data/Dutta_lab/decode/ukb_ppp/EUR/DENR_O43583_OID30493_v1_Inflammation_II	12	122752774	122752774	122771064	1	ENSG00000139726	1	unique_match	UKBB_EUR
OID30494	DDX39A	O00148	v1	Inflammation_II	/data/Dutta_lab/decode/ukb_ppp/EUR/DDX39A_O00148_OID30494_v1_Inflammation_II	19	14419383	14408819	14419383	-1	ENSG00000123136	1	unique_match	UKBB_EUR
OID30495	CPOX	P36551	v1	Inflammation_II	/data/Dutta_lab/decode/ukb_ppp/EUR/CPOX_P36551_OID30495_v1_Inflammation_II	3	98593723	98521132	98593723	-1	ENSG00000080819	1	unique_match	UKBB_EUR
OID30496	REPS1	Q96D71	v1	Inflammation_II	/data/Dutta_lab/decode/ukb_ppp/EUR/REPS1_Q96D71_OID30496_v1_Inflammation_II	6	138988261	138903493	138988261	-1	ENSG00000135597	1	unique_match	UKBB_EUR
OID30497	ALPI	P09923	v1	Inflammation_II	/data/Dutta_lab/decode/ukb_ppp/EUR/ALPI_P09923_OID30497_v1_Inflammation_II	2	232456123	232456123	232460032	1	ENSG00000163295	1	unique_match	UKBB_EUR
OID30498	BCL2L15	Q5TBC7	v1	Inflammation_II	/data/Dutta_lab/decode/ukb_ppp/EUR/BCL2L15_Q5TBC7_OID30498_v1_Inflammation_II	1	113887547	113878168	113887547	-1	ENSG00000188761	1	unique_match	UKBB_EUR
OID30499	CEMIP2	Q9UHN6	v1	Inflammation_II	/data/Dutta_lab/decode/ukb_ppp/EUR/CEMIP2_Q9UHN6_OID30499_v1_Inflammation_II							0	missing	UKBB_EUR
OID30500	IGFL4	Q6B9Z1	v1	Inflammation_II	/data/Dutta_lab/decode/ukb_ppp/EUR/IGFL4_Q6B9Z1_OID30500_v1_Inflammation_II	19	46077118	46039748	46077118	-1	ENSG00000204869	1	unique_match	UKBB_EUR
OID30501	MCEMP1	Q8IX19	v1	Inflammation_II	/data/Dutta_lab/decode/ukb_ppp/EUR/MCEMP1_Q8IX19_OID30501_v1_Inflammation_II	19	7676628	7676628	7679826	1	ENSG00000183019	1	unique_match	UKBB_EUR
OID30502	TGFBR1	P36897	v1	Inflammation_II	/data/Dutta_lab/decode/ukb_ppp/EUR/TGFBR1_P36897_OID30502_v1_Inflammation_II	9	99104038	99104038	99154192	1	ENSG00000106799	1	unique_match	UKBB_EUR
OID30503	NEDD9	Q14511	v1	Inflammation_II	/data/Dutta_lab/decode/ukb_ppp/EUR/NEDD9_Q14511_OID30503_v1_Inflammation_II	6	11382348	11183298	11382348	-1	ENSG00000111859	1	unique_match	UKBB_EUR
OID30504	POF1B	Q8WVV4	v1	Inflammation_II	/data/Dutta_lab/decode/ukb_ppp/EUR/POF1B_Q8WVV4_OID30504_v1_Inflammation_II	23	85379743	85277396	85379743	-1	ENSG00000124429	1	unique_match	UKBB_EUR
OID30505	DAPK2	Q9UIK4	v1	Inflammation_II	/data/Dutta_lab/decode/ukb_ppp/EUR/DAPK2_Q9UIK4_OID30505_v1_Inflammation_II	15	64072033	63907036	64072033	-1	ENSG00000035664	1	unique_match	UKBB_EUR
OID30506	RNF168	Q8IYW5	v1	Inflammation_II	/data/Dutta_lab/decode/ukb_ppp/EUR/RNF168_Q8IYW5_OID30506_v1_Inflammation_II	3	196503768	196468783	196503768	-1	ENSG00000163961	2	multi_match_first	UKBB_EUR
OID30507	RBPMS	Q93062	v1	Inflammation_II	/data/Dutta_lab/decode/ukb_ppp/EUR/RBPMS_Q93062_OID30507_v1_Inflammation_II	8	30384479	30384479	30572261	1	ENSG00000157110	1	unique_match	UKBB_EUR
OID30508	ZNF174	Q15697	v1	Inflammation_II	/data/Dutta_lab/decode/ukb_ppp/EUR/ZNF174_Q15697_OID30508_v1_Inflammation_II	16	3401235	3401235	3409370	1	ENSG00000103343	1	unique_match	UKBB_EUR
OID30509	NAGA	P17050	v1	Inflammation_II	/data/Dutta_lab/decode/ukb_ppp/EUR/NAGA_P17050_OID30509_v1_Inflammation_II	22	42070842	42058354	42070842	-1	ENSG00000198951	1	unique_match	UKBB_EUR
OID30510	SLITRK1	Q96PX8	v1	Inflammation_II	/data/Dutta_lab/decode/ukb_ppp/EUR/SLITRK1_Q96PX8_OID30510_v1_Inflammation_II	13	83882393	83877205	83882393	-1	ENSG00000178235	1	unique_match	UKBB_EUR
OID30511	PER3	P56645	v1	Inflammation_II	/data/Dutta_lab/decode/ukb_ppp/EUR/PER3_P56645_OID30511_v1_Inflammation_II	1	7784320	7784320	7845177	1	ENSG00000049246	1	unique_match	UKBB_EUR
OID30512	TSPYL1	Q9H0U9	v1	Inflammation_II	/data/Dutta_lab/decode/ukb_ppp/EUR/TSPYL1_Q9H0U9_OID30512_v1_Inflammation_II	6	116280117	116274859	116280117	-1	LRG_862	2	multi_match_first	UKBB_EUR
OID30513	ACRV1	P26436	v1	Inflammation_II	/data/Dutta_lab/decode/ukb_ppp/EUR/ACRV1_P26436_OID30513_v1_Inflammation_II	11	125681123	125671522	125681123	-1	ENSG00000134940	1	unique_match	UKBB_EUR
OID30514	PSMG4	Q5JS54	v1	Inflammation_II	/data/Dutta_lab/decode/ukb_ppp/EUR/PSMG4_Q5JS54_OID30514_v1_Inflammation_II	6	3231403	3231403	3303373	1	ENSG00000180822	1	unique_match	UKBB_EUR
OID30515	C1QL2	Q7Z5L3	v1	Inflammation_II	/data/Dutta_lab/decode/ukb_ppp/EUR/C1QL2_Q7Z5L3_OID30515_v1_Inflammation_II	2	119158889	119156243	119158889	-1	ENSG00000144119	1	unique_match	UKBB_EUR
OID30516	SHH	Q15465	v1	Inflammation_II	/data/Dutta_lab/decode/ukb_ppp/EUR/SHH_Q15465_OID30516_v1_Inflammation_II	7	155812273	155799986	155812273	-1	ENSG00000164690	1	unique_match	UKBB_EUR
OID30517	TYRP1	P17643	v1	Inflammation_II	/data/Dutta_lab/decode/ukb_ppp/EUR/TYRP1_P17643_OID30517_v1_Inflammation_II	9	12685439	12685439	12710290	1	ENSG00000107165	1	unique_match	UKBB_EUR
OID30518	ANKMY2	Q8IV38	v1	Inflammation_II	/data/Dutta_lab/decode/ukb_ppp/EUR/ANKMY2_Q8IV38_OID30518_v1_Inflammation_II	7	16645817	16599776	16645817	-1	ENSG00000106524	1	unique_match	UKBB_EUR
OID30519	EVI5	O60447	v1	Inflammation_II	/data/Dutta_lab/decode/ukb_ppp/EUR/EVI5_O60447_OID30519_v1_Inflammation_II	1	92792404	92508696	92792404	-1	ENSG00000067208	1	unique_match	UKBB_EUR
OID30520	NDUFA5	Q16718	v1	Inflammation_II	/data/Dutta_lab/decode/ukb_ppp/EUR/NDUFA5_Q16718_OID30520_v1_Inflammation_II	7	123558255	123536997	123558255	-1	ENSG00000128609	1	unique_match	UKBB_EUR
OID30521	NEDD4L	Q96PU5	v1	Inflammation_II	/data/Dutta_lab/decode/ukb_ppp/EUR/NEDD4L_Q96PU5_OID30521_v1_Inflammation_II	18	58044367	58044367	58401540	1	ENSG00000049759	1	unique_match	UKBB_EUR
OID30522	NFAT5	O94916	v1	Inflammation_II	/data/Dutta_lab/decode/ukb_ppp/EUR/NFAT5_O94916_OID30522_v1_Inflammation_II	16	69565094	69565094	69704666	1	ENSG00000102908	1	unique_match	UKBB_EUR
OID30523	LATS1	O95835	v1	Inflammation_II	/data/Dutta_lab/decode/ukb_ppp/EUR/LATS1_O95835_OID30523_v1_Inflammation_II	6	149718256	149658153	149718256	-1	ENSG00000131023	1	unique_match	UKBB_EUR
OID30524	ACP1	P24666	v1	Inflammation_II	/data/Dutta_lab/decode/ukb_ppp/EUR/ACP1_P24666_OID30524_v1_Inflammation_II	2	264140	264140	278283	1	ENSG00000143727	1	unique_match	UKBB_EUR
OID30525	BNIP3L	O60238	v1	Inflammation_II	/data/Dutta_lab/decode/ukb_ppp/EUR/BNIP3L_O60238_OID30525_v1_Inflammation_II	8	26382898	26382898	26505636	1	ENSG00000104765	1	unique_match	UKBB_EUR
OID30526	ZBP1	Q9H171	v1	Inflammation_II	/data/Dutta_lab/decode/ukb_ppp/EUR/ZBP1_Q9H171_OID30526_v1_Inflammation_II	20	57620576	57603846	57620576	-1	ENSG00000124256	1	unique_match	UKBB_EUR
OID30527	CSF3R	Q99062	v1	Inflammation_II	/data/Dutta_lab/decode/ukb_ppp/EUR/CSF3R_Q99062_OID30527_v1_Inflammation_II	1	36483278	36466043	36483278	-1	ENSG00000119535	2	multi_match_first	UKBB_EUR
OID30528	ADAMTS1	Q9UHI8	v1	Inflammation_II	/data/Dutta_lab/decode/ukb_ppp/EUR/ADAMTS1_Q9UHI8_OID30528_v1_Inflammation_II	21	26845409	26835747	26845409	-1	ENSG00000154734	1	unique_match	UKBB_EUR
OID30529	S100A13	Q99584	v1	Inflammation_II	/data/Dutta_lab/decode/ukb_ppp/EUR/S100A13_Q99584_OID30529_v1_Inflammation_II	1	153631360	153618787	153631360	-1	ENSG00000189171	1	unique_match	UKBB_EUR
OID30530	CASP9	P55211	v1	Inflammation_II	/data/Dutta_lab/decode/ukb_ppp/EUR/CASP9_P55211_OID30530_v1_Inflammation_II	1	15526534	15490832	15526534	-1	ENSG00000132906	1	unique_match	UKBB_EUR
OID30531	SEMA6C	Q9H3T2	v1	Inflammation_II	/data/Dutta_lab/decode/ukb_ppp/EUR/SEMA6C_Q9H3T2_OID30531_v1_Inflammation_II	1	151146664	151131685	151146664	-1	ENSG00000143434	1	unique_match	UKBB_EUR
OID30532	TLR1	Q15399	v1	Inflammation_II	/data/Dutta_lab/decode/ukb_ppp/EUR/TLR1_Q15399_OID30532_v1_Inflammation_II	4	38856817	38790677	38856817	-1	ENSG00000174125	1	unique_match	UKBB_EUR
OID30533	GIT1	Q9Y2X7	v1	Inflammation_II	/data/Dutta_lab/decode/ukb_ppp/EUR/GIT1_Q9Y2X7_OID30533_v1_Inflammation_II	17	29594054	29573469	29594054	-1	ENSG00000108262	1	unique_match	UKBB_EUR
OID30535	FGF16	O43320	v1	Inflammation_II	/data/Dutta_lab/decode/ukb_ppp/EUR/FGF16_O43320_OID30535_v1_Inflammation_II	23	77447405	77447405	77457278	1	ENSG00000196468	1	unique_match	UKBB_EUR
OID30536	STAT2	P52630	v1	Inflammation_II	/data/Dutta_lab/decode/ukb_ppp/EUR/STAT2_P52630_OID30536_v1_Inflammation_II	12	56360155	56341597	56360155	-1	ENSG00000170581	1	unique_match	UKBB_EUR
OID30537	ITGAL	P20701	v1	Inflammation_II	/data/Dutta_lab/decode/ukb_ppp/EUR/ITGAL_P20701_OID30537_v1_Inflammation_II	16	30472658	30472658	30523185	1	ENSG00000005844	1	unique_match	UKBB_EUR
OID30538	MTDH	Q86UE4	v1	Inflammation_II	/data/Dutta_lab/decode/ukb_ppp/EUR/MTDH_Q86UE4_OID30538_v1_Inflammation_II	8	97644179	97644179	97728770	1	ENSG00000147649	1	unique_match	UKBB_EUR
OID30539	ERMAP	Q96PL5	v1	Inflammation_II	/data/Dutta_lab/decode/ukb_ppp/EUR/ERMAP_Q96PL5_OID30539_v1_Inflammation_II	1	42817124	42817124	42844989	1	ENSG00000164010	1	unique_match	UKBB_EUR
OID30540	NPHS1	O60500	v1	Inflammation_II	/data/Dutta_lab/decode/ukb_ppp/EUR/NPHS1_O60500_OID30540_v1_Inflammation_II	19	35851993	35825372	35851993	-1	LRG_693	2	multi_match_first	UKBB_EUR
OID30541	BLNK	Q8WV28	v1	Inflammation_II	/data/Dutta_lab/decode/ukb_ppp/EUR/BLNK_Q8WV28_OID30541_v1_Inflammation_II	10	96271576	96191699	96271576	-1	LRG_21	2	multi_match_first	UKBB_EUR
OID30542	GIPR	P48546	v1	Inflammation_II	/data/Dutta_lab/decode/ukb_ppp/EUR/GIPR_P48546_OID30542_v1_Inflammation_II	19	45668244	45668244	45683724	1	ENSG00000010310	1	unique_match	UKBB_EUR
OID30543	CD7	P09564	v1	Inflammation_II	/data/Dutta_lab/decode/ukb_ppp/EUR/CD7_P09564_OID30543_v1_Inflammation_II	17	82317602	82314868	82317602	-1	ENSG00000173762	1	unique_match	UKBB_EUR
OID30544	FGF3	P11487	v1	Inflammation_II	/data/Dutta_lab/decode/ukb_ppp/EUR/FGF3_P11487_OID30544_v1_Inflammation_II	11	69819024	69810224	69819024	-1	ENSG00000186895	1	unique_match	UKBB_EUR
OID30545	NECTIN1	Q15223	v1	Inflammation_II	/data/Dutta_lab/decode/ukb_ppp/EUR/NECTIN1_Q15223_OID30545_v1_Inflammation_II	11	119729084	119623408	119729084	-1	ENSG00000110400	1	unique_match	UKBB_EUR
OID30546	DGKA	P23743	v1	Inflammation_II	/data/Dutta_lab/decode/ukb_ppp/EUR/DGKA_P23743_OID30546_v1_Inflammation_II	12	55927319	55927319	55954027	1	ENSG00000065357	1	unique_match	UKBB_EUR
OID30547	LMOD1	P29536	v1	Inflammation_II	/data/Dutta_lab/decode/ukb_ppp/EUR/LMOD1_P29536_OID30547_v1_Inflammation_II	1	201946588	201896452	201946588	-1	ENSG00000163431	1	unique_match	UKBB_EUR
OID30548	PPM1B	O75688	v1	Inflammation_II	/data/Dutta_lab/decode/ukb_ppp/EUR/PPM1B_O75688_OID30548_v1_Inflammation_II	2	44167969	44167969	44244384	1	ENSG00000138032	1	unique_match	UKBB_EUR
OID30549	DBN1	Q16643	v1	Inflammation_II	/data/Dutta_lab/decode/ukb_ppp/EUR/DBN1_Q16643_OID30549_v1_Inflammation_II	5	177474401	177456608	177474401	-1	ENSG00000113758	1	unique_match	UKBB_EUR
OID30550	PDZK1	Q5T2W1	v1	Inflammation_II	/data/Dutta_lab/decode/ukb_ppp/EUR/PDZK1_Q5T2W1_OID30550_v1_Inflammation_II	1	145708148	145670852	145708148	-1	ENSG00000174827	1	unique_match	UKBB_EUR
OID30551	IL36G	Q9NZH8	v1	Inflammation_II	/data/Dutta_lab/decode/ukb_ppp/EUR/IL36G_Q9NZH8_OID30551_v1_Inflammation_II	2	112973203	112973203	112985665	1	ENSG00000136688	1	unique_match	UKBB_EUR
OID30552	CLEC12A	Q5QGZ9	v1	Inflammation_II	/data/Dutta_lab/decode/ukb_ppp/EUR/CLEC12A_Q5QGZ9_OID30552_v1_Inflammation_II	12	9951316	9951316	9995694	1	ENSG00000172322	1	unique_match	UKBB_EUR
OID30553	CSF2RB	P32927	v1	Inflammation_II	/data/Dutta_lab/decode/ukb_ppp/EUR/CSF2RB_P32927_OID30553_v1_Inflammation_II	22	36913628	36913628	36940449	1	ENSG00000100368	1	unique_match	UKBB_EUR
OID30554	VEGFB	P49765	v1	Inflammation_II	/data/Dutta_lab/decode/ukb_ppp/EUR/VEGFB_P49765_OID30554_v1_Inflammation_II	11	64234538	64234538	64238793	1	ENSG00000173511	1	unique_match	UKBB_EUR
OID30555	VAMP8	Q9BV40	v1	Inflammation_II	/data/Dutta_lab/decode/ukb_ppp/EUR/VAMP8_Q9BV40_OID30555_v1_Inflammation_II	2	85561562	85561562	85582031	1	ENSG00000118640	1	unique_match	UKBB_EUR
OID30556	CD226	Q15762	v1	Inflammation_II	/data/Dutta_lab/decode/ukb_ppp/EUR/CD226_Q15762_OID30556_v1_Inflammation_II	18	69961803	69831158	69961803	-1	ENSG00000150637	1	unique_match	UKBB_EUR
OID30557	EIF4E	P06730	v1	Inflammation_II	/data/Dutta_lab/decode/ukb_ppp/EUR/EIF4E_P06730_OID30557_v1_Inflammation_II	4	98930637	98871684	98930637	-1	ENSG00000151247	1	unique_match	UKBB_EUR
OID30558	SCRIB	Q14160	v1	Inflammation_II	/data/Dutta_lab/decode/ukb_ppp/EUR/SCRIB_Q14160_OID30558_v1_Inflammation_II	8	143815379	143790920	143815379	-1	ENSG00000180900	1	unique_match	UKBB_EUR
OID30559	TOP2B	Q02880	v1	Inflammation_II	/data/Dutta_lab/decode/ukb_ppp/EUR/TOP2B_Q02880_OID30559_v1_Inflammation_II	3	25664939	25597905	25664939	-1	ENSG00000077097	1	unique_match	UKBB_EUR
OID30560	STX7	O15400	v1	Inflammation_II	/data/Dutta_lab/decode/ukb_ppp/EUR/STX7_O15400_OID30560_v1_Inflammation_II	6	132513198	132445867	132513198	-1	ENSG00000079950	1	unique_match	UKBB_EUR
OID30561	PTGES2	Q9H7Z7	v1	Inflammation_II	/data/Dutta_lab/decode/ukb_ppp/EUR/PTGES2_Q9H7Z7_OID30561_v1_Inflammation_II	9	128128462	128120693	128128462	-1	ENSG00000148334	1	unique_match	UKBB_EUR
OID30563	IDO1	P14902	v1	Inflammation_II	/data/Dutta_lab/decode/ukb_ppp/EUR/IDO1_P14902_OID30563_v1_Inflammation_II	8	39902275	39902275	39928444	1	ENSG00000131203	1	unique_match	UKBB_EUR
OID30564	PPL	O60437	v1	Inflammation_II	/data/Dutta_lab/decode/ukb_ppp/EUR/PPL_O60437_OID30564_v1_Inflammation_II	16	4960741	4882507	4960741	-1	ENSG00000118898	1	unique_match	UKBB_EUR
OID30565	NXPH3	O95157	v1	Inflammation_II	/data/Dutta_lab/decode/ukb_ppp/EUR/NXPH3_O95157_OID30565_v1_Inflammation_II	17	49575858	49575858	49583827	1	ENSG00000182575	1	unique_match	UKBB_EUR
OID30566	INSR	P06213	v1	Inflammation_II	/data/Dutta_lab/decode/ukb_ppp/EUR/INSR_P06213_OID30566_v1_Inflammation_II	19	7294034	7112255	7294034	-1	ENSG00000171105	1	unique_match	UKBB_EUR
OID30567	RALB	P11234	v1	Inflammation_II	/data/Dutta_lab/decode/ukb_ppp/EUR/RALB_P11234_OID30567_v1_Inflammation_II	2	120240064	120240064	120294713	1	ENSG00000144118	1	unique_match	UKBB_EUR
OID30568	NUMB	P49757	v1	Inflammation_II	/data/Dutta_lab/decode/ukb_ppp/EUR/NUMB_P49757_OID30568_v1_Inflammation_II	14	73463642	73275107	73463642	-1	ENSG00000133961	1	unique_match	UKBB_EUR
OID30569	AFAP1	Q8N556	v1	Inflammation_II	/data/Dutta_lab/decode/ukb_ppp/EUR/AFAP1_Q8N556_OID30569_v1_Inflammation_II	4	7939926	7758714	7939926	-1	ENSG00000196526	1	unique_match	UKBB_EUR
OID30570	ITGA2	P17301	v1	Inflammation_II	/data/Dutta_lab/decode/ukb_ppp/EUR/ITGA2_P17301_OID30570_v1_Inflammation_II	5	52989326	52989326	53094779	1	ENSG00000164171	1	unique_match	UKBB_EUR
OID30571	AKAP12	Q02952	v1	Inflammation_II	/data/Dutta_lab/decode/ukb_ppp/EUR/AKAP12_Q02952_OID30571_v1_Inflammation_II	6	151239999	151239999	151358557	1	ENSG00000131016	1	unique_match	UKBB_EUR
OID30572	AMOT	Q4VCS5	v1	Inflammation_II	/data/Dutta_lab/decode/ukb_ppp/EUR/AMOT_Q4VCS5_OID30572_v1_Inflammation_II	23	112840815	112774503	112840815	-1	ENSG00000126016	1	unique_match	UKBB_EUR
OID30573	PDIA3	P30101	v1	Inflammation_II	/data/Dutta_lab/decode/ukb_ppp/EUR/PDIA3_P30101_OID30573_v1_Inflammation_II	15	43746392	43746392	43773279	1	ENSG00000167004	1	unique_match	UKBB_EUR
OID30574	GHR	P10912	v1	Inflammation_II	/data/Dutta_lab/decode/ukb_ppp/EUR/GHR_P10912_OID30574_v1_Inflammation_II	5	42423777	42423777	42721878	1	ENSG00000112964	1	unique_match	UKBB_EUR
OID30575	BMP10	O95393	v1	Inflammation_II	/data/Dutta_lab/decode/ukb_ppp/EUR/BMP10_O95393_OID30575_v1_Inflammation_II	2	68871517	68865481	68871517	-1	ENSG00000163217	2	multi_match_first	UKBB_EUR
OID30576	CD300A	Q9UGN4	v1	Inflammation_II	/data/Dutta_lab/decode/ukb_ppp/EUR/CD300A_Q9UGN4_OID30576_v1_Inflammation_II	17	74466416	74466416	74484796	1	ENSG00000167851	1	unique_match	UKBB_EUR
OID30577	SCGB3A1	Q96QR1	v1	Inflammation_II	/data/Dutta_lab/decode/ukb_ppp/EUR/SCGB3A1_Q96QR1_OID30577_v1_Inflammation_II	5	180591540	180590103	180591540	-1	ENSG00000161055	1	unique_match	UKBB_EUR
OID30578	ERP29	P30040	v1	Inflammation_II	/data/Dutta_lab/decode/ukb_ppp/EUR/ERP29_P30040_OID30578_v1_Inflammation_II	12	112013316	112013316	112023451	1	ENSG00000089248	1	unique_match	UKBB_EUR
OID30579	HEG1	Q9ULI3	v1	Inflammation_II	/data/Dutta_lab/decode/ukb_ppp/EUR/HEG1_Q9ULI3_OID30579_v1_Inflammation_II	3	125055958	124965710	125055958	-1	ENSG00000173706	1	unique_match	UKBB_EUR
OID30580	DTD1	Q8TEA8	v1	Inflammation_II	/data/Dutta_lab/decode/ukb_ppp/EUR/DTD1_Q8TEA8_OID30580_v1_Inflammation_II	20	18567453	18567453	18763917	1	ENSG00000125821	1	unique_match	UKBB_EUR
OID30581	CST1	P01037	v1	Inflammation_II	/data/Dutta_lab/decode/ukb_ppp/EUR/CST1_P01037_OID30581_v1_Inflammation_II	20	23751268	23747553	23751268	-1	ENSG00000170373	1	unique_match	UKBB_EUR
OID30582	DIPK2B	Q9H7Y0	v1	Inflammation_II	/data/Dutta_lab/decode/ukb_ppp/EUR/DIPK2B_Q9H7Y0_OID30582_v1_Inflammation_II							0	missing	UKBB_EUR
OID30583	MXRA8	Q9BRK3	v1	Inflammation_II	/data/Dutta_lab/decode/ukb_ppp/EUR/MXRA8_Q9BRK3_OID30583_v1_Inflammation_II	1	1361777	1352689	1361777	-1	ENSG00000162576	1	unique_match	UKBB_EUR
OID30584	PDE5A	O76074	v1	Inflammation_II	/data/Dutta_lab/decode/ukb_ppp/EUR/PDE5A_O76074_OID30584_v1_Inflammation_II	4	119628991	119494395	119628991	-1	ENSG00000138735	1	unique_match	UKBB_EUR
OID30585	ACHE	P22303	v1	Inflammation_II	/data/Dutta_lab/decode/ukb_ppp/EUR/ACHE_P22303_OID30585_v1_Inflammation_II	7	100896974	100889994	100896974	-1	ENSG00000087085	1	unique_match	UKBB_EUR
OID30586	JAM3	Q9BX67	v1	Inflammation_II	/data/Dutta_lab/decode/ukb_ppp/EUR/JAM3_Q9BX67_OID30586_v1_Inflammation_II	11	134068925	134068925	134152001	1	ENSG00000166086	1	unique_match	UKBB_EUR
OID30587	COL5A1	P20908	v1	Inflammation_II	/data/Dutta_lab/decode/ukb_ppp/EUR/COL5A1_P20908_OID30587_v1_Inflammation_II	9	134641774	134641774	134844843	1	ENSG00000130635	1	unique_match	UKBB_EUR
OID30588	ADGRD1	Q6QNK2	v1	Inflammation_II	/data/Dutta_lab/decode/ukb_ppp/EUR/ADGRD1_Q6QNK2_OID30588_v1_Inflammation_II	12	130953907	130953907	131141469	1	ENSG00000111452	1	unique_match	UKBB_EUR
OID30589	TNFRSF17	Q02223	v1	Inflammation_II	/data/Dutta_lab/decode/ukb_ppp/EUR/TNFRSF17_Q02223_OID30589_v1_Inflammation_II	16	11965107	11965107	11968068	1	ENSG00000048462	1	unique_match	UKBB_EUR
OID30590	APPL2	Q8NEU8	v1	Inflammation_II	/data/Dutta_lab/decode/ukb_ppp/EUR/APPL2_Q8NEU8_OID30590_v1_Inflammation_II	12	105236238	105173296	105236238	-1	ENSG00000136044	1	unique_match	UKBB_EUR
OID30591	PAXX	Q9BUH6	v1	Inflammation_II	/data/Dutta_lab/decode/ukb_ppp/EUR/PAXX_Q9BUH6_OID30591_v1_Inflammation_II							0	missing	UKBB_EUR
OID30592	HMCN2	Q8NDA2	v1	Inflammation_II	/data/Dutta_lab/decode/ukb_ppp/EUR/HMCN2_Q8NDA2_OID30592_v1_Inflammation_II	9	130265882	130265882	130434123	1	ENSG00000148357	1	unique_match	UKBB_EUR
OID30593	CELSR2	Q9HCU4	v1	Inflammation_II	/data/Dutta_lab/decode/ukb_ppp/EUR/CELSR2_Q9HCU4_OID30593_v1_Inflammation_II	1	109250019	109250019	109275750	1	ENSG00000143126	1	unique_match	UKBB_EUR
OID30594	GLA	P06280	v1	Inflammation_II	/data/Dutta_lab/decode/ukb_ppp/EUR/GLA_P06280_OID30594_v1_Inflammation_II	23	101408013	101397791	101408013	-1	LRG_672	2	multi_match_first	UKBB_EUR
OID30595	MENT	Q9BUN1	v1	Inflammation_II	/data/Dutta_lab/decode/ukb_ppp/EUR/MENT_Q9BUN1_OID30595_v1_Inflammation_II							0	missing	UKBB_EUR
OID30596	PSTPIP2	Q9H939	v1	Inflammation_II	/data/Dutta_lab/decode/ukb_ppp/EUR/PSTPIP2_Q9H939_OID30596_v1_Inflammation_II	18	46072272	45983536	46072272	-1	ENSG00000152229	1	unique_match	UKBB_EUR
OID30597	GNPDA2	Q8TDQ7	v1	Inflammation_II	/data/Dutta_lab/decode/ukb_ppp/EUR/GNPDA2_Q8TDQ7_OID30597_v1_Inflammation_II	4	44726595	44682200	44726595	-1	ENSG00000163281	1	unique_match	UKBB_EUR
OID30598	MFAP4	P55083	v1	Inflammation_II	/data/Dutta_lab/decode/ukb_ppp/EUR/MFAP4_P55083_OID30598_v1_Inflammation_II	17	19387240	19383442	19387240	-1	ENSG00000166482	1	unique_match	UKBB_EUR
OID30599	SEMA3G	Q9NS98	v1	Inflammation_II	/data/Dutta_lab/decode/ukb_ppp/EUR/SEMA3G_Q9NS98_OID30599_v1_Inflammation_II	3	52445085	52433053	52445085	-1	ENSG00000010319	1	unique_match	UKBB_EUR
OID30600	GAPDH	P04406	v1	Inflammation_II	/data/Dutta_lab/decode/ukb_ppp/EUR/GAPDH_P04406_OID30600_v1_Inflammation_II	12	6533927	6533927	6538374	1	ENSG00000111640	1	unique_match	UKBB_EUR
OID30601	RLN2	P04090	v1	Inflammation_II	/data/Dutta_lab/decode/ukb_ppp/EUR/RLN2_P04090_OID30601_v1_Inflammation_II	9	5304969	5299868	5304969	-1	ENSG00000107014	1	unique_match	UKBB_EUR
OID30602	DDI2	Q5TDH0	v1	Inflammation_II	/data/Dutta_lab/decode/ukb_ppp/EUR/DDI2_Q5TDH0_OID30602_v1_Inflammation_II	1	15617500	15617500	15669044	1	ENSG00000197312	1	unique_match	UKBB_EUR
OID30603	UROD	P06132	v1	Inflammation_II	/data/Dutta_lab/decode/ukb_ppp/EUR/UROD_P06132_OID30603_v1_Inflammation_II	1	45012147	45012147	45015575	1	ENSG00000126088	1	unique_match	UKBB_EUR
OID30604	SERPINI1	Q99574	v1	Inflammation_II	/data/Dutta_lab/decode/ukb_ppp/EUR/SERPINI1_Q99574_OID30604_v1_Inflammation_II	3	167735243	167735243	167825568	1	ENSG00000163536	1	unique_match	UKBB_EUR
OID30605	YWHAQ	P27348	v1	Inflammation_II	/data/Dutta_lab/decode/ukb_ppp/EUR/YWHAQ_P27348_OID30605_v1_Inflammation_II	2	9631014	9583972	9631014	-1	ENSG00000134308	1	unique_match	UKBB_EUR
OID30606	CPA4	Q9UI42	v1	Inflammation_II	/data/Dutta_lab/decode/ukb_ppp/EUR/CPA4_Q9UI42_OID30606_v1_Inflammation_II	7	130293134	130293134	130324180	1	ENSG00000128510	1	unique_match	UKBB_EUR
OID30607	PRR4	Q16378	v1	Inflammation_II	/data/Dutta_lab/decode/ukb_ppp/EUR/PRR4_Q16378_OID30607_v1_Inflammation_II	12	11171613	10845849	11171613	-1	ENSG00000111215	1	unique_match	UKBB_EUR
OID30608	LEG1	Q6P5S2	v1	Inflammation_II	/data/Dutta_lab/decode/ukb_ppp/EUR/LEG1_Q6P5S2_OID30608_v1_Inflammation_II							0	missing	UKBB_EUR
OID30609	TPD52L2	O43399	v1	Inflammation_II	/data/Dutta_lab/decode/ukb_ppp/EUR/TPD52L2_O43399_OID30609_v1_Inflammation_II	20	63865228	63865228	63891545	1	ENSG00000101150	1	unique_match	UKBB_EUR
OID30610	PCBD1	P61457	v1	Inflammation_II	/data/Dutta_lab/decode/ukb_ppp/EUR/PCBD1_P61457_OID30610_v1_Inflammation_II	10	70888784	70882280	70888784	-1	ENSG00000166228	1	unique_match	UKBB_EUR
OID30611	GP5	P40197	v1	Inflammation_II	/data/Dutta_lab/decode/ukb_ppp/EUR/GP5_P40197_OID30611_v1_Inflammation_II	3	194398354	194394821	194398354	-1	ENSG00000178732	1	unique_match	UKBB_EUR
OID30612	ADH1B	P00325	v1	Inflammation_II	/data/Dutta_lab/decode/ukb_ppp/EUR/ADH1B_P00325_OID30612_v1_Inflammation_II	4	99321401	99304964	99321401	-1	ENSG00000196616	1	unique_match	UKBB_EUR
OID30613	DNAJB6	O75190	v1	Inflammation_II	/data/Dutta_lab/decode/ukb_ppp/EUR/DNAJB6_O75190_OID30613_v1_Inflammation_II	7	157335381	157335381	157417439	1	ENSG00000105993	1	unique_match	UKBB_EUR
OID30614	NHLRC3	Q5JS37	v1	Inflammation_II	/data/Dutta_lab/decode/ukb_ppp/EUR/NHLRC3_Q5JS37_OID30614_v1_Inflammation_II	13	39038306	39038306	39050109	1	ENSG00000188811	1	unique_match	UKBB_EUR
OID30615	BMPER	Q8N8U9	v1	Inflammation_II	/data/Dutta_lab/decode/ukb_ppp/EUR/BMPER_Q8N8U9_OID30615_v1_Inflammation_II	7	33904911	33904911	34155872	1	ENSG00000164619	1	unique_match	UKBB_EUR
OID30616	TBCA	O75347	v1	Inflammation_II	/data/Dutta_lab/decode/ukb_ppp/EUR/TBCA_O75347_OID30616_v1_Inflammation_II	5	77868780	77691166	77868780	-1	ENSG00000171530	1	unique_match	UKBB_EUR
OID30617	ANXA1	P04083	v1	Inflammation_II	/data/Dutta_lab/decode/ukb_ppp/EUR/ANXA1_P04083_OID30617_v1_Inflammation_II	9	73151757	73151757	73170393	1	ENSG00000135046	1	unique_match	UKBB_EUR
OID30618	C1QTNF5	Q9BXJ0	v1	Inflammation_II	/data/Dutta_lab/decode/ukb_ppp/EUR/C1QTNF5_Q9BXJ0_OID30618_v1_Inflammation_II	11	119340940	119338939	119340940	-1	ENSG00000223953	1	unique_match	UKBB_EUR
OID30619	CRELD1	Q96HD1	v1	Inflammation_II	/data/Dutta_lab/decode/ukb_ppp/EUR/CRELD1_Q96HD1_OID30619_v1_Inflammation_II	3	9933822	9933822	9945413	1	ENSG00000163703	1	unique_match	UKBB_EUR
OID30620	C1QTNF9	P0C862	v1	Inflammation_II	/data/Dutta_lab/decode/ukb_ppp/EUR/C1QTNF9_P0C862_OID30620_v1_Inflammation_II	13	24307166	24307166	24322535	1	ENSG00000240654	1	unique_match	UKBB_EUR
OID30621	PRKG1	Q13976	v1	Inflammation_II	/data/Dutta_lab/decode/ukb_ppp/EUR/PRKG1_Q13976_OID30621_v1_Inflammation_II	10	50991358	50991358	52298350	1	ENSG00000185532	1	unique_match	UKBB_EUR
OID30622	EPHA4	P54764	v1	Inflammation_II	/data/Dutta_lab/decode/ukb_ppp/EUR/EPHA4_P54764_OID30622_v1_Inflammation_II	2	221574202	221418027	221574202	-1	ENSG00000116106	1	unique_match	UKBB_EUR
OID30623	GMPR2	Q9P2T1	v1	Inflammation_II	/data/Dutta_lab/decode/ukb_ppp/EUR/GMPR2_Q9P2T1_OID30623_v1_Inflammation_II	14	24232422	24232422	24239242	1	ENSG00000100938	1	unique_match	UKBB_EUR
OID30624	ST13	P50502	v1	Inflammation_II	/data/Dutta_lab/decode/ukb_ppp/EUR/ST13_P50502_OID30624_v1_Inflammation_II	22	40857022	40824535	40857022	-1	ENSG00000100380	1	unique_match	UKBB_EUR
OID30625	INHBB	P09529	v1	Inflammation_II	/data/Dutta_lab/decode/ukb_ppp/EUR/INHBB_P09529_OID30625_v1_Inflammation_II	2	120346143	120346143	120351808	1	ENSG00000163083	1	unique_match	UKBB_EUR
OID30626	FUOM	A2VDF0	v1	Inflammation_II	/data/Dutta_lab/decode/ukb_ppp/EUR/FUOM_A2VDF0_OID30626_v1_Inflammation_II	10	133358035	133355154	133358035	-1	ENSG00000148803	1	unique_match	UKBB_EUR
OID30627	SPINK2	P20155	v1	Inflammation_II	/data/Dutta_lab/decode/ukb_ppp/EUR/SPINK2_P20155_OID30627_v1_Inflammation_II	4	56821742	56809860	56821742	-1	ENSG00000128040	1	unique_match	UKBB_EUR
OID30628	CTSE	P14091	v1	Inflammation_II	/data/Dutta_lab/decode/ukb_ppp/EUR/CTSE_P14091_OID30628_v1_Inflammation_II	1	206023909	206009264	206023909	-1	ENSG00000196188	1	unique_match	UKBB_EUR
OID30629	TNFAIP8L2	Q6P589	v1	Inflammation_II	/data/Dutta_lab/decode/ukb_ppp/EUR/TNFAIP8L2_Q6P589_OID30629_v1_Inflammation_II	1	151156629	151156629	151159749	1	ENSG00000163154	1	unique_match	UKBB_EUR
OID30630	SLC9A3R1	O14745	v1	Inflammation_II	/data/Dutta_lab/decode/ukb_ppp/EUR/SLC9A3R1_O14745_OID30630_v1_Inflammation_II	17	74748613	74748613	74769353	1	ENSG00000109062	1	unique_match	UKBB_EUR
OID30631	GCHFR	P30047	v1	Inflammation_II	/data/Dutta_lab/decode/ukb_ppp/EUR/GCHFR_P30047_OID30631_v1_Inflammation_II	15	40764020	40764020	40767710	1	ENSG00000137880	1	unique_match	UKBB_EUR
OID30632	TP53I3	Q53FA7	v1	Inflammation_II	/data/Dutta_lab/decode/ukb_ppp/EUR/TP53I3_Q53FA7_OID30632_v1_Inflammation_II	2	24085861	24077433	24085861	-1	ENSG00000115129	1	unique_match	UKBB_EUR
OID30633	MYOM3	Q5VTT5	v1	Inflammation_II	/data/Dutta_lab/decode/ukb_ppp/EUR/MYOM3_Q5VTT5_OID30633_v1_Inflammation_II	1	24112175	24056035	24112175	-1	ENSG00000142661	1	unique_match	UKBB_EUR
OID30634	PHYKPL	Q8IUZ5	v1	Inflammation_II	/data/Dutta_lab/decode/ukb_ppp/EUR/PHYKPL_Q8IUZ5_OID30634_v1_Inflammation_II	5	178232791	178208497	178232791	-1	ENSG00000175309	1	unique_match	UKBB_EUR
OID30635	RIDA	P52758	v1	Inflammation_II	/data/Dutta_lab/decode/ukb_ppp/EUR/RIDA_P52758_OID30635_v1_Inflammation_II	8	98117241	98102344	98117241	-1	ENSG00000132541	1	unique_match	UKBB_EUR
OID30636	SYAP1	Q96A49	v1	Inflammation_II	/data/Dutta_lab/decode/ukb_ppp/EUR/SYAP1_Q96A49_OID30636_v1_Inflammation_II	23	16719632	16719632	16765336	1	ENSG00000169895	1	unique_match	UKBB_EUR
OID30637	LZTFL1	Q9NQ48	v1	Inflammation_II	/data/Dutta_lab/decode/ukb_ppp/EUR/LZTFL1_Q9NQ48_OID30637_v1_Inflammation_II	3	45916042	45823316	45916042	-1	ENSG00000163818	1	unique_match	UKBB_EUR
OID30638	MOCS2	O96007	v1	Inflammation_II	/data/Dutta_lab/decode/ukb_ppp/EUR/MOCS2_O96007_OID30638_v1_Inflammation_II	5	53110063	53095679	53110063	-1	ENSG00000164172	1	unique_match	UKBB_EUR
OID30639	GIMAP7	Q8NHV1	v1	Inflammation_II	/data/Dutta_lab/decode/ukb_ppp/EUR/GIMAP7_Q8NHV1_OID30639_v1_Inflammation_II	7	150514830	150514830	150521073	1	ENSG00000179144	1	unique_match	UKBB_EUR
OID30640	VTI1A	Q96AJ9	v1	Inflammation_II	/data/Dutta_lab/decode/ukb_ppp/EUR/VTI1A_Q96AJ9_OID30640_v1_Inflammation_II	10	112446998	112446998	112818744	1	ENSG00000151532	1	unique_match	UKBB_EUR
OID30641	CD72	P21854	v1	Inflammation_II	/data/Dutta_lab/decode/ukb_ppp/EUR/CD72_P21854_OID30641_v1_Inflammation_II	9	35646810	35609533	35646810	-1	ENSG00000137101	1	unique_match	UKBB_EUR
OID30642	ACYP1	P07311	v1	Inflammation_II	/data/Dutta_lab/decode/ukb_ppp/EUR/ACYP1_P07311_OID30642_v1_Inflammation_II	14	75069483	75053221	75069483	-1	ENSG00000119640	1	unique_match	UKBB_EUR
OID30643	NAGPA	Q9UK23	v1	Inflammation_II	/data/Dutta_lab/decode/ukb_ppp/EUR/NAGPA_Q9UK23_OID30643_v1_Inflammation_II	16	5034141	5024844	5034141	-1	ENSG00000103174	1	unique_match	UKBB_EUR
OID30644	SNX15	Q9NRS6	v1	Inflammation_II	/data/Dutta_lab/decode/ukb_ppp/EUR/SNX15_Q9NRS6_OID30644_v1_Inflammation_II	11	65027408	65027408	65040572	1	ENSG00000110025	1	unique_match	UKBB_EUR
OID30645	SNCA	P37840	v1	Inflammation_II	/data/Dutta_lab/decode/ukb_ppp/EUR/SNCA_P37840_OID30645_v1_Inflammation_II	4	89838315	89724099	89838315	-1	ENSG00000145335	1	unique_match	UKBB_EUR
OID30646	FGFR4	P22455	v1	Inflammation_II	/data/Dutta_lab/decode/ukb_ppp/EUR/FGFR4_P22455_OID30646_v1_Inflammation_II	5	177086886	177086886	177098144	1	ENSG00000160867	1	unique_match	UKBB_EUR
OID30647	RABEP1	Q15276	v1	Inflammation_II	/data/Dutta_lab/decode/ukb_ppp/EUR/RABEP1_Q15276_OID30647_v1_Inflammation_II	17	5282265	5282265	5385812	1	ENSG00000029725	1	unique_match	UKBB_EUR
OID30648	SFRP4	Q6FHJ7	v1	Inflammation_II	/data/Dutta_lab/decode/ukb_ppp/EUR/SFRP4_Q6FHJ7_OID30648_v1_Inflammation_II	7	38025695	37905932	38025695	-1	ENSG00000106483	1	unique_match	UKBB_EUR
OID30649	CACYBP	Q9HB71	v1	Inflammation_II	/data/Dutta_lab/decode/ukb_ppp/EUR/CACYBP_Q9HB71_OID30649_v1_Inflammation_II	1	174999163	174999163	175011715	1	ENSG00000116161	1	unique_match	UKBB_EUR
OID30650	SUSD5	O60279	v1	Inflammation_II	/data/Dutta_lab/decode/ukb_ppp/EUR/SUSD5_O60279_OID30650_v1_Inflammation_II	3	33219215	33150042	33219215	-1	ENSG00000173705	1	unique_match	UKBB_EUR
OID30651	PINLYP	A6NC86	v1	Inflammation_II	/data/Dutta_lab/decode/ukb_ppp/EUR/PINLYP_A6NC86_OID30651_v1_Inflammation_II	19	43576800	43576800	43583964	1	ENSG00000234465	1	unique_match	UKBB_EUR
OID30652	KLK7	P49862	v1	Inflammation_II	/data/Dutta_lab/decode/ukb_ppp/EUR/KLK7_P49862_OID30652_v1_Inflammation_II	19	50984099	50976482	50984099	-1	ENSG00000169035	1	unique_match	UKBB_EUR
OID30653	ARHGAP45	Q92619	v1	Inflammation_II	/data/Dutta_lab/decode/ukb_ppp/EUR/ARHGAP45_Q92619_OID30653_v1_Inflammation_II	19	1065923	1065923	1086628	1	ENSG00000180448	1	unique_match	UKBB_EUR
OID30654	UBXN1	Q04323	v1	Inflammation_II	/data/Dutta_lab/decode/ukb_ppp/EUR/UBXN1_Q04323_OID30654_v1_Inflammation_II	11	62679117	62676498	62679117	-1	ENSG00000162191	1	unique_match	UKBB_EUR
OID30655	ADD1	P35611	v1	Inflammation_II	/data/Dutta_lab/decode/ukb_ppp/EUR/ADD1_P35611_OID30655_v1_Inflammation_II	4	2843857	2843857	2930076	1	ENSG00000087274	1	unique_match	UKBB_EUR
OID30656	SPART	Q8N0X7	v1	Inflammation_II	/data/Dutta_lab/decode/ukb_ppp/EUR/SPART_Q8N0X7_OID30656_v1_Inflammation_II							0	missing	UKBB_EUR
OID30657	DCTD	P32321	v1	Inflammation_II	/data/Dutta_lab/decode/ukb_ppp/EUR/DCTD_P32321_OID30657_v1_Inflammation_II	4	182917936	182890060	182917936	-1	ENSG00000129187	1	unique_match	UKBB_EUR
OID30658	MARS1	P56192	v1	Inflammation_II	/data/Dutta_lab/decode/ukb_ppp/EUR/MARS1_P56192_OID30658_v1_Inflammation_II							0	missing	UKBB_EUR
OID30659	PTRHD1	Q6GMV3	v1	Inflammation_II	/data/Dutta_lab/decode/ukb_ppp/EUR/PTRHD1_Q6GMV3_OID30659_v1_Inflammation_II	2	24793382	24789734	24793382	-1	ENSG00000184924	1	unique_match	UKBB_EUR
OID30660	CHAD	O15335	v1	Inflammation_II	/data/Dutta_lab/decode/ukb_ppp/EUR/CHAD_O15335_OID30660_v1_Inflammation_II	17	50468966	50464496	50468966	-1	ENSG00000136457	1	unique_match	UKBB_EUR
OID30661	DNAJB2	P25686	v1	Inflammation_II	/data/Dutta_lab/decode/ukb_ppp/EUR/DNAJB2_P25686_OID30661_v1_Inflammation_II	2	219279267	219279267	219286900	1	ENSG00000135924	1	unique_match	UKBB_EUR
OID30662	SDK2	Q58EX2	v1	Inflammation_II	/data/Dutta_lab/decode/ukb_ppp/EUR/SDK2_Q58EX2_OID30662_v1_Inflammation_II	17	73644089	73334384	73644089	-1	ENSG00000069188	1	unique_match	UKBB_EUR
OID30663	GLRX5	Q86SX6	v1	Inflammation_II	/data/Dutta_lab/decode/ukb_ppp/EUR/GLRX5_Q86SX6_OID30663_v1_Inflammation_II	14	95533503	95533503	95544724	1	ENSG00000182512	1	unique_match	UKBB_EUR
OID30664	DAAM1	Q9Y4D1	v1	Inflammation_II	/data/Dutta_lab/decode/ukb_ppp/EUR/DAAM1_Q9Y4D1_OID30664_v1_Inflammation_II	14	59188646	59188646	59371405	1	ENSG00000100592	1	unique_match	UKBB_EUR
OID30665	OLFM4	Q6UX06	v1	Inflammation_II	/data/Dutta_lab/decode/ukb_ppp/EUR/OLFM4_Q6UX06_OID30665_v1_Inflammation_II	13	53028759	53028759	53052057	1	ENSG00000102837	1	unique_match	UKBB_EUR
OID30666	PENK	P01210	v1	Inflammation_II	/data/Dutta_lab/decode/ukb_ppp/EUR/PENK_P01210_OID30666_v1_Inflammation_II	8	56446734	56436674	56446734	-1	ENSG00000181195	1	unique_match	UKBB_EUR
OID30667	CSH1	P0DML2	v1	Inflammation_II	/data/Dutta_lab/decode/ukb_ppp/EUR/CSH1_P0DML2_OID30667_v1_Inflammation_II	17	63896661	63894909	63896661	-1	ENSG00000136488	1	unique_match	UKBB_EUR
OID30668	PRDX2	P32119	v1	Inflammation_II	/data/Dutta_lab/decode/ukb_ppp/EUR/PRDX2_P32119_OID30668_v1_Inflammation_II	19	12801859	12796820	12801859	-1	ENSG00000167815	1	unique_match	UKBB_EUR
OID30669	MDH1	P40925	v1	Inflammation_II	/data/Dutta_lab/decode/ukb_ppp/EUR/MDH1_P40925_OID30669_v1_Inflammation_II	2	63588609	63588609	63607197	1	ENSG00000014641	1	unique_match	UKBB_EUR
OID30670	TXN	P10599	v1	Inflammation_II	/data/Dutta_lab/decode/ukb_ppp/EUR/TXN_P10599_OID30670_v1_Inflammation_II	9	110256640	110243811	110256640	-1	ENSG00000136810	1	unique_match	UKBB_EUR
OID30672	RNASE1	P07998	v1	Inflammation_II	/data/Dutta_lab/decode/ukb_ppp/EUR/RNASE1_P07998_OID30672_v1_Inflammation_II	14	20803278	20801228	20803278	-1	ENSG00000129538	1	unique_match	UKBB_EUR
OID30673	APOB	P04114	v1	Inflammation_II	/data/Dutta_lab/decode/ukb_ppp/EUR/APOB_P04114_OID30673_v1_Inflammation_II	2	21044073	21001429	21044073	-1	ENSG00000084674	1	unique_match	UKBB_EUR
OID30674	NRGN	Q92686	v1	Inflammation_II	/data/Dutta_lab/decode/ukb_ppp/EUR/NRGN_Q92686_OID30674_v1_Inflammation_II	11	124739846	124739846	124747210	1	ENSG00000154146	1	unique_match	UKBB_EUR
OID30675	ABO	P16442	v1	Inflammation_II	/data/Dutta_lab/decode/ukb_ppp/EUR/ABO_P16442_OID30675_v1_Inflammation_II	9	133275214	133250401	133275214	-1	ENSG00000175164	1	unique_match	UKBB_EUR
OID30676	PI16	Q6UXB8	v1	Inflammation_II	/data/Dutta_lab/decode/ukb_ppp/EUR/PI16_Q6UXB8_OID30676_v1_Inflammation_II	6	36948263	36948263	36964837	1	ENSG00000164530	1	unique_match	UKBB_EUR
OID30677	LCAT	P04180	v1	Inflammation_II	/data/Dutta_lab/decode/ukb_ppp/EUR/LCAT_P04180_OID30677_v1_Inflammation_II	16	67944131	67939750	67944131	-1	ENSG00000213398	1	unique_match	UKBB_EUR
OID30678	NEXN	Q0ZGT2	v1	Inflammation_II	/data/Dutta_lab/decode/ukb_ppp/EUR/NEXN_Q0ZGT2_OID30678_v1_Inflammation_II	1	77888513	77888513	77943895	1	ENSG00000162614	2	multi_match_first	UKBB_EUR
OID30679	ASGR2	P07307	v1	Inflammation_II	/data/Dutta_lab/decode/ukb_ppp/EUR/ASGR2_P07307_OID30679_v1_Inflammation_II	17	7115700	7101322	7115700	-1	ENSG00000161944	1	unique_match	UKBB_EUR
OID30680	GPI	P06744	v1	Inflammation_II	/data/Dutta_lab/decode/ukb_ppp/EUR/GPI_P06744_OID30680_v1_Inflammation_II	19	34359480	34359480	34402156	1	ENSG00000105220	1	unique_match	UKBB_EUR
OID30681	CSF1R	P07333	v1	Inflammation_II	/data/Dutta_lab/decode/ukb_ppp/EUR/CSF1R_P07333_OID30681_v1_Inflammation_II	5	150113372	150053291	150113372	-1	ENSG00000182578	1	unique_match	UKBB_EUR
OID30682	TREML1	Q86YW5	v1	Inflammation_II	/data/Dutta_lab/decode/ukb_ppp/EUR/TREML1_Q86YW5_OID30682_v1_Inflammation_II	6	41154337	41149342	41154337	-1	ENSG00000161911	1	unique_match	UKBB_EUR
OID30683	SOD3	P08294	v1	Inflammation_II	/data/Dutta_lab/decode/ukb_ppp/EUR/SOD3_P08294_OID30683_v1_Inflammation_II	4	24789912	24789912	24800842	1	ENSG00000109610	1	unique_match	UKBB_EUR
OID30684	F10	P00742	v1	Inflammation_II	/data/Dutta_lab/decode/ukb_ppp/EUR/F10_P00742_OID30684_v1_Inflammation_II	13	113122799	113122799	113149529	1	LRG_548	2	multi_match_first	UKBB_EUR
OID30685	SHBG	P04278	v1	Inflammation_II	/data/Dutta_lab/decode/ukb_ppp/EUR/SHBG_P04278_OID30685_v1_Inflammation_II	17	7613946	7613946	7633383	1	ENSG00000129214	1	unique_match	UKBB_EUR
OID30686	APOA2	P02652	v1	Inflammation_II	/data/Dutta_lab/decode/ukb_ppp/EUR/APOA2_P02652_OID30686_v1_Inflammation_II	1	161223631	161222292	161223631	-1	ENSG00000158874	1	unique_match	UKBB_EUR
OID30687	TCN1	P20061	v1	Inflammation_II	/data/Dutta_lab/decode/ukb_ppp/EUR/TCN1_P20061_OID30687_v1_Inflammation_II	11	59866575	59852800	59866575	-1	ENSG00000134827	1	unique_match	UKBB_EUR
OID30688	PEPD	P12955	v1	Inflammation_II	/data/Dutta_lab/decode/ukb_ppp/EUR/PEPD_P12955_OID30688_v1_Inflammation_II	19	33521794	33386950	33521794	-1	ENSG00000124299	1	unique_match	UKBB_EUR
OID30689	RNASE6	Q93091	v1	Inflammation_II	/data/Dutta_lab/decode/ukb_ppp/EUR/RNASE6_Q93091_OID30689_v1_Inflammation_II	14	20781051	20781051	20782467	1	ENSG00000169413	1	unique_match	UKBB_EUR
OID30690	FCN1	O00602	v1	Inflammation_II	/data/Dutta_lab/decode/ukb_ppp/EUR/FCN1_O00602_OID30690_v1_Inflammation_II	9	134917963	134905890	134917963	-1	ENSG00000085265	1	unique_match	UKBB_EUR
OID30691	TGOLN2	O43493	v1	Inflammation_II	/data/Dutta_lab/decode/ukb_ppp/EUR/TGOLN2_O43493_OID30691_v1_Inflammation_II	2	85328425	85318020	85328425	-1	ENSG00000152291	1	unique_match	UKBB_EUR
OID30692	VASP	P50552	v1	Inflammation_II	/data/Dutta_lab/decode/ukb_ppp/EUR/VASP_P50552_OID30692_v1_Inflammation_II	19	45506579	45506579	45526983	1	ENSG00000125753	1	unique_match	UKBB_EUR
OID30693	PNLIP	P16233	v1	Inflammation_II	/data/Dutta_lab/decode/ukb_ppp/EUR/PNLIP_P16233_OID30693_v1_Inflammation_II	10	116545931	116545931	116567855	1	ENSG00000175535	1	unique_match	UKBB_EUR
OID30694	MRC1	P22897	v1	Inflammation_II	/data/Dutta_lab/decode/ukb_ppp/EUR/MRC1_P22897_OID30694_v1_Inflammation_II	10	17809344	17809344	17911170	1	ENSG00000260314	1	unique_match	UKBB_EUR
OID30696	ACE	P12821	v1	Inflammation_II	/data/Dutta_lab/decode/ukb_ppp/EUR/ACE_P12821_OID30696_v1_Inflammation_II	17	63477061	63477061	63498380	1	ENSG00000159640	1	unique_match	UKBB_EUR
OID30697	CR1	P17927	v1	Inflammation_II	/data/Dutta_lab/decode/ukb_ppp/EUR/CR1_P17927_OID30697_v1_Inflammation_II	1	207496147	207496147	207640647	1	ENSG00000203710	1	unique_match	UKBB_EUR
OID30698	C9	P02748	v1	Inflammation_II	/data/Dutta_lab/decode/ukb_ppp/EUR/C9_P02748_OID30698_v1_Inflammation_II	5	39424868	39284262	39424868	-1	ENSG00000113600	2	multi_match_first	UKBB_EUR
OID30699	PGA4	P0DJD7	v1	Inflammation_II	/data/Dutta_lab/decode/ukb_ppp/EUR/PGA4_P0DJD7_OID30699_v1_Inflammation_II	11	61222216	61222216	61231927	1	ENSG00000229183	1	unique_match	UKBB_EUR
OID30700	GSR	P00390	v1	Inflammation_II	/data/Dutta_lab/decode/ukb_ppp/EUR/GSR_P00390_OID30700_v1_Inflammation_II	8	30727926	30678061	30727926	-1	ENSG00000104687	1	unique_match	UKBB_EUR
OID30701	APOF	Q13790	v1	Inflammation_II	/data/Dutta_lab/decode/ukb_ppp/EUR/APOF_Q13790_OID30701_v1_Inflammation_II	12	56362823	56360569	56362823	-1	ENSG00000175336	1	unique_match	UKBB_EUR
OID30702	FGL1	Q08830	v1	Inflammation_II	/data/Dutta_lab/decode/ukb_ppp/EUR/FGL1_Q08830_OID30702_v1_Inflammation_II	8	17910365	17864380	17910365	-1	ENSG00000104760	1	unique_match	UKBB_EUR
OID30703	DBH	P09172	v1	Inflammation_II	/data/Dutta_lab/decode/ukb_ppp/EUR/DBH_P09172_OID30703_v1_Inflammation_II	9	133636360	133636360	133659344	1	ENSG00000123454	1	unique_match	UKBB_EUR
OID30704	PON1	P27169	v1	Inflammation_II	/data/Dutta_lab/decode/ukb_ppp/EUR/PON1_P27169_OID30704_v1_Inflammation_II	7	95324707	95297676	95324707	-1	ENSG00000005421	1	unique_match	UKBB_EUR
OID30705	RNASE4	P34096	v1	Inflammation_II	/data/Dutta_lab/decode/ukb_ppp/EUR/RNASE4_P34096_OID30705_v1_Inflammation_II	14	20684100	20684100	20701215	1	ENSG00000258818	1	unique_match	UKBB_EUR
OID30706	AHSG	P02765	v1	Inflammation_II	/data/Dutta_lab/decode/ukb_ppp/EUR/AHSG_P02765_OID30706_v1_Inflammation_II	3	186612923	186612923	186621318	1	ENSG00000145192	1	unique_match	UKBB_EUR
OID30708	APOL1	O14791	v1	Inflammation_II	/data/Dutta_lab/decode/ukb_ppp/EUR/APOL1_O14791_OID30708_v1_Inflammation_II	22	36253010	36253010	36267530	1	ENSG00000100342	2	multi_match_first	UKBB_EUR
OID30709	AGT	P01019	v1	Inflammation_II	/data/Dutta_lab/decode/ukb_ppp/EUR/AGT_P01019_OID30709_v1_Inflammation_II	1	230714297	230702523	230714297	-1	ENSG00000135744	1	unique_match	UKBB_EUR
OID30710	CTBS	Q01459	v1	Inflammation_II	/data/Dutta_lab/decode/ukb_ppp/EUR/CTBS_Q01459_OID30710_v1_Inflammation_II	1	84574480	84549606	84574480	-1	ENSG00000117151	1	unique_match	UKBB_EUR
OID30711	VNN1	O95497	v1	Inflammation_II	/data/Dutta_lab/decode/ukb_ppp/EUR/VNN1_O95497_OID30711_v1_Inflammation_II	6	132714049	132681590	132714049	-1	ENSG00000112299	1	unique_match	UKBB_EUR
OID30712	CAT	P04040	v1	Inflammation_II	/data/Dutta_lab/decode/ukb_ppp/EUR/CAT_P04040_OID30712_v1_Inflammation_II	11	34438925	34438925	34472062	1	ENSG00000121691	1	unique_match	UKBB_EUR
OID30713	MST1	P26927	v1	Inflammation_II	/data/Dutta_lab/decode/ukb_ppp/EUR/MST1_P26927_OID30713_v1_Inflammation_II	3	49689501	49683947	49689501	-1	ENSG00000173531	1	unique_match	UKBB_EUR
OID30714	GSN	P06396	v1	Inflammation_II	/data/Dutta_lab/decode/ukb_ppp/EUR/GSN_P06396_OID30714_v1_Inflammation_II	9	121207794	121207794	121332843	1	ENSG00000148180	1	unique_match	UKBB_EUR
OID30715	CRISP3	P54108	v1	Inflammation_II	/data/Dutta_lab/decode/ukb_ppp/EUR/CRISP3_P54108_OID30715_v1_Inflammation_II	6	49744437	49727384	49744437	-1	ENSG00000096006	1	unique_match	UKBB_EUR
OID30716	CFHR5	Q9BXR6	v1	Inflammation_II	/data/Dutta_lab/decode/ukb_ppp/EUR/CFHR5_Q9BXR6_OID30716_v1_Inflammation_II	1	196977537	196977537	197009674	1	LRG_227	2	multi_match_first	UKBB_EUR
OID30717	BCHE	P06276	v1	Inflammation_II	/data/Dutta_lab/decode/ukb_ppp/EUR/BCHE_P06276_OID30717_v1_Inflammation_II	3	165837472	165772904	165837472	-1	ENSG00000114200	1	unique_match	UKBB_EUR
OID30718	HGFAC	Q04756	v1	Inflammation_II	/data/Dutta_lab/decode/ukb_ppp/EUR/HGFAC_Q04756_OID30718_v1_Inflammation_II	4	3441887	3441887	3449495	1	ENSG00000109758	1	unique_match	UKBB_EUR
OID30719	C8B	P07358	v1	Inflammation_II	/data/Dutta_lab/decode/ukb_ppp/EUR/C8B_P07358_OID30719_v1_Inflammation_II	1	56966140	56929210	56966140	-1	ENSG00000021852	2	multi_match_first	UKBB_EUR
OID30720	CFHR2	P36980	v1	Inflammation_II	/data/Dutta_lab/decode/ukb_ppp/EUR/CFHR2_P36980_OID30720_v1_Inflammation_II	1	196943772	196943772	196959226	1	ENSG00000080910	1	unique_match	UKBB_EUR
OID30721	C1RL	Q9NZP8	v1	Inflammation_II	/data/Dutta_lab/decode/ukb_ppp/EUR/C1RL_Q9NZP8_OID30721_v1_Inflammation_II	12	7109273	7089587	7109273	-1	ENSG00000139178	1	unique_match	UKBB_EUR
OID30722	ITIH1	P19827	v1	Inflammation_II	/data/Dutta_lab/decode/ukb_ppp/EUR/ITIH1_P19827_OID30722_v1_Inflammation_II	3	52777592	52777592	52792068	1	ENSG00000055957	1	unique_match	UKBB_EUR
OID30723	F2	P00734	v1	Inflammation_II	/data/Dutta_lab/decode/ukb_ppp/EUR/F2_P00734_OID30723_v1_Inflammation_II	11	46719166	46719166	46739508	1	LRG_551	2	multi_match_first	UKBB_EUR
OID30724	SERPINA7	P05543	v1	Inflammation_II	/data/Dutta_lab/decode/ukb_ppp/EUR/SERPINA7_P05543_OID30724_v1_Inflammation_II	23	106038738	106032442	106038738	-1	ENSG00000123561	1	unique_match	UKBB_EUR
OID30725	B2M	P61769	v1	Inflammation_II	/data/Dutta_lab/decode/ukb_ppp/EUR/B2M_P61769_OID30725_v1_Inflammation_II	15	44711477	44711477	44718877	1	ENSG00000166710	1	unique_match	UKBB_EUR
OID30726	SAA4	P35542	v1	Inflammation_II	/data/Dutta_lab/decode/ukb_ppp/EUR/SAA4_P35542_OID30726_v1_Inflammation_II	11	18236893	18231349	18236893	-1	ENSG00000148965	1	unique_match	UKBB_EUR
OID30727	APOE	P02649	v1	Inflammation_II	/data/Dutta_lab/decode/ukb_ppp/EUR/APOE_P02649_OID30727_v1_Inflammation_II	19	44905754	44905754	44909393	1	ENSG00000130203	1	unique_match	UKBB_EUR
OID30728	LYVE1	Q9Y5Y7	v1	Inflammation_II	/data/Dutta_lab/decode/ukb_ppp/EUR/LYVE1_Q9Y5Y7_OID30728_v1_Inflammation_II	11	10611689	10556966	10611689	-1	ENSG00000133800	1	unique_match	UKBB_EUR
OID30729	QSOX1	O00391	v1	Inflammation_II	/data/Dutta_lab/decode/ukb_ppp/EUR/QSOX1_O00391_OID30729_v1_Inflammation_II	1	180154834	180154834	180204030	1	ENSG00000116260	1	unique_match	UKBB_EUR
OID30730	PZP	P20742	v1	Inflammation_II	/data/Dutta_lab/decode/ukb_ppp/EUR/PZP_P20742_OID30730_v1_Inflammation_II	12	9208370	9148840	9208370	-1	ENSG00000126838	1	unique_match	UKBB_EUR
OID30731	C1S	P09871	v1	Inflammation_II	/data/Dutta_lab/decode/ukb_ppp/EUR/C1S_P09871_OID30731_v1_Inflammation_II	12	6988259	6988259	7071032	1	ENSG00000182326	2	multi_match_first	UKBB_EUR
OID30732	CLU	P10909	v1	Inflammation_II	/data/Dutta_lab/decode/ukb_ppp/EUR/CLU_P10909_OID30732_v1_Inflammation_II	8	27615031	27596917	27615031	-1	ENSG00000120885	1	unique_match	UKBB_EUR
OID30733	APOA4	P06727	v1	Inflammation_II	/data/Dutta_lab/decode/ukb_ppp/EUR/APOA4_P06727_OID30733_v1_Inflammation_II	11	116823306	116820700	116823306	-1	ENSG00000110244	1	unique_match	UKBB_EUR
OID30734	CPB2	Q96IY4	v1	Inflammation_II	/data/Dutta_lab/decode/ukb_ppp/EUR/CPB2_Q96IY4_OID30734_v1_Inflammation_II	13	46105076	46053186	46105076	-1	ENSG00000080618	1	unique_match	UKBB_EUR
OID30735	ATRN	O75882-2	v1	Inflammation_II	/data/Dutta_lab/decode/ukb_ppp/EUR/ATRN_O75882-2_OID30735_v1_Inflammation_II	20	3471040	3471040	3651122	1	ENSG00000088812	1	unique_match	UKBB_EUR
OID30736	ECM1	Q16610	v1	Inflammation_II	/data/Dutta_lab/decode/ukb_ppp/EUR/ECM1_Q16610_OID30736_v1_Inflammation_II	1	150508062	150508062	150513789	1	ENSG00000143369	1	unique_match	UKBB_EUR
OID30737	PROS1	P07225	v1	Inflammation_II	/data/Dutta_lab/decode/ukb_ppp/EUR/PROS1_P07225_OID30737_v1_Inflammation_II	3	93974066	93873033	93974066	-1	ENSG00000184500	2	multi_match_first	UKBB_EUR
OID30738	CFD	P00746	v1	Inflammation_II	/data/Dutta_lab/decode/ukb_ppp/EUR/CFD_P00746_OID30738_v1_Inflammation_II	19	859643	859643	863630	1	ENSG00000197766	2	multi_match_first	UKBB_EUR
OID30739	F12	P00748	v1	Inflammation_II	/data/Dutta_lab/decode/ukb_ppp/EUR/F12_P00748_OID30739_v1_Inflammation_II	5	177409576	177402138	177409576	-1	LRG_145	2	multi_match_first	UKBB_EUR
OID30740	IGLC2	P0DOY2	v1	Inflammation_II	/data/Dutta_lab/decode/ukb_ppp/EUR/IGLC2_P0DOY2_OID30740_v1_Inflammation_II	22	22900976	22900976	22901437	1	ENSG00000211677	1	unique_match	UKBB_EUR
OID30741	AFM	P43652	v1	Inflammation_II	/data/Dutta_lab/decode/ukb_ppp/EUR/AFM_P43652_OID30741_v1_Inflammation_II	4	73481683	73481683	73504001	1	ENSG00000079557	1	unique_match	UKBB_EUR
OID30742	PGLYRP2	Q96PD5	v1	Inflammation_II	/data/Dutta_lab/decode/ukb_ppp/EUR/PGLYRP2_Q96PD5_OID30742_v1_Inflammation_II	19	15498956	15468645	15498956	-1	ENSG00000161031	1	unique_match	UKBB_EUR
OID30743	SERPINA6	P08185	v1	Inflammation_II	/data/Dutta_lab/decode/ukb_ppp/EUR/SERPINA6_P08185_OID30743_v1_Inflammation_II	14	94323394	94304248	94323394	-1	ENSG00000170099	1	unique_match	UKBB_EUR
OID30744	C5	P01031	v1	Inflammation_II	/data/Dutta_lab/decode/ukb_ppp/EUR/C5_P01031_OID30744_v1_Inflammation_II	9	121050276	120952335	121050276	-1	ENSG00000106804	2	multi_match_first	UKBB_EUR
OID30745	SELENOP	P49908	v1	Inflammation_II	/data/Dutta_lab/decode/ukb_ppp/EUR/SELENOP_P49908_OID30745_v1_Inflammation_II							0	missing	UKBB_EUR
OID30746	APOD	P05090	v1	Inflammation_II	/data/Dutta_lab/decode/ukb_ppp/EUR/APOD_P05090_OID30746_v1_Inflammation_II	3	195584205	195568702	195584205	-1	ENSG00000189058	1	unique_match	UKBB_EUR
OID30747	LPA	P08519	v1	Inflammation_II	/data/Dutta_lab/decode/ukb_ppp/EUR/LPA_P08519_OID30747_v1_Inflammation_II	6	160664259	160531483	160664259	-1	ENSG00000198670	1	unique_match	UKBB_EUR
OID30748	ADIPOQ	Q15848	v1	Inflammation_II	/data/Dutta_lab/decode/ukb_ppp/EUR/ADIPOQ_Q15848_OID30748_v1_Inflammation_II	3	186842690	186842690	186858463	1	ENSG00000181092	1	unique_match	UKBB_EUR
OID30749	APOC1	P02654	v1	Inflammation_II	/data/Dutta_lab/decode/ukb_ppp/EUR/APOC1_P02654_OID30749_v1_Inflammation_II	19	44914247	44914247	44919349	1	ENSG00000130208	1	unique_match	UKBB_EUR
OID30750	SERPINA1	P01009	v1	Inflammation_II	/data/Dutta_lab/decode/ukb_ppp/EUR/SERPINA1_P01009_OID30750_v1_Inflammation_II	14	94390693	94376747	94390693	-1	ENSG00000197249	1	unique_match	UKBB_EUR
OID30751	LRG1	P02750	v1	Inflammation_II	/data/Dutta_lab/decode/ukb_ppp/EUR/LRG1_P02750_OID30751_v1_Inflammation_II	19	4540474	4536409	4540474	-1	ENSG00000171236	1	unique_match	UKBB_EUR
OID30752	SELL	P14151	v1	Inflammation_II	/data/Dutta_lab/decode/ukb_ppp/EUR/SELL_P14151_OID30752_v1_Inflammation_II	1	169711698	169690667	169711698	-1	ENSG00000188404	1	unique_match	UKBB_EUR
OID30753	C1R	P00736	v1	Inflammation_II	/data/Dutta_lab/decode/ukb_ppp/EUR/C1R_P00736_OID30753_v1_Inflammation_II	12	7092607	7080209	7092607	-1	ENSG00000159403	1	unique_match	UKBB_EUR
OID30754	BTD	P43251	v1	Inflammation_II	/data/Dutta_lab/decode/ukb_ppp/EUR/BTD_P43251_OID30754_v1_Inflammation_II	3	15601341	15601341	15645822	1	ENSG00000169814	1	unique_match	UKBB_EUR
OID30755	CFB	P00751	v1	Inflammation_II	/data/Dutta_lab/decode/ukb_ppp/EUR/CFB_P00751_OID30755_v1_Inflammation_II	6	31945650	31945650	31952084	1	ENSG00000243649	2	multi_match_first	UKBB_EUR
OID30756	CLEC3B	P05452	v1	Inflammation_II	/data/Dutta_lab/decode/ukb_ppp/EUR/CLEC3B_P05452_OID30756_v1_Inflammation_II	3	45001548	45001548	45036071	1	ENSG00000163815	1	unique_match	UKBB_EUR
OID30757	SERPINF1	P36955	v1	Inflammation_II	/data/Dutta_lab/decode/ukb_ppp/EUR/SERPINF1_P36955_OID30757_v1_Inflammation_II	17	1761959	1761959	1777574	1	ENSG00000132386	1	unique_match	UKBB_EUR
OID30758	CFHR4	Q92496	v1	Inflammation_II	/data/Dutta_lab/decode/ukb_ppp/EUR/CFHR4_Q92496_OID30758_v1_Inflammation_II	1	196850241	196850241	196918972	1	ENSG00000134365	1	unique_match	UKBB_EUR
OID30759	MBL2	P11226	v1	Inflammation_II	/data/Dutta_lab/decode/ukb_ppp/EUR/MBL2_P11226_OID30759_v1_Inflammation_II	10	52771700	52765380	52771700	-1	ENSG00000165471	2	multi_match_first	UKBB_EUR
OID30760	KLKB1	P03952	v1	Inflammation_II	/data/Dutta_lab/decode/ukb_ppp/EUR/KLKB1_P03952_OID30760_v1_Inflammation_II	4	186208979	186208979	186258471	1	ENSG00000164344	1	unique_match	UKBB_EUR
OID30761	PPBP	P02775	v1	Inflammation_II	/data/Dutta_lab/decode/ukb_ppp/EUR/PPBP_P02775_OID30761_v1_Inflammation_II	4	73988197	73987038	73988197	-1	ENSG00000163736	1	unique_match	UKBB_EUR
OID30762	ITIH4	Q14624	v1	Inflammation_II	/data/Dutta_lab/decode/ukb_ppp/EUR/ITIH4_Q14624_OID30762_v1_Inflammation_II	3	52831479	52812975	52831479	-1	ENSG00000055955	1	unique_match	UKBB_EUR
OID30763	SERPINA5	P05154	v1	Inflammation_II	/data/Dutta_lab/decode/ukb_ppp/EUR/SERPINA5_P05154_OID30763_v1_Inflammation_II	14	94561442	94561442	94593120	1	ENSG00000188488	1	unique_match	UKBB_EUR
OID30764	PF4	P02776	v1	Inflammation_II	/data/Dutta_lab/decode/ukb_ppp/EUR/PF4_P02776_OID30764_v1_Inflammation_II	4	73982124	73981077	73982124	-1	ENSG00000163737	1	unique_match	UKBB_EUR
OID30765	LGALS3BP	Q08380	v1	Inflammation_II	/data/Dutta_lab/decode/ukb_ppp/EUR/LGALS3BP_Q08380_OID30765_v1_Inflammation_II	17	78980109	78971238	78980109	-1	ENSG00000108679	1	unique_match	UKBB_EUR
OID30766	C7	P10643	v1	Inflammation_II	/data/Dutta_lab/decode/ukb_ppp/EUR/C7_P10643_OID30766_v1_Inflammation_II	5	40909252	40909252	40982939	1	ENSG00000112936	2	multi_match_first	UKBB_EUR
OID30767	SERPIND1	P05546	v1	Inflammation_II	/data/Dutta_lab/decode/ukb_ppp/EUR/SERPIND1_P05546_OID30767_v1_Inflammation_II	22	20773879	20773879	20787720	1	ENSG00000099937	1	unique_match	UKBB_EUR
OID30768	ORM1	P02763	v1	Inflammation_II	/data/Dutta_lab/decode/ukb_ppp/EUR/ORM1_P02763_OID30768_v1_Inflammation_II	9	114323056	114323056	114326475	1	ENSG00000229314	1	unique_match	UKBB_EUR
OID30769	APOA1	P02647	v1	Inflammation_II	/data/Dutta_lab/decode/ukb_ppp/EUR/APOA1_P02647_OID30769_v1_Inflammation_II	11	116837950	116835751	116837950	-1	ENSG00000118137	2	multi_match_first	UKBB_EUR
OID30770	HRG	P04196	v1	Inflammation_II	/data/Dutta_lab/decode/ukb_ppp/EUR/HRG_P04196_OID30770_v1_Inflammation_II	3	186660216	186660216	186678240	1	ENSG00000113905	2	multi_match_first	UKBB_EUR
OID30771	A1BG	P04217	v1	Inflammation_II	/data/Dutta_lab/decode/ukb_ppp/EUR/A1BG_P04217_OID30771_v1_Inflammation_II	19	58353499	58345178	58353499	-1	ENSG00000121410	1	unique_match	UKBB_EUR
OID30772	CFI	P05156	v1	Inflammation_II	/data/Dutta_lab/decode/ukb_ppp/EUR/CFI_P05156_OID30772_v1_Inflammation_II	4	109802179	109740692	109802179	-1	LRG_48	2	multi_match_first	UKBB_EUR
OID30773	F11	P03951	v1	Inflammation_II	/data/Dutta_lab/decode/ukb_ppp/EUR/F11_P03951_OID30773_v1_Inflammation_II	4	186265945	186265945	186288806	1	ENSG00000088926	2	multi_match_first	UKBB_EUR
OID30774	SERPINA4	P29622	v1	Inflammation_II	/data/Dutta_lab/decode/ukb_ppp/EUR/SERPINA4_P29622_OID30774_v1_Inflammation_II	14	94561091	94561091	94569913	1	ENSG00000100665	1	unique_match	UKBB_EUR
OID30775	CD5L	O43866	v1	Inflammation_II	/data/Dutta_lab/decode/ukb_ppp/EUR/CD5L_O43866_OID30775_v1_Inflammation_II	1	157898256	157830914	157898256	-1	ENSG00000073754	1	unique_match	UKBB_EUR
OID30776	C3	P01024	v1	Inflammation_II	/data/Dutta_lab/decode/ukb_ppp/EUR/C3_P01024_OID30776_v1_Inflammation_II	19	6730562	6677704	6730562	-1	ENSG00000125730	2	multi_match_first	UKBB_EUR
OID30777	SERPING1	P05155	v1	Inflammation_II	/data/Dutta_lab/decode/ukb_ppp/EUR/SERPING1_P05155_OID30777_v1_Inflammation_II	11	57597387	57597387	57614853	1	ENSG00000149131	2	multi_match_first	UKBB_EUR
OID30778	APCS	P02743	v1	Inflammation_II	/data/Dutta_lab/decode/ukb_ppp/EUR/APCS_P02743_OID30778_v1_Inflammation_II	1	159587825	159587825	159588865	1	ENSG00000132703	1	unique_match	UKBB_EUR
OID30779	SERPINF2	P08697	v1	Inflammation_II	/data/Dutta_lab/decode/ukb_ppp/EUR/SERPINF2_P08697_OID30779_v1_Inflammation_II	17	1742836	1742836	1755268	1	ENSG00000167711	2	multi_match_first	UKBB_EUR
OID30780	GC	P02774	v1	Inflammation_II	/data/Dutta_lab/decode/ukb_ppp/EUR/GC_P02774_OID30780_v1_Inflammation_II	4	71804041	71741693	71804041	-1	ENSG00000145321	1	unique_match	UKBB_EUR
OID30781	F13B	P05160	v1	Inflammation_II	/data/Dutta_lab/decode/ukb_ppp/EUR/F13B_P05160_OID30781_v1_Inflammation_II	1	197067267	197039191	197067267	-1	ENSG00000143278	2	multi_match_first	UKBB_EUR
OID30782	TTR	P02766	v1	Inflammation_II	/data/Dutta_lab/decode/ukb_ppp/EUR/TTR_P02766_OID30782_v1_Inflammation_II	18	31591726	31591726	31599021	1	ENSG00000118271	2	multi_match_first	UKBB_EUR
OID30783	TF	P02787	v1	Inflammation_II	/data/Dutta_lab/decode/ukb_ppp/EUR/TF_P02787_OID30783_v1_Inflammation_II	3	133745956	133745956	133779006	1	ENSG00000091513	1	unique_match	UKBB_EUR
OID30784	CFP	P27918	v1	Inflammation_II	/data/Dutta_lab/decode/ukb_ppp/EUR/CFP_P27918_OID30784_v1_Inflammation_II	23	47630305	47624213	47630305	-1	ENSG00000126759	2	multi_match_first	UKBB_EUR
OID30785	PLG	P00747	v1	Inflammation_II	/data/Dutta_lab/decode/ukb_ppp/EUR/PLG_P00747_OID30785_v1_Inflammation_II	6	160702193	160702193	160754054	1	LRG_571	2	multi_match_first	UKBB_EUR
OID30786	SERPINA3	P01011	v1	Inflammation_II	/data/Dutta_lab/decode/ukb_ppp/EUR/SERPINA3_P01011_OID30786_v1_Inflammation_II	14	94592058	94592058	94624646	1	ENSG00000273259	2	multi_match_first	UKBB_EUR
OID30787	FN1	P02751	v1	Inflammation_II	/data/Dutta_lab/decode/ukb_ppp/EUR/FN1_P02751_OID30787_v1_Inflammation_II	2	215436172	215360440	215436172	-1	ENSG00000115414	1	unique_match	UKBB_EUR
OID30788	FGA	P02671	v1	Inflammation_II	/data/Dutta_lab/decode/ukb_ppp/EUR/FGA_P02671_OID30788_v1_Inflammation_II	4	154590766	154583126	154590766	-1	ENSG00000171560	2	multi_match_first	UKBB_EUR
OID30789	SERPINC1	P01008	v1	Inflammation_II	/data/Dutta_lab/decode/ukb_ppp/EUR/SERPINC1_P01008_OID30789_v1_Inflammation_II	1	173917378	173903804	173917378	-1	ENSG00000117601	2	multi_match_first	UKBB_EUR
OID30790	CFH	P08603	v1	Inflammation_II	/data/Dutta_lab/decode/ukb_ppp/EUR/CFH_P08603_OID30790_v1_Inflammation_II	1	196651878	196651878	196747504	1	ENSG00000000971	2	multi_match_first	UKBB_EUR
OID30791	IFNL2	Q8IZJ0	v1	Neurology_II	/data/Dutta_lab/decode/ukb_ppp/EUR/IFNL2_Q8IZJ0_OID30791_v1_Neurology_II	19	39268514	39268514	39270092	1	ENSG00000183709	1	unique_match	UKBB_EUR
OID30792	ARMCX2	Q7L311	v1	Neurology_II	/data/Dutta_lab/decode/ukb_ppp/EUR/ARMCX2_Q7L311_OID30792_v1_Neurology_II	23	101659891	101655281	101659891	-1	ENSG00000184867	1	unique_match	UKBB_EUR
OID30793	AGBL2	Q5U5Z8	v1	Neurology_II	/data/Dutta_lab/decode/ukb_ppp/EUR/AGBL2_Q5U5Z8_OID30793_v1_Neurology_II	11	47715389	47659591	47715389	-1	ENSG00000165923	1	unique_match	UKBB_EUR
OID30794	UPK3A	O75631	v1	Neurology_II	/data/Dutta_lab/decode/ukb_ppp/EUR/UPK3A_O75631_OID30794_v1_Neurology_II	22	45284982	45284982	45295874	1	ENSG00000100373	1	unique_match	UKBB_EUR
OID30795	VAV3	Q9UKW4	v1	Neurology_II	/data/Dutta_lab/decode/ukb_ppp/EUR/VAV3_Q9UKW4_OID30795_v1_Neurology_II	1	107965144	107571160	107965144	-1	ENSG00000134215	1	unique_match	UKBB_EUR
OID30796	CDKL5	O76039	v1	Neurology_II	/data/Dutta_lab/decode/ukb_ppp/EUR/CDKL5_O76039_OID30796_v1_Neurology_II	23	18425583	18425583	18653629	1	ENSG00000008086	1	unique_match	UKBB_EUR
OID30797	SYNGAP1	Q96PV0	v1	Neurology_II	/data/Dutta_lab/decode/ukb_ppp/EUR/SYNGAP1_Q96PV0_OID30797_v1_Neurology_II	6	33419661	33419661	33457541	1	ENSG00000197283	1	unique_match	UKBB_EUR
OID30798	TJP3	O95049	v1	Neurology_II	/data/Dutta_lab/decode/ukb_ppp/EUR/TJP3_O95049_OID30798_v1_Neurology_II	19	3708109	3708109	3750813	1	ENSG00000105289	1	unique_match	UKBB_EUR
OID30799	TUBB3	Q13509	v1	Neurology_II	/data/Dutta_lab/decode/ukb_ppp/EUR/TUBB3_Q13509_OID30799_v1_Neurology_II	16	89921392	89921392	89938761	1	ENSG00000258947	1	unique_match	UKBB_EUR
OID30800	CTNNA1	P35221	v1	Neurology_II	/data/Dutta_lab/decode/ukb_ppp/EUR/CTNNA1_P35221_OID30800_v1_Neurology_II	5	138610967	138610967	138935034	1	ENSG00000044115	1	unique_match	UKBB_EUR
OID30801	ZPR1	O75312	v1	Neurology_II	/data/Dutta_lab/decode/ukb_ppp/EUR/ZPR1_O75312_OID30801_v1_Neurology_II	11	116788050	116773799	116788050	-1	ENSG00000109917	1	unique_match	UKBB_EUR
OID30802	GRIN2B	Q13224	v1	Neurology_II	/data/Dutta_lab/decode/ukb_ppp/EUR/GRIN2B_Q13224_OID30802_v1_Neurology_II	12	13981957	13437942	13981957	-1	ENSG00000273079	1	unique_match	UKBB_EUR
OID30803	GABRA4	P48169	v1	Neurology_II	/data/Dutta_lab/decode/ukb_ppp/EUR/GABRA4_P48169_OID30803_v1_Neurology_II	4	46994407	46918900	46994407	-1	ENSG00000109158	1	unique_match	UKBB_EUR
OID30804	SCN3B	Q9NY72	v1	Neurology_II	/data/Dutta_lab/decode/ukb_ppp/EUR/SCN3B_Q9NY72_OID30804_v1_Neurology_II	11	123655244	123629187	123655244	-1	ENSG00000166257	2	multi_match_first	UKBB_EUR
OID30805	CNGB3	Q9NQW8	v1	Neurology_II	/data/Dutta_lab/decode/ukb_ppp/EUR/CNGB3_Q9NQW8_OID30805_v1_Neurology_II	8	86743675	86553977	86743675	-1	ENSG00000170289	1	unique_match	UKBB_EUR
OID30806	KIRREL1	Q96J84	v1	Neurology_II	/data/Dutta_lab/decode/ukb_ppp/EUR/KIRREL1_Q96J84_OID30806_v1_Neurology_II							0	missing	UKBB_EUR
OID30807	CNTF	P26441	v1	Neurology_II	/data/Dutta_lab/decode/ukb_ppp/EUR/CNTF_P26441_OID30807_v1_Neurology_II	11	58622673	58622673	58625733	1	ENSG00000242689	1	unique_match	UKBB_EUR
OID30808	KLF4	O43474	v1	Neurology_II	/data/Dutta_lab/decode/ukb_ppp/EUR/KLF4_O43474_OID30808_v1_Neurology_II	9	107490482	107484852	107490482	-1	ENSG00000136826	1	unique_match	UKBB_EUR
OID30809	GLP1R	P43220	v1	Neurology_II	/data/Dutta_lab/decode/ukb_ppp/EUR/GLP1R_P43220_OID30809_v1_Neurology_II	6	39048798	39048798	39087743	1	ENSG00000112164	1	unique_match	UKBB_EUR
OID30810	TSPAN7	P41732	v1	Neurology_II	/data/Dutta_lab/decode/ukb_ppp/EUR/TSPAN7_P41732_OID30810_v1_Neurology_II	23	38561370	38561370	38688920	1	ENSG00000156298	1	unique_match	UKBB_EUR
OID30811	SNAP25	P60880	v1	Neurology_II	/data/Dutta_lab/decode/ukb_ppp/EUR/SNAP25_P60880_OID30811_v1_Neurology_II	20	10218830	10218830	10307418	1	ENSG00000132639	1	unique_match	UKBB_EUR
OID30812	RANBP2	P49792	v1	Neurology_II	/data/Dutta_lab/decode/ukb_ppp/EUR/RANBP2_P49792_OID30812_v1_Neurology_II	2	108719481	108719481	108785811	1	ENSG00000153201	1	unique_match	UKBB_EUR
OID30813	KCNC4	Q03721	v1	Neurology_II	/data/Dutta_lab/decode/ukb_ppp/EUR/KCNC4_Q03721_OID30813_v1_Neurology_II	1	110211343	110211343	110283100	1	ENSG00000116396	1	unique_match	UKBB_EUR
OID30814	IMPG1	Q17R60	v1	Neurology_II	/data/Dutta_lab/decode/ukb_ppp/EUR/IMPG1_Q17R60_OID30814_v1_Neurology_II	6	76072678	75921115	76072678	-1	ENSG00000112706	1	unique_match	UKBB_EUR
OID30815	CRYM	Q14894	v1	Neurology_II	/data/Dutta_lab/decode/ukb_ppp/EUR/CRYM_Q14894_OID30815_v1_Neurology_II	16	21303083	21238874	21303083	-1	ENSG00000103316	1	unique_match	UKBB_EUR
OID30816	KIF20B	Q96Q89	v1	Neurology_II	/data/Dutta_lab/decode/ukb_ppp/EUR/KIF20B_Q96Q89_OID30816_v1_Neurology_II	10	89701610	89701610	89774939	1	ENSG00000138182	1	unique_match	UKBB_EUR
OID30817	LYPLA2	O95372	v1	Neurology_II	/data/Dutta_lab/decode/ukb_ppp/EUR/LYPLA2_O95372_OID30817_v1_Neurology_II	1	23790970	23790970	23795539	1	ENSG00000011009	1	unique_match	UKBB_EUR
OID30818	FZD8	Q9H461	v1	Neurology_II	/data/Dutta_lab/decode/ukb_ppp/EUR/FZD8_Q9H461_OID30818_v1_Neurology_II	10	35642278	35638249	35642278	-1	ENSG00000177283	1	unique_match	UKBB_EUR
OID30819	GPR101	Q96P66	v1	Neurology_II	/data/Dutta_lab/decode/ukb_ppp/EUR/GPR101_Q96P66_OID30819_v1_Neurology_II	23	137031674	137030148	137031674	-1	ENSG00000165370	1	unique_match	UKBB_EUR
OID30820	CACNB1	Q02641	v1	Neurology_II	/data/Dutta_lab/decode/ukb_ppp/EUR/CACNB1_Q02641_OID30820_v1_Neurology_II	17	39197703	39173456	39197703	-1	ENSG00000067191	1	unique_match	UKBB_EUR
OID30821	CEND1	Q8N111	v1	Neurology_II	/data/Dutta_lab/decode/ukb_ppp/EUR/CEND1_Q8N111_OID30821_v1_Neurology_II	11	790123	787104	790123	-1	ENSG00000184524	1	unique_match	UKBB_EUR
OID30822	DNLZ	Q5SXM8	v1	Neurology_II	/data/Dutta_lab/decode/ukb_ppp/EUR/DNLZ_Q5SXM8_OID30822_v1_Neurology_II	9	136363789	136359480	136363789	-1	ENSG00000213221	1	unique_match	UKBB_EUR
OID30823	DEFB116	Q30KQ4	v1	Neurology_II	/data/Dutta_lab/decode/ukb_ppp/EUR/DEFB116_Q30KQ4_OID30823_v1_Neurology_II	20	31308585	31303212	31308585	-1	ENSG00000215545	1	unique_match	UKBB_EUR
OID30824	HTR1A	P08908	v1	Neurology_II	/data/Dutta_lab/decode/ukb_ppp/EUR/HTR1A_P08908_OID30824_v1_Neurology_II	5	63962507	63960356	63962507	-1	ENSG00000178394	1	unique_match	UKBB_EUR
OID30825	OTOA	Q7RTW8	v1	Neurology_II	/data/Dutta_lab/decode/ukb_ppp/EUR/OTOA_Q7RTW8_OID30825_v1_Neurology_II	16	21678514	21678514	21760729	1	ENSG00000155719	1	unique_match	UKBB_EUR
OID30826	BRD2	P25440	v1	Neurology_II	/data/Dutta_lab/decode/ukb_ppp/EUR/BRD2_P25440_OID30826_v1_Neurology_II	6	32968660	32968660	32981505	1	ENSG00000204256	1	unique_match	UKBB_EUR
OID30827	CD3D	P04234	v1	Neurology_II	/data/Dutta_lab/decode/ukb_ppp/EUR/CD3D_P04234_OID30827_v1_Neurology_II	11	118342744	118338954	118342744	-1	ENSG00000167286	2	multi_match_first	UKBB_EUR
OID30828	ART5	Q96L15	v1	Neurology_II	/data/Dutta_lab/decode/ukb_ppp/EUR/ART5_Q96L15_OID30828_v1_Neurology_II	11	3642316	3638503	3642316	-1	ENSG00000167311	1	unique_match	UKBB_EUR
OID30829	RAB3GAP1	Q15042	v1	Neurology_II	/data/Dutta_lab/decode/ukb_ppp/EUR/RAB3GAP1_Q15042_OID30829_v1_Neurology_II	2	135052265	135052265	135176394	1	ENSG00000115839	1	unique_match	UKBB_EUR
OID30830	DCUN1D1	Q96GG9	v1	Neurology_II	/data/Dutta_lab/decode/ukb_ppp/EUR/DCUN1D1_Q96GG9_OID30830_v1_Neurology_II	3	182985953	182938074	182985953	-1	ENSG00000043093	1	unique_match	UKBB_EUR
OID30831	ECSCR	Q19T08	v1	Neurology_II	/data/Dutta_lab/decode/ukb_ppp/EUR/ECSCR_Q19T08_OID30831_v1_Neurology_II	5	139462707	139442316	139462707	-1	ENSG00000279686	2	multi_match_first	UKBB_EUR
OID30832	HDAC9	Q9UKV0	v1	Neurology_II	/data/Dutta_lab/decode/ukb_ppp/EUR/HDAC9_Q9UKV0_OID30832_v1_Neurology_II	7	18086949	18086949	19002416	1	ENSG00000048052	1	unique_match	UKBB_EUR
OID30833	SCN2A	Q99250	v1	Neurology_II	/data/Dutta_lab/decode/ukb_ppp/EUR/SCN2A_Q99250_OID30833_v1_Neurology_II	2	165239372	165239372	165392732	1	ENSG00000136531	1	unique_match	UKBB_EUR
OID30834	MYOM1	P52179	v1	Neurology_II	/data/Dutta_lab/decode/ukb_ppp/EUR/MYOM1_P52179_OID30834_v1_Neurology_II	18	3220108	3066807	3220108	-1	ENSG00000101605	2	multi_match_first	UKBB_EUR
OID30835	OMP	P47874	v1	Neurology_II	/data/Dutta_lab/decode/ukb_ppp/EUR/OMP_P47874_OID30835_v1_Neurology_II	11	77102840	77102840	77103331	1	ENSG00000254550	1	unique_match	UKBB_EUR
OID30836	DOCK9	Q9BZ29	v1	Neurology_II	/data/Dutta_lab/decode/ukb_ppp/EUR/DOCK9_Q9BZ29_OID30836_v1_Neurology_II	13	99086625	98793429	99086625	-1	ENSG00000088387	1	unique_match	UKBB_EUR
OID30837	BOLA1	Q9Y3E2	v1	Neurology_II	/data/Dutta_lab/decode/ukb_ppp/EUR/BOLA1_Q9Y3E2_OID30837_v1_Neurology_II	1	149887890	149887890	149900798	1	ENSG00000178096	1	unique_match	UKBB_EUR
OID30838	PCARE	A6NGG8	v1	Neurology_II	/data/Dutta_lab/decode/ukb_ppp/EUR/PCARE_A6NGG8_OID30838_v1_Neurology_II							0	missing	UKBB_EUR
OID30839	FH	P07954	v1	Neurology_II	/data/Dutta_lab/decode/ukb_ppp/EUR/FH_P07954_OID30839_v1_Neurology_II	1	241519785	241497557	241519785	-1	LRG_504	2	multi_match_first	UKBB_EUR
OID30840	CACNA1C	Q13936	v1	Neurology_II	/data/Dutta_lab/decode/ukb_ppp/EUR/CACNA1C_Q13936_OID30840_v1_Neurology_II	12	1970786	1970786	2697950	1	ENSG00000151067	2	multi_match_first	UKBB_EUR
OID30841	IL13RA2	Q14627	v1	Neurology_II	/data/Dutta_lab/decode/ukb_ppp/EUR/IL13RA2_Q14627_OID30841_v1_Neurology_II	23	115019977	115003975	115019977	-1	ENSG00000123496	1	unique_match	UKBB_EUR
OID30842	PNMA2	Q9UL42	v1	Neurology_II	/data/Dutta_lab/decode/ukb_ppp/EUR/PNMA2_Q9UL42_OID30842_v1_Neurology_II	8	26514092	26504686	26514092	-1	ENSG00000240694	1	unique_match	UKBB_EUR
OID30843	CSPG5	O95196	v1	Neurology_II	/data/Dutta_lab/decode/ukb_ppp/EUR/CSPG5_O95196_OID30843_v1_Neurology_II	3	47580792	47562239	47580792	-1	ENSG00000114646	1	unique_match	UKBB_EUR
OID30844	BCAT2	O15382	v1	Neurology_II	/data/Dutta_lab/decode/ukb_ppp/EUR/BCAT2_O15382_OID30844_v1_Neurology_II	19	48811029	48795062	48811029	-1	ENSG00000105552	1	unique_match	UKBB_EUR
OID30845	LELP1	Q5T871	v1	Neurology_II	/data/Dutta_lab/decode/ukb_ppp/EUR/LELP1_Q5T871_OID30845_v1_Neurology_II	1	153203443	153203443	153205120	1	ENSG00000203784	1	unique_match	UKBB_EUR
OID30846	STEAP4	Q687X5	v1	Neurology_II	/data/Dutta_lab/decode/ukb_ppp/EUR/STEAP4_Q687X5_OID30846_v1_Neurology_II	7	88306891	88270892	88306891	-1	ENSG00000127954	1	unique_match	UKBB_EUR
OID30847	BRME1	Q0VDD7	v1	Neurology_II	/data/Dutta_lab/decode/ukb_ppp/EUR/BRME1_Q0VDD7_OID30847_v1_Neurology_II							0	missing	UKBB_EUR
OID30848	TFAP2A	P05549	v1	Neurology_II	/data/Dutta_lab/decode/ukb_ppp/EUR/TFAP2A_P05549_OID30848_v1_Neurology_II	6	10419659	10393186	10419659	-1	ENSG00000137203	1	unique_match	UKBB_EUR
OID30850	ATXN2	Q99700	v1	Neurology_II	/data/Dutta_lab/decode/ukb_ppp/EUR/ATXN2_Q99700_OID30850_v1_Neurology_II	12	111599676	111452214	111599676	-1	ENSG00000204842	1	unique_match	UKBB_EUR
OID30851	CBLN1	P23435	v1	Neurology_II	/data/Dutta_lab/decode/ukb_ppp/EUR/CBLN1_P23435_OID30851_v1_Neurology_II	16	49281831	49277917	49281831	-1	ENSG00000102924	1	unique_match	UKBB_EUR
OID30852	TMPRSS11B	Q86T26	v1	Neurology_II	/data/Dutta_lab/decode/ukb_ppp/EUR/TMPRSS11B_Q86T26_OID30852_v1_Neurology_II	4	68245720	68226653	68245720	-1	ENSG00000185873	1	unique_match	UKBB_EUR
OID30853	SMS	P52788	v1	Neurology_II	/data/Dutta_lab/decode/ukb_ppp/EUR/SMS_P52788_OID30853_v1_Neurology_II	23	21940573	21940573	21994835	1	ENSG00000102172	1	unique_match	UKBB_EUR
OID30854	ELAVL4	P26378	v1	Neurology_II	/data/Dutta_lab/decode/ukb_ppp/EUR/ELAVL4_P26378_OID30854_v1_Neurology_II	1	50048014	50048014	50203786	1	ENSG00000162374	1	unique_match	UKBB_EUR
OID30855	KLRC1	P26715	v1	Neurology_II	/data/Dutta_lab/decode/ukb_ppp/EUR/KLRC1_P26715_OID30855_v1_Neurology_II	12	10454685	10442264	10454685	-1	ENSG00000134545	1	unique_match	UKBB_EUR
OID30856	BLOC1S2	Q6QNY1	v1	Neurology_II	/data/Dutta_lab/decode/ukb_ppp/EUR/BLOC1S2_Q6QNY1_OID30856_v1_Neurology_II	10	100286712	100273280	100286712	-1	ENSG00000196072	1	unique_match	UKBB_EUR
OID30857	SCIN	Q9Y6U3	v1	Neurology_II	/data/Dutta_lab/decode/ukb_ppp/EUR/SCIN_Q9Y6U3_OID30857_v1_Neurology_II	7	12570577	12570577	12660179	1	ENSG00000006747	1	unique_match	UKBB_EUR
OID30858	DEFB118	Q96PH6	v1	Neurology_II	/data/Dutta_lab/decode/ukb_ppp/EUR/DEFB118_Q96PH6_OID30858_v1_Neurology_II	20	31368618	31368618	31373923	1	ENSG00000131068	1	unique_match	UKBB_EUR
OID30859	DGCR6	Q14129	v1	Neurology_II	/data/Dutta_lab/decode/ukb_ppp/EUR/DGCR6_Q14129_OID30859_v1_Neurology_II	22	18906028	18906028	18914238	1	ENSG00000183628	1	unique_match	UKBB_EUR
OID30860	ITPRIP	Q8IWB1	v1	Neurology_II	/data/Dutta_lab/decode/ukb_ppp/EUR/ITPRIP_Q8IWB1_OID30860_v1_Neurology_II	10	104338404	104309698	104338404	-1	ENSG00000148841	1	unique_match	UKBB_EUR
OID30861	ARID3A	Q99856	v1	Neurology_II	/data/Dutta_lab/decode/ukb_ppp/EUR/ARID3A_Q99856_OID30861_v1_Neurology_II	19	925781	925781	975934	1	ENSG00000116017	1	unique_match	UKBB_EUR
OID30862	IGDCC3	Q8IVU1	v1	Neurology_II	/data/Dutta_lab/decode/ukb_ppp/EUR/IGDCC3_Q8IVU1_OID30862_v1_Neurology_II	15	65378040	65327127	65378040	-1	ENSG00000174498	1	unique_match	UKBB_EUR
OID30863	SH3BGRL2	Q9UJC5	v1	Neurology_II	/data/Dutta_lab/decode/ukb_ppp/EUR/SH3BGRL2_Q9UJC5_OID30863_v1_Neurology_II	6	79631283	79631283	79703659	1	ENSG00000198478	1	unique_match	UKBB_EUR
OID30864	LMOD2	Q6P5Q4	v1	Neurology_II	/data/Dutta_lab/decode/ukb_ppp/EUR/LMOD2_Q6P5Q4_OID30864_v1_Neurology_II	7	123655807	123655807	123664290	1	ENSG00000170807	1	unique_match	UKBB_EUR
OID30865	KRT8	P05787	v1	Neurology_II	/data/Dutta_lab/decode/ukb_ppp/EUR/KRT8_P05787_OID30865_v1_Neurology_II	12	52949954	52897187	52949954	-1	ENSG00000170421	1	unique_match	UKBB_EUR
OID30866	HTR1B	P28222	v1	Neurology_II	/data/Dutta_lab/decode/ukb_ppp/EUR/HTR1B_P28222_OID30866_v1_Neurology_II	6	77463773	77461753	77463773	-1	ENSG00000135312	1	unique_match	UKBB_EUR
OID30867	RRP15	Q9Y3B9	v1	Neurology_II	/data/Dutta_lab/decode/ukb_ppp/EUR/RRP15_Q9Y3B9_OID30867_v1_Neurology_II	1	218285287	218285287	218337983	1	ENSG00000067533	1	unique_match	UKBB_EUR
OID30868	MAP1LC3A	Q9H492	v1	Neurology_II	/data/Dutta_lab/decode/ukb_ppp/EUR/MAP1LC3A_Q9H492_OID30868_v1_Neurology_II	20	34546854	34546854	34560345	1	ENSG00000101460	1	unique_match	UKBB_EUR
OID30869	CHP1	Q99653	v1	Neurology_II	/data/Dutta_lab/decode/ukb_ppp/EUR/CHP1_Q99653_OID30869_v1_Neurology_II	15	41230839	41230839	41281890	1	ENSG00000187446	1	unique_match	UKBB_EUR
OID30870	CORO6	Q6QEF8	v1	Neurology_II	/data/Dutta_lab/decode/ukb_ppp/EUR/CORO6_Q6QEF8_OID30870_v1_Neurology_II	17	29622907	29614756	29622907	-1	ENSG00000167549	1	unique_match	UKBB_EUR
OID30871	ARHGEF5	Q12774	v1	Neurology_II	/data/Dutta_lab/decode/ukb_ppp/EUR/ARHGEF5_Q12774_OID30871_v1_Neurology_II	7	144355288	144355288	144380632	1	ENSG00000050327	1	unique_match	UKBB_EUR
OID30872	TXNL1	O43396	v1	Neurology_II	/data/Dutta_lab/decode/ukb_ppp/EUR/TXNL1_O43396_OID30872_v1_Neurology_II	18	56651600	56597208	56651600	-1	ENSG00000091164	1	unique_match	UKBB_EUR
OID30873	BHLHE40	O14503	v1	Neurology_II	/data/Dutta_lab/decode/ukb_ppp/EUR/BHLHE40_O14503_OID30873_v1_Neurology_II	3	4979116	4979116	4985323	1	ENSG00000134107	1	unique_match	UKBB_EUR
OID30874	SAG	P10523	v1	Neurology_II	/data/Dutta_lab/decode/ukb_ppp/EUR/SAG_P10523_OID30874_v1_Neurology_II	2	233307816	233307816	233347055	1	ENSG00000130561	1	unique_match	UKBB_EUR
OID30875	CDH4	P55283	v1	Neurology_II	/data/Dutta_lab/decode/ukb_ppp/EUR/CDH4_P55283_OID30875_v1_Neurology_II	20	61252426	61252426	61940617	1	ENSG00000179242	1	unique_match	UKBB_EUR
OID30876	SPTBN2	O15020	v1	Neurology_II	/data/Dutta_lab/decode/ukb_ppp/EUR/SPTBN2_O15020_OID30876_v1_Neurology_II	11	66729226	66685248	66729226	-1	ENSG00000173898	1	unique_match	UKBB_EUR
OID30877	ADGRV1	Q8WXG9	v1	Neurology_II	/data/Dutta_lab/decode/ukb_ppp/EUR/ADGRV1_Q8WXG9_OID30877_v1_Neurology_II	5	90529344	90529344	91164221	1	ENSG00000164199	1	unique_match	UKBB_EUR
OID30878	NLGN2	Q8NFZ4	v1	Neurology_II	/data/Dutta_lab/decode/ukb_ppp/EUR/NLGN2_Q8NFZ4_OID30878_v1_Neurology_II	17	7404874	7404874	7419860	1	ENSG00000169992	1	unique_match	UKBB_EUR
OID30879	TP73	O15350	v1	Neurology_II	/data/Dutta_lab/decode/ukb_ppp/EUR/TP73_O15350_OID30879_v1_Neurology_II	1	3652520	3652520	3736201	1	ENSG00000078900	1	unique_match	UKBB_EUR
OID30880	ERC2	O15083	v1	Neurology_II	/data/Dutta_lab/decode/ukb_ppp/EUR/ERC2_O15083_OID30880_v1_Neurology_II	3	56468363	55508308	56468363	-1	ENSG00000187672	1	unique_match	UKBB_EUR
OID30881	AMIGO1	Q86WK6	v1	Neurology_II	/data/Dutta_lab/decode/ukb_ppp/EUR/AMIGO1_Q86WK6_OID30881_v1_Neurology_II	1	109509738	109504175	109509738	-1	ENSG00000181754	1	unique_match	UKBB_EUR
OID30882	DTX2	Q86UW9	v1	Neurology_II	/data/Dutta_lab/decode/ukb_ppp/EUR/DTX2_Q86UW9_OID30882_v1_Neurology_II	7	76461676	76461676	76505995	1	ENSG00000091073	1	unique_match	UKBB_EUR
OID30883	C2orf69	Q8N8R5	v1	Neurology_II	/data/Dutta_lab/decode/ukb_ppp/EUR/C2orf69_Q8N8R5_OID30883_v1_Neurology_II	2	199911256	199911256	199955935	1	ENSG00000178074	1	unique_match	UKBB_EUR
OID30884	CLEC2L	P0C7M8	v1	Neurology_II	/data/Dutta_lab/decode/ukb_ppp/EUR/CLEC2L_P0C7M8_OID30884_v1_Neurology_II	7	139523856	139523856	139544984	1	ENSG00000236279	1	unique_match	UKBB_EUR
OID30885	TRIM40	Q6P9F5	v1	Neurology_II	/data/Dutta_lab/decode/ukb_ppp/EUR/TRIM40_Q6P9F5_OID30885_v1_Neurology_II	6	30136108	30136108	30148735	1	ENSG00000204614	1	unique_match	UKBB_EUR
OID30886	EPB41L5	Q9HCM4	v1	Neurology_II	/data/Dutta_lab/decode/ukb_ppp/EUR/EPB41L5_Q9HCM4_OID30886_v1_Neurology_II	2	120013005	120013005	120179119	1	ENSG00000115109	1	unique_match	UKBB_EUR
OID30887	FARSA	Q9Y285	v1	Neurology_II	/data/Dutta_lab/decode/ukb_ppp/EUR/FARSA_Q9Y285_OID30887_v1_Neurology_II	19	12934037	12922479	12934037	-1	ENSG00000179115	1	unique_match	UKBB_EUR
OID30888	SOWAHA	Q2M3V2	v1	Neurology_II	/data/Dutta_lab/decode/ukb_ppp/EUR/SOWAHA_Q2M3V2_OID30888_v1_Neurology_II	5	132813587	132813587	132816797	1	ENSG00000198944	1	unique_match	UKBB_EUR
OID30889	MICALL2	Q8IY33	v1	Neurology_II	/data/Dutta_lab/decode/ukb_ppp/EUR/MICALL2_Q8IY33_OID30889_v1_Neurology_II	7	1459502	1428465	1459502	-1	ENSG00000164877	1	unique_match	UKBB_EUR
OID30890	CLIC5	Q9NZA1	v1	Neurology_II	/data/Dutta_lab/decode/ukb_ppp/EUR/CLIC5_Q9NZA1_OID30890_v1_Neurology_II	6	46080395	45898451	46080395	-1	ENSG00000112782	1	unique_match	UKBB_EUR
OID30891	MRI1	Q9BV20	v1	Neurology_II	/data/Dutta_lab/decode/ukb_ppp/EUR/MRI1_Q9BV20_OID30891_v1_Neurology_II	19	13764532	13764532	13774282	1	ENSG00000037757	1	unique_match	UKBB_EUR
OID30892	DDX25	Q9UHL0	v1	Neurology_II	/data/Dutta_lab/decode/ukb_ppp/EUR/DDX25_Q9UHL0_OID30892_v1_Neurology_II	11	125903348	125903348	125943702	1	ENSG00000109832	1	unique_match	UKBB_EUR
OID30893	NAA80	Q93015	v1	Neurology_II	/data/Dutta_lab/decode/ukb_ppp/EUR/NAA80_Q93015_OID30893_v1_Neurology_II							0	missing	UKBB_EUR
OID30894	CGN	Q9P2M7	v1	Neurology_II	/data/Dutta_lab/decode/ukb_ppp/EUR/CGN_Q9P2M7_OID30894_v1_Neurology_II	1	151510510	151510510	151538692	1	ENSG00000143375	1	unique_match	UKBB_EUR
OID30895	LRFN2	Q9ULH4	v1	Neurology_II	/data/Dutta_lab/decode/ukb_ppp/EUR/LRFN2_Q9ULH4_OID30895_v1_Neurology_II	6	40587465	40391586	40587465	-1	ENSG00000156564	1	unique_match	UKBB_EUR
OID30896	BATF	Q16520	v1	Neurology_II	/data/Dutta_lab/decode/ukb_ppp/EUR/BATF_Q16520_OID30896_v1_Neurology_II	14	75522425	75522425	75547015	1	ENSG00000156127	1	unique_match	UKBB_EUR
OID30897	SLC44A4	Q53GD3	v1	Neurology_II	/data/Dutta_lab/decode/ukb_ppp/EUR/SLC44A4_Q53GD3_OID30897_v1_Neurology_II	6	31879046	31863192	31879046	-1	ENSG00000204385	1	unique_match	UKBB_EUR
OID30898	FRMD7	Q6ZUT3	v1	Neurology_II	/data/Dutta_lab/decode/ukb_ppp/EUR/FRMD7_Q6ZUT3_OID30898_v1_Neurology_II	23	132128020	132076993	132128020	-1	ENSG00000165694	2	multi_match_first	UKBB_EUR
OID30899	KCNH2	Q12809	v1	Neurology_II	/data/Dutta_lab/decode/ukb_ppp/EUR/KCNH2_Q12809_OID30899_v1_Neurology_II	7	150978314	150944956	150978314	-1	LRG_288	2	multi_match_first	UKBB_EUR
OID30900	NLGN1	Q8N2Q7	v1	Neurology_II	/data/Dutta_lab/decode/ukb_ppp/EUR/NLGN1_Q8N2Q7_OID30900_v1_Neurology_II	3	173396284	173396284	174286644	1	ENSG00000169760	1	unique_match	UKBB_EUR
OID30901	NRXN3	Q9Y4C0	v1	Neurology_II	/data/Dutta_lab/decode/ukb_ppp/EUR/NRXN3_Q9Y4C0_OID30901_v1_Neurology_II	14	78170373	78170373	79868290	1	ENSG00000021645	1	unique_match	UKBB_EUR
OID30902	CRTAP	O75718	v1	Neurology_II	/data/Dutta_lab/decode/ukb_ppp/EUR/CRTAP_O75718_OID30902_v1_Neurology_II	3	33113958	33113958	33147773	1	LRG_4	2	multi_match_first	UKBB_EUR
OID30903	SCN3A	Q9NY46	v1	Neurology_II	/data/Dutta_lab/decode/ukb_ppp/EUR/SCN3A_Q9NY46_OID30903_v1_Neurology_II	2	165204067	165087522	165204067	-1	ENSG00000153253	1	unique_match	UKBB_EUR
OID30904	PGM2	Q96G03	v1	Neurology_II	/data/Dutta_lab/decode/ukb_ppp/EUR/PGM2_Q96G03_OID30904_v1_Neurology_II	4	37826633	37826633	37862937	1	ENSG00000169299	1	unique_match	UKBB_EUR
OID30905	SOX9	P48436	v1	Neurology_II	/data/Dutta_lab/decode/ukb_ppp/EUR/SOX9_P48436_OID30905_v1_Neurology_II	17	72121020	72121020	72126420	1	ENSG00000125398	1	unique_match	UKBB_EUR
OID30906	LRTM1	Q9HBL6	v1	Neurology_II	/data/Dutta_lab/decode/ukb_ppp/EUR/LRTM1_Q9HBL6_OID30906_v1_Neurology_II	3	54967088	54918237	54967088	-1	ENSG00000144771	1	unique_match	UKBB_EUR
OID30907	LRP2BP	Q9P2M1	v1	Neurology_II	/data/Dutta_lab/decode/ukb_ppp/EUR/LRP2BP_Q9P2M1_OID30907_v1_Neurology_II	4	185395899	185363879	185395899	-1	ENSG00000109771	1	unique_match	UKBB_EUR
OID30908	MN1	Q10571	v1	Neurology_II	/data/Dutta_lab/decode/ukb_ppp/EUR/MN1_Q10571_OID30908_v1_Neurology_II	22	27801498	27748277	27801498	-1	ENSG00000169184	1	unique_match	UKBB_EUR
OID30909	OSTN	P61366	v1	Neurology_II	/data/Dutta_lab/decode/ukb_ppp/EUR/OSTN_P61366_OID30909_v1_Neurology_II	3	191199241	191199241	191265615	1	ENSG00000188729	1	unique_match	UKBB_EUR
OID30910	TDO2	P48775	v1	Neurology_II	/data/Dutta_lab/decode/ukb_ppp/EUR/TDO2_P48775_OID30910_v1_Neurology_II	4	155854738	155854738	155920406	1	ENSG00000151790	1	unique_match	UKBB_EUR
OID30911	CNTNAP4	Q9C0A0	v1	Neurology_II	/data/Dutta_lab/decode/ukb_ppp/EUR/CNTNAP4_Q9C0A0_OID30911_v1_Neurology_II	16	76277278	76277278	76559238	1	ENSG00000152910	1	unique_match	UKBB_EUR
OID30912	PDRG1	Q9NUG6	v1	Neurology_II	/data/Dutta_lab/decode/ukb_ppp/EUR/PDRG1_Q9NUG6_OID30912_v1_Neurology_II	20	31952092	31944342	31952092	-1	ENSG00000088356	1	unique_match	UKBB_EUR
OID30913	RBP1	P09455	v1	Neurology_II	/data/Dutta_lab/decode/ukb_ppp/EUR/RBP1_P09455_OID30913_v1_Neurology_II	3	139539829	139517434	139539829	-1	ENSG00000114115	1	unique_match	UKBB_EUR
OID30914	CUZD1	Q86UP6	v1	Neurology_II	/data/Dutta_lab/decode/ukb_ppp/EUR/CUZD1_Q86UP6_OID30914_v1_Neurology_II	10	122850793	122832149	122850793	-1	ENSG00000138161	1	unique_match	UKBB_EUR
OID30915	CADPS	Q9ULU8	v1	Neurology_II	/data/Dutta_lab/decode/ukb_ppp/EUR/CADPS_Q9ULU8_OID30915_v1_Neurology_II	3	62875389	62398346	62875389	-1	ENSG00000163618	1	unique_match	UKBB_EUR
OID30916	CABP2	Q9NPB3	v1	Neurology_II	/data/Dutta_lab/decode/ukb_ppp/EUR/CABP2_Q9NPB3_OID30916_v1_Neurology_II	11	67524517	67518912	67524517	-1	ENSG00000167791	1	unique_match	UKBB_EUR
OID30917	MYLPF	Q96A32	v1	Neurology_II	/data/Dutta_lab/decode/ukb_ppp/EUR/MYLPF_Q96A32_OID30917_v1_Neurology_II	16	30370934	30370934	30377991	1	ENSG00000180209	1	unique_match	UKBB_EUR
OID30918	PSMD5	Q16401	v1	Neurology_II	/data/Dutta_lab/decode/ukb_ppp/EUR/PSMD5_Q16401_OID30918_v1_Neurology_II	9	120842984	120815496	120842984	-1	ENSG00000095261	1	unique_match	UKBB_EUR
OID30919	HNF1A	P20823	v1	Neurology_II	/data/Dutta_lab/decode/ukb_ppp/EUR/HNF1A_P20823_OID30919_v1_Neurology_II	12	120978543	120978543	121002512	1	ENSG00000135100	2	multi_match_first	UKBB_EUR
OID30920	GNGT1	P63211	v1	Neurology_II	/data/Dutta_lab/decode/ukb_ppp/EUR/GNGT1_P63211_OID30920_v1_Neurology_II	7	93591573	93591573	93911265	1	ENSG00000127928	1	unique_match	UKBB_EUR
OID30921	CASC3	O15234	v1	Neurology_II	/data/Dutta_lab/decode/ukb_ppp/EUR/CASC3_O15234_OID30921_v1_Neurology_II	17	40140318	40140318	40172183	1	ENSG00000108349	1	unique_match	UKBB_EUR
OID30922	CD164L2	Q6UWJ8	v1	Neurology_II	/data/Dutta_lab/decode/ukb_ppp/EUR/CD164L2_Q6UWJ8_OID30922_v1_Neurology_II	1	27383380	27379176	27383380	-1	ENSG00000174950	1	unique_match	UKBB_EUR
OID30923	TBR1	Q16650	v1	Neurology_II	/data/Dutta_lab/decode/ukb_ppp/EUR/TBR1_Q16650_OID30923_v1_Neurology_II	2	161416094	161416094	161425870	1	ENSG00000136535	1	unique_match	UKBB_EUR
OID30924	LRRC38	Q5VT99	v1	Neurology_II	/data/Dutta_lab/decode/ukb_ppp/EUR/LRRC38_Q5VT99_OID30924_v1_Neurology_II	1	13514048	13474977	13514048	-1	ENSG00000162494	1	unique_match	UKBB_EUR
OID30925	DYNLT1	P63172	v1	Neurology_II	/data/Dutta_lab/decode/ukb_ppp/EUR/DYNLT1_P63172_OID30925_v1_Neurology_II	6	158644739	158636474	158644739	-1	ENSG00000146425	1	unique_match	UKBB_EUR
OID30926	SLC1A4	P43007	v1	Neurology_II	/data/Dutta_lab/decode/ukb_ppp/EUR/SLC1A4_P43007_OID30926_v1_Neurology_II	2	64988477	64988477	65023865	1	ENSG00000115902	1	unique_match	UKBB_EUR
OID30927	DOC2B	Q14184	v1	Neurology_II	/data/Dutta_lab/decode/ukb_ppp/EUR/DOC2B_Q14184_OID30927_v1_Neurology_II	17	181636	142789	181636	-1	ENSG00000272636	1	unique_match	UKBB_EUR
OID30928	TPBGL	P0DKB5	v1	Neurology_II	/data/Dutta_lab/decode/ukb_ppp/EUR/TPBGL_P0DKB5_OID30928_v1_Neurology_II	11	75240905	75240905	75243697	1	ENSG00000261594	1	unique_match	UKBB_EUR
OID30929	CLNS1A	P54105	v1	Neurology_II	/data/Dutta_lab/decode/ukb_ppp/EUR/CLNS1A_P54105_OID30929_v1_Neurology_II	11	77637805	77514936	77637805	-1	ENSG00000074201	1	unique_match	UKBB_EUR
OID30930	CHRM1	P11229	v1	Neurology_II	/data/Dutta_lab/decode/ukb_ppp/EUR/CHRM1_P11229_OID30930_v1_Neurology_II	11	62921807	62908679	62921807	-1	ENSG00000168539	1	unique_match	UKBB_EUR
OID30931	FZD10	Q9ULW2	v1	Neurology_II	/data/Dutta_lab/decode/ukb_ppp/EUR/FZD10_Q9ULW2_OID30931_v1_Neurology_II	12	130162459	130162459	130165740	1	ENSG00000111432	1	unique_match	UKBB_EUR
OID30932	DIPK1C	Q0P6D2	v1	Neurology_II	/data/Dutta_lab/decode/ukb_ppp/EUR/DIPK1C_Q0P6D2_OID30932_v1_Neurology_II							0	missing	UKBB_EUR
OID30933	MFAP3L	O75121	v1	Neurology_II	/data/Dutta_lab/decode/ukb_ppp/EUR/MFAP3L_O75121_OID30933_v1_Neurology_II	4	170033031	169986597	170033031	-1	ENSG00000198948	1	unique_match	UKBB_EUR
OID30934	STX1B	P61266	v1	Neurology_II	/data/Dutta_lab/decode/ukb_ppp/EUR/STX1B_P61266_OID30934_v1_Neurology_II	16	31010628	30989256	31010628	-1	ENSG00000099365	1	unique_match	UKBB_EUR
OID30935	DUSP29	Q68J44	v1	Neurology_II	/data/Dutta_lab/decode/ukb_ppp/EUR/DUSP29_Q68J44_OID30935_v1_Neurology_II							0	missing	UKBB_EUR
OID30936	MYL6B	P14649	v1	Neurology_II	/data/Dutta_lab/decode/ukb_ppp/EUR/MYL6B_P14649_OID30936_v1_Neurology_II	12	56152256	56152256	56159647	1	ENSG00000196465	1	unique_match	UKBB_EUR
OID30937	TARM1	B6A8C7	v1	Neurology_II	/data/Dutta_lab/decode/ukb_ppp/EUR/TARM1_B6A8C7_OID30937_v1_Neurology_II	19	54081365	54069895	54081365	-1	ENSG00000248385	1	unique_match	UKBB_EUR
OID30938	PFDN6	O15212	v1	Neurology_II	/data/Dutta_lab/decode/ukb_ppp/EUR/PFDN6_O15212_OID30938_v1_Neurology_II	6	33289302	33289302	33298401	1	ENSG00000204220	1	unique_match	UKBB_EUR
OID30939	MSLNL	Q96KJ4	v1	Neurology_II	/data/Dutta_lab/decode/ukb_ppp/EUR/MSLNL_Q96KJ4_OID30939_v1_Neurology_II	16	783370	769428	783370	-1	ENSG00000162006	1	unique_match	UKBB_EUR
OID30940	TMCO5A	Q8N6Q1	v1	Neurology_II	/data/Dutta_lab/decode/ukb_ppp/EUR/TMCO5A_Q8N6Q1_OID30940_v1_Neurology_II	15	37921939	37921939	37967724	1	ENSG00000166069	1	unique_match	UKBB_EUR
OID30941	PRKAG3	Q9UGI9	v1	Neurology_II	/data/Dutta_lab/decode/ukb_ppp/EUR/PRKAG3_Q9UGI9_OID30941_v1_Neurology_II	2	218832086	218822383	218832086	-1	ENSG00000115592	1	unique_match	UKBB_EUR
OID30942	TTF2	Q9UNY4	v1	Neurology_II	/data/Dutta_lab/decode/ukb_ppp/EUR/TTF2_Q9UNY4_OID30942_v1_Neurology_II	1	117060303	117060303	117107453	1	ENSG00000116830	1	unique_match	UKBB_EUR
OID30943	PMS1	P54277	v1	Neurology_II	/data/Dutta_lab/decode/ukb_ppp/EUR/PMS1_P54277_OID30943_v1_Neurology_II	2	189784085	189784085	189877629	1	ENSG00000064933	2	multi_match_first	UKBB_EUR
OID30944	DDX53	Q86TM3	v1	Neurology_II	/data/Dutta_lab/decode/ukb_ppp/EUR/DDX53_Q86TM3_OID30944_v1_Neurology_II	23	22999961	22999961	23003589	1	ENSG00000184735	1	unique_match	UKBB_EUR
OID30945	MDM1	Q8TC05	v1	Neurology_II	/data/Dutta_lab/decode/ukb_ppp/EUR/MDM1_Q8TC05_OID30945_v1_Neurology_II	12	68332381	68272443	68332381	-1	ENSG00000111554	1	unique_match	UKBB_EUR
OID30946	GTPBP2	Q9BX10	v1	Neurology_II	/data/Dutta_lab/decode/ukb_ppp/EUR/GTPBP2_Q9BX10_OID30946_v1_Neurology_II	6	43629162	43605316	43629162	-1	ENSG00000172432	1	unique_match	UKBB_EUR
OID30947	PPT1	P50897	v1	Neurology_II	/data/Dutta_lab/decode/ukb_ppp/EUR/PPT1_P50897_OID30947_v1_Neurology_II	1	40097703	40072705	40097703	-1	ENSG00000131238	2	multi_match_first	UKBB_EUR
OID30948	SCN2B	O60939	v1	Neurology_II	/data/Dutta_lab/decode/ukb_ppp/EUR/SCN2B_O60939_OID30948_v1_Neurology_II	11	118176673	118161951	118176673	-1	ENSG00000149575	1	unique_match	UKBB_EUR
OID30949	AP2B1	P63010	v1	Neurology_II	/data/Dutta_lab/decode/ukb_ppp/EUR/AP2B1_P63010_OID30949_v1_Neurology_II	17	35578046	35578046	35726409	1	ENSG00000006125	1	unique_match	UKBB_EUR
OID30950	LYSMD3	Q7Z3D4	v1	Neurology_II	/data/Dutta_lab/decode/ukb_ppp/EUR/LYSMD3_Q7Z3D4_OID30950_v1_Neurology_II	5	90529584	90515611	90529584	-1	ENSG00000176018	1	unique_match	UKBB_EUR
OID30951	SCT	P09683	v1	Neurology_II	/data/Dutta_lab/decode/ukb_ppp/EUR/SCT_P09683_OID30951_v1_Neurology_II	11	627143	626431	627143	-1	ENSG00000070031	1	unique_match	UKBB_EUR
OID30952	CAMLG	P49069	v1	Neurology_II	/data/Dutta_lab/decode/ukb_ppp/EUR/CAMLG_P49069_OID30952_v1_Neurology_II	5	134738501	134738501	134752160	1	ENSG00000164615	1	unique_match	UKBB_EUR
OID30953	DCC	P43146	v1	Neurology_II	/data/Dutta_lab/decode/ukb_ppp/EUR/DCC_P43146_OID30953_v1_Neurology_II	18	52340172	52340172	53535903	1	ENSG00000187323	1	unique_match	UKBB_EUR
OID30954	EFNB2	P52799	v1	Neurology_II	/data/Dutta_lab/decode/ukb_ppp/EUR/EFNB2_P52799_OID30954_v1_Neurology_II	13	106535114	106489731	106535114	-1	ENSG00000125266	1	unique_match	UKBB_EUR
OID30955	AKR1B10	O60218	v1	Neurology_II	/data/Dutta_lab/decode/ukb_ppp/EUR/AKR1B10_O60218_OID30955_v1_Neurology_II	7	134527592	134527592	134541408	1	ENSG00000198074	1	unique_match	UKBB_EUR
OID30956	AIDA	Q96BJ3	v1	Neurology_II	/data/Dutta_lab/decode/ukb_ppp/EUR/AIDA_Q96BJ3_OID30956_v1_Neurology_II	1	222713210	222668013	222713210	-1	ENSG00000186063	1	unique_match	UKBB_EUR
OID30957	CLGN	O14967	v1	Neurology_II	/data/Dutta_lab/decode/ukb_ppp/EUR/CLGN_O14967_OID30957_v1_Neurology_II	4	140427968	140388455	140427968	-1	ENSG00000153132	1	unique_match	UKBB_EUR
OID30958	RAC3	P60763	v1	Neurology_II	/data/Dutta_lab/decode/ukb_ppp/EUR/RAC3_P60763_OID30958_v1_Neurology_II	17	82031624	82031624	82034204	1	ENSG00000169750	1	unique_match	UKBB_EUR
OID30959	RPGR	Q92834	v1	Neurology_II	/data/Dutta_lab/decode/ukb_ppp/EUR/RPGR_Q92834_OID30959_v1_Neurology_II	23	38327564	38269163	38327564	-1	ENSG00000156313	1	unique_match	UKBB_EUR
OID30960	LRP2	P98164	v1	Neurology_II	/data/Dutta_lab/decode/ukb_ppp/EUR/LRP2_P98164_OID30960_v1_Neurology_II	2	169362685	169127109	169362685	-1	ENSG00000081479	1	unique_match	UKBB_EUR
OID30961	RRAS	P10301	v1	Neurology_II	/data/Dutta_lab/decode/ukb_ppp/EUR/RRAS_P10301_OID30961_v1_Neurology_II	19	49640201	49635292	49640201	-1	ENSG00000126458	1	unique_match	UKBB_EUR
OID30962	IFT20	Q8IY31	v1	Neurology_II	/data/Dutta_lab/decode/ukb_ppp/EUR/IFT20_Q8IY31_OID30962_v1_Neurology_II	17	28335489	28328325	28335489	-1	ENSG00000109083	1	unique_match	UKBB_EUR
OID30963	PTH	P01270	v1	Neurology_II	/data/Dutta_lab/decode/ukb_ppp/EUR/PTH_P01270_OID30963_v1_Neurology_II	11	13496181	13492055	13496181	-1	ENSG00000152266	1	unique_match	UKBB_EUR
OID30964	UROS	P10746	v1	Neurology_II	/data/Dutta_lab/decode/ukb_ppp/EUR/UROS_P10746_OID30964_v1_Neurology_II	10	125823248	125784980	125823248	-1	ENSG00000188690	1	unique_match	UKBB_EUR
OID30965	SV2A	Q7L0J3	v1	Neurology_II	/data/Dutta_lab/decode/ukb_ppp/EUR/SV2A_Q7L0J3_OID30965_v1_Neurology_II	1	149917882	149903318	149917882	-1	ENSG00000159164	1	unique_match	UKBB_EUR
OID30966	GBA	P04062	v1	Neurology_II	/data/Dutta_lab/decode/ukb_ppp/EUR/GBA_P04062_OID30966_v1_Neurology_II	1	155244699	155234452	155244699	-1	ENSG00000177628	1	unique_match	UKBB_EUR
OID30967	MAG	P20916	v1	Neurology_II	/data/Dutta_lab/decode/ukb_ppp/EUR/MAG_P20916_OID30967_v1_Neurology_II	19	35292125	35292125	35313804	1	ENSG00000105695	1	unique_match	UKBB_EUR
OID30968	SEZ6	Q53EL9	v1	Neurology_II	/data/Dutta_lab/decode/ukb_ppp/EUR/SEZ6_Q53EL9_OID30968_v1_Neurology_II	17	29006440	28954901	29006440	-1	ENSG00000063015	1	unique_match	UKBB_EUR
OID30969	COL28A1	Q2UY09	v1	Neurology_II	/data/Dutta_lab/decode/ukb_ppp/EUR/COL28A1_Q2UY09_OID30969_v1_Neurology_II	7	7535853	7356203	7535853	-1	ENSG00000215018	1	unique_match	UKBB_EUR
OID30970	CIT	O14578	v1	Neurology_II	/data/Dutta_lab/decode/ukb_ppp/EUR/CIT_O14578_OID30970_v1_Neurology_II	12	119877291	119685790	119877291	-1	ENSG00000122966	1	unique_match	UKBB_EUR
OID30971	TEX101	Q9BY14	v1	Neurology_II	/data/Dutta_lab/decode/ukb_ppp/EUR/TEX101_Q9BY14_OID30971_v1_Neurology_II	19	43401496	43401496	43418597	1	ENSG00000131126	1	unique_match	UKBB_EUR
OID30972	CHM	P24386	v1	Neurology_II	/data/Dutta_lab/decode/ukb_ppp/EUR/CHM_P24386_OID30972_v1_Neurology_II	23	86047562	85861180	86047562	-1	ENSG00000188419	2	multi_match_first	UKBB_EUR
OID30973	CCDC28A	Q8IWP9	v1	Neurology_II	/data/Dutta_lab/decode/ukb_ppp/EUR/CCDC28A_Q8IWP9_OID30973_v1_Neurology_II	6	138773509	138773509	138793319	1	ENSG00000024862	1	unique_match	UKBB_EUR
OID30974	FBN2	P35556	v1	Neurology_II	/data/Dutta_lab/decode/ukb_ppp/EUR/FBN2_P35556_OID30974_v1_Neurology_II	5	128659185	128257909	128659185	-1	ENSG00000138829	1	unique_match	UKBB_EUR
OID30975	INPP5J	Q15735	v1	Neurology_II	/data/Dutta_lab/decode/ukb_ppp/EUR/INPP5J_Q15735_OID30975_v1_Neurology_II	22	31122731	31122731	31134696	1	ENSG00000185133	1	unique_match	UKBB_EUR
OID30976	DLGAP5	Q15398	v1	Neurology_II	/data/Dutta_lab/decode/ukb_ppp/EUR/DLGAP5_Q15398_OID30976_v1_Neurology_II	14	55191678	55148112	55191678	-1	ENSG00000126787	1	unique_match	UKBB_EUR
OID30977	GRIK2	Q13002	v1	Neurology_II	/data/Dutta_lab/decode/ukb_ppp/EUR/GRIK2_Q13002_OID30977_v1_Neurology_II	6	101398788	101398788	102070083	1	ENSG00000164418	1	unique_match	UKBB_EUR
OID30978	SORBS1	Q9BX66	v1	Neurology_II	/data/Dutta_lab/decode/ukb_ppp/EUR/SORBS1_Q9BX66_OID30978_v1_Neurology_II	10	95561414	95311771	95561414	-1	ENSG00000095637	1	unique_match	UKBB_EUR
OID30979	SPAG1	Q07617	v1	Neurology_II	/data/Dutta_lab/decode/ukb_ppp/EUR/SPAG1_Q07617_OID30979_v1_Neurology_II	8	100157906	100157906	100259278	1	ENSG00000104450	1	unique_match	UKBB_EUR
OID30980	ATXN2L	Q8WWM7	v1	Neurology_II	/data/Dutta_lab/decode/ukb_ppp/EUR/ATXN2L_Q8WWM7_OID30980_v1_Neurology_II	16	28823035	28823035	28837237	1	ENSG00000168488	1	unique_match	UKBB_EUR
OID30981	SOX2	P48431	v1	Neurology_II	/data/Dutta_lab/decode/ukb_ppp/EUR/SOX2_P48431_OID30981_v1_Neurology_II	3	181711924	181711924	181714436	1	ENSG00000181449	2	multi_match_first	UKBB_EUR
OID30982	TPSD1	Q9BZJ3	v1	Neurology_II	/data/Dutta_lab/decode/ukb_ppp/EUR/TPSD1_Q9BZJ3_OID30982_v1_Neurology_II	16	1256059	1256059	1258998	1	ENSG00000095917	1	unique_match	UKBB_EUR
OID30983	NRN1	Q9NPD7	v1	Neurology_II	/data/Dutta_lab/decode/ukb_ppp/EUR/NRN1_Q9NPD7_OID30983_v1_Neurology_II	6	6007605	5997999	6007605	-1	ENSG00000124785	1	unique_match	UKBB_EUR
OID30984	RBFOX3	A6NFN3	v1	Neurology_II	/data/Dutta_lab/decode/ukb_ppp/EUR/RBFOX3_A6NFN3_OID30984_v1_Neurology_II	17	79516148	79089345	79516148	-1	ENSG00000167281	1	unique_match	UKBB_EUR
OID30985	CDK5RAP3	Q96JB5	v1	Neurology_II	/data/Dutta_lab/decode/ukb_ppp/EUR/CDK5RAP3_Q96JB5_OID30985_v1_Neurology_II	17	47967810	47967810	47981774	1	ENSG00000108465	1	unique_match	UKBB_EUR
OID30986	KLHL41	O60662	v1	Neurology_II	/data/Dutta_lab/decode/ukb_ppp/EUR/KLHL41_O60662_OID30986_v1_Neurology_II	2	169509702	169509702	169526262	1	ENSG00000239474	1	unique_match	UKBB_EUR
OID30987	S100A14	Q9HCY8	v1	Neurology_II	/data/Dutta_lab/decode/ukb_ppp/EUR/S100A14_Q9HCY8_OID30987_v1_Neurology_II	1	153616986	153614255	153616986	-1	ENSG00000189334	1	unique_match	UKBB_EUR
OID30988	NFIC	P08651	v1	Neurology_II	/data/Dutta_lab/decode/ukb_ppp/EUR/NFIC_P08651_OID30988_v1_Neurology_II	19	3359563	3359563	3469217	1	ENSG00000141905	1	unique_match	UKBB_EUR
OID30989	MYO6	Q9UM54	v1	Neurology_II	/data/Dutta_lab/decode/ukb_ppp/EUR/MYO6_Q9UM54_OID30989_v1_Neurology_II	6	75749192	75749192	75919537	1	ENSG00000196586	1	unique_match	UKBB_EUR
OID30991	LEO1	Q8WVC0	v1	Neurology_II	/data/Dutta_lab/decode/ukb_ppp/EUR/LEO1_Q8WVC0_OID30991_v1_Neurology_II	15	51971806	51938025	51971806	-1	ENSG00000166477	1	unique_match	UKBB_EUR
OID30992	FCER1A	P12319	v1	Neurology_II	/data/Dutta_lab/decode/ukb_ppp/EUR/FCER1A_P12319_OID30992_v1_Neurology_II	1	159289714	159289714	159308224	1	ENSG00000179639	1	unique_match	UKBB_EUR
OID30993	DSCAM	O60469	v1	Neurology_II	/data/Dutta_lab/decode/ukb_ppp/EUR/DSCAM_O60469_OID30993_v1_Neurology_II	21	40847139	40010999	40847139	-1	ENSG00000171587	1	unique_match	UKBB_EUR
OID30994	ARHGEF10	O15013	v1	Neurology_II	/data/Dutta_lab/decode/ukb_ppp/EUR/ARHGEF10_O15013_OID30994_v1_Neurology_II	8	1823976	1823976	1958641	1	ENSG00000104728	2	multi_match_first	UKBB_EUR
OID30995	RLN1	P04808	v1	Neurology_II	/data/Dutta_lab/decode/ukb_ppp/EUR/RLN1_P04808_OID30995_v1_Neurology_II	9	5339873	5334969	5339873	-1	ENSG00000107018	1	unique_match	UKBB_EUR
OID30996	MYCBP2	O75592	v1	Neurology_II	/data/Dutta_lab/decode/ukb_ppp/EUR/MYCBP2_O75592_OID30996_v1_Neurology_II	13	77327050	77044655	77327050	-1	ENSG00000005810	1	unique_match	UKBB_EUR
OID30997	PPP1R14D	Q9NXH3	v1	Neurology_II	/data/Dutta_lab/decode/ukb_ppp/EUR/PPP1R14D_Q9NXH3_OID30997_v1_Neurology_II	15	40828709	40815445	40828709	-1	ENSG00000166143	1	unique_match	UKBB_EUR
OID30998	PAFAH1B3	Q15102	v1	Neurology_II	/data/Dutta_lab/decode/ukb_ppp/EUR/PAFAH1B3_Q15102_OID30998_v1_Neurology_II	19	42303546	42297033	42303546	-1	ENSG00000079462	1	unique_match	UKBB_EUR
OID30999	RGS10	O43665	v1	Neurology_II	/data/Dutta_lab/decode/ukb_ppp/EUR/RGS10_O43665_OID30999_v1_Neurology_II	10	119542708	119499828	119542708	-1	ENSG00000148908	1	unique_match	UKBB_EUR
OID31000	DNM3	Q9UQ16	v1	Neurology_II	/data/Dutta_lab/decode/ukb_ppp/EUR/DNM3_Q9UQ16_OID31000_v1_Neurology_II	1	171841498	171841498	172418466	1	ENSG00000197959	1	unique_match	UKBB_EUR
OID31001	CCDC50	Q8IVM0	v1	Neurology_II	/data/Dutta_lab/decode/ukb_ppp/EUR/CCDC50_Q8IVM0_OID31001_v1_Neurology_II	3	191329077	191329077	191398670	1	ENSG00000152492	1	unique_match	UKBB_EUR
OID31002	VWC2L	B2RUY7	v1	Neurology_II	/data/Dutta_lab/decode/ukb_ppp/EUR/VWC2L_B2RUY7_OID31002_v1_Neurology_II	2	214411065	214411065	214578959	1	ENSG00000174453	1	unique_match	UKBB_EUR
OID31003	PCBP2	Q15366	v1	Neurology_II	/data/Dutta_lab/decode/ukb_ppp/EUR/PCBP2_Q15366_OID31003_v1_Neurology_II	12	53452102	53452102	53481162	1	ENSG00000197111	1	unique_match	UKBB_EUR
OID31004	GART	P22102	v1	Neurology_II	/data/Dutta_lab/decode/ukb_ppp/EUR/GART_P22102_OID31004_v1_Neurology_II	21	33543491	33503931	33543491	-1	ENSG00000159131	1	unique_match	UKBB_EUR
OID31005	FAM171A2	A8MVW0	v1	Neurology_II	/data/Dutta_lab/decode/ukb_ppp/EUR/FAM171A2_A8MVW0_OID31005_v1_Neurology_II	17	44363875	44353215	44363875	-1	ENSG00000161682	1	unique_match	UKBB_EUR
OID31006	HJV	Q6ZVN8	v1	Neurology_II	/data/Dutta_lab/decode/ukb_ppp/EUR/HJV_Q6ZVN8_OID31006_v1_Neurology_II							0	missing	UKBB_EUR
OID31007	C1QBP	Q07021	v1	Neurology_II	/data/Dutta_lab/decode/ukb_ppp/EUR/C1QBP_Q07021_OID31007_v1_Neurology_II	17	5448830	5432777	5448830	-1	ENSG00000108561	1	unique_match	UKBB_EUR
OID31008	GNAS	O95467	v1	Neurology_II	/data/Dutta_lab/decode/ukb_ppp/EUR/GNAS_O95467_OID31008_v1_Neurology_II	20	58839718	58839718	58911192	1	ENSG00000087460	1	unique_match	UKBB_EUR
OID31009	PHACTR2	O75167	v1	Neurology_II	/data/Dutta_lab/decode/ukb_ppp/EUR/PHACTR2_O75167_OID31009_v1_Neurology_II	6	143536845	143536845	143831185	1	ENSG00000112419	1	unique_match	UKBB_EUR
OID31010	EDF1	O60869	v1	Neurology_II	/data/Dutta_lab/decode/ukb_ppp/EUR/EDF1_O60869_OID31010_v1_Neurology_II	9	136866286	136862119	136866286	-1	ENSG00000107223	1	unique_match	UKBB_EUR
OID31011	PPP1R14A	Q96A00	v1	Neurology_II	/data/Dutta_lab/decode/ukb_ppp/EUR/PPP1R14A_Q96A00_OID31011_v1_Neurology_II	19	38256591	38251237	38256591	-1	ENSG00000167641	1	unique_match	UKBB_EUR
OID31012	SAFB2	Q14151	v1	Neurology_II	/data/Dutta_lab/decode/ukb_ppp/EUR/SAFB2_Q14151_OID31012_v1_Neurology_II	19	5624046	5586999	5624046	-1	ENSG00000130254	1	unique_match	UKBB_EUR
OID31013	GPR158	Q5T848	v1	Neurology_II	/data/Dutta_lab/decode/ukb_ppp/EUR/GPR158_Q5T848_OID31013_v1_Neurology_II	10	25175062	25175062	25602226	1	ENSG00000151025	1	unique_match	UKBB_EUR
OID31014	LMOD1	P29536	v1	Neurology_II	/data/Dutta_lab/decode/ukb_ppp/EUR/LMOD1_P29536_OID31014_v1_Neurology_II	1	201946588	201896452	201946588	-1	ENSG00000163431	1	unique_match	UKBB_EUR
OID31015	TMEM25	Q86YD3	v1	Neurology_II	/data/Dutta_lab/decode/ukb_ppp/EUR/TMEM25_Q86YD3_OID31015_v1_Neurology_II	11	118531041	118531041	118547280	1	ENSG00000149582	1	unique_match	UKBB_EUR
OID31016	TSC22D1	Q15714	v1	Neurology_II	/data/Dutta_lab/decode/ukb_ppp/EUR/TSC22D1_Q15714_OID31016_v1_Neurology_II	13	44577147	44432143	44577147	-1	ENSG00000102804	1	unique_match	UKBB_EUR
OID31017	SLA2	Q9H6Q3	v1	Neurology_II	/data/Dutta_lab/decode/ukb_ppp/EUR/SLA2_Q9H6Q3_OID31017_v1_Neurology_II	20	36646216	36612318	36646216	-1	ENSG00000101082	1	unique_match	UKBB_EUR
OID31018	LETM1	O95202	v1	Neurology_II	/data/Dutta_lab/decode/ukb_ppp/EUR/LETM1_O95202_OID31018_v1_Neurology_II	4	1856247	1811479	1856247	-1	ENSG00000168924	1	unique_match	UKBB_EUR
OID31019	SNAPIN	O95295	v1	Neurology_II	/data/Dutta_lab/decode/ukb_ppp/EUR/SNAPIN_O95295_OID31019_v1_Neurology_II	1	153658654	153658654	153661830	1	ENSG00000143553	1	unique_match	UKBB_EUR
OID31020	LRTM2	Q8N967	v1	Neurology_II	/data/Dutta_lab/decode/ukb_ppp/EUR/LRTM2_Q8N967_OID31020_v1_Neurology_II	12	1820267	1820267	1836752	1	ENSG00000166159	1	unique_match	UKBB_EUR
OID31021	NMT1	P30419	v1	Neurology_II	/data/Dutta_lab/decode/ukb_ppp/EUR/NMT1_P30419_OID31021_v1_Neurology_II	17	45051610	45051610	45109016	1	ENSG00000136448	1	unique_match	UKBB_EUR
OID31022	EIF4G3	O43432	v1	Neurology_II	/data/Dutta_lab/decode/ukb_ppp/EUR/EIF4G3_O43432_OID31022_v1_Neurology_II	1	21176888	20806292	21176888	-1	ENSG00000075151	1	unique_match	UKBB_EUR
OID31023	MRPL28	Q13084	v1	Neurology_II	/data/Dutta_lab/decode/ukb_ppp/EUR/MRPL28_Q13084_OID31023_v1_Neurology_II	16	370527	367384	370527	-1	ENSG00000086504	1	unique_match	UKBB_EUR
OID31024	ARFIP1	P53367	v1	Neurology_II	/data/Dutta_lab/decode/ukb_ppp/EUR/ARFIP1_P53367_OID31024_v1_Neurology_II	4	152779937	152779937	152918463	1	ENSG00000164144	1	unique_match	UKBB_EUR
OID31025	SEPTIN3	Q9UH03	v1	Neurology_II	/data/Dutta_lab/decode/ukb_ppp/EUR/SEPTIN3_Q9UH03_OID31025_v1_Neurology_II							0	missing	UKBB_EUR
OID31026	GOLGA3	Q08378	v1	Neurology_II	/data/Dutta_lab/decode/ukb_ppp/EUR/GOLGA3_Q08378_OID31026_v1_Neurology_II	12	132828858	132768909	132828858	-1	ENSG00000090615	1	unique_match	UKBB_EUR
OID31027	RNASEH2A	O75792	v1	Neurology_II	/data/Dutta_lab/decode/ukb_ppp/EUR/RNASEH2A_O75792_OID31027_v1_Neurology_II	19	12806580	12806580	12813638	1	ENSG00000104889	2	multi_match_first	UKBB_EUR
OID31028	REEP4	Q9H6H4	v1	Neurology_II	/data/Dutta_lab/decode/ukb_ppp/EUR/REEP4_Q9H6H4_OID31028_v1_Neurology_II	8	22141951	22138020	22141951	-1	ENSG00000168476	1	unique_match	UKBB_EUR
OID31029	ELAC1	Q9H777	v1	Neurology_II	/data/Dutta_lab/decode/ukb_ppp/EUR/ELAC1_Q9H777_OID31029_v1_Neurology_II	18	50967991	50967991	50988121	1	ENSG00000141642	1	unique_match	UKBB_EUR
OID31030	RTN4IP1	Q8WWV3	v1	Neurology_II	/data/Dutta_lab/decode/ukb_ppp/EUR/RTN4IP1_Q8WWV3_OID31030_v1_Neurology_II	6	106629487	106571971	106629487	-1	ENSG00000130347	1	unique_match	UKBB_EUR
OID31031	SUOX	P51687	v1	Neurology_II	/data/Dutta_lab/decode/ukb_ppp/EUR/SUOX_P51687_OID31031_v1_Neurology_II	12	55997180	55997180	56006641	1	ENSG00000139531	1	unique_match	UKBB_EUR
OID31032	LCN15	Q6UWW0	v1	Neurology_II	/data/Dutta_lab/decode/ukb_ppp/EUR/LCN15_Q6UWW0_OID31032_v1_Neurology_II	9	136766255	136759634	136766255	-1	ENSG00000177984	1	unique_match	UKBB_EUR
OID31033	MCEE	Q96PE7	v1	Neurology_II	/data/Dutta_lab/decode/ukb_ppp/EUR/MCEE_Q96PE7_OID31033_v1_Neurology_II	2	71130239	71109684	71130239	-1	ENSG00000124370	1	unique_match	UKBB_EUR
OID31034	RBM17	Q96I25	v1	Neurology_II	/data/Dutta_lab/decode/ukb_ppp/EUR/RBM17_Q96I25_OID31034_v1_Neurology_II	10	6088987	6088987	6117457	1	ENSG00000134453	1	unique_match	UKBB_EUR
OID31035	NARS1	O43776	v1	Neurology_II	/data/Dutta_lab/decode/ukb_ppp/EUR/NARS1_O43776_OID31035_v1_Neurology_II							0	missing	UKBB_EUR
OID31036	MRPL58	Q14197	v1	Neurology_II	/data/Dutta_lab/decode/ukb_ppp/EUR/MRPL58_Q14197_OID31036_v1_Neurology_II	17	75012670	75012670	75021261	1	ENSG00000167862	1	unique_match	UKBB_EUR
OID31037	HNRNPUL1	Q9BUJ2	v1	Neurology_II	/data/Dutta_lab/decode/ukb_ppp/EUR/HNRNPUL1_Q9BUJ2_OID31037_v1_Neurology_II	19	41262496	41262496	41307598	1	ENSG00000105323	1	unique_match	UKBB_EUR
OID31038	SATB1	Q01826	v1	Neurology_II	/data/Dutta_lab/decode/ukb_ppp/EUR/SATB1_Q01826_OID31038_v1_Neurology_II	3	18445588	18345387	18445588	-1	ENSG00000182568	1	unique_match	UKBB_EUR
OID31039	CACNB3	P54284	v1	Neurology_II	/data/Dutta_lab/decode/ukb_ppp/EUR/CACNB3_P54284_OID31039_v1_Neurology_II	12	48813794	48813794	48828941	1	ENSG00000167535	1	unique_match	UKBB_EUR
OID31040	FGD3	Q5JSP0	v1	Neurology_II	/data/Dutta_lab/decode/ukb_ppp/EUR/FGD3_Q5JSP0_OID31040_v1_Neurology_II	9	92947451	92947451	93036236	1	ENSG00000127084	1	unique_match	UKBB_EUR
OID31041	GID8	Q9NWU2	v1	Neurology_II	/data/Dutta_lab/decode/ukb_ppp/EUR/GID8_Q9NWU2_OID31041_v1_Neurology_II	20	62938119	62938119	62948475	1	ENSG00000101193	1	unique_match	UKBB_EUR
OID31042	BRSK2	Q8IWQ3	v1	Neurology_II	/data/Dutta_lab/decode/ukb_ppp/EUR/BRSK2_Q8IWQ3_OID31042_v1_Neurology_II	11	1389899	1389899	1462689	1	ENSG00000174672	1	unique_match	UKBB_EUR
OID31043	DDHD2	O94830	v1	Neurology_II	/data/Dutta_lab/decode/ukb_ppp/EUR/DDHD2_O94830_OID31043_v1_Neurology_II	8	38225218	38225218	38275558	1	ENSG00000085788	1	unique_match	UKBB_EUR
OID31044	EFHD1	Q9BUP0	v1	Neurology_II	/data/Dutta_lab/decode/ukb_ppp/EUR/EFHD1_Q9BUP0_OID31044_v1_Neurology_II	2	232606057	232606057	232682781	1	ENSG00000115468	1	unique_match	UKBB_EUR
OID31045	PCDH12	Q9NPG4	v1	Neurology_II	/data/Dutta_lab/decode/ukb_ppp/EUR/PCDH12_Q9NPG4_OID31045_v1_Neurology_II	5	141969741	141943585	141969741	-1	ENSG00000113555	1	unique_match	UKBB_EUR
OID31046	SCRIB	Q14160	v1	Neurology_II	/data/Dutta_lab/decode/ukb_ppp/EUR/SCRIB_Q14160_OID31046_v1_Neurology_II	8	143815379	143790920	143815379	-1	ENSG00000180900	1	unique_match	UKBB_EUR
OID31047	ALDH5A1	P51649	v1	Neurology_II	/data/Dutta_lab/decode/ukb_ppp/EUR/ALDH5A1_P51649_OID31047_v1_Neurology_II	6	24494852	24494852	24537207	1	ENSG00000112294	1	unique_match	UKBB_EUR
OID31048	HLA-A	P04439	v1	Neurology_II	/data/Dutta_lab/decode/ukb_ppp/EUR/HLA-A_P04439_OID31048_v1_Neurology_II	6	29941260	29941260	29945884	1	ENSG00000206503	1	unique_match	UKBB_EUR
OID31049	C1QTNF6	Q9BXI9	v1	Neurology_II	/data/Dutta_lab/decode/ukb_ppp/EUR/C1QTNF6_Q9BXI9_OID31049_v1_Neurology_II	22	37199385	37180167	37199385	-1	ENSG00000133466	1	unique_match	UKBB_EUR
OID31050	IDO1	P14902	v1	Neurology_II	/data/Dutta_lab/decode/ukb_ppp/EUR/IDO1_P14902_OID31050_v1_Neurology_II	8	39902275	39902275	39928444	1	ENSG00000131203	1	unique_match	UKBB_EUR
OID31051	S100G	P29377	v1	Neurology_II	/data/Dutta_lab/decode/ukb_ppp/EUR/S100G_P29377_OID31051_v1_Neurology_II	23	16650158	16650158	16654670	1	ENSG00000169906	1	unique_match	UKBB_EUR
OID31052	AKT2	P31751	v1	Neurology_II	/data/Dutta_lab/decode/ukb_ppp/EUR/AKT2_P31751_OID31052_v1_Neurology_II	19	40285536	40230317	40285536	-1	ENSG00000105221	1	unique_match	UKBB_EUR
OID31053	CSNK2A1	P68400	v1	Neurology_II	/data/Dutta_lab/decode/ukb_ppp/EUR/CSNK2A1_P68400_OID31053_v1_Neurology_II	20	543821	473591	543821	-1	ENSG00000101266	1	unique_match	UKBB_EUR
OID31054	STXBP1	P61764	v1	Neurology_II	/data/Dutta_lab/decode/ukb_ppp/EUR/STXBP1_P61764_OID31054_v1_Neurology_II	9	127579370	127579370	127696115	1	ENSG00000136854	1	unique_match	UKBB_EUR
OID31055	ASPSCR1	Q9BZE9	v1	Neurology_II	/data/Dutta_lab/decode/ukb_ppp/EUR/ASPSCR1_Q9BZE9_OID31055_v1_Neurology_II	17	81976807	81976807	82017406	1	ENSG00000169696	1	unique_match	UKBB_EUR
OID31056	AZI2	Q9H6S1	v1	Neurology_II	/data/Dutta_lab/decode/ukb_ppp/EUR/AZI2_Q9H6S1_OID31056_v1_Neurology_II	3	28349127	28315003	28349127	-1	ENSG00000163512	1	unique_match	UKBB_EUR
OID31058	PSMD1	Q99460	v1	Neurology_II	/data/Dutta_lab/decode/ukb_ppp/EUR/PSMD1_Q99460_OID31058_v1_Neurology_II	2	231056864	231056864	231172827	1	ENSG00000173692	1	unique_match	UKBB_EUR
OID31059	IGBP1	P78318	v1	Neurology_II	/data/Dutta_lab/decode/ukb_ppp/EUR/IGBP1_P78318_OID31059_v1_Neurology_II	23	70133449	70133449	70166324	1	ENSG00000089289	1	unique_match	UKBB_EUR
OID31060	RGCC	Q9H4X1	v1	Neurology_II	/data/Dutta_lab/decode/ukb_ppp/EUR/RGCC_Q9H4X1_OID31060_v1_Neurology_II	13	41457559	41457559	41470882	1	ENSG00000102760	1	unique_match	UKBB_EUR
OID31061	PIBF1	Q8WXW3-4	v1	Neurology_II	/data/Dutta_lab/decode/ukb_ppp/EUR/PIBF1_Q8WXW3-4_OID31061_v1_Neurology_II	13	72782059	72782059	73016461	1	ENSG00000083535	1	unique_match	UKBB_EUR
OID31062	GIGYF2	Q6Y7W6	v1	Neurology_II	/data/Dutta_lab/decode/ukb_ppp/EUR/GIGYF2_Q6Y7W6_OID31062_v1_Neurology_II	2	232697299	232697299	232860575	1	ENSG00000204120	1	unique_match	UKBB_EUR
OID31063	PDLIM5	Q96HC4	v1	Neurology_II	/data/Dutta_lab/decode/ukb_ppp/EUR/PDLIM5_Q96HC4_OID31063_v1_Neurology_II	4	94451857	94451857	94668227	1	ENSG00000163110	1	unique_match	UKBB_EUR
OID31064	OTUD7B	Q6GQQ9	v1	Neurology_II	/data/Dutta_lab/decode/ukb_ppp/EUR/OTUD7B_Q6GQQ9_OID31064_v1_Neurology_II	1	150010676	149937812	150010676	-1	ENSG00000264522	1	unique_match	UKBB_EUR
OID31065	FKBP14	Q9NWM8	v1	Neurology_II	/data/Dutta_lab/decode/ukb_ppp/EUR/FKBP14_Q9NWM8_OID31065_v1_Neurology_II	7	30026801	30010583	30026801	-1	LRG_454	2	multi_match_first	UKBB_EUR
OID31066	NEO1	Q92859	v1	Neurology_II	/data/Dutta_lab/decode/ukb_ppp/EUR/NEO1_Q92859_OID31066_v1_Neurology_II	15	73051710	73051710	73305206	1	ENSG00000067141	1	unique_match	UKBB_EUR
OID31067	VGF	O15240	v1	Neurology_II	/data/Dutta_lab/decode/ukb_ppp/EUR/VGF_O15240_OID31067_v1_Neurology_II	7	101165593	101162509	101165593	-1	ENSG00000128564	1	unique_match	UKBB_EUR
OID31068	LDLRAP1	Q5SW96	v1	Neurology_II	/data/Dutta_lab/decode/ukb_ppp/EUR/LDLRAP1_Q5SW96_OID31068_v1_Neurology_II	1	25543580	25543580	25568886	1	ENSG00000157978	2	multi_match_first	UKBB_EUR
OID31069	OCLN	Q16625	v1	Neurology_II	/data/Dutta_lab/decode/ukb_ppp/EUR/OCLN_Q16625_OID31069_v1_Neurology_II	5	69492292	69492292	69558104	1	ENSG00000197822	1	unique_match	UKBB_EUR
OID31070	CAMSAP1	Q5T5Y3	v1	Neurology_II	/data/Dutta_lab/decode/ukb_ppp/EUR/CAMSAP1_Q5T5Y3_OID31070_v1_Neurology_II	9	135907228	135808487	135907228	-1	ENSG00000130559	1	unique_match	UKBB_EUR
OID31071	DLG4	P78352	v1	Neurology_II	/data/Dutta_lab/decode/ukb_ppp/EUR/DLG4_P78352_OID31071_v1_Neurology_II	17	7219702	7189890	7219702	-1	ENSG00000132535	1	unique_match	UKBB_EUR
OID31072	DHRS4L2	Q6PKH6	v1	Neurology_II	/data/Dutta_lab/decode/ukb_ppp/EUR/DHRS4L2_Q6PKH6_OID31072_v1_Neurology_II	14	23969874	23969874	24006408	1	ENSG00000187630	1	unique_match	UKBB_EUR
OID31073	MORC3	Q14149	v1	Neurology_II	/data/Dutta_lab/decode/ukb_ppp/EUR/MORC3_Q14149_OID31073_v1_Neurology_II	21	36320189	36320189	36386148	1	ENSG00000159256	1	unique_match	UKBB_EUR
OID31074	CDH23	Q9H251	v1	Neurology_II	/data/Dutta_lab/decode/ukb_ppp/EUR/CDH23_Q9H251_OID31074_v1_Neurology_II	10	71396934	71396934	71815947	1	ENSG00000107736	1	unique_match	UKBB_EUR
OID31075	TAX1BP1	Q86VP1	v1	Neurology_II	/data/Dutta_lab/decode/ukb_ppp/EUR/TAX1BP1_Q86VP1_OID31075_v1_Neurology_II	7	27739331	27739331	27844564	1	ENSG00000106052	1	unique_match	UKBB_EUR
OID31076	CDAN1	Q8IWY9	v1	Neurology_II	/data/Dutta_lab/decode/ukb_ppp/EUR/CDAN1_Q8IWY9_OID31076_v1_Neurology_II	15	42737126	42723559	42737126	-1	ENSG00000140326	1	unique_match	UKBB_EUR
OID31077	CCAR2	Q8N163	v1	Neurology_II	/data/Dutta_lab/decode/ukb_ppp/EUR/CCAR2_Q8N163_OID31077_v1_Neurology_II	8	22604632	22604632	22621514	1	ENSG00000158941	1	unique_match	UKBB_EUR
OID31078	MTHFD2	P13995	v1	Neurology_II	/data/Dutta_lab/decode/ukb_ppp/EUR/MTHFD2_P13995_OID31078_v1_Neurology_II	2	74198562	74198562	74217565	1	ENSG00000065911	1	unique_match	UKBB_EUR
OID31079	SEPTIN8	Q92599	v1	Neurology_II	/data/Dutta_lab/decode/ukb_ppp/EUR/SEPTIN8_Q92599_OID31079_v1_Neurology_II							0	missing	UKBB_EUR
OID31080	DXO	O77932	v1	Neurology_II	/data/Dutta_lab/decode/ukb_ppp/EUR/DXO_O77932_OID31080_v1_Neurology_II	6	31972292	31969810	31972292	-1	ENSG00000204348	1	unique_match	UKBB_EUR
OID31081	CRYBB2	P43320	v1	Neurology_II	/data/Dutta_lab/decode/ukb_ppp/EUR/CRYBB2_P43320_OID31081_v1_Neurology_II	22	25219522	25219522	25231869	1	ENSG00000244752	1	unique_match	UKBB_EUR
OID31082	KLRK1	P26718	v1	Neurology_II	/data/Dutta_lab/decode/ukb_ppp/EUR/KLRK1_P26718_OID31082_v1_Neurology_II	12	10391874	10372353	10391874	-1	ENSG00000213809	1	unique_match	UKBB_EUR
OID31083	GAST	P01350	v1	Neurology_II	/data/Dutta_lab/decode/ukb_ppp/EUR/GAST_P01350_OID31083_v1_Neurology_II	17	41712326	41712326	41715969	1	ENSG00000184502	1	unique_match	UKBB_EUR
OID31084	USP28	Q96RU2	v1	Neurology_II	/data/Dutta_lab/decode/ukb_ppp/EUR/USP28_Q96RU2_OID31084_v1_Neurology_II	11	113875570	113797874	113875570	-1	ENSG00000048028	1	unique_match	UKBB_EUR
OID31085	OSBPL2	Q9H1P3	v1	Neurology_II	/data/Dutta_lab/decode/ukb_ppp/EUR/OSBPL2_Q9H1P3_OID31085_v1_Neurology_II	20	62231922	62231922	62296213	1	ENSG00000130703	1	unique_match	UKBB_EUR
OID31086	SPTLC1	O15269	v1	Neurology_II	/data/Dutta_lab/decode/ukb_ppp/EUR/SPTLC1_O15269_OID31086_v1_Neurology_II	9	92115408	92031145	92115408	-1	LRG_272	2	multi_match_first	UKBB_EUR
OID31087	OPHN1	O60890	v1	Neurology_II	/data/Dutta_lab/decode/ukb_ppp/EUR/OPHN1_O60890_OID31087_v1_Neurology_II	23	68433913	68042344	68433913	-1	ENSG00000079482	1	unique_match	UKBB_EUR
OID31088	PLEKHO1	Q53GL0	v1	Neurology_II	/data/Dutta_lab/decode/ukb_ppp/EUR/PLEKHO1_Q53GL0_OID31088_v1_Neurology_II	1	150149183	150149183	150164720	1	ENSG00000023902	1	unique_match	UKBB_EUR
OID31089	SYT1	P21579	v1	Neurology_II	/data/Dutta_lab/decode/ukb_ppp/EUR/SYT1_P21579_OID31089_v1_Neurology_II	12	78863993	78863993	79452008	1	ENSG00000067715	1	unique_match	UKBB_EUR
OID31090	STX3	Q13277	v1	Neurology_II	/data/Dutta_lab/decode/ukb_ppp/EUR/STX3_Q13277_OID31090_v1_Neurology_II	11	59755059	59755059	59805882	1	ENSG00000166900	1	unique_match	UKBB_EUR
OID31091	GFRAL	Q6UXV0	v1	Neurology_II	/data/Dutta_lab/decode/ukb_ppp/EUR/GFRAL_Q6UXV0_OID31091_v1_Neurology_II	6	55327469	55327469	55402493	1	ENSG00000187871	1	unique_match	UKBB_EUR
OID31092	CLSTN3	Q9BQT9	v1	Neurology_II	/data/Dutta_lab/decode/ukb_ppp/EUR/CLSTN3_Q9BQT9_OID31092_v1_Neurology_II	12	7129698	7129698	7158945	1	ENSG00000139182	1	unique_match	UKBB_EUR
OID31093	PRSS53	Q2L4Q9	v1	Neurology_II	/data/Dutta_lab/decode/ukb_ppp/EUR/PRSS53_Q2L4Q9_OID31093_v1_Neurology_II	16	31089628	31083425	31089628	-1	ENSG00000151006	1	unique_match	UKBB_EUR
OID31094	KIAA0319	Q5VV43	v1	Neurology_II	/data/Dutta_lab/decode/ukb_ppp/EUR/KIAA0319_Q5VV43_OID31094_v1_Neurology_II	6	24646155	24544104	24646155	-1	ENSG00000137261	1	unique_match	UKBB_EUR
OID31095	C7orf50	Q9BRJ6	v1	Neurology_II	/data/Dutta_lab/decode/ukb_ppp/EUR/C7orf50_Q9BRJ6_OID31095_v1_Neurology_II	7	1138260	996986	1138260	-1	ENSG00000146540	1	unique_match	UKBB_EUR
OID31096	PALM2	Q8IXS6	v1	Neurology_II	/data/Dutta_lab/decode/ukb_ppp/EUR/PALM2_Q8IXS6_OID31096_v1_Neurology_II	9	109640788	109640788	109946703	1	ENSG00000243444	1	unique_match	UKBB_EUR
OID31097	GSTT2B	P0CG30	v1	Neurology_II	/data/Dutta_lab/decode/ukb_ppp/EUR/GSTT2B_P0CG30_OID31097_v1_Neurology_II	22	23961186	23957414	23961186	-1	ENSG00000133433	1	unique_match	UKBB_EUR
OID31098	HSD17B14	Q9BPX1	v1	Neurology_II	/data/Dutta_lab/decode/ukb_ppp/EUR/HSD17B14_Q9BPX1_OID31098_v1_Neurology_II	19	48836678	48813017	48836678	-1	ENSG00000087076	1	unique_match	UKBB_EUR
OID31099	PTPRR	Q15256	v1	Neurology_II	/data/Dutta_lab/decode/ukb_ppp/EUR/PTPRR_Q15256_OID31099_v1_Neurology_II	12	70920843	70638073	70920843	-1	ENSG00000153233	1	unique_match	UKBB_EUR
OID31100	CALCB	P10092	v1	Neurology_II	/data/Dutta_lab/decode/ukb_ppp/EUR/CALCB_P10092_OID31100_v1_Neurology_II	11	14904997	14904997	15082342	1	ENSG00000175868	1	unique_match	UKBB_EUR
OID31101	PLXDC2	Q6UX71	v1	Neurology_II	/data/Dutta_lab/decode/ukb_ppp/EUR/PLXDC2_Q6UX71_OID31101_v1_Neurology_II	10	19816239	19816239	20289856	1	ENSG00000120594	1	unique_match	UKBB_EUR
OID31102	NT5C1A	Q9BXI3	v1	Neurology_II	/data/Dutta_lab/decode/ukb_ppp/EUR/NT5C1A_Q9BXI3_OID31102_v1_Neurology_II	1	39672038	39659121	39672038	-1	ENSG00000116981	1	unique_match	UKBB_EUR
OID31103	TMPRSS11D	O60235	v1	Neurology_II	/data/Dutta_lab/decode/ukb_ppp/EUR/TMPRSS11D_O60235_OID31103_v1_Neurology_II	4	67884032	67820876	67884032	-1	ENSG00000153802	1	unique_match	UKBB_EUR
OID31104	DNAJC21	Q5F1R6	v1	Neurology_II	/data/Dutta_lab/decode/ukb_ppp/EUR/DNAJC21_Q5F1R6_OID31104_v1_Neurology_II	5	34929593	34929593	34958964	1	ENSG00000168724	1	unique_match	UKBB_EUR
OID31105	VSNL1	P62760	v1	Neurology_II	/data/Dutta_lab/decode/ukb_ppp/EUR/VSNL1_P62760_OID31105_v1_Neurology_II	2	17539126	17539126	17657018	1	ENSG00000163032	1	unique_match	UKBB_EUR
OID31106	BLOC1S3	Q6QNY0	v1	Neurology_II	/data/Dutta_lab/decode/ukb_ppp/EUR/BLOC1S3_Q6QNY0_OID31106_v1_Neurology_II	19	45178745	45178745	45181801	1	ENSG00000189114	2	multi_match_first	UKBB_EUR
OID31107	HHEX	Q03014	v1	Neurology_II	/data/Dutta_lab/decode/ukb_ppp/EUR/HHEX_Q03014_OID31107_v1_Neurology_II	10	92689951	92689951	92695646	1	ENSG00000152804	1	unique_match	UKBB_EUR
OID31108	FGFBP3	Q8TAT2	v1	Neurology_II	/data/Dutta_lab/decode/ukb_ppp/EUR/FGFBP3_Q8TAT2_OID31108_v1_Neurology_II	10	91909483	91906589	91909483	-1	ENSG00000174721	1	unique_match	UKBB_EUR
OID31109	LMNB2	Q03252	v1	Neurology_II	/data/Dutta_lab/decode/ukb_ppp/EUR/LMNB2_Q03252_OID31109_v1_Neurology_II	19	2456996	2427638	2456996	-1	ENSG00000176619	1	unique_match	UKBB_EUR
OID31110	PLB1	Q6P1J6	v1	Neurology_II	/data/Dutta_lab/decode/ukb_ppp/EUR/PLB1_Q6P1J6_OID31110_v1_Neurology_II	2	28457145	28457145	28643788	1	ENSG00000163803	1	unique_match	UKBB_EUR
OID31111	DOK1	Q99704	v1	Neurology_II	/data/Dutta_lab/decode/ukb_ppp/EUR/DOK1_Q99704_OID31111_v1_Neurology_II	2	74549026	74549026	74557554	1	ENSG00000115325	1	unique_match	UKBB_EUR
OID31112	IMPACT	Q9P2X3	v1	Neurology_II	/data/Dutta_lab/decode/ukb_ppp/EUR/IMPACT_Q9P2X3_OID31112_v1_Neurology_II	18	24426616	24426616	24453535	1	ENSG00000154059	1	unique_match	UKBB_EUR
OID31113	YAP1	P46937	v1	Neurology_II	/data/Dutta_lab/decode/ukb_ppp/EUR/YAP1_P46937_OID31113_v1_Neurology_II	11	102110461	102110461	102233423	1	ENSG00000137693	1	unique_match	UKBB_EUR
OID31114	NAPRT	Q6XQN6	v1	Neurology_II	/data/Dutta_lab/decode/ukb_ppp/EUR/NAPRT_Q6XQN6_OID31114_v1_Neurology_II	8	143578649	143574785	143578649	-1	ENSG00000147813	1	unique_match	UKBB_EUR
OID31115	NGRN	Q9NPE2	v1	Neurology_II	/data/Dutta_lab/decode/ukb_ppp/EUR/NGRN_Q9NPE2_OID31115_v1_Neurology_II	15	90265659	90265659	90278141	1	ENSG00000182768	1	unique_match	UKBB_EUR
OID31116	CHCHD10	Q8WYQ3	v1	Neurology_II	/data/Dutta_lab/decode/ukb_ppp/EUR/CHCHD10_Q8WYQ3_OID31116_v1_Neurology_II	22	23768443	23765834	23768443	-1	ENSG00000250479	1	unique_match	UKBB_EUR
OID31117	AP3S2	P59780	v1	Neurology_II	/data/Dutta_lab/decode/ukb_ppp/EUR/AP3S2_P59780_OID31117_v1_Neurology_II	15	89894638	89830599	89894638	-1	ENSG00000157823	1	unique_match	UKBB_EUR
OID31118	DNPEP	Q9ULA0	v1	Neurology_II	/data/Dutta_lab/decode/ukb_ppp/EUR/DNPEP_Q9ULA0_OID31118_v1_Neurology_II	2	219400022	219373546	219400022	-1	ENSG00000123992	1	unique_match	UKBB_EUR
OID31119	PRKAR2A	P13861	v1	Neurology_II	/data/Dutta_lab/decode/ukb_ppp/EUR/PRKAR2A_P13861_OID31119_v1_Neurology_II	3	48847846	48744597	48847846	-1	ENSG00000114302	1	unique_match	UKBB_EUR
OID31120	TNIP1	Q15025	v1	Neurology_II	/data/Dutta_lab/decode/ukb_ppp/EUR/TNIP1_Q15025_OID31120_v1_Neurology_II	5	151093577	151029945	151093577	-1	ENSG00000145901	1	unique_match	UKBB_EUR
OID31121	TXNDC9	O14530	v1	Neurology_II	/data/Dutta_lab/decode/ukb_ppp/EUR/TXNDC9_O14530_OID31121_v1_Neurology_II	2	99340702	99318982	99340702	-1	ENSG00000115514	1	unique_match	UKBB_EUR
OID31122	PNLIPRP1	P54315	v1	Neurology_II	/data/Dutta_lab/decode/ukb_ppp/EUR/PNLIPRP1_P54315_OID31122_v1_Neurology_II	10	116590385	116590385	116609175	1	ENSG00000187021	1	unique_match	UKBB_EUR
OID31123	WASHC3	Q9Y3C0	v1	Neurology_II	/data/Dutta_lab/decode/ukb_ppp/EUR/WASHC3_Q9Y3C0_OID31123_v1_Neurology_II							0	missing	UKBB_EUR
OID31124	PRND	Q9UKY0	v1	Neurology_II	/data/Dutta_lab/decode/ukb_ppp/EUR/PRND_Q9UKY0_OID31124_v1_Neurology_II	20	4721910	4721910	4728460	1	ENSG00000171864	1	unique_match	UKBB_EUR
OID31125	EIF1AX	P47813	v1	Neurology_II	/data/Dutta_lab/decode/ukb_ppp/EUR/EIF1AX_P47813_OID31125_v1_Neurology_II	23	20141844	20124518	20141844	-1	ENSG00000173674	1	unique_match	UKBB_EUR
OID31126	CAPS	Q13938	v1	Neurology_II	/data/Dutta_lab/decode/ukb_ppp/EUR/CAPS_Q13938_OID31126_v1_Neurology_II	19	5911707	5911707	5916208	1	ENSG00000105519	1	unique_match	UKBB_EUR
OID31127	FNDC1	Q4ZHG4	v1	Neurology_II	/data/Dutta_lab/decode/ukb_ppp/EUR/FNDC1_Q4ZHG4_OID31127_v1_Neurology_II	6	159169397	159169397	159272109	1	ENSG00000164694	1	unique_match	UKBB_EUR
OID31128	GBP1	P32455	v1	Neurology_II	/data/Dutta_lab/decode/ukb_ppp/EUR/GBP1_P32455_OID31128_v1_Neurology_II	1	89065360	89052319	89065360	-1	ENSG00000117228	1	unique_match	UKBB_EUR
OID31129	INSL3	P51460	v1	Neurology_II	/data/Dutta_lab/decode/ukb_ppp/EUR/INSL3_P51460_OID31129_v1_Neurology_II	19	17821574	17816512	17821574	-1	ENSG00000248099	1	unique_match	UKBB_EUR
OID31130	DNAJA4	Q8WW22	v1	Neurology_II	/data/Dutta_lab/decode/ukb_ppp/EUR/DNAJA4_Q8WW22_OID31130_v1_Neurology_II	15	78264086	78264086	78282196	1	ENSG00000140403	1	unique_match	UKBB_EUR
OID31131	SPRR3	Q9UBC9	v1	Neurology_II	/data/Dutta_lab/decode/ukb_ppp/EUR/SPRR3_Q9UBC9_OID31131_v1_Neurology_II	1	153001747	153001747	153003856	1	ENSG00000163209	1	unique_match	UKBB_EUR
OID31132	SNRPB2	P08579	v1	Neurology_II	/data/Dutta_lab/decode/ukb_ppp/EUR/SNRPB2_P08579_OID31132_v1_Neurology_II	20	16729961	16729961	16742563	1	ENSG00000125870	1	unique_match	UKBB_EUR
OID31133	ARHGEF1	Q92888	v1	Neurology_II	/data/Dutta_lab/decode/ukb_ppp/EUR/ARHGEF1_Q92888_OID31133_v1_Neurology_II	19	41883161	41883161	41930150	1	ENSG00000076928	1	unique_match	UKBB_EUR
OID31134	ESYT2	A0FGR8	v1	Neurology_II	/data/Dutta_lab/decode/ukb_ppp/EUR/ESYT2_A0FGR8_OID31134_v1_Neurology_II	7	158830253	158730995	158830253	-1	ENSG00000117868	1	unique_match	UKBB_EUR
OID31135	CASP7	P55210	v1	Neurology_II	/data/Dutta_lab/decode/ukb_ppp/EUR/CASP7_P55210_OID31135_v1_Neurology_II	10	113679162	113679162	113730907	1	ENSG00000165806	1	unique_match	UKBB_EUR
OID31136	HDGFL2	Q7Z4V5	v1	Neurology_II	/data/Dutta_lab/decode/ukb_ppp/EUR/HDGFL2_Q7Z4V5_OID31136_v1_Neurology_II							0	missing	UKBB_EUR
OID31137	FTCD	O95954	v1	Neurology_II	/data/Dutta_lab/decode/ukb_ppp/EUR/FTCD_O95954_OID31137_v1_Neurology_II	21	46155567	46136262	46155567	-1	ENSG00000160282	1	unique_match	UKBB_EUR
OID31138	MAP2	P11137	v1	Neurology_II	/data/Dutta_lab/decode/ukb_ppp/EUR/MAP2_P11137_OID31138_v1_Neurology_II	2	209424058	209424058	209734118	1	ENSG00000078018	1	unique_match	UKBB_EUR
OID31139	AMPD3	Q01432	v1	Neurology_II	/data/Dutta_lab/decode/ukb_ppp/EUR/AMPD3_Q01432_OID31139_v1_Neurology_II	11	10308313	10308313	10507579	1	ENSG00000133805	1	unique_match	UKBB_EUR
OID31140	ZHX2	Q9Y6X8	v1	Neurology_II	/data/Dutta_lab/decode/ukb_ppp/EUR/ZHX2_Q9Y6X8_OID31140_v1_Neurology_II	8	122781394	122781394	122974512	1	ENSG00000178764	1	unique_match	UKBB_EUR
OID31141	HIP1R	O75146	v1	Neurology_II	/data/Dutta_lab/decode/ukb_ppp/EUR/HIP1R_O75146_OID31141_v1_Neurology_II	12	122834453	122834453	122862960	1	ENSG00000130787	1	unique_match	UKBB_EUR
OID31142	AK2	P54819	v1	Neurology_II	/data/Dutta_lab/decode/ukb_ppp/EUR/AK2_P54819_OID31142_v1_Neurology_II	1	33080996	33007940	33080996	-1	ENSG00000004455	2	multi_match_first	UKBB_EUR
OID31143	TIMM8A	O60220	v1	Neurology_II	/data/Dutta_lab/decode/ukb_ppp/EUR/TIMM8A_O60220_OID31143_v1_Neurology_II	23	101349196	101345661	101349196	-1	ENSG00000126953	1	unique_match	UKBB_EUR
OID31144	CRYGD	P07320	v1	Neurology_II	/data/Dutta_lab/decode/ukb_ppp/EUR/CRYGD_P07320_OID31144_v1_Neurology_II	2	208124501	208121607	208124501	-1	ENSG00000118231	1	unique_match	UKBB_EUR
OID31145	SH3GLB2	Q9NR46	v1	Neurology_II	/data/Dutta_lab/decode/ukb_ppp/EUR/SH3GLB2_Q9NR46_OID31145_v1_Neurology_II	9	129028303	129007036	129028303	-1	ENSG00000148341	1	unique_match	UKBB_EUR
OID31146	PLSCR3	Q9NRY6	v1	Neurology_II	/data/Dutta_lab/decode/ukb_ppp/EUR/PLSCR3_Q9NRY6_OID31146_v1_Neurology_II							0	missing	UKBB_EUR
OID31147	GCC1	Q96CN9	v1	Neurology_II	/data/Dutta_lab/decode/ukb_ppp/EUR/GCC1_Q96CN9_OID31147_v1_Neurology_II	7	127593611	127580618	127593611	-1	ENSG00000179562	1	unique_match	UKBB_EUR
OID31148	KCTD5	Q9NXV2	v1	Neurology_II	/data/Dutta_lab/decode/ukb_ppp/EUR/KCTD5_Q9NXV2_OID31148_v1_Neurology_II	16	2682475	2682475	2709030	1	ENSG00000167977	1	unique_match	UKBB_EUR
OID31149	ATXN3	P54252	v1	Neurology_II	/data/Dutta_lab/decode/ukb_ppp/EUR/ATXN3_P54252_OID31149_v1_Neurology_II	14	92106621	92038652	92106621	-1	ENSG00000066427	1	unique_match	UKBB_EUR
OID31150	BAP18	Q8IXM2	v1	Neurology_II	/data/Dutta_lab/decode/ukb_ppp/EUR/BAP18_Q8IXM2_OID31150_v1_Neurology_II							0	missing	UKBB_EUR
OID31151	HEPACAM2	A8MVW5	v1	Neurology_II	/data/Dutta_lab/decode/ukb_ppp/EUR/HEPACAM2_A8MVW5_OID31151_v1_Neurology_II	7	93226524	93188586	93226524	-1	ENSG00000188175	1	unique_match	UKBB_EUR
OID31152	BCL2L1	Q07817	v1	Neurology_II	/data/Dutta_lab/decode/ukb_ppp/EUR/BCL2L1_Q07817_OID31152_v1_Neurology_II	20	31723989	31664452	31723989	-1	ENSG00000171552	1	unique_match	UKBB_EUR
OID31153	GIPC2	Q8TF65	v1	Neurology_II	/data/Dutta_lab/decode/ukb_ppp/EUR/GIPC2_Q8TF65_OID31153_v1_Neurology_II	1	77979542	77979542	78138449	1	ENSG00000137960	1	unique_match	UKBB_EUR
OID31154	SMTN	P53814	v1	Neurology_II	/data/Dutta_lab/decode/ukb_ppp/EUR/SMTN_P53814_OID31154_v1_Neurology_II	22	31064105	31064105	31104757	1	ENSG00000183963	1	unique_match	UKBB_EUR
OID31155	PLCB2	Q00722	v1	Neurology_II	/data/Dutta_lab/decode/ukb_ppp/EUR/PLCB2_Q00722_OID31155_v1_Neurology_II	15	40307935	40278176	40307935	-1	ENSG00000137841	1	unique_match	UKBB_EUR
OID31156	MINK1	Q8N4C8	v1	Neurology_II	/data/Dutta_lab/decode/ukb_ppp/EUR/MINK1_Q8N4C8_OID31156_v1_Neurology_II	17	4833388	4833388	4898061	1	ENSG00000141503	1	unique_match	UKBB_EUR
OID31157	CTRL	P40313	v1	Neurology_II	/data/Dutta_lab/decode/ukb_ppp/EUR/CTRL_P40313_OID31157_v1_Neurology_II	16	67932414	67927640	67932414	-1	ENSG00000141086	1	unique_match	UKBB_EUR
OID31158	PBK	Q96KB5	v1	Oncology_II	/data/Dutta_lab/decode/ukb_ppp/EUR/PBK_Q96KB5_OID31158_v1_Oncology_II	8	27838095	27809620	27838095	-1	ENSG00000168078	1	unique_match	UKBB_EUR
OID31159	IZUMO1	Q8IYV9	v1	Oncology_II	/data/Dutta_lab/decode/ukb_ppp/EUR/IZUMO1_Q8IYV9_OID31159_v1_Oncology_II	19	48746909	48740852	48746909	-1	ENSG00000182264	1	unique_match	UKBB_EUR
OID31160	MORF4L2	Q15014	v1	Oncology_II	/data/Dutta_lab/decode/ukb_ppp/EUR/MORF4L2_Q15014_OID31160_v1_Oncology_II	23	103688158	103675496	103688158	-1	ENSG00000123562	1	unique_match	UKBB_EUR
OID31161	PCNA	P12004	v1	Oncology_II	/data/Dutta_lab/decode/ukb_ppp/EUR/PCNA_P12004_OID31161_v1_Oncology_II	20	5126626	5114953	5126626	-1	ENSG00000132646	1	unique_match	UKBB_EUR
OID31162	ATF4	P18848	v1	Oncology_II	/data/Dutta_lab/decode/ukb_ppp/EUR/ATF4_P18848_OID31162_v1_Oncology_II	22	39519695	39519695	39522685	1	ENSG00000128272	1	unique_match	UKBB_EUR
OID31163	NMRK2	Q9NPI5	v1	Oncology_II	/data/Dutta_lab/decode/ukb_ppp/EUR/NMRK2_Q9NPI5_OID31163_v1_Oncology_II	19	3933103	3933103	3942416	1	ENSG00000077009	1	unique_match	UKBB_EUR
OID31164	CDK1	P06493	v1	Oncology_II	/data/Dutta_lab/decode/ukb_ppp/EUR/CDK1_P06493_OID31164_v1_Oncology_II	10	60778331	60778331	60794852	1	ENSG00000170312	1	unique_match	UKBB_EUR
OID31165	PRAME	P78395	v1	Oncology_II	/data/Dutta_lab/decode/ukb_ppp/EUR/PRAME_P78395_OID31165_v1_Oncology_II	22	22559361	22547701	22559361	-1	ENSG00000185686	1	unique_match	UKBB_EUR
OID31166	GAD1	Q99259	v1	Oncology_II	/data/Dutta_lab/decode/ukb_ppp/EUR/GAD1_Q99259_OID31166_v1_Oncology_II	2	170813213	170813213	170861151	1	ENSG00000128683	1	unique_match	UKBB_EUR
OID31167	PHLDB2	Q86SQ0	v1	Oncology_II	/data/Dutta_lab/decode/ukb_ppp/EUR/PHLDB2_Q86SQ0_OID31167_v1_Oncology_II	3	111732497	111732497	111976517	1	ENSG00000144824	1	unique_match	UKBB_EUR
OID31168	PDCL2	Q8N4E4	v1	Oncology_II	/data/Dutta_lab/decode/ukb_ppp/EUR/PDCL2_Q8N4E4_OID31168_v1_Oncology_II	4	55592212	55556525	55592212	-1	ENSG00000163440	1	unique_match	UKBB_EUR
OID31169	IGLON5	A6NGN9	v1	Oncology_II	/data/Dutta_lab/decode/ukb_ppp/EUR/IGLON5_A6NGN9_OID31169_v1_Oncology_II	19	51311848	51311848	51330354	1	ENSG00000142549	1	unique_match	UKBB_EUR
OID31170	MUCL3	Q3MIW9	v1	Oncology_II	/data/Dutta_lab/decode/ukb_ppp/EUR/MUCL3_Q3MIW9_OID31170_v1_Oncology_II							0	missing	UKBB_EUR
OID31171	CYB5A	P00167	v1	Oncology_II	/data/Dutta_lab/decode/ukb_ppp/EUR/CYB5A_P00167_OID31171_v1_Oncology_II	18	74292016	74250847	74292016	-1	ENSG00000166347	1	unique_match	UKBB_EUR
OID31172	JMJD1C	Q15652	v1	Oncology_II	/data/Dutta_lab/decode/ukb_ppp/EUR/JMJD1C_Q15652_OID31172_v1_Oncology_II	10	63521850	63167221	63521850	-1	ENSG00000171988	1	unique_match	UKBB_EUR
OID31173	ANKRA2	Q9H9E1	v1	Oncology_II	/data/Dutta_lab/decode/ukb_ppp/EUR/ANKRA2_Q9H9E1_OID31173_v1_Oncology_II	5	73565686	73552335	73565686	-1	ENSG00000164331	1	unique_match	UKBB_EUR
OID31174	SLIRP	Q9GZT3	v1	Oncology_II	/data/Dutta_lab/decode/ukb_ppp/EUR/SLIRP_Q9GZT3_OID31174_v1_Oncology_II	14	77708071	77708071	77761104	1	ENSG00000119705	1	unique_match	UKBB_EUR
OID31175	HMMR	O75330	v1	Oncology_II	/data/Dutta_lab/decode/ukb_ppp/EUR/HMMR_O75330_OID31175_v1_Oncology_II	5	163460203	163460203	163491945	1	ENSG00000072571	1	unique_match	UKBB_EUR
OID31176	ESPL1	Q14674	v1	Oncology_II	/data/Dutta_lab/decode/ukb_ppp/EUR/ESPL1_Q14674_OID31176_v1_Oncology_II	12	53268299	53268299	53293643	1	ENSG00000135476	1	unique_match	UKBB_EUR
OID31177	MAPRE3	Q9UPY8	v1	Oncology_II	/data/Dutta_lab/decode/ukb_ppp/EUR/MAPRE3_Q9UPY8_OID31177_v1_Oncology_II	2	26970612	26970612	27027196	1	ENSG00000084764	1	unique_match	UKBB_EUR
OID31178	MYH7B	A7E2Y1	v1	Oncology_II	/data/Dutta_lab/decode/ukb_ppp/EUR/MYH7B_A7E2Y1_OID31178_v1_Oncology_II	20	34975403	34975403	35002437	1	ENSG00000078814	1	unique_match	UKBB_EUR
OID31179	VCPKMT	Q9H867	v1	Oncology_II	/data/Dutta_lab/decode/ukb_ppp/EUR/VCPKMT_Q9H867_OID31179_v1_Oncology_II	14	50116600	50108632	50116600	-1	ENSG00000100483	1	unique_match	UKBB_EUR
OID31180	LYZL2	Q7Z4W2	v1	Oncology_II	/data/Dutta_lab/decode/ukb_ppp/EUR/LYZL2_Q7Z4W2_OID31180_v1_Oncology_II	10	30629762	30611779	30629762	-1	ENSG00000151033	1	unique_match	UKBB_EUR
OID31181	UNC79	Q9P2D8	v1	Oncology_II	/data/Dutta_lab/decode/ukb_ppp/EUR/UNC79_Q9P2D8_OID31181_v1_Oncology_II	14	93333219	93333219	93707876	1	ENSG00000133958	1	unique_match	UKBB_EUR
OID31182	CLINT1	Q14677	v1	Oncology_II	/data/Dutta_lab/decode/ukb_ppp/EUR/CLINT1_Q14677_OID31182_v1_Oncology_II	5	157859175	157785743	157859175	-1	ENSG00000113282	1	unique_match	UKBB_EUR
OID31183	STOML2	Q9UJZ1	v1	Oncology_II	/data/Dutta_lab/decode/ukb_ppp/EUR/STOML2_Q9UJZ1_OID31183_v1_Oncology_II	9	35103195	35099776	35103195	-1	ENSG00000165283	1	unique_match	UKBB_EUR
OID31184	BSND	Q8WZ55	v1	Oncology_II	/data/Dutta_lab/decode/ukb_ppp/EUR/BSND_Q8WZ55_OID31184_v1_Oncology_II	1	54998933	54998933	55010883	1	ENSG00000162399	1	unique_match	UKBB_EUR
OID31185	ZP4	Q12836	v1	Oncology_II	/data/Dutta_lab/decode/ukb_ppp/EUR/ZP4_Q12836_OID31185_v1_Oncology_II	1	237890922	237877864	237890922	-1	ENSG00000116996	1	unique_match	UKBB_EUR
OID31186	CPLX2	Q6PUV4	v1	Oncology_II	/data/Dutta_lab/decode/ukb_ppp/EUR/CPLX2_Q6PUV4_OID31186_v1_Oncology_II	5	175796310	175796310	175884020	1	ENSG00000145920	1	unique_match	UKBB_EUR
OID31187	GJA8	P48165	v1	Oncology_II	/data/Dutta_lab/decode/ukb_ppp/EUR/GJA8_P48165_OID31187_v1_Oncology_II	1	147907956	147907956	147909257	1	ENSG00000121634	1	unique_match	UKBB_EUR
OID31188	CREB3	O43889	v1	Oncology_II	/data/Dutta_lab/decode/ukb_ppp/EUR/CREB3_O43889_OID31188_v1_Oncology_II	9	35732335	35732335	35737004	1	ENSG00000107175	1	unique_match	UKBB_EUR
OID31189	CDC25A	P30304	v1	Oncology_II	/data/Dutta_lab/decode/ukb_ppp/EUR/CDC25A_P30304_OID31189_v1_Oncology_II	3	48188402	48157146	48188402	-1	ENSG00000164045	1	unique_match	UKBB_EUR
OID31190	ARHGAP5	Q13017	v1	Oncology_II	/data/Dutta_lab/decode/ukb_ppp/EUR/ARHGAP5_Q13017_OID31190_v1_Oncology_II	14	32076114	32076114	32159728	1	ENSG00000100852	1	unique_match	UKBB_EUR
OID31191	KIR3DL2	P43630	v1	Oncology_II	/data/Dutta_lab/decode/ukb_ppp/EUR/KIR3DL2_P43630_OID31191_v1_Oncology_II	19	54850443	54850443	54867207	1	ENSG00000240403	1	unique_match	UKBB_EUR
OID31192	CLASP1	Q7Z460	v1	Oncology_II	/data/Dutta_lab/decode/ukb_ppp/EUR/CLASP1_Q7Z460_OID31192_v1_Oncology_II	2	121649587	121337776	121649587	-1	ENSG00000074054	1	unique_match	UKBB_EUR
OID31193	FGF9	P31371	v1	Oncology_II	/data/Dutta_lab/decode/ukb_ppp/EUR/FGF9_P31371_OID31193_v1_Oncology_II	13	21671383	21671383	21704498	1	ENSG00000102678	1	unique_match	UKBB_EUR
OID31194	GIMAP8	Q8ND71	v1	Oncology_II	/data/Dutta_lab/decode/ukb_ppp/EUR/GIMAP8_Q8ND71_OID31194_v1_Oncology_II	7	150450630	150450630	150479392	1	ENSG00000171115	1	unique_match	UKBB_EUR
OID31195	SMC3	Q9UQE7	v1	Oncology_II	/data/Dutta_lab/decode/ukb_ppp/EUR/SMC3_Q9UQE7_OID31195_v1_Oncology_II	10	110567691	110567691	110604636	1	ENSG00000108055	2	multi_match_first	UKBB_EUR
OID31196	BTNL10	A8MVZ5	v1	Oncology_II	/data/Dutta_lab/decode/ukb_ppp/EUR/BTNL10_A8MVZ5_OID31196_v1_Oncology_II	1	228512305	228508655	228512305	-1	ENSG00000215811	1	unique_match	UKBB_EUR
OID31197	SPRING1	Q9H741	v1	Oncology_II	/data/Dutta_lab/decode/ukb_ppp/EUR/SPRING1_Q9H741_OID31197_v1_Oncology_II							0	missing	UKBB_EUR
OID31198	VWA5A	O00534	v1	Oncology_II	/data/Dutta_lab/decode/ukb_ppp/EUR/VWA5A_O00534_OID31198_v1_Oncology_II	11	124115362	124115362	124147721	1	ENSG00000110002	1	unique_match	UKBB_EUR
OID31199	GAGE2A	Q6NT46	v1	Oncology_II	/data/Dutta_lab/decode/ukb_ppp/EUR/GAGE2A_Q6NT46_OID31199_v1_Oncology_II	23	49589529	49589529	49596827	1	ENSG00000189064	1	unique_match	UKBB_EUR
OID31200	PSMC3	P17980	v1	Oncology_II	/data/Dutta_lab/decode/ukb_ppp/EUR/PSMC3_P17980_OID31200_v1_Oncology_II	11	47426473	47418769	47426473	-1	ENSG00000165916	1	unique_match	UKBB_EUR
OID31201	PDE1C	Q14123	v1	Oncology_II	/data/Dutta_lab/decode/ukb_ppp/EUR/PDE1C_Q14123_OID31201_v1_Oncology_II	7	32299329	31751179	32299329	-1	ENSG00000154678	1	unique_match	UKBB_EUR
OID31202	BEX3	Q00994	v1	Oncology_II	/data/Dutta_lab/decode/ukb_ppp/EUR/BEX3_Q00994_OID31202_v1_Oncology_II	23	103376340	103376340	103378077	1	ENSG00000166681	1	unique_match	UKBB_EUR
OID31203	SLC34A3	Q8N130	v1	Oncology_II	/data/Dutta_lab/decode/ukb_ppp/EUR/SLC34A3_Q8N130_OID31203_v1_Oncology_II	9	137230757	137230757	137236554	1	ENSG00000198569	1	unique_match	UKBB_EUR
OID31204	DNAJA1	P31689	v1	Oncology_II	/data/Dutta_lab/decode/ukb_ppp/EUR/DNAJA1_P31689_OID31204_v1_Oncology_II	9	33025211	33025211	33039907	1	ENSG00000086061	1	unique_match	UKBB_EUR
OID31205	MAPK13	O15264	v1	Oncology_II	/data/Dutta_lab/decode/ukb_ppp/EUR/MAPK13_O15264_OID31205_v1_Oncology_II	6	36127809	36127809	36144524	1	ENSG00000156711	1	unique_match	UKBB_EUR
OID31206	CREBZF	Q9NS37	v1	Oncology_II	/data/Dutta_lab/decode/ukb_ppp/EUR/CREBZF_Q9NS37_OID31206_v1_Oncology_II	11	85682908	85659708	85682908	-1	ENSG00000137504	1	unique_match	UKBB_EUR
OID31207	TRIM26	Q12899	v1	Oncology_II	/data/Dutta_lab/decode/ukb_ppp/EUR/TRIM26_Q12899_OID31207_v1_Oncology_II	6	30213427	30184455	30213427	-1	ENSG00000234127	1	unique_match	UKBB_EUR
OID31208	CYTH3	O43739	v1	Oncology_II	/data/Dutta_lab/decode/ukb_ppp/EUR/CYTH3_O43739_OID31208_v1_Oncology_II	7	6272644	6161776	6272644	-1	ENSG00000008256	1	unique_match	UKBB_EUR
OID31209	PDIA5	Q14554	v1	Oncology_II	/data/Dutta_lab/decode/ukb_ppp/EUR/PDIA5_Q14554_OID31209_v1_Oncology_II	3	123067062	123067062	123225227	1	ENSG00000065485	1	unique_match	UKBB_EUR
OID31210	STAU1	O95793	v1	Oncology_II	/data/Dutta_lab/decode/ukb_ppp/EUR/STAU1_O95793_OID31210_v1_Oncology_II	20	49188367	49113339	49188367	-1	ENSG00000124214	1	unique_match	UKBB_EUR
OID31211	MLLT1	Q03111	v1	Oncology_II	/data/Dutta_lab/decode/ukb_ppp/EUR/MLLT1_Q03111_OID31211_v1_Oncology_II	19	6279948	6210379	6279948	-1	ENSG00000130382	1	unique_match	UKBB_EUR
OID31212	PFDN4	Q9NQP4	v1	Oncology_II	/data/Dutta_lab/decode/ukb_ppp/EUR/PFDN4_Q9NQP4_OID31212_v1_Oncology_II	20	54207847	54207847	54228052	1	ENSG00000101132	1	unique_match	UKBB_EUR
OID31213	RASGRF1	Q13972	v1	Oncology_II	/data/Dutta_lab/decode/ukb_ppp/EUR/RASGRF1_Q13972_OID31213_v1_Oncology_II	15	79090773	78959947	79090773	-1	ENSG00000058335	1	unique_match	UKBB_EUR
OID31214	PDIA2	Q13087	v1	Oncology_II	/data/Dutta_lab/decode/ukb_ppp/EUR/PDIA2_Q13087_OID31214_v1_Oncology_II	16	283152	283152	287215	1	ENSG00000185615	1	unique_match	UKBB_EUR
OID31215	PITHD1	Q9GZP4	v1	Oncology_II	/data/Dutta_lab/decode/ukb_ppp/EUR/PITHD1_Q9GZP4_OID31215_v1_Oncology_II	1	23778405	23778405	23788232	1	ENSG00000057757	1	unique_match	UKBB_EUR
OID31216	SSH3	Q8TE77	v1	Oncology_II	/data/Dutta_lab/decode/ukb_ppp/EUR/SSH3_Q8TE77_OID31216_v1_Oncology_II	11	67303448	67303448	67312607	1	ENSG00000172830	1	unique_match	UKBB_EUR
OID31217	MORN4	Q8NDC4	v1	Oncology_II	/data/Dutta_lab/decode/ukb_ppp/EUR/MORN4_Q8NDC4_OID31217_v1_Oncology_II	10	97633500	97614553	97633500	-1	ENSG00000171160	1	unique_match	UKBB_EUR
OID31218	BCL7A	Q4VC05	v1	Oncology_II	/data/Dutta_lab/decode/ukb_ppp/EUR/BCL7A_Q4VC05_OID31218_v1_Oncology_II	12	122019422	122019422	122062044	1	ENSG00000110987	1	unique_match	UKBB_EUR
OID31219	GATA3	P23771	v1	Oncology_II	/data/Dutta_lab/decode/ukb_ppp/EUR/GATA3_P23771_OID31219_v1_Oncology_II	10	8053604	8053604	8075198	1	ENSG00000107485	1	unique_match	UKBB_EUR
OID31220	SLC28A1	O00337	v1	Oncology_II	/data/Dutta_lab/decode/ukb_ppp/EUR/SLC28A1_O00337_OID31220_v1_Oncology_II	15	84884654	84884654	84945796	1	ENSG00000156222	1	unique_match	UKBB_EUR
OID31221	FOS	P01100	v1	Oncology_II	/data/Dutta_lab/decode/ukb_ppp/EUR/FOS_P01100_OID31221_v1_Oncology_II	14	75278774	75278774	75282230	1	ENSG00000170345	1	unique_match	UKBB_EUR
OID31222	SHC1	P29353	v1	Oncology_II	/data/Dutta_lab/decode/ukb_ppp/EUR/SHC1_P29353_OID31222_v1_Oncology_II	1	154974395	154962298	154974395	-1	ENSG00000160691	1	unique_match	UKBB_EUR
OID31223	ERCC1	P07992	v1	Oncology_II	/data/Dutta_lab/decode/ukb_ppp/EUR/ERCC1_P07992_OID31223_v1_Oncology_II	19	45478828	45407333	45478828	-1	ENSG00000012061	1	unique_match	UKBB_EUR
OID31224	GRSF1	Q12849	v1	Oncology_II	/data/Dutta_lab/decode/ukb_ppp/EUR/GRSF1_Q12849_OID31224_v1_Oncology_II	4	70839945	70815782	70839945	-1	ENSG00000132463	1	unique_match	UKBB_EUR
OID31225	TAGLN3	Q9UI15	v1	Oncology_II	/data/Dutta_lab/decode/ukb_ppp/EUR/TAGLN3_Q9UI15_OID31225_v1_Oncology_II	3	111998664	111998664	112013887	1	ENSG00000144834	1	unique_match	UKBB_EUR
OID31226	PDXDC1	Q6P996	v1	Oncology_II	/data/Dutta_lab/decode/ukb_ppp/EUR/PDXDC1_Q6P996_OID31226_v1_Oncology_II	16	14974591	14974591	15139339	1	ENSG00000179889	1	unique_match	UKBB_EUR
OID31227	EVI2B	P34910	v1	Oncology_II	/data/Dutta_lab/decode/ukb_ppp/EUR/EVI2B_P34910_OID31227_v1_Oncology_II	17	31314112	31303766	31314112	-1	ENSG00000185862	1	unique_match	UKBB_EUR
OID31228	PAIP2B	Q9ULR5	v1	Oncology_II	/data/Dutta_lab/decode/ukb_ppp/EUR/PAIP2B_Q9ULR5_OID31228_v1_Oncology_II	2	71227083	71182739	71227083	-1	ENSG00000124374	1	unique_match	UKBB_EUR
OID31229	IL3	P08700	v1	Oncology_II	/data/Dutta_lab/decode/ukb_ppp/EUR/IL3_P08700_OID31229_v1_Oncology_II	5	132060529	132060529	132063204	1	ENSG00000164399	1	unique_match	UKBB_EUR
OID31230	ATP1B4	Q9UN42	v1	Oncology_II	/data/Dutta_lab/decode/ukb_ppp/EUR/ATP1B4_Q9UN42_OID31230_v1_Oncology_II	23	120362085	120362085	120383249	1	ENSG00000101892	1	unique_match	UKBB_EUR
OID31231	DCUN1D2	Q6PH85	v1	Oncology_II	/data/Dutta_lab/decode/ukb_ppp/EUR/DCUN1D2_Q6PH85_OID31231_v1_Oncology_II	13	113490952	113455819	113490952	-1	ENSG00000150401	1	unique_match	UKBB_EUR
OID31232	H2AP	O75409	v1	Oncology_II	/data/Dutta_lab/decode/ukb_ppp/EUR/H2AP_O75409_OID31232_v1_Oncology_II							0	missing	UKBB_EUR
OID31233	TOP1MT	Q969P6	v1	Oncology_II	/data/Dutta_lab/decode/ukb_ppp/EUR/TOP1MT_Q969P6_OID31233_v1_Oncology_II	8	143359979	143304384	143359979	-1	ENSG00000184428	1	unique_match	UKBB_EUR
OID31234	TPRKB	Q9Y3C4	v1	Oncology_II	/data/Dutta_lab/decode/ukb_ppp/EUR/TPRKB_Q9Y3C4_OID31234_v1_Oncology_II	2	73737400	73729104	73737400	-1	ENSG00000144034	1	unique_match	UKBB_EUR
OID31235	DCDC2C	A8MYV0	v1	Oncology_II	/data/Dutta_lab/decode/ukb_ppp/EUR/DCDC2C_A8MYV0_OID31235_v1_Oncology_II	2	3703592	3703592	3847408	1	ENSG00000214866	1	unique_match	UKBB_EUR
OID31236	RBM25	P49756	v1	Oncology_II	/data/Dutta_lab/decode/ukb_ppp/EUR/RBM25_P49756_OID31236_v1_Oncology_II	14	73058436	73058436	73123898	1	ENSG00000119707	1	unique_match	UKBB_EUR
OID31237	BTLA	Q7Z6A9	v1	Oncology_II	/data/Dutta_lab/decode/ukb_ppp/EUR/BTLA_Q7Z6A9_OID31237_v1_Oncology_II	3	112499561	112463968	112499561	-1	ENSG00000186265	1	unique_match	UKBB_EUR
OID31238	THAP12	O43422	v1	Oncology_II	/data/Dutta_lab/decode/ukb_ppp/EUR/THAP12_O43422_OID31238_v1_Oncology_II	11	76380971	76349956	76380971	-1	ENSG00000137492	1	unique_match	UKBB_EUR
OID31239	MRPL52	Q86TS9	v1	Oncology_II	/data/Dutta_lab/decode/ukb_ppp/EUR/MRPL52_Q86TS9_OID31239_v1_Oncology_II	14	22829879	22829879	22835037	1	ENSG00000172590	1	unique_match	UKBB_EUR
OID31240	DCLRE1C	Q96SD1	v1	Oncology_II	/data/Dutta_lab/decode/ukb_ppp/EUR/DCLRE1C_Q96SD1_OID31240_v1_Oncology_II	10	14954432	14897359	14954432	-1	ENSG00000152457	2	multi_match_first	UKBB_EUR
OID31241	FGF7	P21781	v1	Oncology_II	/data/Dutta_lab/decode/ukb_ppp/EUR/FGF7_P21781_OID31241_v1_Oncology_II	15	49423096	49423096	49488775	1	ENSG00000140285	1	unique_match	UKBB_EUR
OID31242	CDC123	O75794	v1	Oncology_II	/data/Dutta_lab/decode/ukb_ppp/EUR/CDC123_O75794_OID31242_v1_Oncology_II	10	12195965	12195965	12250589	1	ENSG00000151465	1	unique_match	UKBB_EUR
OID31243	IL25	Q9H293	v1	Oncology_II	/data/Dutta_lab/decode/ukb_ppp/EUR/IL25_Q9H293_OID31243_v1_Oncology_II	14	23372809	23372809	23376403	1	ENSG00000166090	1	unique_match	UKBB_EUR
OID31244	MANEAL	Q5VSG8	v1	Oncology_II	/data/Dutta_lab/decode/ukb_ppp/EUR/MANEAL_Q5VSG8_OID31244_v1_Oncology_II	1	37793802	37793802	37801137	1	ENSG00000185090	1	unique_match	UKBB_EUR
OID31245	KHDC3L	Q587J8	v1	Oncology_II	/data/Dutta_lab/decode/ukb_ppp/EUR/KHDC3L_Q587J8_OID31245_v1_Oncology_II	6	73362677	73362677	73364171	1	ENSG00000203908	1	unique_match	UKBB_EUR
OID31246	TMOD4	Q9NZQ9	v1	Oncology_II	/data/Dutta_lab/decode/ukb_ppp/EUR/TMOD4_Q9NZQ9_OID31246_v1_Oncology_II	1	151176284	151169986	151176284	-1	ENSG00000163157	1	unique_match	UKBB_EUR
OID31247	CEP350	Q5VT06	v1	Oncology_II	/data/Dutta_lab/decode/ukb_ppp/EUR/CEP350_Q5VT06_OID31247_v1_Oncology_II	1	179954738	179954738	180114880	1	ENSG00000135837	1	unique_match	UKBB_EUR
OID31248	REST	Q13127	v1	Oncology_II	/data/Dutta_lab/decode/ukb_ppp/EUR/REST_Q13127_OID31248_v1_Oncology_II	4	56907876	56907876	56935844	1	ENSG00000084093	1	unique_match	UKBB_EUR
OID31249	CEP152	O94986	v1	Oncology_II	/data/Dutta_lab/decode/ukb_ppp/EUR/CEP152_O94986_OID31249_v1_Oncology_II	15	48811146	48712928	48811146	-1	ENSG00000103995	1	unique_match	UKBB_EUR
OID31250	NEK7	Q8TDX7	v1	Oncology_II	/data/Dutta_lab/decode/ukb_ppp/EUR/NEK7_Q8TDX7_OID31250_v1_Oncology_II	1	198156963	198156963	198322420	1	ENSG00000151414	1	unique_match	UKBB_EUR
OID31251	CEACAM18	A8MTB9	v1	Oncology_II	/data/Dutta_lab/decode/ukb_ppp/EUR/CEACAM18_A8MTB9_OID31251_v1_Oncology_II	19	51478622	51478622	51490952	1	ENSG00000213822	1	unique_match	UKBB_EUR
OID31252	EPN1	Q9Y6I3	v1	Oncology_II	/data/Dutta_lab/decode/ukb_ppp/EUR/EPN1_Q9Y6I3_OID31252_v1_Oncology_II	19	55675226	55675226	55709858	1	ENSG00000063245	1	unique_match	UKBB_EUR
OID31253	GABARAPL1	Q9H0R8	v1	Oncology_II	/data/Dutta_lab/decode/ukb_ppp/EUR/GABARAPL1_Q9H0R8_OID31253_v1_Oncology_II	12	10212458	10212458	10223130	1	ENSG00000139112	1	unique_match	UKBB_EUR
OID31254	RAD51	Q06609	v1	Oncology_II	/data/Dutta_lab/decode/ukb_ppp/EUR/RAD51_Q06609_OID31254_v1_Oncology_II	15	40694774	40694774	40732339	1	ENSG00000051180	1	unique_match	UKBB_EUR
OID31255	COL9A2	Q14055	v1	Oncology_II	/data/Dutta_lab/decode/ukb_ppp/EUR/COL9A2_Q14055_OID31255_v1_Oncology_II	1	40317816	40300487	40317816	-1	ENSG00000049089	1	unique_match	UKBB_EUR
OID31256	CD82	P27701	v1	Oncology_II	/data/Dutta_lab/decode/ukb_ppp/EUR/CD82_P27701_OID31256_v1_Oncology_II	11	44564427	44564427	44620363	1	ENSG00000085117	1	unique_match	UKBB_EUR
OID31257	MORF4L1	Q9UBU8	v1	Oncology_II	/data/Dutta_lab/decode/ukb_ppp/EUR/MORF4L1_Q9UBU8_OID31257_v1_Oncology_II	15	78810487	78810487	78898133	1	ENSG00000185787	1	unique_match	UKBB_EUR
OID31258	NFKB2	Q00653	v1	Oncology_II	/data/Dutta_lab/decode/ukb_ppp/EUR/NFKB2_Q00653_OID31258_v1_Oncology_II	10	102394110	102394110	102402529	1	ENSG00000077150	1	unique_match	UKBB_EUR
OID31259	BRD1	O95696	v1	Oncology_II	/data/Dutta_lab/decode/ukb_ppp/EUR/BRD1_O95696_OID31259_v1_Oncology_II	22	49827512	49773283	49827512	-1	ENSG00000100425	1	unique_match	UKBB_EUR
OID31260	ARAF	P10398	v1	Oncology_II	/data/Dutta_lab/decode/ukb_ppp/EUR/ARAF_P10398_OID31260_v1_Oncology_II	23	47561100	47561100	47571920	1	ENSG00000078061	1	unique_match	UKBB_EUR
OID31261	GADD45B	O75293	v1	Oncology_II	/data/Dutta_lab/decode/ukb_ppp/EUR/GADD45B_O75293_OID31261_v1_Oncology_II	19	2476122	2476122	2478259	1	ENSG00000099860	1	unique_match	UKBB_EUR
OID31262	TXK	P42681	v1	Oncology_II	/data/Dutta_lab/decode/ukb_ppp/EUR/TXK_P42681_OID31262_v1_Oncology_II	4	48134256	48066393	48134256	-1	ENSG00000074966	1	unique_match	UKBB_EUR
OID31263	HRAS	P01112	v1	Oncology_II	/data/Dutta_lab/decode/ukb_ppp/EUR/HRAS_P01112_OID31263_v1_Oncology_II	11	537287	532242	537287	-1	ENSG00000174775	1	unique_match	UKBB_EUR
OID31264	GTF2IRD1	Q9UHL9	v1	Oncology_II	/data/Dutta_lab/decode/ukb_ppp/EUR/GTF2IRD1_Q9UHL9_OID31264_v1_Oncology_II	7	74453790	74453790	74602604	1	ENSG00000006704	1	unique_match	UKBB_EUR
OID31265	CA7	P43166	v1	Oncology_II	/data/Dutta_lab/decode/ukb_ppp/EUR/CA7_P43166_OID31265_v1_Oncology_II	16	66844379	66844379	66854153	1	ENSG00000168748	1	unique_match	UKBB_EUR
OID31266	TET2	Q6N021	v1	Oncology_II	/data/Dutta_lab/decode/ukb_ppp/EUR/TET2_Q6N021_OID31266_v1_Oncology_II	4	105145875	105145875	105279816	1	ENSG00000168769	2	multi_match_first	UKBB_EUR
OID31267	TCP11	Q8WWU5	v1	Oncology_II	/data/Dutta_lab/decode/ukb_ppp/EUR/TCP11_Q8WWU5_OID31267_v1_Oncology_II	6	35148610	35118071	35148610	-1	ENSG00000124678	1	unique_match	UKBB_EUR
OID31268	OFD1	O75665	v1	Oncology_II	/data/Dutta_lab/decode/ukb_ppp/EUR/OFD1_O75665_OID31268_v1_Oncology_II	23	13734745	13734745	13769353	1	ENSG00000046651	1	unique_match	UKBB_EUR
OID31269	LSM8	O95777	v1	Oncology_II	/data/Dutta_lab/decode/ukb_ppp/EUR/LSM8_O95777_OID31269_v1_Oncology_II	7	118184032	118184032	118192824	1	ENSG00000128534	1	unique_match	UKBB_EUR
OID31270	PRUNE2	Q8WUY3	v1	Oncology_II	/data/Dutta_lab/decode/ukb_ppp/EUR/PRUNE2_Q8WUY3_OID31270_v1_Oncology_II	9	76906087	76611376	76906087	-1	ENSG00000106772	1	unique_match	UKBB_EUR
OID31271	TRIM24	O15164	v1	Oncology_II	/data/Dutta_lab/decode/ukb_ppp/EUR/TRIM24_O15164_OID31271_v1_Oncology_II	7	138460334	138460334	138589993	1	ENSG00000122779	1	unique_match	UKBB_EUR
OID31272	VSTM2B	A6NLU5	v1	Oncology_II	/data/Dutta_lab/decode/ukb_ppp/EUR/VSTM2B_A6NLU5_OID31272_v1_Oncology_II	19	29526499	29526499	29564479	1	ENSG00000187135	1	unique_match	UKBB_EUR
OID31273	VPS28	Q9UK41	v1	Oncology_II	/data/Dutta_lab/decode/ukb_ppp/EUR/VPS28_Q9UK41_OID31273_v1_Oncology_II	8	144428563	144423601	144428563	-1	ENSG00000160948	1	unique_match	UKBB_EUR
OID31274	TPPP2	P59282	v1	Oncology_II	/data/Dutta_lab/decode/ukb_ppp/EUR/TPPP2_P59282_OID31274_v1_Oncology_II	14	21024109	21024109	21036276	1	ENSG00000179636	1	unique_match	UKBB_EUR
OID31275	ALMS1	Q8TCU4	v1	Oncology_II	/data/Dutta_lab/decode/ukb_ppp/EUR/ALMS1_Q8TCU4_OID31275_v1_Oncology_II	2	73385758	73385758	73610793	1	ENSG00000116127	1	unique_match	UKBB_EUR
OID31276	CASP4	P49662	v1	Oncology_II	/data/Dutta_lab/decode/ukb_ppp/EUR/CASP4_P49662_OID31276_v1_Oncology_II	11	104969436	104942866	104969436	-1	ENSG00000196954	1	unique_match	UKBB_EUR
OID31277	ACADM	P11310	v1	Oncology_II	/data/Dutta_lab/decode/ukb_ppp/EUR/ACADM_P11310_OID31277_v1_Oncology_II	1	75724347	75724347	75787575	1	ENSG00000117054	1	unique_match	UKBB_EUR
OID31278	TMED1	Q13445	v1	Oncology_II	/data/Dutta_lab/decode/ukb_ppp/EUR/TMED1_Q13445_OID31278_v1_Oncology_II	19	10836318	10832438	10836318	-1	ENSG00000099203	1	unique_match	UKBB_EUR
OID31279	PPIE	Q9UNP9	v1	Oncology_II	/data/Dutta_lab/decode/ukb_ppp/EUR/PPIE_Q9UNP9_OID31279_v1_Oncology_II	1	39692182	39692182	39763914	1	ENSG00000084072	1	unique_match	UKBB_EUR
OID31280	TEX33	O43247	v1	Oncology_II	/data/Dutta_lab/decode/ukb_ppp/EUR/TEX33_O43247_OID31280_v1_Oncology_II	22	37007841	36991120	37007841	-1	ENSG00000185264	1	unique_match	UKBB_EUR
OID31281	UPK3BL1	B0FP48	v1	Oncology_II	/data/Dutta_lab/decode/ukb_ppp/EUR/UPK3BL1_B0FP48_OID31281_v1_Oncology_II							0	missing	UKBB_EUR
OID31282	SLK	Q9H2G2	v1	Oncology_II	/data/Dutta_lab/decode/ukb_ppp/EUR/SLK_Q9H2G2_OID31282_v1_Oncology_II	10	103967201	103967201	104029233	1	ENSG00000065613	1	unique_match	UKBB_EUR
OID31283	IFIT3	O14879	v1	Oncology_II	/data/Dutta_lab/decode/ukb_ppp/EUR/IFIT3_O14879_OID31283_v1_Oncology_II	10	89327894	89327894	89340971	1	ENSG00000119917	1	unique_match	UKBB_EUR
OID31284	ID4	P47928	v1	Oncology_II	/data/Dutta_lab/decode/ukb_ppp/EUR/ID4_P47928_OID31284_v1_Oncology_II	6	19837386	19837386	19840684	1	ENSG00000172201	1	unique_match	UKBB_EUR
OID31285	GAS2	O43903	v1	Oncology_II	/data/Dutta_lab/decode/ukb_ppp/EUR/GAS2_O43903_OID31285_v1_Oncology_II	11	22625642	22625642	22813055	1	ENSG00000148935	1	unique_match	UKBB_EUR
OID31286	PAFAH2	Q99487	v1	Oncology_II	/data/Dutta_lab/decode/ukb_ppp/EUR/PAFAH2_Q99487_OID31286_v1_Oncology_II	1	25998157	25959767	25998157	-1	ENSG00000158006	1	unique_match	UKBB_EUR
OID31287	CEP290	O15078	v1	Oncology_II	/data/Dutta_lab/decode/ukb_ppp/EUR/CEP290_O15078_OID31287_v1_Oncology_II	12	88142216	88049014	88142216	-1	ENSG00000198707	1	unique_match	UKBB_EUR
OID31288	SEPTIN7	Q16181	v1	Oncology_II	/data/Dutta_lab/decode/ukb_ppp/EUR/SEPTIN7_Q16181_OID31288_v1_Oncology_II							0	missing	UKBB_EUR
OID31289	TAP1	Q03518	v1	Oncology_II	/data/Dutta_lab/decode/ukb_ppp/EUR/TAP1_Q03518_OID31289_v1_Oncology_II	6	32853978	32845209	32853978	-1	ENSG00000168394	1	unique_match	UKBB_EUR
OID31290	TLR2	O60603	v1	Oncology_II	/data/Dutta_lab/decode/ukb_ppp/EUR/TLR2_O60603_OID31290_v1_Oncology_II	4	153701500	153701500	153705699	1	ENSG00000137462	1	unique_match	UKBB_EUR
OID31291	RNF43	Q68DV7	v1	Oncology_II	/data/Dutta_lab/decode/ukb_ppp/EUR/RNF43_Q68DV7_OID31291_v1_Oncology_II	17	58417595	58352500	58417595	-1	ENSG00000108375	2	multi_match_first	UKBB_EUR
OID31292	SHPK	Q9UHJ6	v1	Oncology_II	/data/Dutta_lab/decode/ukb_ppp/EUR/SHPK_Q9UHJ6_OID31292_v1_Oncology_II	17	3636322	3608262	3636322	-1	ENSG00000197417	1	unique_match	UKBB_EUR
OID31293	MAPKAPK2	P49137	v1	Oncology_II	/data/Dutta_lab/decode/ukb_ppp/EUR/MAPKAPK2_P49137_OID31293_v1_Oncology_II	1	206684944	206684944	206734283	1	ENSG00000162889	1	unique_match	UKBB_EUR
OID31294	TK1	P04183	v1	Oncology_II	/data/Dutta_lab/decode/ukb_ppp/EUR/TK1_P04183_OID31294_v1_Oncology_II	17	78187233	78174075	78187233	-1	ENSG00000167900	1	unique_match	UKBB_EUR
OID31295	FUT1	P19526	v1	Oncology_II	/data/Dutta_lab/decode/ukb_ppp/EUR/FUT1_P19526_OID31295_v1_Oncology_II	19	48755390	48748011	48755390	-1	ENSG00000174951	1	unique_match	UKBB_EUR
OID31296	SPRR1B	P22528	v1	Oncology_II	/data/Dutta_lab/decode/ukb_ppp/EUR/SPRR1B_P22528_OID31296_v1_Oncology_II	1	153031202	153031202	153032900	1	ENSG00000169469	1	unique_match	UKBB_EUR
OID31297	RGL2	O15211	v1	Oncology_II	/data/Dutta_lab/decode/ukb_ppp/EUR/RGL2_O15211_OID31297_v1_Oncology_II	6	33299324	33291654	33299324	-1	ENSG00000237441	1	unique_match	UKBB_EUR
OID31298	IL9	P15248	v1	Oncology_II	/data/Dutta_lab/decode/ukb_ppp/EUR/IL9_P15248_OID31298_v1_Oncology_II	5	135895827	135892246	135895827	-1	ENSG00000145839	1	unique_match	UKBB_EUR
OID31300	OGT	O15294	v1	Oncology_II	/data/Dutta_lab/decode/ukb_ppp/EUR/OGT_O15294_OID31300_v1_Oncology_II	23	71533083	71533083	71575897	1	ENSG00000147162	1	unique_match	UKBB_EUR
OID31301	PARD3	Q8TEW0	v1	Oncology_II	/data/Dutta_lab/decode/ukb_ppp/EUR/PARD3_Q8TEW0_OID31301_v1_Oncology_II	10	34815325	34109560	34815325	-1	ENSG00000148498	1	unique_match	UKBB_EUR
OID31302	CD3E	P07766	v1	Oncology_II	/data/Dutta_lab/decode/ukb_ppp/EUR/CD3E_P07766_OID31302_v1_Oncology_II	11	118304545	118304545	118316175	1	ENSG00000198851	2	multi_match_first	UKBB_EUR
OID31303	ZNF75D	P51815	v1	Oncology_II	/data/Dutta_lab/decode/ukb_ppp/EUR/ZNF75D_P51815_OID31303_v1_Oncology_II	23	135344087	135248920	135344087	-1	ENSG00000186376	1	unique_match	UKBB_EUR
OID31304	PPP1R12B	O60237	v1	Oncology_II	/data/Dutta_lab/decode/ukb_ppp/EUR/PPP1R12B_O60237_OID31304_v1_Oncology_II	1	202348699	202348699	202592706	1	ENSG00000077157	1	unique_match	UKBB_EUR
OID31305	MTHFSD	Q2M296	v1	Oncology_II	/data/Dutta_lab/decode/ukb_ppp/EUR/MTHFSD_Q2M296_OID31305_v1_Oncology_II	16	86555235	86530176	86555235	-1	ENSG00000103248	1	unique_match	UKBB_EUR
OID31306	SAT2	Q96F10	v1	Oncology_II	/data/Dutta_lab/decode/ukb_ppp/EUR/SAT2_Q96F10_OID31306_v1_Oncology_II	17	7627876	7626234	7627876	-1	ENSG00000141504	1	unique_match	UKBB_EUR
OID31307	KIAA1549	Q9HCM3	v1	Oncology_II	/data/Dutta_lab/decode/ukb_ppp/EUR/KIAA1549_Q9HCM3_OID31307_v1_Oncology_II	7	138981318	138831381	138981318	-1	ENSG00000122778	1	unique_match	UKBB_EUR
OID31308	CEACAM20	Q6UY09	v1	Oncology_II	/data/Dutta_lab/decode/ukb_ppp/EUR/CEACAM20_Q6UY09_OID31308_v1_Oncology_II	19	44529788	44501677	44529788	-1	ENSG00000273777	1	unique_match	UKBB_EUR
OID31309	EVPL	Q92817	v1	Oncology_II	/data/Dutta_lab/decode/ukb_ppp/EUR/EVPL_Q92817_OID31309_v1_Oncology_II	17	76027452	76004502	76027452	-1	ENSG00000167880	1	unique_match	UKBB_EUR
OID31310	IFIT1	P09914	v1	Oncology_II	/data/Dutta_lab/decode/ukb_ppp/EUR/IFIT1_P09914_OID31310_v1_Oncology_II	10	89392546	89392546	89406486	1	ENSG00000185745	1	unique_match	UKBB_EUR
OID31311	PKN3	Q6P5Z2	v1	Oncology_II	/data/Dutta_lab/decode/ukb_ppp/EUR/PKN3_Q6P5Z2_OID31311_v1_Oncology_II	9	128702523	128702523	128720918	1	ENSG00000160447	1	unique_match	UKBB_EUR
OID31312	KIAA1549L	Q6ZVL6	v1	Oncology_II	/data/Dutta_lab/decode/ukb_ppp/EUR/KIAA1549L_Q6ZVL6_OID31312_v1_Oncology_II	11	33542072	33542072	33674102	1	ENSG00000110427	1	unique_match	UKBB_EUR
OID31313	EFCAB2	Q5VUJ9	v1	Oncology_II	/data/Dutta_lab/decode/ukb_ppp/EUR/EFCAB2_Q5VUJ9_OID31313_v1_Oncology_II	1	244969705	244969705	245127164	1	ENSG00000203666	1	unique_match	UKBB_EUR
OID31314	CENPJ	Q9HC77	v1	Oncology_II	/data/Dutta_lab/decode/ukb_ppp/EUR/CENPJ_Q9HC77_OID31314_v1_Oncology_II	13	24922889	24882284	24922889	-1	ENSG00000151849	1	unique_match	UKBB_EUR
OID31315	MTUS1	Q9ULD2	v1	Oncology_II	/data/Dutta_lab/decode/ukb_ppp/EUR/MTUS1_Q9ULD2_OID31315_v1_Oncology_II	8	17800917	17643795	17800917	-1	ENSG00000129422	1	unique_match	UKBB_EUR
OID31316	CCND2	P30279	v1	Oncology_II	/data/Dutta_lab/decode/ukb_ppp/EUR/CCND2_P30279_OID31316_v1_Oncology_II	12	4273772	4273772	4305350	1	ENSG00000118971	1	unique_match	UKBB_EUR
OID31317	ERI1	Q8IV48	v1	Oncology_II	/data/Dutta_lab/decode/ukb_ppp/EUR/ERI1_Q8IV48_OID31317_v1_Oncology_II	8	9002147	9002147	9116746	1	ENSG00000104626	1	unique_match	UKBB_EUR
OID31318	GUCY2C	P25092	v1	Oncology_II	/data/Dutta_lab/decode/ukb_ppp/EUR/GUCY2C_P25092_OID31318_v1_Oncology_II	12	14696585	14612632	14696585	-1	ENSG00000070019	1	unique_match	UKBB_EUR
OID31319	TAB2	Q9NYJ8	v1	Oncology_II	/data/Dutta_lab/decode/ukb_ppp/EUR/TAB2_Q9NYJ8_OID31319_v1_Oncology_II	6	149218641	149218641	149411613	1	ENSG00000055208	1	unique_match	UKBB_EUR
OID31320	TIGIT	Q495A1	v1	Oncology_II	/data/Dutta_lab/decode/ukb_ppp/EUR/TIGIT_Q495A1_OID31320_v1_Oncology_II	3	114276913	114276913	114310288	1	ENSG00000181847	1	unique_match	UKBB_EUR
OID31321	RNF4	P78317	v1	Oncology_II	/data/Dutta_lab/decode/ukb_ppp/EUR/RNF4_P78317_OID31321_v1_Oncology_II	4	2462220	2462220	2625320	1	ENSG00000063978	1	unique_match	UKBB_EUR
OID31322	SERPINH1	P50454	v1	Oncology_II	/data/Dutta_lab/decode/ukb_ppp/EUR/SERPINH1_P50454_OID31322_v1_Oncology_II	11	75562056	75562056	75572783	1	ENSG00000149257	1	unique_match	UKBB_EUR
OID31323	SAP18	O00422	v1	Oncology_II	/data/Dutta_lab/decode/ukb_ppp/EUR/SAP18_O00422_OID31323_v1_Oncology_II	13	21140514	21140514	21149084	1	ENSG00000150459	1	unique_match	UKBB_EUR
OID31324	RPE	Q96AT9	v1	Oncology_II	/data/Dutta_lab/decode/ukb_ppp/EUR/RPE_Q96AT9_OID31324_v1_Oncology_II	2	210002565	210002565	210022259	1	ENSG00000197713	1	unique_match	UKBB_EUR
OID31325	ITGAX	P20702	v1	Oncology_II	/data/Dutta_lab/decode/ukb_ppp/EUR/ITGAX_P20702_OID31325_v1_Oncology_II	16	31355134	31355134	31382997	1	ENSG00000140678	1	unique_match	UKBB_EUR
OID31326	PTTG1	O95997	v1	Oncology_II	/data/Dutta_lab/decode/ukb_ppp/EUR/PTTG1_O95997_OID31326_v1_Oncology_II	5	160421822	160421822	160428744	1	ENSG00000164611	1	unique_match	UKBB_EUR
OID31327	MNAT1	P51948	v1	Oncology_II	/data/Dutta_lab/decode/ukb_ppp/EUR/MNAT1_P51948_OID31327_v1_Oncology_II	14	60734742	60734742	60969953	1	ENSG00000020426	1	unique_match	UKBB_EUR
OID31328	CINP	Q9BW66	v1	Oncology_II	/data/Dutta_lab/decode/ukb_ppp/EUR/CINP_Q9BW66_OID31328_v1_Oncology_II	14	102362916	102341102	102362916	-1	ENSG00000100865	1	unique_match	UKBB_EUR
OID31329	CENPF	P49454	v1	Oncology_II	/data/Dutta_lab/decode/ukb_ppp/EUR/CENPF_P49454_OID31329_v1_Oncology_II	1	214603195	214603195	214664588	1	ENSG00000117724	1	unique_match	UKBB_EUR
OID31330	TNPO1	Q92973	v1	Oncology_II	/data/Dutta_lab/decode/ukb_ppp/EUR/TNPO1_Q92973_OID31330_v1_Oncology_II	5	72816312	72816312	72916733	1	ENSG00000083312	1	unique_match	UKBB_EUR
OID31331	MAGEA3	P43357	v1	Oncology_II	/data/Dutta_lab/decode/ukb_ppp/EUR/MAGEA3_P43357_OID31331_v1_Oncology_II	23	152698752	152698752	152702347	1	ENSG00000221867	1	unique_match	UKBB_EUR
OID31332	CDH22	Q9UJ99	v1	Oncology_II	/data/Dutta_lab/decode/ukb_ppp/EUR/CDH22_Q9UJ99_OID31332_v1_Oncology_II	20	46308498	46173733	46308498	-1	ENSG00000149654	1	unique_match	UKBB_EUR
OID31333	COL4A4	P53420	v1	Oncology_II	/data/Dutta_lab/decode/ukb_ppp/EUR/COL4A4_P53420_OID31333_v1_Oncology_II	2	227164113	227002711	227164113	-1	ENSG00000081052	2	multi_match_first	UKBB_EUR
OID31334	SH3GL3	Q99963	v1	Oncology_II	/data/Dutta_lab/decode/ukb_ppp/EUR/SH3GL3_Q99963_OID31334_v1_Oncology_II	15	83447228	83447228	83618743	1	ENSG00000140600	1	unique_match	UKBB_EUR
OID31335	TRDMT1	O14717	v1	Oncology_II	/data/Dutta_lab/decode/ukb_ppp/EUR/TRDMT1_O14717_OID31335_v1_Oncology_II	10	17202054	17142254	17202054	-1	ENSG00000107614	1	unique_match	UKBB_EUR
OID31336	ARHGAP30	Q7Z6I6	v1	Oncology_II	/data/Dutta_lab/decode/ukb_ppp/EUR/ARHGAP30_Q7Z6I6_OID31336_v1_Oncology_II	1	161069970	161046946	161069970	-1	ENSG00000186517	1	unique_match	UKBB_EUR
OID31337	RAPGEF2	Q9Y4G8	v1	Oncology_II	/data/Dutta_lab/decode/ukb_ppp/EUR/RAPGEF2_Q9Y4G8_OID31337_v1_Oncology_II	4	159104178	159104178	159360169	1	ENSG00000109756	1	unique_match	UKBB_EUR
OID31338	FAM171B	Q6P995	v1	Oncology_II	/data/Dutta_lab/decode/ukb_ppp/EUR/FAM171B_Q6P995_OID31338_v1_Oncology_II	2	186693971	186693971	186765965	1	ENSG00000144369	1	unique_match	UKBB_EUR
OID31339	ARG2	P78540	v1	Oncology_II	/data/Dutta_lab/decode/ukb_ppp/EUR/ARG2_P78540_OID31339_v1_Oncology_II	14	67619798	67619798	67651720	1	ENSG00000081181	1	unique_match	UKBB_EUR
OID31340	GPRC5C	Q9NQ84	v1	Oncology_II	/data/Dutta_lab/decode/ukb_ppp/EUR/GPRC5C_Q9NQ84_OID31340_v1_Oncology_II	17	74424851	74424851	74451653	1	ENSG00000170412	1	unique_match	UKBB_EUR
OID31341	DYNC1H1	Q14204	v1	Oncology_II	/data/Dutta_lab/decode/ukb_ppp/EUR/DYNC1H1_Q14204_OID31341_v1_Oncology_II	14	101964528	101964528	102050792	1	ENSG00000197102	1	unique_match	UKBB_EUR
OID31342	MAMDC4	Q6UXC1	v1	Oncology_II	/data/Dutta_lab/decode/ukb_ppp/EUR/MAMDC4_Q6UXC1_OID31342_v1_Oncology_II	9	136850943	136850943	136860799	1	ENSG00000177943	1	unique_match	UKBB_EUR
OID31343	TARS1	P26639	v1	Oncology_II	/data/Dutta_lab/decode/ukb_ppp/EUR/TARS1_P26639_OID31343_v1_Oncology_II							0	missing	UKBB_EUR
OID31344	LRRFIP1	Q32MZ4	v1	Oncology_II	/data/Dutta_lab/decode/ukb_ppp/EUR/LRRFIP1_Q32MZ4_OID31344_v1_Oncology_II	2	237627576	237627576	237813682	1	ENSG00000124831	1	unique_match	UKBB_EUR
OID31345	PRC1	O43663	v1	Oncology_II	/data/Dutta_lab/decode/ukb_ppp/EUR/PRC1_O43663_OID31345_v1_Oncology_II	15	90995629	90966038	90995629	-1	ENSG00000198901	1	unique_match	UKBB_EUR
OID31346	RAB44	Q7Z6P3	v1	Oncology_II	/data/Dutta_lab/decode/ukb_ppp/EUR/RAB44_Q7Z6P3_OID31346_v1_Oncology_II	6	36697851	36697851	36733183	1	ENSG00000255587	1	unique_match	UKBB_EUR
OID31347	ZNRF4	Q8WWF5	v1	Oncology_II	/data/Dutta_lab/decode/ukb_ppp/EUR/ZNRF4_Q8WWF5_OID31347_v1_Oncology_II	19	5455431	5455431	5456856	1	ENSG00000105428	1	unique_match	UKBB_EUR
OID31348	AP1G2	O75843	v1	Oncology_II	/data/Dutta_lab/decode/ukb_ppp/EUR/AP1G2_O75843_OID31348_v1_Oncology_II	14	23568070	23559565	23568070	-1	ENSG00000213983	1	unique_match	UKBB_EUR
OID31349	ENOPH1	Q9UHY7	v1	Oncology_II	/data/Dutta_lab/decode/ukb_ppp/EUR/ENOPH1_Q9UHY7_OID31349_v1_Oncology_II	4	82430562	82430562	82461091	1	ENSG00000145293	1	unique_match	UKBB_EUR
OID31350	ZNF830	Q96NB3	v1	Oncology_II	/data/Dutta_lab/decode/ukb_ppp/EUR/ZNF830_Q96NB3_OID31350_v1_Oncology_II	17	34961530	34961530	34963775	1	ENSG00000198783	1	unique_match	UKBB_EUR
OID31351	AMOTL2	Q9Y2J4	v1	Oncology_II	/data/Dutta_lab/decode/ukb_ppp/EUR/AMOTL2_Q9Y2J4_OID31351_v1_Oncology_II	3	134375479	134355874	134375479	-1	ENSG00000114019	1	unique_match	UKBB_EUR
OID31352	S100A3	P33764	v1	Oncology_II	/data/Dutta_lab/decode/ukb_ppp/EUR/S100A3_P33764_OID31352_v1_Oncology_II	1	153549372	153547329	153549372	-1	ENSG00000188015	1	unique_match	UKBB_EUR
OID31353	SMAD2	Q15796	v1	Oncology_II	/data/Dutta_lab/decode/ukb_ppp/EUR/SMAD2_Q15796_OID31353_v1_Oncology_II	18	47931146	47808957	47931146	-1	ENSG00000175387	1	unique_match	UKBB_EUR
OID31354	NENF	Q9UMX5	v1	Oncology_II	/data/Dutta_lab/decode/ukb_ppp/EUR/NENF_Q9UMX5_OID31354_v1_Oncology_II	1	212432887	212432887	212446379	1	ENSG00000117691	1	unique_match	UKBB_EUR
OID31355	ENSA	O43768	v1	Oncology_II	/data/Dutta_lab/decode/ukb_ppp/EUR/ENSA_O43768_OID31355_v1_Oncology_II	1	150629612	150600851	150629612	-1	ENSG00000143420	1	unique_match	UKBB_EUR
OID31356	RCC1	P18754	v1	Oncology_II	/data/Dutta_lab/decode/ukb_ppp/EUR/RCC1_P18754_OID31356_v1_Oncology_II	1	28505943	28505943	28539300	1	ENSG00000180198	1	unique_match	UKBB_EUR
OID31357	DHPS	P49366	v1	Oncology_II	/data/Dutta_lab/decode/ukb_ppp/EUR/DHPS_P49366_OID31357_v1_Oncology_II	19	12681902	12675717	12681902	-1	ENSG00000095059	1	unique_match	UKBB_EUR
OID31358	GPD1	P21695	v1	Oncology_II	/data/Dutta_lab/decode/ukb_ppp/EUR/GPD1_P21695_OID31358_v1_Oncology_II	12	50103819	50103819	50111319	1	ENSG00000167588	1	unique_match	UKBB_EUR
OID31359	TG	P01266	v1	Oncology_II	/data/Dutta_lab/decode/ukb_ppp/EUR/TG_P01266_OID31359_v1_Oncology_II	8	132866958	132866958	133134903	1	ENSG00000042832	1	unique_match	UKBB_EUR
OID31360	PPP1CC	P36873	v1	Oncology_II	/data/Dutta_lab/decode/ukb_ppp/EUR/PPP1CC_P36873_OID31360_v1_Oncology_II	12	110742939	110719680	110742939	-1	ENSG00000186298	1	unique_match	UKBB_EUR
OID31361	IL2RG	P31785	v1	Oncology_II	/data/Dutta_lab/decode/ukb_ppp/EUR/IL2RG_P31785_OID31361_v1_Oncology_II	23	71112108	71107404	71112108	-1	ENSG00000147168	2	multi_match_first	UKBB_EUR
OID31362	RAB2B	Q8WUD1	v1	Oncology_II	/data/Dutta_lab/decode/ukb_ppp/EUR/RAB2B_Q8WUD1_OID31362_v1_Oncology_II	14	21476973	21459020	21476973	-1	ENSG00000129472	1	unique_match	UKBB_EUR
OID31363	BTN1A1	Q13410	v1	Oncology_II	/data/Dutta_lab/decode/ukb_ppp/EUR/BTN1A1_Q13410_OID31363_v1_Oncology_II	6	26501221	26501221	26510422	1	ENSG00000124557	1	unique_match	UKBB_EUR
OID31364	GLYR1	Q49A26	v1	Oncology_II	/data/Dutta_lab/decode/ukb_ppp/EUR/GLYR1_Q49A26_OID31364_v1_Oncology_II	16	4847342	4803203	4847342	-1	ENSG00000140632	1	unique_match	UKBB_EUR
OID31365	EDDM3B	P56851	v1	Oncology_II	/data/Dutta_lab/decode/ukb_ppp/EUR/EDDM3B_P56851_OID31365_v1_Oncology_II	14	20768427	20768427	20770948	1	ENSG00000181552	1	unique_match	UKBB_EUR
OID31366	WFDC1	Q9HC57	v1	Oncology_II	/data/Dutta_lab/decode/ukb_ppp/EUR/WFDC1_Q9HC57_OID31366_v1_Oncology_II	16	84294646	84294646	84329851	1	ENSG00000103175	1	unique_match	UKBB_EUR
OID31367	LACRT	Q9GZZ8	v1	Oncology_II	/data/Dutta_lab/decode/ukb_ppp/EUR/LACRT_Q9GZZ8_OID31367_v1_Oncology_II	12	54634895	54630811	54634895	-1	ENSG00000135413	1	unique_match	UKBB_EUR
OID31368	UBE2B	P63146	v1	Oncology_II	/data/Dutta_lab/decode/ukb_ppp/EUR/UBE2B_P63146_OID31368_v1_Oncology_II	5	134371179	134371179	134391992	1	ENSG00000119048	1	unique_match	UKBB_EUR
OID31369	NDST1	P52848	v1	Oncology_II	/data/Dutta_lab/decode/ukb_ppp/EUR/NDST1_P52848_OID31369_v1_Oncology_II	5	150485818	150485818	150558211	1	ENSG00000070614	1	unique_match	UKBB_EUR
OID31370	INSL4	Q14641	v1	Oncology_II	/data/Dutta_lab/decode/ukb_ppp/EUR/INSL4_Q14641_OID31370_v1_Oncology_II	9	5231419	5231419	5235304	1	ENSG00000120211	1	unique_match	UKBB_EUR
OID31371	VSIG2	Q96IQ7	v1	Oncology_II	/data/Dutta_lab/decode/ukb_ppp/EUR/VSIG2_Q96IQ7_OID31371_v1_Oncology_II	11	124752238	124747472	124752238	-1	ENSG00000019102	1	unique_match	UKBB_EUR
OID31372	LARP1	Q6PKG0	v1	Oncology_II	/data/Dutta_lab/decode/ukb_ppp/EUR/LARP1_Q6PKG0_OID31372_v1_Oncology_II	5	154712902	154712902	154817607	1	ENSG00000155506	1	unique_match	UKBB_EUR
OID31373	EPGN	Q6UW88	v1	Oncology_II	/data/Dutta_lab/decode/ukb_ppp/EUR/EPGN_Q6UW88_OID31373_v1_Oncology_II	4	74308473	74308473	74315307	1	ENSG00000182585	1	unique_match	UKBB_EUR
OID31374	SNX2	O60749	v1	Oncology_II	/data/Dutta_lab/decode/ukb_ppp/EUR/SNX2_O60749_OID31374_v1_Oncology_II	5	122774996	122774996	122830108	1	ENSG00000205302	1	unique_match	UKBB_EUR
OID31375	THTPA	Q9BU02	v1	Oncology_II	/data/Dutta_lab/decode/ukb_ppp/EUR/THTPA_Q9BU02_OID31375_v1_Oncology_II	14	23555988	23555988	23560271	1	ENSG00000259431	1	unique_match	UKBB_EUR
OID31376	RFC4	P35249	v1	Oncology_II	/data/Dutta_lab/decode/ukb_ppp/EUR/RFC4_P35249_OID31376_v1_Oncology_II	3	186807058	186789880	186807058	-1	ENSG00000163918	1	unique_match	UKBB_EUR
OID31377	PCDHB15	Q9Y5E8	v1	Oncology_II	/data/Dutta_lab/decode/ukb_ppp/EUR/PCDHB15_Q9Y5E8_OID31377_v1_Oncology_II	5	141245349	141245349	141249365	1	ENSG00000113248	1	unique_match	UKBB_EUR
OID31378	NMI	Q13287	v1	Oncology_II	/data/Dutta_lab/decode/ukb_ppp/EUR/NMI_Q13287_OID31378_v1_Oncology_II	2	151290057	151270465	151290057	-1	ENSG00000123609	1	unique_match	UKBB_EUR
OID31379	AHSA1	O95433	v1	Oncology_II	/data/Dutta_lab/decode/ukb_ppp/EUR/AHSA1_O95433_OID31379_v1_Oncology_II	14	77457870	77457870	77469474	1	ENSG00000100591	1	unique_match	UKBB_EUR
OID31380	ALDH2	P05091	v1	Oncology_II	/data/Dutta_lab/decode/ukb_ppp/EUR/ALDH2_P05091_OID31380_v1_Oncology_II	12	111766887	111766887	111817529	1	ENSG00000111275	1	unique_match	UKBB_EUR
OID31381	FNTA	P49354	v1	Oncology_II	/data/Dutta_lab/decode/ukb_ppp/EUR/FNTA_P49354_OID31381_v1_Oncology_II	8	43034194	43034194	43085788	1	ENSG00000168522	1	unique_match	UKBB_EUR
OID31382	RALY	Q9UKM9	v1	Oncology_II	/data/Dutta_lab/decode/ukb_ppp/EUR/RALY_Q9UKM9_OID31382_v1_Oncology_II	20	33993646	33993646	34108308	1	ENSG00000125970	1	unique_match	UKBB_EUR
OID31383	LTB	Q06643	v1	Oncology_II	/data/Dutta_lab/decode/ukb_ppp/EUR/LTB_Q06643_OID31383_v1_Oncology_II	6	31582522	31580525	31582522	-1	ENSG00000227507	1	unique_match	UKBB_EUR
OID31384	CAPN3	P20807	v1	Oncology_II	/data/Dutta_lab/decode/ukb_ppp/EUR/CAPN3_P20807_OID31384_v1_Oncology_II	15	42359500	42359500	42412318	1	ENSG00000092529	1	unique_match	UKBB_EUR
OID31385	ACRBP	Q8NEB7	v1	Oncology_II	/data/Dutta_lab/decode/ukb_ppp/EUR/ACRBP_Q8NEB7_OID31385_v1_Oncology_II	12	6647460	6638075	6647460	-1	ENSG00000111644	1	unique_match	UKBB_EUR
OID31386	VPS4B	O75351	v1	Oncology_II	/data/Dutta_lab/decode/ukb_ppp/EUR/VPS4B_O75351_OID31386_v1_Oncology_II	18	63422483	63389190	63422483	-1	ENSG00000119541	1	unique_match	UKBB_EUR
OID31387	SMPDL3B	Q92485	v1	Oncology_II	/data/Dutta_lab/decode/ukb_ppp/EUR/SMPDL3B_Q92485_OID31387_v1_Oncology_II	1	27934993	27934993	27959157	1	ENSG00000130768	1	unique_match	UKBB_EUR
OID31388	SLC13A1	Q9BZW2	v1	Oncology_II	/data/Dutta_lab/decode/ukb_ppp/EUR/SLC13A1_Q9BZW2_OID31388_v1_Oncology_II	7	123199986	123113531	123199986	-1	ENSG00000081800	1	unique_match	UKBB_EUR
OID31389	WDR46	O15213	v1	Oncology_II	/data/Dutta_lab/decode/ukb_ppp/EUR/WDR46_O15213_OID31389_v1_Oncology_II	6	33289527	33279108	33289527	-1	ENSG00000227057	1	unique_match	UKBB_EUR
OID31390	COMMD9	Q9P000	v1	Oncology_II	/data/Dutta_lab/decode/ukb_ppp/EUR/COMMD9_Q9P000_OID31390_v1_Oncology_II	11	36289449	36269284	36289449	-1	ENSG00000110442	1	unique_match	UKBB_EUR
OID31391	ERN1	O75460	v1	Oncology_II	/data/Dutta_lab/decode/ukb_ppp/EUR/ERN1_O75460_OID31391_v1_Oncology_II	17	64130819	64039142	64130819	-1	ENSG00000178607	1	unique_match	UKBB_EUR
OID31392	KIAA2013	Q8IYS2	v1	Oncology_II	/data/Dutta_lab/decode/ukb_ppp/EUR/KIAA2013_Q8IYS2_OID31392_v1_Oncology_II	1	11926428	11919591	11926428	-1	ENSG00000116685	1	unique_match	UKBB_EUR
OID31393	NACC1	Q96RE7	v1	Oncology_II	/data/Dutta_lab/decode/ukb_ppp/EUR/NACC1_Q96RE7_OID31393_v1_Oncology_II	19	13118103	13118103	13141141	1	ENSG00000160877	1	unique_match	UKBB_EUR
OID31394	DUSP13	Q6B8I1	v1	Oncology_II	/data/Dutta_lab/decode/ukb_ppp/EUR/DUSP13_Q6B8I1_OID31394_v1_Oncology_II	10	75109221	75094432	75109221	-1	ENSG00000079393	1	unique_match	UKBB_EUR
OID31395	DTNB	O60941	v1	Oncology_II	/data/Dutta_lab/decode/ukb_ppp/EUR/DTNB_O60941_OID31395_v1_Oncology_II	2	25673647	25377198	25673647	-1	ENSG00000138101	1	unique_match	UKBB_EUR
OID31396	LAMTOR5	O43504	v1	Oncology_II	/data/Dutta_lab/decode/ukb_ppp/EUR/LAMTOR5_O43504_OID31396_v1_Oncology_II	1	110407942	110401249	110407942	-1	ENSG00000134248	1	unique_match	UKBB_EUR
OID31397	IMMT	Q16891	v1	Oncology_II	/data/Dutta_lab/decode/ukb_ppp/EUR/IMMT_Q16891_OID31397_v1_Oncology_II	2	86195770	86143932	86195770	-1	ENSG00000132305	1	unique_match	UKBB_EUR
OID31398	SUSD4	Q5VX71	v1	Oncology_II	/data/Dutta_lab/decode/ukb_ppp/EUR/SUSD4_Q5VX71_OID31398_v1_Oncology_II	1	223364202	223220819	223364202	-1	ENSG00000143502	1	unique_match	UKBB_EUR
OID31399	MINDY1	Q8N5J2	v1	Oncology_II	/data/Dutta_lab/decode/ukb_ppp/EUR/MINDY1_Q8N5J2_OID31399_v1_Oncology_II							0	missing	UKBB_EUR
OID31400	VSIG10	Q8N0Z9	v1	Oncology_II	/data/Dutta_lab/decode/ukb_ppp/EUR/VSIG10_Q8N0Z9_OID31400_v1_Oncology_II	12	118136026	118063593	118136026	-1	ENSG00000176834	1	unique_match	UKBB_EUR
OID31402	LUZP2	Q86TE4	v1	Oncology_II	/data/Dutta_lab/decode/ukb_ppp/EUR/LUZP2_Q86TE4_OID31402_v1_Oncology_II	11	24496970	24496970	25082631	1	ENSG00000187398	1	unique_match	UKBB_EUR
OID31403	TDP1	Q9NUW8	v1	Oncology_II	/data/Dutta_lab/decode/ukb_ppp/EUR/TDP1_Q9NUW8_OID31403_v1_Oncology_II	14	89954939	89954939	90044768	1	ENSG00000042088	1	unique_match	UKBB_EUR
OID31404	YJU2	Q9BW85	v1	Oncology_II	/data/Dutta_lab/decode/ukb_ppp/EUR/YJU2_Q9BW85_OID31404_v1_Oncology_II							0	missing	UKBB_EUR
OID31405	PXDNL	A1KZ92	v1	Oncology_II	/data/Dutta_lab/decode/ukb_ppp/EUR/PXDNL_A1KZ92_OID31405_v1_Oncology_II	8	51809445	51319578	51809445	-1	ENSG00000147485	1	unique_match	UKBB_EUR
OID31406	CMIP	Q8IY22	v1	Oncology_II	/data/Dutta_lab/decode/ukb_ppp/EUR/CMIP_Q8IY22_OID31406_v1_Oncology_II	16	81445170	81445170	81711762	1	ENSG00000153815	1	unique_match	UKBB_EUR
OID31407	IL22	Q9GZX6	v1	Oncology_II	/data/Dutta_lab/decode/ukb_ppp/EUR/IL22_Q9GZX6_OID31407_v1_Oncology_II	12	68253607	68248242	68253607	-1	ENSG00000127318	1	unique_match	UKBB_EUR
OID31408	REG3G	Q6UW15	v1	Oncology_II	/data/Dutta_lab/decode/ukb_ppp/EUR/REG3G_Q6UW15_OID31408_v1_Oncology_II	2	79025686	79025686	79028505	1	ENSG00000143954	1	unique_match	UKBB_EUR
OID31409	MTSS2	Q765P7	v1	Oncology_II	/data/Dutta_lab/decode/ukb_ppp/EUR/MTSS2_Q765P7_OID31409_v1_Oncology_II							0	missing	UKBB_EUR
OID31410	PCSK7	Q16549	v1	Oncology_II	/data/Dutta_lab/decode/ukb_ppp/EUR/PCSK7_Q16549_OID31410_v1_Oncology_II	11	117232525	117204337	117232525	-1	ENSG00000160613	1	unique_match	UKBB_EUR
OID31411	TMEM106A	Q96A25	v1	Oncology_II	/data/Dutta_lab/decode/ukb_ppp/EUR/TMEM106A_Q96A25_OID31411_v1_Oncology_II	17	43211835	43211835	43220041	1	ENSG00000184988	1	unique_match	UKBB_EUR
OID31412	NUBP1	P53384	v1	Oncology_II	/data/Dutta_lab/decode/ukb_ppp/EUR/NUBP1_P53384_OID31412_v1_Oncology_II	16	10743786	10743786	10769351	1	ENSG00000103274	1	unique_match	UKBB_EUR
OID31413	CCDC134	Q9H6E4	v1	Oncology_II	/data/Dutta_lab/decode/ukb_ppp/EUR/CCDC134_Q9H6E4_OID31413_v1_Oncology_II	22	41800679	41800679	41826299	1	ENSG00000100147	1	unique_match	UKBB_EUR
OID31414	GABARAP	O95166	v1	Oncology_II	/data/Dutta_lab/decode/ukb_ppp/EUR/GABARAP_O95166_OID31414_v1_Oncology_II	17	7242770	7240014	7242770	-1	ENSG00000170296	1	unique_match	UKBB_EUR
OID31415	DYNLT3	P51808	v1	Oncology_II	/data/Dutta_lab/decode/ukb_ppp/EUR/DYNLT3_P51808_OID31415_v1_Oncology_II	23	37847637	37836757	37847637	-1	ENSG00000165169	1	unique_match	UKBB_EUR
OID31416	LMOD1	P29536	v1	Oncology_II	/data/Dutta_lab/decode/ukb_ppp/EUR/LMOD1_P29536_OID31416_v1_Oncology_II	1	201946588	201896452	201946588	-1	ENSG00000163431	1	unique_match	UKBB_EUR
OID31417	TGFB2	P61812	v1	Oncology_II	/data/Dutta_lab/decode/ukb_ppp/EUR/TGFB2_P61812_OID31417_v1_Oncology_II	1	218346235	218346235	218444619	1	ENSG00000092969	1	unique_match	UKBB_EUR
OID31418	SMAD3	P84022	v1	Oncology_II	/data/Dutta_lab/decode/ukb_ppp/EUR/SMAD3_P84022_OID31418_v1_Oncology_II	15	67063763	67063763	67195195	1	ENSG00000166949	1	unique_match	UKBB_EUR
OID31419	UNG	P13051	v1	Oncology_II	/data/Dutta_lab/decode/ukb_ppp/EUR/UNG_P13051_OID31419_v1_Oncology_II	12	109097574	109097574	109110992	1	ENSG00000076248	2	multi_match_first	UKBB_EUR
OID31420	MPRIP	Q6WCQ1	v1	Oncology_II	/data/Dutta_lab/decode/ukb_ppp/EUR/MPRIP_Q6WCQ1_OID31420_v1_Oncology_II	17	17042545	17042545	17217679	1	ENSG00000133030	1	unique_match	UKBB_EUR
OID31421	BCL7B	Q9BQE9	v1	Oncology_II	/data/Dutta_lab/decode/ukb_ppp/EUR/BCL7B_Q9BQE9_OID31421_v1_Oncology_II	7	73558002	73536356	73558002	-1	ENSG00000106635	1	unique_match	UKBB_EUR
OID31422	TADA3	O75528	v1	Oncology_II	/data/Dutta_lab/decode/ukb_ppp/EUR/TADA3_O75528_OID31422_v1_Oncology_II	3	9793011	9779860	9793011	-1	ENSG00000171148	1	unique_match	UKBB_EUR
OID31423	SDCCAG8	Q86SQ7	v1	Oncology_II	/data/Dutta_lab/decode/ukb_ppp/EUR/SDCCAG8_Q86SQ7_OID31423_v1_Oncology_II	1	243256034	243256034	243500092	1	ENSG00000054282	1	unique_match	UKBB_EUR
OID31424	HSPA2	P54652	v1	Oncology_II	/data/Dutta_lab/decode/ukb_ppp/EUR/HSPA2_P54652_OID31424_v1_Oncology_II	14	64535905	64535905	64546173	1	ENSG00000126803	1	unique_match	UKBB_EUR
OID31425	STAM	Q92783	v1	Oncology_II	/data/Dutta_lab/decode/ukb_ppp/EUR/STAM_Q92783_OID31425_v1_Oncology_II	10	17644125	17644125	17715914	1	ENSG00000136738	1	unique_match	UKBB_EUR
OID31426	CHCHD6	Q9BRQ6	v1	Oncology_II	/data/Dutta_lab/decode/ukb_ppp/EUR/CHCHD6_Q9BRQ6_OID31426_v1_Oncology_II	3	126704220	126704220	126960406	1	ENSG00000159685	1	unique_match	UKBB_EUR
OID31427	KLK15	Q9H2R5	v1	Oncology_II	/data/Dutta_lab/decode/ukb_ppp/EUR/KLK15_Q9H2R5_OID31427_v1_Oncology_II	19	50837213	50825289	50837213	-1	ENSG00000174562	1	unique_match	UKBB_EUR
OID31428	USP25	Q9UHP3	v1	Oncology_II	/data/Dutta_lab/decode/ukb_ppp/EUR/USP25_Q9UHP3_OID31428_v1_Oncology_II	21	15730025	15730025	15880069	1	ENSG00000155313	1	unique_match	UKBB_EUR
OID31429	TRIM58	Q8NG06	v1	Oncology_II	/data/Dutta_lab/decode/ukb_ppp/EUR/TRIM58_Q8NG06_OID31429_v1_Oncology_II	1	247857199	247857199	247878205	1	ENSG00000162722	1	unique_match	UKBB_EUR
OID31430	ITIH5	Q86UX2	v1	Oncology_II	/data/Dutta_lab/decode/ukb_ppp/EUR/ITIH5_Q86UX2_OID31430_v1_Oncology_II	10	7666998	7559270	7666998	-1	ENSG00000123243	1	unique_match	UKBB_EUR
OID31431	KIR2DL2	P43627	v1	Oncology_II	/data/Dutta_lab/decode/ukb_ppp/EUR/KIR2DL2_P43627_OID31431_v1_Oncology_II							0	missing	UKBB_EUR
OID31432	KIR2DS4	P43632	v1	Oncology_II	/data/Dutta_lab/decode/ukb_ppp/EUR/KIR2DS4_P43632_OID31432_v1_Oncology_II	19	54832676	54832676	54848569	1	ENSG00000221957	1	unique_match	UKBB_EUR
OID31433	PTPRH	Q9HD43	v1	Oncology_II	/data/Dutta_lab/decode/ukb_ppp/EUR/PTPRH_Q9HD43_OID31433_v1_Oncology_II	19	55209506	55181248	55209506	-1	ENSG00000080031	1	unique_match	UKBB_EUR
OID31434	DNAJB14	Q8TBM8	v1	Oncology_II	/data/Dutta_lab/decode/ukb_ppp/EUR/DNAJB14_Q8TBM8_OID31434_v1_Oncology_II	4	99946726	99896248	99946726	-1	ENSG00000164031	1	unique_match	UKBB_EUR
OID31435	PBXIP1	Q96AQ6	v1	Oncology_II	/data/Dutta_lab/decode/ukb_ppp/EUR/PBXIP1_Q96AQ6_OID31435_v1_Oncology_II	1	154956123	154944076	154956123	-1	ENSG00000163346	1	unique_match	UKBB_EUR
OID31436	SDHB	P21912	v1	Oncology_II	/data/Dutta_lab/decode/ukb_ppp/EUR/SDHB_P21912_OID31436_v1_Oncology_II	1	17054170	17018722	17054170	-1	ENSG00000117118	2	multi_match_first	UKBB_EUR
OID31437	GPHA2	Q96T91	v1	Oncology_II	/data/Dutta_lab/decode/ukb_ppp/EUR/GPHA2_Q96T91_OID31437_v1_Oncology_II	11	64935888	64934471	64935888	-1	ENSG00000149735	1	unique_match	UKBB_EUR
OID31438	GORASP2	Q9H8Y8	v1	Oncology_II	/data/Dutta_lab/decode/ukb_ppp/EUR/GORASP2_Q9H8Y8_OID31438_v1_Oncology_II	2	170928464	170928464	170967129	1	ENSG00000115806	1	unique_match	UKBB_EUR
OID31439	SH3BP1	Q9Y3L3	v1	Oncology_II	/data/Dutta_lab/decode/ukb_ppp/EUR/SH3BP1_Q9Y3L3_OID31439_v1_Oncology_II	22	37634654	37634654	37666932	1	ENSG00000100092	1	unique_match	UKBB_EUR
OID31440	LRRC37A2	A6NM11	v1	Oncology_II	/data/Dutta_lab/decode/ukb_ppp/EUR/LRRC37A2_A6NM11_OID31440_v1_Oncology_II	17	46511511	46511511	46555650	1	ENSG00000238083	1	unique_match	UKBB_EUR
OID31441	SLMAP	Q14BN4	v1	Oncology_II	/data/Dutta_lab/decode/ukb_ppp/EUR/SLMAP_Q14BN4_OID31441_v1_Oncology_II	3	57755450	57755450	57929168	1	ENSG00000163681	1	unique_match	UKBB_EUR
OID31442	EIF2AK2	P19525	v1	Oncology_II	/data/Dutta_lab/decode/ukb_ppp/EUR/EIF2AK2_P19525_OID31442_v1_Oncology_II	2	37157065	37099210	37157065	-1	ENSG00000055332	1	unique_match	UKBB_EUR
OID31443	CEACAM19	Q7Z692	v1	Oncology_II	/data/Dutta_lab/decode/ukb_ppp/EUR/CEACAM19_Q7Z692_OID31443_v1_Oncology_II	19	44662278	44662278	44684359	1	ENSG00000186567	1	unique_match	UKBB_EUR
OID31444	MCTS1	Q9ULC4	v1	Oncology_II	/data/Dutta_lab/decode/ukb_ppp/EUR/MCTS1_Q9ULC4_OID31444_v1_Oncology_II	23	120594010	120594010	120621074	1	ENSG00000232119	1	unique_match	UKBB_EUR
OID31445	SLC9A3R2	Q15599	v1	Oncology_II	/data/Dutta_lab/decode/ukb_ppp/EUR/SLC9A3R2_Q15599_OID31445_v1_Oncology_II	16	2025356	2025356	2039026	1	ENSG00000065054	1	unique_match	UKBB_EUR
OID31446	TNFAIP2	Q03169	v1	Oncology_II	/data/Dutta_lab/decode/ukb_ppp/EUR/TNFAIP2_Q03169_OID31446_v1_Oncology_II	14	103123442	103123442	103137439	1	ENSG00000185215	1	unique_match	UKBB_EUR
OID31447	HDDC2	Q7Z4H3	v1	Oncology_II	/data/Dutta_lab/decode/ukb_ppp/EUR/HDDC2_Q7Z4H3_OID31447_v1_Oncology_II	6	125302078	125219962	125302078	-1	ENSG00000111906	1	unique_match	UKBB_EUR
OID31448	INSL5	Q9Y5Q6	v1	Oncology_II	/data/Dutta_lab/decode/ukb_ppp/EUR/INSL5_Q9Y5Q6_OID31448_v1_Oncology_II	1	66801256	66797741	66801256	-1	ENSG00000172410	1	unique_match	UKBB_EUR
OID31449	TOP1	P11387	v1	Oncology_II	/data/Dutta_lab/decode/ukb_ppp/EUR/TOP1_P11387_OID31449_v1_Oncology_II	20	41028818	41028818	41124487	1	ENSG00000198900	1	unique_match	UKBB_EUR
OID31450	ZNRD2	O60232	v1	Oncology_II	/data/Dutta_lab/decode/ukb_ppp/EUR/ZNRD2_O60232_OID31450_v1_Oncology_II							0	missing	UKBB_EUR
OID31451	ATRAID	Q6UW56	v1	Oncology_II	/data/Dutta_lab/decode/ukb_ppp/EUR/ATRAID_Q6UW56_OID31451_v1_Oncology_II	2	27212027	27212027	27217178	1	ENSG00000138085	1	unique_match	UKBB_EUR
OID31452	ZFYVE19	Q96K21	v1	Oncology_II	/data/Dutta_lab/decode/ukb_ppp/EUR/ZFYVE19_Q96K21_OID31452_v1_Oncology_II	15	40807086	40807086	40815084	1	ENSG00000166140	1	unique_match	UKBB_EUR
OID31453	SSNA1	O43805	v1	Oncology_II	/data/Dutta_lab/decode/ukb_ppp/EUR/SSNA1_O43805_OID31453_v1_Oncology_II	9	137188647	137188647	137190370	1	ENSG00000176101	1	unique_match	UKBB_EUR
OID31454	BCL2	P10415	v1	Oncology_II	/data/Dutta_lab/decode/ukb_ppp/EUR/BCL2_P10415_OID31454_v1_Oncology_II	18	63320128	63123346	63320128	-1	ENSG00000171791	1	unique_match	UKBB_EUR
OID31455	SCRIB	Q14160	v1	Oncology_II	/data/Dutta_lab/decode/ukb_ppp/EUR/SCRIB_Q14160_OID31455_v1_Oncology_II	8	143815379	143790920	143815379	-1	ENSG00000180900	1	unique_match	UKBB_EUR
OID31456	PCDH7	O60245	v1	Oncology_II	/data/Dutta_lab/decode/ukb_ppp/EUR/PCDH7_O60245_OID31456_v1_Oncology_II	4	30720415	30720415	31146805	1	ENSG00000169851	1	unique_match	UKBB_EUR
OID31457	DUT	P33316	v1	Oncology_II	/data/Dutta_lab/decode/ukb_ppp/EUR/DUT_P33316_OID31457_v1_Oncology_II	15	48331011	48331011	48343373	1	ENSG00000128951	1	unique_match	UKBB_EUR
OID31458	DNM1	Q05193	v1	Oncology_II	/data/Dutta_lab/decode/ukb_ppp/EUR/DNM1_Q05193_OID31458_v1_Oncology_II	9	128191655	128191655	128255248	1	ENSG00000106976	1	unique_match	UKBB_EUR
OID31459	MEP1A	Q16819	v1	Oncology_II	/data/Dutta_lab/decode/ukb_ppp/EUR/MEP1A_Q16819_OID31459_v1_Oncology_II	6	46793390	46793390	46839782	1	ENSG00000112818	1	unique_match	UKBB_EUR
OID31460	EFCAB14	O75071	v1	Oncology_II	/data/Dutta_lab/decode/ukb_ppp/EUR/EFCAB14_O75071_OID31460_v1_Oncology_II	1	46719064	46675159	46719064	-1	ENSG00000159658	1	unique_match	UKBB_EUR
OID31461	PTPRK	Q15262	v1	Oncology_II	/data/Dutta_lab/decode/ukb_ppp/EUR/PTPRK_Q15262_OID31461_v1_Oncology_II	6	128520674	127968779	128520674	-1	ENSG00000152894	1	unique_match	UKBB_EUR
OID31462	TMED8	Q6PL24	v1	Oncology_II	/data/Dutta_lab/decode/ukb_ppp/EUR/TMED8_Q6PL24_OID31462_v1_Oncology_II	14	77377109	77335021	77377109	-1	ENSG00000100580	1	unique_match	UKBB_EUR
OID31463	FAM13A	O94988	v1	Oncology_II	/data/Dutta_lab/decode/ukb_ppp/EUR/FAM13A_O94988_OID31463_v1_Oncology_II	4	89111398	88725955	89111398	-1	ENSG00000138640	1	unique_match	UKBB_EUR
OID31464	COL24A1	Q17RW2	v1	Oncology_II	/data/Dutta_lab/decode/ukb_ppp/EUR/COL24A1_Q17RW2_OID31464_v1_Oncology_II	1	86156943	85729233	86156943	-1	ENSG00000171502	1	unique_match	UKBB_EUR
OID31465	OGA	O60502	v1	Oncology_II	/data/Dutta_lab/decode/ukb_ppp/EUR/OGA_O60502_OID31465_v1_Oncology_II							0	missing	UKBB_EUR
OID31466	ATG16L1	Q676U5	v1	Oncology_II	/data/Dutta_lab/decode/ukb_ppp/EUR/ATG16L1_Q676U5_OID31466_v1_Oncology_II	2	233210051	233210051	233295674	1	ENSG00000085978	1	unique_match	UKBB_EUR
OID31467	PHLDB1	Q86UU1	v1	Oncology_II	/data/Dutta_lab/decode/ukb_ppp/EUR/PHLDB1_Q86UU1_OID31467_v1_Oncology_II	11	118606440	118606440	118658038	1	ENSG00000019144	1	unique_match	UKBB_EUR
OID31468	MAP2K1	Q02750	v1	Oncology_II	/data/Dutta_lab/decode/ukb_ppp/EUR/MAP2K1_Q02750_OID31468_v1_Oncology_II	15	66386817	66386817	66492312	1	ENSG00000169032	2	multi_match_first	UKBB_EUR
OID31469	GPIHBP1	Q8IV16	v1	Oncology_II	/data/Dutta_lab/decode/ukb_ppp/EUR/GPIHBP1_Q8IV16_OID31469_v1_Oncology_II	8	143213193	143213193	143217170	1	ENSG00000277494	1	unique_match	UKBB_EUR
OID31470	TSPAN8	P19075	v1	Oncology_II	/data/Dutta_lab/decode/ukb_ppp/EUR/TSPAN8_P19075_OID31470_v1_Oncology_II	12	71441898	71125085	71441898	-1	ENSG00000127324	1	unique_match	UKBB_EUR
OID31471	SMNDC1	O75940	v1	Oncology_II	/data/Dutta_lab/decode/ukb_ppp/EUR/SMNDC1_O75940_OID31471_v1_Oncology_II	10	110304951	110290730	110304951	-1	ENSG00000119953	1	unique_match	UKBB_EUR
OID31472	DNAJC9	Q8WXX5	v1	Oncology_II	/data/Dutta_lab/decode/ukb_ppp/EUR/DNAJC9_Q8WXX5_OID31472_v1_Oncology_II	10	73248862	73183362	73248862	-1	ENSG00000213551	1	unique_match	UKBB_EUR
OID31473	PSAPL1	Q6NUJ1	v1	Oncology_II	/data/Dutta_lab/decode/ukb_ppp/EUR/PSAPL1_Q6NUJ1_OID31473_v1_Oncology_II	4	7434973	7430294	7434973	-1	ENSG00000178597	1	unique_match	UKBB_EUR
OID31474	IDO1	P14902	v1	Oncology_II	/data/Dutta_lab/decode/ukb_ppp/EUR/IDO1_P14902_OID31474_v1_Oncology_II	8	39902275	39902275	39928444	1	ENSG00000131203	1	unique_match	UKBB_EUR
OID31475	NAP1L4	Q99733	v1	Oncology_II	/data/Dutta_lab/decode/ukb_ppp/EUR/NAP1L4_Q99733_OID31475_v1_Oncology_II	11	2992377	2944431	2992377	-1	ENSG00000205531	1	unique_match	UKBB_EUR
OID31476	SNX18	Q96RF0	v1	Oncology_II	/data/Dutta_lab/decode/ukb_ppp/EUR/SNX18_Q96RF0_OID31476_v1_Oncology_II	5	54517759	54517759	54546585	1	ENSG00000178996	1	unique_match	UKBB_EUR
OID31477	SWAP70	Q9UH65	v1	Oncology_II	/data/Dutta_lab/decode/ukb_ppp/EUR/SWAP70_Q9UH65_OID31477_v1_Oncology_II	11	9664077	9664077	9752991	1	ENSG00000133789	1	unique_match	UKBB_EUR
OID31478	AP3B1	O00203	v1	Oncology_II	/data/Dutta_lab/decode/ukb_ppp/EUR/AP3B1_O00203_OID31478_v1_Oncology_II	5	78294755	78000525	78294755	-1	ENSG00000132842	2	multi_match_first	UKBB_EUR
OID31479	CWC15	Q9P013	v1	Oncology_II	/data/Dutta_lab/decode/ukb_ppp/EUR/CWC15_Q9P013_OID31479_v1_Oncology_II	11	94973612	94962622	94973612	-1	ENSG00000150316	1	unique_match	UKBB_EUR
OID31480	CD101	Q93033	v1	Oncology_II	/data/Dutta_lab/decode/ukb_ppp/EUR/CD101_Q93033_OID31480_v1_Oncology_II	1	117001750	117001750	117036476	1	ENSG00000134256	1	unique_match	UKBB_EUR
OID31481	KAZN	Q674X7	v1	Oncology_II	/data/Dutta_lab/decode/ukb_ppp/EUR/KAZN_Q674X7_OID31481_v1_Oncology_II	1	13892792	13892792	15118043	1	ENSG00000189337	1	unique_match	UKBB_EUR
OID31482	TRIM25	Q14258	v1	Oncology_II	/data/Dutta_lab/decode/ukb_ppp/EUR/TRIM25_Q14258_OID31482_v1_Oncology_II	17	56914038	56887909	56914038	-1	ENSG00000121060	1	unique_match	UKBB_EUR
OID31483	ADGRE1	Q14246	v1	Oncology_II	/data/Dutta_lab/decode/ukb_ppp/EUR/ADGRE1_Q14246_OID31483_v1_Oncology_II	19	6887566	6887566	6940459	1	ENSG00000174837	1	unique_match	UKBB_EUR
OID31484	NUDT16	Q96DE0	v1	Oncology_II	/data/Dutta_lab/decode/ukb_ppp/EUR/NUDT16_Q96DE0_OID31484_v1_Oncology_II	3	131381671	131381671	131388830	1	ENSG00000198585	1	unique_match	UKBB_EUR
OID31485	CDC42BPB	Q9Y5S2	v1	Oncology_II	/data/Dutta_lab/decode/ukb_ppp/EUR/CDC42BPB_Q9Y5S2_OID31485_v1_Oncology_II	14	103057462	102932379	103057462	-1	ENSG00000198752	1	unique_match	UKBB_EUR
OID31486	UFD1	Q92890	v1	Oncology_II	/data/Dutta_lab/decode/ukb_ppp/EUR/UFD1_Q92890_OID31486_v1_Oncology_II							0	missing	UKBB_EUR
OID31487	OTUD6B	Q8N6M0	v1	Oncology_II	/data/Dutta_lab/decode/ukb_ppp/EUR/OTUD6B_Q8N6M0_OID31487_v1_Oncology_II	8	91070196	91070196	91087095	1	ENSG00000155100	1	unique_match	UKBB_EUR
OID31488	ADAM9	Q13443	v1	Oncology_II	/data/Dutta_lab/decode/ukb_ppp/EUR/ADAM9_Q13443_OID31488_v1_Oncology_II	8	38996869	38996869	39105144	1	ENSG00000168615	1	unique_match	UKBB_EUR
OID31489	C9orf40	Q8IXQ3	v1	Oncology_II	/data/Dutta_lab/decode/ukb_ppp/EUR/C9orf40_Q8IXQ3_OID31489_v1_Oncology_II	9	74952886	74946581	74952886	-1	ENSG00000135045	1	unique_match	UKBB_EUR
OID31490	NCR3LG1	Q68D85	v1	Oncology_II	/data/Dutta_lab/decode/ukb_ppp/EUR/NCR3LG1_Q68D85_OID31490_v1_Oncology_II	11	17351726	17351726	17377341	1	ENSG00000188211	1	unique_match	UKBB_EUR
OID31491	IFNAR1	P17181	v1	Oncology_II	/data/Dutta_lab/decode/ukb_ppp/EUR/IFNAR1_P17181_OID31491_v1_Oncology_II	21	33324477	33324477	33359862	1	ENSG00000142166	1	unique_match	UKBB_EUR
OID31492	MTSS1	O43312	v1	Oncology_II	/data/Dutta_lab/decode/ukb_ppp/EUR/MTSS1_O43312_OID31492_v1_Oncology_II	8	124728429	124550790	124728429	-1	ENSG00000170873	1	unique_match	UKBB_EUR
OID31493	PSCA	O43653	v1	Oncology_II	/data/Dutta_lab/decode/ukb_ppp/EUR/PSCA_O43653_OID31493_v1_Oncology_II	8	142670308	142670308	142682724	1	ENSG00000167653	1	unique_match	UKBB_EUR
OID31494	YARS1	P54577	v1	Oncology_II	/data/Dutta_lab/decode/ukb_ppp/EUR/YARS1_P54577_OID31494_v1_Oncology_II							0	missing	UKBB_EUR
OID31495	CEACAM16	Q2WEN9	v1	Oncology_II	/data/Dutta_lab/decode/ukb_ppp/EUR/CEACAM16_Q2WEN9_OID31495_v1_Oncology_II	19	44699151	44699151	44710714	1	ENSG00000213892	1	unique_match	UKBB_EUR
OID31496	EGFLAM	Q63HQ2	v1	Oncology_II	/data/Dutta_lab/decode/ukb_ppp/EUR/EGFLAM_Q63HQ2_OID31496_v1_Oncology_II	5	38258409	38258409	38465021	1	ENSG00000164318	1	unique_match	UKBB_EUR
OID31497	IST1	P53990	v1	Oncology_II	/data/Dutta_lab/decode/ukb_ppp/EUR/IST1_P53990_OID31497_v1_Oncology_II	16	71845996	71845996	71931199	1	ENSG00000182149	1	unique_match	UKBB_EUR
OID31498	ENDOU	P21128	v1	Oncology_II	/data/Dutta_lab/decode/ukb_ppp/EUR/ENDOU_P21128_OID31498_v1_Oncology_II	12	47725567	47709734	47725567	-1	ENSG00000111405	1	unique_match	UKBB_EUR
OID31499	FKBPL	Q9UIM3	v1	Oncology_II	/data/Dutta_lab/decode/ukb_ppp/EUR/FKBPL_Q9UIM3_OID31499_v1_Oncology_II	6	32130291	32128707	32130291	-1	ENSG00000204315	1	unique_match	UKBB_EUR
OID31500	CD86	P42081	v1	Oncology_II	/data/Dutta_lab/decode/ukb_ppp/EUR/CD86_P42081_OID31500_v1_Oncology_II	3	122055366	122055366	122121139	1	ENSG00000114013	1	unique_match	UKBB_EUR
OID31501	LMNB1	P20700	v1	Oncology_II	/data/Dutta_lab/decode/ukb_ppp/EUR/LMNB1_P20700_OID31501_v1_Oncology_II	5	126776623	126776623	126837020	1	ENSG00000113368	1	unique_match	UKBB_EUR
OID31502	PPP2R5A	Q15172	v1	Oncology_II	/data/Dutta_lab/decode/ukb_ppp/EUR/PPP2R5A_Q15172_OID31502_v1_Oncology_II	1	212285537	212285537	212361863	1	ENSG00000066027	1	unique_match	UKBB_EUR
OID31503	CIRBP	Q14011	v1	Oncology_II	/data/Dutta_lab/decode/ukb_ppp/EUR/CIRBP_Q14011_OID31503_v1_Oncology_II	19	1259384	1259384	1274880	1	ENSG00000099622	1	unique_match	UKBB_EUR
OID31504	SERPINI2	O75830	v1	Oncology_II	/data/Dutta_lab/decode/ukb_ppp/EUR/SERPINI2_O75830_OID31504_v1_Oncology_II	3	167479004	167441789	167479004	-1	ENSG00000114204	1	unique_match	UKBB_EUR
OID31505	IFI30	P13284	v1	Oncology_II	/data/Dutta_lab/decode/ukb_ppp/EUR/IFI30_P13284_OID31505_v1_Oncology_II	19	18173162	18173162	18178117	1	ENSG00000216490	1	unique_match	UKBB_EUR
OID31506	BRAP	Q7Z569	v1	Oncology_II	/data/Dutta_lab/decode/ukb_ppp/EUR/BRAP_Q7Z569_OID31506_v1_Oncology_II	12	111685986	111642146	111685986	-1	ENSG00000089234	1	unique_match	UKBB_EUR
OID31507	GIPC3	Q8TF64	v1	Oncology_II	/data/Dutta_lab/decode/ukb_ppp/EUR/GIPC3_Q8TF64_OID31507_v1_Oncology_II	19	3585553	3585553	3593541	1	ENSG00000179855	1	unique_match	UKBB_EUR
OID31508	CDC26	Q8NHZ8	v1	Oncology_II	/data/Dutta_lab/decode/ukb_ppp/EUR/CDC26_Q8NHZ8_OID31508_v1_Oncology_II	9	113275589	113255835	113275589	-1	ENSG00000176386	1	unique_match	UKBB_EUR
OID31509	SPINT3	P49223	v1	Oncology_II	/data/Dutta_lab/decode/ukb_ppp/EUR/SPINT3_P49223_OID31509_v1_Oncology_II	20	45515624	45512461	45515624	-1	ENSG00000101446	1	unique_match	UKBB_EUR
OID31510	NFU1	Q9UMS0	v1	Oncology_II	/data/Dutta_lab/decode/ukb_ppp/EUR/NFU1_Q9UMS0_OID31510_v1_Oncology_II	2	69437628	69395750	69437628	-1	ENSG00000169599	1	unique_match	UKBB_EUR
OID31511	GPR15L	Q6UWK7	v1	Oncology_II	/data/Dutta_lab/decode/ukb_ppp/EUR/GPR15L_Q6UWK7_OID31511_v1_Oncology_II							0	missing	UKBB_EUR
OID31512	CYB5R2	Q6BCY4	v1	Oncology_II	/data/Dutta_lab/decode/ukb_ppp/EUR/CYB5R2_Q6BCY4_OID31512_v1_Oncology_II	11	7677222	7665100	7677222	-1	ENSG00000166394	1	unique_match	UKBB_EUR
OID31513	MTIF3	Q9H2K0	v1	Oncology_II	/data/Dutta_lab/decode/ukb_ppp/EUR/MTIF3_Q9H2K0_OID31513_v1_Oncology_II	13	27450591	27435643	27450591	-1	ENSG00000122033	1	unique_match	UKBB_EUR
OID31514	FAM3D	Q96BQ1	v1	Oncology_II	/data/Dutta_lab/decode/ukb_ppp/EUR/FAM3D_Q96BQ1_OID31514_v1_Oncology_II	3	58666848	58633946	58666848	-1	ENSG00000198643	1	unique_match	UKBB_EUR
OID31515	PALM	O75781	v1	Oncology_II	/data/Dutta_lab/decode/ukb_ppp/EUR/PALM_O75781_OID31515_v1_Oncology_II	19	708939	708939	748329	1	ENSG00000099864	1	unique_match	UKBB_EUR
OID31516	PCDH9	Q9HC56	v1	Oncology_II	/data/Dutta_lab/decode/ukb_ppp/EUR/PCDH9_Q9HC56_OID31516_v1_Oncology_II	13	67230445	66302834	67230445	-1	ENSG00000184226	1	unique_match	UKBB_EUR
OID31518	DDX1	Q92499	v1	Oncology_II	/data/Dutta_lab/decode/ukb_ppp/EUR/DDX1_Q92499_OID31518_v1_Oncology_II	2	15591178	15591178	15631111	1	ENSG00000079785	1	unique_match	UKBB_EUR
OID31519	PCYT2	Q99447	v1	Oncology_II	/data/Dutta_lab/decode/ukb_ppp/EUR/PCYT2_Q99447_OID31519_v1_Oncology_II	17	81911464	81900965	81911464	-1	ENSG00000185813	1	unique_match	UKBB_EUR
OID31520	JPT2	Q9H910	v1	Oncology_II	/data/Dutta_lab/decode/ukb_ppp/EUR/JPT2_Q9H910_OID31520_v1_Oncology_II							0	missing	UKBB_EUR
OID31521	NDUFB7	P17568	v1	Oncology_II	/data/Dutta_lab/decode/ukb_ppp/EUR/NDUFB7_P17568_OID31521_v1_Oncology_II	19	14572062	14566078	14572062	-1	ENSG00000099795	1	unique_match	UKBB_EUR
OID31522	ACOT13	Q9NPJ3	v1	Oncology_II	/data/Dutta_lab/decode/ukb_ppp/EUR/ACOT13_Q9NPJ3_OID31522_v1_Oncology_II	6	24667035	24667035	24705065	1	ENSG00000112304	1	unique_match	UKBB_EUR
OID31523	ARF6	P62330	v1	Oncology_II	/data/Dutta_lab/decode/ukb_ppp/EUR/ARF6_P62330_OID31523_v1_Oncology_II	14	49893092	49893092	49897054	1	ENSG00000165527	1	unique_match	UKBB_EUR
OID31524	SUGP1	Q8IWZ8	v1	Oncology_II	/data/Dutta_lab/decode/ukb_ppp/EUR/SUGP1_Q8IWZ8_OID31524_v1_Oncology_II	19	19320844	19276018	19320844	-1	ENSG00000105705	1	unique_match	UKBB_EUR
OID31525	CETN3	O15182	v1	Oncology_II	/data/Dutta_lab/decode/ukb_ppp/EUR/CETN3_O15182_OID31525_v1_Oncology_II	5	90409786	90392261	90409786	-1	ENSG00000153140	1	unique_match	UKBB_EUR
OID31526	RBP7	Q96R05	v1	Oncology_II	/data/Dutta_lab/decode/ukb_ppp/EUR/RBP7_Q96R05_OID31526_v1_Oncology_II	1	9997206	9997206	10016020	1	ENSG00000162444	1	unique_match	UKBB_EUR
P12532	CKMT1A	CKMT1B	OID20721	v1_Inflammation	/data/Dutta_lab/decode/ukb_ppp/EUR/CKMT1A_CKMT1B_P12532_OID20721_v1_Inflammation	15	43692886	43692886	43699222	1	ENSG00000223572	1	unique_match	UKBB_EUR
P21217	FUT3	FUT5	Q11128	OID21013_v1_Neurology	/data/Dutta_lab/decode/ukb_ppp/EUR/FUT3_FUT5_P21217_Q11128_OID21013_v1_Neurology	19	5851474	5842888	5851474	-1	ENSG00000171124	1	unique_match	UKBB_EUR
P29459	IL12A	IL12B	P29460	OID21327_v1_Oncology	/data/Dutta_lab/decode/ukb_ppp/EUR/IL12A_IL12B_P29459_P29460_OID21327_v1_Oncology	3	159988750	159988750	159996019	1	ENSG00000168811	1	unique_match	UKBB_EUR
P47929	LGALS7	LGALS7B	OID21406	v1_Oncology	/data/Dutta_lab/decode/ukb_ppp/EUR/LGALS7_LGALS7B_P47929_OID21406_v1_Oncology	19	38773492	38770971	38773492	-1	ENSG00000205076	1	unique_match	UKBB_EUR
P59665	DEFA1	DEFA1B	OID20344	v1_Cardiometabolic	/data/Dutta_lab/decode/ukb_ppp/EUR/DEFA1_DEFA1B_P59665_OID20344_v1_Cardiometabolic	8	6980080	6977649	6980080	-1	ENSG00000206047	1	unique_match	UKBB_EUR
P78358	CTAG1A	CTAG1B	OID31299	v1_Oncology_II	/data/Dutta_lab/decode/ukb_ppp/EUR/CTAG1A_CTAG1B_P78358_OID31299_v1_Oncology_II	23	154585143	154585143	154586821	1	ENSG00000268651	1	unique_match	UKBB_EUR
P81534	DEFB103A	DEFB103B	OID30534	v1_Inflammation_II	/data/Dutta_lab/decode/ukb_ppp/EUR/DEFB103A_DEFB103B_P81534_OID30534_v1_Inflammation_II	8	7881204	7881204	7882664	1	ENSG00000176797	1	unique_match	UKBB_EUR
Q14213	EBI3	IL27	Q8NEV9	OID21389_v1_Oncology	/data/Dutta_lab/decode/ukb_ppp/EUR/EBI3_IL27_Q14213_Q8NEV9_OID21389_v1_Oncology	19	4229498	4229498	4237531	1	ENSG00000105246	1	unique_match	UKBB_EUR
Q29980	MICB	MICA	Q29983	OID20593_v1_Inflammation	/data/Dutta_lab/decode/ukb_ppp/EUR/MICB_MICA_Q29980_Q29983_OID20593_v1_Inflammation	6	31494881	31494881	31511124	1	ENSG00000204516	1	unique_match	UKBB_EUR
Q8WTQ1	DEFB104A	DEFB104B	OID30849	v1_Neurology_II	/data/Dutta_lab/decode/ukb_ppp/EUR/DEFB104A_DEFB104B_Q8WTQ1_OID30849_v1_Neurology_II	8	7836471	7836471	7841242	1	ENSG00000176782	1	unique_match	UKBB_EUR
Q96QH8	SPACA5	SPACA5B	OID30990	v1_Neurology_II	/data/Dutta_lab/decode/ukb_ppp/EUR/SPACA5_SPACA5B_Q96QH8_OID30990_v1_Neurology_II	23	48004336	48004336	48009729	1	ENSG00000171489	1	unique_match	UKBB_EUR
Q9H3K6	BOLA2	BOLA2B	OID30267	v1_Cardiometabolic_II	/data/Dutta_lab/decode/ukb_ppp/EUR/BOLA2_BOLA2B_Q9H3K6_OID30267_v1_Cardiometabolic_II	16	29454964	29443056	29454964	-1	ENSG00000183336	1	unique_match	UKBB_EUR
