protein	gene	uniprot	sumstat_file	chr	tss	resource_source
SeqId_10000_28	CRYBB2	P43320	/data/Dutta_lab/aric/EA/SeqId_10000_28.PHENO1.glm.linear	22	25212564	ARIC
SeqId_10001_7	RAF1	P04049	/data/Dutta_lab/aric/EA/SeqId_10001_7.PHENO1.glm.linear	3	12585905	ARIC
SeqId_10008_43	GUCA1A	P43080	/data/Dutta_lab/aric/EA/SeqId_10008_43.PHENO1.glm.linear	6	42155406	ARIC
SeqId_10012_5	SPDEF	O95238	/data/Dutta_lab/aric/EA/SeqId_10012_5.PHENO1.glm.linear	6	34556329	ARIC
SeqId_10014_31	SNAI2	O43623	/data/Dutta_lab/aric/EA/SeqId_10014_31.PHENO1.glm.linear	8	48921429	ARIC
SeqId_10015_119	KCNAB2	Q13303	/data/Dutta_lab/aric/EA/SeqId_10015_119.PHENO1.glm.linear	1	5990927	ARIC
SeqId_10022_207	POLH	Q9Y253	/data/Dutta_lab/aric/EA/SeqId_10022_207.PHENO1.glm.linear	6	43576185	ARIC
SeqId_10023_32	VDR	P11473	/data/Dutta_lab/aric/EA/SeqId_10023_32.PHENO1.glm.linear	12	47879115	ARIC
SeqId_10024_44	HOGA1	Q86XE5	/data/Dutta_lab/aric/EA/SeqId_10024_44.PHENO1.glm.linear	10	97584323	ARIC
SeqId_10030_8	MUTYH	Q9UIF7	/data/Dutta_lab/aric/EA/SeqId_10030_8.PHENO1.glm.linear	1	45331270	ARIC
SeqId_10035_6	DUSP4	Q13115	/data/Dutta_lab/aric/EA/SeqId_10035_6.PHENO1.glm.linear	8	29348805	ARIC
SeqId_10036_201	ZHX3	Q9H4I2	/data/Dutta_lab/aric/EA/SeqId_10036_201.PHENO1.glm.linear	20	41202396	ARIC
SeqId_10037_98	SIGLEC12	Q96PQ1	/data/Dutta_lab/aric/EA/SeqId_10037_98.PHENO1.glm.linear	19	51500373	ARIC
SeqId_10040_63	TP63	Q9H3D4	/data/Dutta_lab/aric/EA/SeqId_10040_63.PHENO1.glm.linear	3	189631389	ARIC
SeqId_10041_3	HNF4A	P41235	/data/Dutta_lab/aric/EA/SeqId_10041_3.PHENO1.glm.linear	20	44355700	ARIC
SeqId_10042_8	SGK3	Q96BR1	/data/Dutta_lab/aric/EA/SeqId_10042_8.PHENO1.glm.linear	8	66667552	ARIC
SeqId_10043_31	BRD4	O60885	/data/Dutta_lab/aric/EA/SeqId_10043_31.PHENO1.glm.linear	19	15246618	ARIC
SeqId_10044_12	WNT10A	Q9GZT5	/data/Dutta_lab/aric/EA/SeqId_10044_12.PHENO1.glm.linear	2	218880852	ARIC
SeqId_10045_47	CUL3	Q13618	/data/Dutta_lab/aric/EA/SeqId_10045_47.PHENO1.glm.linear	2	224480124	ARIC
SeqId_10046_55	BIRC2	Q13490	/data/Dutta_lab/aric/EA/SeqId_10046_55.PHENO1.glm.linear	11	102347211	ARIC
SeqId_10047_12	NCF2	P19878	/data/Dutta_lab/aric/EA/SeqId_10047_12.PHENO1.glm.linear	1	183564051	ARIC
SeqId_10048_7	CBFB	Q13951	/data/Dutta_lab/aric/EA/SeqId_10048_7.PHENO1.glm.linear	16	67028984	ARIC
SeqId_10049_112	TERF1	P54274	/data/Dutta_lab/aric/EA/SeqId_10049_112.PHENO1.glm.linear	8	73008864	ARIC
SeqId_10053_5	ILK	Q13418	/data/Dutta_lab/aric/EA/SeqId_10053_5.PHENO1.glm.linear	11	6603708	ARIC
SeqId_10054_3	GAN	Q9H2C0	/data/Dutta_lab/aric/EA/SeqId_10054_3.PHENO1.glm.linear	16	81314966	ARIC
SeqId_10056_5	FOXM1	Q08050	/data/Dutta_lab/aric/EA/SeqId_10056_5.PHENO1.glm.linear	12	2864710	ARIC
SeqId_10058_1	RAD23A	P54725	/data/Dutta_lab/aric/EA/SeqId_10058_1.PHENO1.glm.linear	19	12945855	ARIC
SeqId_10063_10	FANCL	Q9NW38	/data/Dutta_lab/aric/EA/SeqId_10063_10.PHENO1.glm.linear	2	58165803	ARIC
SeqId_10064_12	RBBP9	O75884	/data/Dutta_lab/aric/EA/SeqId_10064_12.PHENO1.glm.linear	20	18497174	ARIC
SeqId_10070_22	PLCG2	P16885	/data/Dutta_lab/aric/EA/SeqId_10070_22.PHENO1.glm.linear	16	81739097	ARIC
SeqId_10073_22	TDP1	Q9NUW8	/data/Dutta_lab/aric/EA/SeqId_10073_22.PHENO1.glm.linear	14	89954939	ARIC
SeqId_10074_128	BRD2	P25440	/data/Dutta_lab/aric/EA/SeqId_10074_128.PHENO1.glm.linear	6	32968594	ARIC
SeqId_10075_75	ACBD6	Q9BR61	/data/Dutta_lab/aric/EA/SeqId_10075_75.PHENO1.glm.linear	1	180274681	ARIC
SeqId_10076_1	AP4M1	O00189	/data/Dutta_lab/aric/EA/SeqId_10076_1.PHENO1.glm.linear	7	100101549	ARIC
SeqId_10078_5	BAG3	O95817	/data/Dutta_lab/aric/EA/SeqId_10078_5.PHENO1.glm.linear	10	119651370	ARIC
SeqId_10080_9	EIF2B1	Q14232	/data/Dutta_lab/aric/EA/SeqId_10080_9.PHENO1.glm.linear	12	123632447	ARIC
SeqId_10081_17	SATB2	Q9UPW6	/data/Dutta_lab/aric/EA/SeqId_10081_17.PHENO1.glm.linear	2	199329035	ARIC
SeqId_10082_251	NEFL	P07196	/data/Dutta_lab/aric/EA/SeqId_10082_251.PHENO1.glm.linear	8	24956515	ARIC
SeqId_10085_25	STAR	P49675	/data/Dutta_lab/aric/EA/SeqId_10085_25.PHENO1.glm.linear	8	38148754	ARIC
SeqId_10086_39	CBS	P35520	/data/Dutta_lab/aric/EA/SeqId_10086_39.PHENO1.glm.linear	21	43058941	ARIC
SeqId_10087_10	CRYAA	P02489	/data/Dutta_lab/aric/EA/SeqId_10087_10.PHENO1.glm.linear	21	43169008	ARIC
SeqId_10088_37	APRT	P07741	/data/Dutta_lab/aric/EA/SeqId_10088_37.PHENO1.glm.linear	16	88810268	ARIC
SeqId_10336_3	STUB1	Q9UNE7	/data/Dutta_lab/aric/EA/SeqId_10336_3.PHENO1.glm.linear	16	680224	ARIC
SeqId_10339_48	ENO2	P09104	/data/Dutta_lab/aric/EA/SeqId_10339_48.PHENO1.glm.linear	12	6913745	ARIC
SeqId_10342_55	PIAS4	Q8N2W9	/data/Dutta_lab/aric/EA/SeqId_10342_55.PHENO1.glm.linear	19	4007736	ARIC
SeqId_10344_334	IL10RA	Q13651	/data/Dutta_lab/aric/EA/SeqId_10344_334.PHENO1.glm.linear	11	117986348	ARIC
SeqId_10346_5	STAT3	P40763	/data/Dutta_lab/aric/EA/SeqId_10346_5.PHENO1.glm.linear	17	42316853	ARIC
SeqId_10356_21	JUN	P05412	/data/Dutta_lab/aric/EA/SeqId_10356_21.PHENO1.glm.linear	1	58784047	ARIC
SeqId_10361_25	OAS1	P00973	/data/Dutta_lab/aric/EA/SeqId_10361_25.PHENO1.glm.linear	12	112906783	ARIC
SeqId_10362_35	MYC	P01106	/data/Dutta_lab/aric/EA/SeqId_10362_35.PHENO1.glm.linear	8	127735434	ARIC
SeqId_10363_13	SMAD3	P84022	/data/Dutta_lab/aric/EA/SeqId_10363_13.PHENO1.glm.linear	15	67063763	ARIC
SeqId_10364_6	SMAD2	Q15796	/data/Dutta_lab/aric/EA/SeqId_10364_6.PHENO1.glm.linear	18	47886923	ARIC
SeqId_10366_11	PDGFRA	P16234	/data/Dutta_lab/aric/EA/SeqId_10366_11.PHENO1.glm.linear	4	54229280	ARIC
SeqId_10370_21	STAT1	P42224	/data/Dutta_lab/aric/EA/SeqId_10370_21.PHENO1.glm.linear	2	190980233	ARIC
SeqId_10372_18	STAT6	P42226	/data/Dutta_lab/aric/EA/SeqId_10372_18.PHENO1.glm.linear	12	57097290	ARIC
SeqId_10390_21	ZNRF3	Q9ULT6	/data/Dutta_lab/aric/EA/SeqId_10390_21.PHENO1.glm.linear	22	28883572	ARIC
SeqId_10391_1	ANGPTL3	Q9Y5C1	/data/Dutta_lab/aric/EA/SeqId_10391_1.PHENO1.glm.linear	1	62597520	ARIC
SeqId_10396_6	MCL1	Q07820	/data/Dutta_lab/aric/EA/SeqId_10396_6.PHENO1.glm.linear	1	150578777	ARIC
SeqId_10418_36	STX12	Q86Y82	/data/Dutta_lab/aric/EA/SeqId_10418_36.PHENO1.glm.linear	1	27773219	ARIC
SeqId_10419_1	SCARA5	Q6ZMJ2	/data/Dutta_lab/aric/EA/SeqId_10419_1.PHENO1.glm.linear	8	27987615	ARIC
SeqId_10424_31	NPDC1	Q9NQX5	/data/Dutta_lab/aric/EA/SeqId_10424_31.PHENO1.glm.linear	9	137040156	ARIC
SeqId_10425_3	B4GALT5	O43286	/data/Dutta_lab/aric/EA/SeqId_10425_3.PHENO1.glm.linear	20	49713878	ARIC
SeqId_10430_31	SLC3A2	P08195	/data/Dutta_lab/aric/EA/SeqId_10430_31.PHENO1.glm.linear	11	62856102	ARIC
SeqId_10432_3	KIAA1644	Q3SXP7	/data/Dutta_lab/aric/EA/SeqId_10432_3.PHENO1.glm.linear	22	44312951	ARIC
SeqId_10435_2	AGA	P20933	/data/Dutta_lab/aric/EA/SeqId_10435_2.PHENO1.glm.linear	4	177439624	ARIC
SeqId_10440_26	CLMP	Q9H6B4	/data/Dutta_lab/aric/EA/SeqId_10440_26.PHENO1.glm.linear	11	123083736	ARIC
SeqId_10442_1	TMEM190	Q8WZ59	/data/Dutta_lab/aric/EA/SeqId_10442_1.PHENO1.glm.linear	19	55376826	ARIC
SeqId_10445_20	APOM	O95445	/data/Dutta_lab/aric/EA/SeqId_10445_20.PHENO1.glm.linear	6	31652416	ARIC
SeqId_10447_18	PABPC3	Q9H361	/data/Dutta_lab/aric/EA/SeqId_10447_18.PHENO1.glm.linear	13	25095868	ARIC
SeqId_10449_31	SHISA2	Q6UWI4	/data/Dutta_lab/aric/EA/SeqId_10449_31.PHENO1.glm.linear	13	26051031	ARIC
SeqId_10451_11	NUCB1	Q02818	/data/Dutta_lab/aric/EA/SeqId_10451_11.PHENO1.glm.linear	19	48900312	ARIC
SeqId_10453_7	CEACAM20	Q6UY09	/data/Dutta_lab/aric/EA/SeqId_10453_7.PHENO1.glm.linear	19	44529525	ARIC
SeqId_10454_99	DNAJC16	Q9Y2G8	/data/Dutta_lab/aric/EA/SeqId_10454_99.PHENO1.glm.linear	1	15526813	ARIC
SeqId_10455_196	IL31	Q6EBC2	/data/Dutta_lab/aric/EA/SeqId_10455_196.PHENO1.glm.linear	12	122174221	ARIC
SeqId_10462_14	INSL5	Q9Y5Q6	/data/Dutta_lab/aric/EA/SeqId_10462_14.PHENO1.glm.linear	1	66801256	ARIC
SeqId_10464_6	ANTXR1	Q9H6X2	/data/Dutta_lab/aric/EA/SeqId_10464_6.PHENO1.glm.linear	2	69013178	ARIC
SeqId_10490_3	RPN1	P04843	/data/Dutta_lab/aric/EA/SeqId_10490_3.PHENO1.glm.linear	3	128627266	ARIC
SeqId_10496_11	CLCA1	A8K7I4	/data/Dutta_lab/aric/EA/SeqId_10496_11.PHENO1.glm.linear	1	86468368	ARIC
SeqId_10499_1	TMEM106A	Q96A25	/data/Dutta_lab/aric/EA/SeqId_10499_1.PHENO1.glm.linear	17	43211835	ARIC
SeqId_10506_53	PGRMC2	O15173	/data/Dutta_lab/aric/EA/SeqId_10506_53.PHENO1.glm.linear	4	128273061	ARIC
SeqId_10507_166	ACRV1	P26436	/data/Dutta_lab/aric/EA/SeqId_10507_166.PHENO1.glm.linear	11	125680831	ARIC
SeqId_10510_62	SCIMP	Q6UWF3	/data/Dutta_lab/aric/EA/SeqId_10510_62.PHENO1.glm.linear	17	5234823	ARIC
SeqId_10512_13	CSF2RB	P32927	/data/Dutta_lab/aric/EA/SeqId_10512_13.PHENO1.glm.linear	22	36913628	ARIC
SeqId_10513_13	KCNIP3	Q9Y2W7	/data/Dutta_lab/aric/EA/SeqId_10513_13.PHENO1.glm.linear	2	95297327	ARIC
SeqId_10514_5	PTGDS	P41222	/data/Dutta_lab/aric/EA/SeqId_10514_5.PHENO1.glm.linear	9	136975092	ARIC
SeqId_10521_10	MXRA8	Q9BRK3	/data/Dutta_lab/aric/EA/SeqId_10521_10.PHENO1.glm.linear	1	1354247	ARIC
SeqId_10527_22	DHX9	Q08211	/data/Dutta_lab/aric/EA/SeqId_10527_22.PHENO1.glm.linear	1	182839347	ARIC
SeqId_10530_8	PSMB6	P28072	/data/Dutta_lab/aric/EA/SeqId_10530_8.PHENO1.glm.linear	17	4796144	ARIC
SeqId_10531_18	NRAS	P01111	/data/Dutta_lab/aric/EA/SeqId_10531_18.PHENO1.glm.linear	1	114716771	ARIC
SeqId_10534_40	PARP1	P09874	/data/Dutta_lab/aric/EA/SeqId_10534_40.PHENO1.glm.linear	1	226362252	ARIC
SeqId_10535_25	COX6A2	Q02221	/data/Dutta_lab/aric/EA/SeqId_10535_25.PHENO1.glm.linear	16	31428285	ARIC
SeqId_10546_2	TSPEAR	Q8WU66	/data/Dutta_lab/aric/EA/SeqId_10546_2.PHENO1.glm.linear	21	44573816	ARIC
SeqId_10550_37	BMPR1B	O00238	/data/Dutta_lab/aric/EA/SeqId_10550_37.PHENO1.glm.linear	4	94757955	ARIC
SeqId_10551_7	LAT	O43561	/data/Dutta_lab/aric/EA/SeqId_10551_7.PHENO1.glm.linear	16	28984826	ARIC
SeqId_10552_88	KLRC4	O43908	/data/Dutta_lab/aric/EA/SeqId_10552_88.PHENO1.glm.linear	12	10409757	ARIC
SeqId_10553_8	TOR1AIP2	Q8NFQ8	/data/Dutta_lab/aric/EA/SeqId_10553_8.PHENO1.glm.linear	1	179877772	ARIC
SeqId_10557_6	TEX29	Q8N6K0	/data/Dutta_lab/aric/EA/SeqId_10557_6.PHENO1.glm.linear	13	111316184	ARIC
SeqId_10558_26	PCDH9	Q9HC56	/data/Dutta_lab/aric/EA/SeqId_10558_26.PHENO1.glm.linear	13	66306309	ARIC
SeqId_10560_1	ITM2C	Q9NQX7	/data/Dutta_lab/aric/EA/SeqId_10560_1.PHENO1.glm.linear	2	230864639	ARIC
SeqId_10561_5	PGLYRP3	Q96LB9	/data/Dutta_lab/aric/EA/SeqId_10561_5.PHENO1.glm.linear	1	153310718	ARIC
SeqId_10562_42	NETO2	Q8NC67	/data/Dutta_lab/aric/EA/SeqId_10562_42.PHENO1.glm.linear	16	47109634	ARIC
SeqId_10563_13	LYSMD3	Q7Z3D4	/data/Dutta_lab/aric/EA/SeqId_10563_13.PHENO1.glm.linear	5	90529561	ARIC
SeqId_10565_19	SLITRK3	O94933	/data/Dutta_lab/aric/EA/SeqId_10565_19.PHENO1.glm.linear	3	165196384	ARIC
SeqId_10571_14	MGAT1	P26572	/data/Dutta_lab/aric/EA/SeqId_10571_14.PHENO1.glm.linear	5	180802767	ARIC
SeqId_10572_65	CST8	O60676	/data/Dutta_lab/aric/EA/SeqId_10572_65.PHENO1.glm.linear	20	23491101	ARIC
SeqId_10575_31	PUF60	Q9UHX1	/data/Dutta_lab/aric/EA/SeqId_10575_31.PHENO1.glm.linear	8	143818476	ARIC
SeqId_10580_14	SFTA2	Q6UW10	/data/Dutta_lab/aric/EA/SeqId_10580_14.PHENO1.glm.linear	6	30932109	ARIC
SeqId_10582_36	POMK	Q9H5K3	/data/Dutta_lab/aric/EA/SeqId_10582_36.PHENO1.glm.linear	8	43093506	ARIC
SeqId_10583_1	TMEM108	Q6UXF1	/data/Dutta_lab/aric/EA/SeqId_10583_1.PHENO1.glm.linear	3	133038391	ARIC
SeqId_10584_7	NDUFS4	O43181	/data/Dutta_lab/aric/EA/SeqId_10584_7.PHENO1.glm.linear	5	53560633	ARIC
SeqId_10588_39	ST3GAL5	Q9UNP4	/data/Dutta_lab/aric/EA/SeqId_10588_39.PHENO1.glm.linear	2	85846253	ARIC
SeqId_10603_1	HTN3	P15516	/data/Dutta_lab/aric/EA/SeqId_10603_1.PHENO1.glm.linear	4	70028413	ARIC
SeqId_10605_22	APMAP	Q9HDC9	/data/Dutta_lab/aric/EA/SeqId_10605_22.PHENO1.glm.linear	20	24992642	ARIC
SeqId_10606_34	TOR1AIP1	Q5JTV8	/data/Dutta_lab/aric/EA/SeqId_10606_34.PHENO1.glm.linear	1	179882042	ARIC
SeqId_10608_9	HTN1	P15515	/data/Dutta_lab/aric/EA/SeqId_10608_9.PHENO1.glm.linear	4	70050438	ARIC
SeqId_10612_18	PLOD3	O60568	/data/Dutta_lab/aric/EA/SeqId_10612_18.PHENO1.glm.linear	7	101210439	ARIC
SeqId_10613_33	CASC4	Q6P4E1	/data/Dutta_lab/aric/EA/SeqId_10613_33.PHENO1.glm.linear	15	44288719	ARIC
SeqId_10615_18	MPZ	P25189	/data/Dutta_lab/aric/EA/SeqId_10615_18.PHENO1.glm.linear	1	161306190	ARIC
SeqId_10616_67	PODXL2	Q9NZ53	/data/Dutta_lab/aric/EA/SeqId_10616_67.PHENO1.glm.linear	3	127629185	ARIC
SeqId_10618_190	LRP2	P98164	/data/Dutta_lab/aric/EA/SeqId_10618_190.PHENO1.glm.linear	2	169139663	ARIC
SeqId_10620_21	MSMB	P08118	/data/Dutta_lab/aric/EA/SeqId_10620_21.PHENO1.glm.linear	10	46046269	ARIC
SeqId_10621_26	PRR16	Q569H4	/data/Dutta_lab/aric/EA/SeqId_10621_26.PHENO1.glm.linear	5	120464300	ARIC
SeqId_10623_19	MUC1	P15941	/data/Dutta_lab/aric/EA/SeqId_10623_19.PHENO1.glm.linear	1	155187767	ARIC
SeqId_10624_45	SPINK13	Q1W4C9	/data/Dutta_lab/aric/EA/SeqId_10624_45.PHENO1.glm.linear	5	148268180	ARIC
SeqId_10627_87	APLP2	Q06481	/data/Dutta_lab/aric/EA/SeqId_10627_87.PHENO1.glm.linear	11	130068147	ARIC
SeqId_10630_5	HTATIP2	Q9BUP3	/data/Dutta_lab/aric/EA/SeqId_10630_5.PHENO1.glm.linear	11	20363685	ARIC
SeqId_10637_50	KIAA1324	Q6UXG2	/data/Dutta_lab/aric/EA/SeqId_10637_50.PHENO1.glm.linear	1	109113679	ARIC
SeqId_10638_1	TINF2	Q9BSI4	/data/Dutta_lab/aric/EA/SeqId_10638_1.PHENO1.glm.linear	14	24240242	ARIC
SeqId_10643_16	OLFM3	Q96PB7	/data/Dutta_lab/aric/EA/SeqId_10643_16.PHENO1.glm.linear	1	101837029	ARIC
SeqId_10647_18	ASCC1	Q8N9N2	/data/Dutta_lab/aric/EA/SeqId_10647_18.PHENO1.glm.linear	10	72134463	ARIC
SeqId_10663_42	INSIG1	O15503	/data/Dutta_lab/aric/EA/SeqId_10663_42.PHENO1.glm.linear	7	155297776	ARIC
SeqId_10666_7	GNPTG	Q9UJJ9	/data/Dutta_lab/aric/EA/SeqId_10666_7.PHENO1.glm.linear	16	1351931	ARIC
SeqId_10667_78	C1orf185	Q5T7R7	/data/Dutta_lab/aric/EA/SeqId_10667_78.PHENO1.glm.linear	1	51102221	ARIC
SeqId_10668_5	STX4	Q12846	/data/Dutta_lab/aric/EA/SeqId_10668_5.PHENO1.glm.linear	16	31032889	ARIC
SeqId_10672_75	SFTPB	P07988	/data/Dutta_lab/aric/EA/SeqId_10672_75.PHENO1.glm.linear	2	85663478	ARIC
SeqId_10675_223	TMX2	Q9Y320	/data/Dutta_lab/aric/EA/SeqId_10675_223.PHENO1.glm.linear	11	57712593	ARIC
SeqId_10677_9	NDUFB4	O95168	/data/Dutta_lab/aric/EA/SeqId_10677_9.PHENO1.glm.linear	3	120596328	ARIC
SeqId_10693_43	KLRG2	A4D1S0	/data/Dutta_lab/aric/EA/SeqId_10693_43.PHENO1.glm.linear	7	139483663	ARIC
SeqId_10695_12	WFDC10B	Q8IUB3	/data/Dutta_lab/aric/EA/SeqId_10695_12.PHENO1.glm.linear	20	45705019	ARIC
SeqId_10699_52	LRP1	Q07954	/data/Dutta_lab/aric/EA/SeqId_10699_52.PHENO1.glm.linear	12	57128483	ARIC
SeqId_10700_10	IGSF11	Q5DX21	/data/Dutta_lab/aric/EA/SeqId_10700_10.PHENO1.glm.linear	3	118930253	ARIC
SeqId_10702_1	COL28A1	Q2UY09	/data/Dutta_lab/aric/EA/SeqId_10702_1.PHENO1.glm.linear	7	7360459	ARIC
SeqId_10703_203	SUDS3	Q9H7L9	/data/Dutta_lab/aric/EA/SeqId_10703_203.PHENO1.glm.linear	12	118376555	ARIC
SeqId_10705_14	ST6GALNAC3	Q8NDV1	/data/Dutta_lab/aric/EA/SeqId_10705_14.PHENO1.glm.linear	1	76074746	ARIC
SeqId_10708_3	GNRH2	O43555	/data/Dutta_lab/aric/EA/SeqId_10708_3.PHENO1.glm.linear	20	3043622	ARIC
SeqId_10710_23	ZPBP2	Q6X784	/data/Dutta_lab/aric/EA/SeqId_10710_23.PHENO1.glm.linear	17	39868164	ARIC
SeqId_10713_151	CD300LB	A8K4G0	/data/Dutta_lab/aric/EA/SeqId_10713_151.PHENO1.glm.linear	17	74531474	ARIC
SeqId_10714_7	ACE	P12821	/data/Dutta_lab/aric/EA/SeqId_10714_7.PHENO1.glm.linear	17	63477061	ARIC
SeqId_10716_35	PSMD5	Q16401	/data/Dutta_lab/aric/EA/SeqId_10716_35.PHENO1.glm.linear	9	120824518	ARIC
SeqId_10722_13	SYK	P43405	/data/Dutta_lab/aric/EA/SeqId_10722_13.PHENO1.glm.linear	9	90801787	ARIC
SeqId_10731_10	HS3ST5	Q8IZT8	/data/Dutta_lab/aric/EA/SeqId_10731_10.PHENO1.glm.linear	6	114062877	ARIC
SeqId_10737_96	SERPINB1	P30740	/data/Dutta_lab/aric/EA/SeqId_10737_96.PHENO1.glm.linear	6	2837999	ARIC
SeqId_10748_216	PCDHB2	Q9Y5E7	/data/Dutta_lab/aric/EA/SeqId_10748_216.PHENO1.glm.linear	5	141094606	ARIC
SeqId_10752_8	CDYL2	Q8N8U2	/data/Dutta_lab/aric/EA/SeqId_10752_8.PHENO1.glm.linear	16	80633180	ARIC
SeqId_10753_31	ADAM7	Q9H2U9	/data/Dutta_lab/aric/EA/SeqId_10753_31.PHENO1.glm.linear	8	24440930	ARIC
SeqId_10754_113	PROK2	Q9HC23	/data/Dutta_lab/aric/EA/SeqId_10754_113.PHENO1.glm.linear	3	71785148	ARIC
SeqId_10756_34	UCN3	Q969E3	/data/Dutta_lab/aric/EA/SeqId_10756_34.PHENO1.glm.linear	10	5364966	ARIC
SeqId_10758_2	KERA	O60938	/data/Dutta_lab/aric/EA/SeqId_10758_2.PHENO1.glm.linear	12	91057983	ARIC
SeqId_10760_107	GRIA4	P48058	/data/Dutta_lab/aric/EA/SeqId_10760_107.PHENO1.glm.linear	11	105609994	ARIC
SeqId_10761_5	TMED2	Q15363	/data/Dutta_lab/aric/EA/SeqId_10761_5.PHENO1.glm.linear	12	123584533	ARIC
SeqId_10762_2	KLRG2	A4D1S0	/data/Dutta_lab/aric/EA/SeqId_10762_2.PHENO1.glm.linear	7	139483663	ARIC
SeqId_10772_21	CSGALNACT2	Q8N6G5	/data/Dutta_lab/aric/EA/SeqId_10772_21.PHENO1.glm.linear	10	43138445	ARIC
SeqId_10781_19	CLEC4G	Q6UXB4	/data/Dutta_lab/aric/EA/SeqId_10781_19.PHENO1.glm.linear	19	7732171	ARIC
SeqId_10785_8	LRRC52	Q8N7C0	/data/Dutta_lab/aric/EA/SeqId_10785_8.PHENO1.glm.linear	1	165544007	ARIC
SeqId_10798_4	CD300E	Q496F6	/data/Dutta_lab/aric/EA/SeqId_10798_4.PHENO1.glm.linear	17	74619347	ARIC
SeqId_10800_15	SERPINH1	P50454	/data/Dutta_lab/aric/EA/SeqId_10800_15.PHENO1.glm.linear	11	75562056	ARIC
SeqId_10809_14	KLRB1	Q12918	/data/Dutta_lab/aric/EA/SeqId_10809_14.PHENO1.glm.linear	12	9607916	ARIC
SeqId_10814_7	CD1A	P06126	/data/Dutta_lab/aric/EA/SeqId_10814_7.PHENO1.glm.linear	1	158254424	ARIC
SeqId_10815_2	HABP4	Q5JVS0	/data/Dutta_lab/aric/EA/SeqId_10815_2.PHENO1.glm.linear	9	96450169	ARIC
SeqId_10816_150	PILRA	Q9UKJ1	/data/Dutta_lab/aric/EA/SeqId_10816_150.PHENO1.glm.linear	7	100367530	ARIC
SeqId_10817_26	TOMM20L	Q6UXN7	/data/Dutta_lab/aric/EA/SeqId_10817_26.PHENO1.glm.linear	14	58395928	ARIC
SeqId_10818_36	SMPD1	P17405	/data/Dutta_lab/aric/EA/SeqId_10818_36.PHENO1.glm.linear	11	6390440	ARIC
SeqId_10825_12	VSIG10	Q8N0Z9	/data/Dutta_lab/aric/EA/SeqId_10825_12.PHENO1.glm.linear	12	118073741	ARIC
SeqId_10827_67	LINGO3	P0C6S8	/data/Dutta_lab/aric/EA/SeqId_10827_67.PHENO1.glm.linear	19	2292024	ARIC
SeqId_10830_5	EFCAB14	O75071	/data/Dutta_lab/aric/EA/SeqId_10830_5.PHENO1.glm.linear	1	46684564	ARIC
SeqId_10832_24	B4GALT6	Q9UBX8	/data/Dutta_lab/aric/EA/SeqId_10832_24.PHENO1.glm.linear	18	31658464	ARIC
SeqId_10833_64	HHIP	Q96QV1	/data/Dutta_lab/aric/EA/SeqId_10833_64.PHENO1.glm.linear	4	144646156	ARIC
SeqId_10835_25	A4GNT	Q9UNA3	/data/Dutta_lab/aric/EA/SeqId_10835_25.PHENO1.glm.linear	3	138132390	ARIC
SeqId_10842_7	GCNT4	Q9P109	/data/Dutta_lab/aric/EA/SeqId_10842_7.PHENO1.glm.linear	5	75030899	ARIC
SeqId_10847_1	SIGLEC15	Q6ZMC9	/data/Dutta_lab/aric/EA/SeqId_10847_1.PHENO1.glm.linear	18	45825675	ARIC
SeqId_10848_137	BTNL3	Q6UXE8	/data/Dutta_lab/aric/EA/SeqId_10848_137.PHENO1.glm.linear	5	180988846	ARIC
SeqId_10851_77	EBI3	Q14213	/data/Dutta_lab/aric/EA/SeqId_10851_77.PHENO1.glm.linear	19	4229523	ARIC
SeqId_10852_114	HNRNPDL	O14979	/data/Dutta_lab/aric/EA/SeqId_10852_114.PHENO1.glm.linear	4	82429397	ARIC
SeqId_10866_60	SMEK1	Q6IN85	/data/Dutta_lab/aric/EA/SeqId_10866_60.PHENO1.glm.linear	14	91461684	ARIC
SeqId_10876_300	BRAT1	Q6PJG6	/data/Dutta_lab/aric/EA/SeqId_10876_300.PHENO1.glm.linear	7	2541024	ARIC
SeqId_10880_38	FAM163B	P0C2L3	/data/Dutta_lab/aric/EA/SeqId_10880_38.PHENO1.glm.linear	9	133580246	ARIC
SeqId_10882_12	DSC1	Q08554	/data/Dutta_lab/aric/EA/SeqId_10882_12.PHENO1.glm.linear	18	31162856	ARIC
SeqId_10885_36	C6orf89	Q6UWU4	/data/Dutta_lab/aric/EA/SeqId_10885_36.PHENO1.glm.linear	6	36871870	ARIC
SeqId_10889_2	MRAP2	Q96G30	/data/Dutta_lab/aric/EA/SeqId_10889_2.PHENO1.glm.linear	6	84033772	ARIC
SeqId_10890_135	LCTL	Q6UWM7	/data/Dutta_lab/aric/EA/SeqId_10890_135.PHENO1.glm.linear	15	66565497	ARIC
SeqId_10892_8	OSMR	Q99650	/data/Dutta_lab/aric/EA/SeqId_10892_8.PHENO1.glm.linear	5	38845858	ARIC
SeqId_10895_28	TMPRSS11B	Q86T26	/data/Dutta_lab/aric/EA/SeqId_10895_28.PHENO1.glm.linear	4	68229678	ARIC
SeqId_10900_272	STMN2	Q93045	/data/Dutta_lab/aric/EA/SeqId_10900_272.PHENO1.glm.linear	8	79610814	ARIC
SeqId_10903_50	STX8	Q9UNK0	/data/Dutta_lab/aric/EA/SeqId_10903_50.PHENO1.glm.linear	17	9273434	ARIC
SeqId_10907_116	NTM	Q9P121	/data/Dutta_lab/aric/EA/SeqId_10907_116.PHENO1.glm.linear	11	131370478	ARIC
SeqId_10908_2	GALNT13	Q8IUC8	/data/Dutta_lab/aric/EA/SeqId_10908_2.PHENO1.glm.linear	2	153871922	ARIC
SeqId_10910_6	CEACAM4	O75871	/data/Dutta_lab/aric/EA/SeqId_10910_6.PHENO1.glm.linear	19	41627074	ARIC
SeqId_10916_44	PLA2R1	Q13018	/data/Dutta_lab/aric/EA/SeqId_10916_44.PHENO1.glm.linear	2	159945000	ARIC
SeqId_10917_40	GNGT2	O14610	/data/Dutta_lab/aric/EA/SeqId_10917_40.PHENO1.glm.linear	17	49208912	ARIC
SeqId_10924_258	CYB5D2	Q8WUJ1	/data/Dutta_lab/aric/EA/SeqId_10924_258.PHENO1.glm.linear	17	4143168	ARIC
SeqId_10933_107	CALN1	Q9BXU9	/data/Dutta_lab/aric/EA/SeqId_10933_107.PHENO1.glm.linear	7	71810495	ARIC
SeqId_10938_13	CD58	P19256	/data/Dutta_lab/aric/EA/SeqId_10938_13.PHENO1.glm.linear	1	116544590	ARIC
SeqId_10939_16	PLEKHA4	Q9H4M7	/data/Dutta_lab/aric/EA/SeqId_10939_16.PHENO1.glm.linear	19	48838314	ARIC
SeqId_10940_25	SRL	Q86TD4	/data/Dutta_lab/aric/EA/SeqId_10940_25.PHENO1.glm.linear	16	4239743	ARIC
SeqId_10945_11	STX6	O43752	/data/Dutta_lab/aric/EA/SeqId_10945_11.PHENO1.glm.linear	1	180988301	ARIC
SeqId_10948_14	PLD3	Q8IV08	/data/Dutta_lab/aric/EA/SeqId_10948_14.PHENO1.glm.linear	19	40348456	ARIC
SeqId_10949_59	RPLP2	P05387	/data/Dutta_lab/aric/EA/SeqId_10949_59.PHENO1.glm.linear	11	809965	ARIC
SeqId_10953_14	CLEC2A	Q6UVW9	/data/Dutta_lab/aric/EA/SeqId_10953_14.PHENO1.glm.linear	12	9932347	ARIC
SeqId_10955_4	CLEC10A	Q8IUN9	/data/Dutta_lab/aric/EA/SeqId_10955_4.PHENO1.glm.linear	17	7076804	ARIC
SeqId_10956_82	GCSH	P23434	/data/Dutta_lab/aric/EA/SeqId_10956_82.PHENO1.glm.linear	16	81090668	ARIC
SeqId_10959_125	BET1L	Q9NYM9	/data/Dutta_lab/aric/EA/SeqId_10959_125.PHENO1.glm.linear	11	207221	ARIC
SeqId_10961_15	RARRES3	Q9UL19	/data/Dutta_lab/aric/EA/SeqId_10961_15.PHENO1.glm.linear	11	63536808	ARIC
SeqId_10974_20	SPINK7	P58062	/data/Dutta_lab/aric/EA/SeqId_10974_20.PHENO1.glm.linear	5	148312419	ARIC
SeqId_10975_59	MUCL1	Q96DR8	/data/Dutta_lab/aric/EA/SeqId_10975_59.PHENO1.glm.linear	12	54830518	ARIC
SeqId_10977_55	UCMA	Q8WVF2	/data/Dutta_lab/aric/EA/SeqId_10977_55.PHENO1.glm.linear	10	13234334	ARIC
SeqId_10978_39	GH2	P01242	/data/Dutta_lab/aric/EA/SeqId_10978_39.PHENO1.glm.linear	17	63881842	ARIC
SeqId_10981_56	NRG3	P56975	/data/Dutta_lab/aric/EA/SeqId_10981_56.PHENO1.glm.linear	10	81875194	ARIC
SeqId_10990_21	LRRK2	Q5S007	/data/Dutta_lab/aric/EA/SeqId_10990_21.PHENO1.glm.linear	12	40196744	ARIC
SeqId_11067_13	BGLAP	P02818	/data/Dutta_lab/aric/EA/SeqId_11067_13.PHENO1.glm.linear	1	156242184	ARIC
SeqId_11071_1	IL5	P05113	/data/Dutta_lab/aric/EA/SeqId_11071_1.PHENO1.glm.linear	5	132543522	ARIC
SeqId_11094_104	CLC	Q05315	/data/Dutta_lab/aric/EA/SeqId_11094_104.PHENO1.glm.linear	19	39738029	ARIC
SeqId_11096_57	N6AMT1	Q9Y5N5	/data/Dutta_lab/aric/EA/SeqId_11096_57.PHENO1.glm.linear	21	28885367	ARIC
SeqId_11098_1	PDXK	O00764	/data/Dutta_lab/aric/EA/SeqId_11098_1.PHENO1.glm.linear	21	43719094	ARIC
SeqId_11101_18	TLR4	O00206	/data/Dutta_lab/aric/EA/SeqId_11101_18.PHENO1.glm.linear	9	117704175	ARIC
SeqId_11102_22	REG4	Q9BYZ8	/data/Dutta_lab/aric/EA/SeqId_11102_22.PHENO1.glm.linear	1	119808805	ARIC
SeqId_11103_24	HSPB1	P04792	/data/Dutta_lab/aric/EA/SeqId_11103_24.PHENO1.glm.linear	7	76302673	ARIC
SeqId_11104_13	CHI3L1	P36222	/data/Dutta_lab/aric/EA/SeqId_11104_13.PHENO1.glm.linear	1	203180133	ARIC
SeqId_11105_171	ENO1	P06733	/data/Dutta_lab/aric/EA/SeqId_11105_171.PHENO1.glm.linear	1	8871576	ARIC
SeqId_11107_25	TENM3	Q9P273	/data/Dutta_lab/aric/EA/SeqId_11107_25.PHENO1.glm.linear	4	182143987	ARIC
SeqId_11109_56	SVEP1	Q4LDE5	/data/Dutta_lab/aric/EA/SeqId_11109_56.PHENO1.glm.linear	9	110379378	ARIC
SeqId_11110_4	TMEM119	Q4V9L6	/data/Dutta_lab/aric/EA/SeqId_11110_4.PHENO1.glm.linear	12	108598008	ARIC
SeqId_11112_18	TMEM167A	Q8TBQ9	/data/Dutta_lab/aric/EA/SeqId_11112_18.PHENO1.glm.linear	5	83061975	ARIC
SeqId_11116_16	C11orf87	Q6NUJ2	/data/Dutta_lab/aric/EA/SeqId_11116_16.PHENO1.glm.linear	11	109422190	ARIC
SeqId_11117_2	SPATA20	Q8TB22	/data/Dutta_lab/aric/EA/SeqId_11117_2.PHENO1.glm.linear	17	50543058	ARIC
SeqId_11118_107	RAB17	Q9H0T7	/data/Dutta_lab/aric/EA/SeqId_11118_107.PHENO1.glm.linear	2	237575884	ARIC
SeqId_11120_49	NAT14	Q8WUY8	/data/Dutta_lab/aric/EA/SeqId_11120_49.PHENO1.glm.linear	19	55485188	ARIC
SeqId_11122_97	SPG21	Q9NZD8	/data/Dutta_lab/aric/EA/SeqId_11122_97.PHENO1.glm.linear	15	64981627	ARIC
SeqId_11126_102	TRIO	O75962	/data/Dutta_lab/aric/EA/SeqId_11126_102.PHENO1.glm.linear	5	14143342	ARIC
SeqId_11128_29	TMEM132C	Q8N3T6	/data/Dutta_lab/aric/EA/SeqId_11128_29.PHENO1.glm.linear	12	128267403	ARIC
SeqId_11130_158	CACNB4	O00305	/data/Dutta_lab/aric/EA/SeqId_11130_158.PHENO1.glm.linear	2	151854479	ARIC
SeqId_11134_30	MTRF1L	Q9UGC7	/data/Dutta_lab/aric/EA/SeqId_11134_30.PHENO1.glm.linear	6	152994642	ARIC
SeqId_11135_5	MRPL55	Q7Z7F7	/data/Dutta_lab/aric/EA/SeqId_11135_5.PHENO1.glm.linear	1	228108275	ARIC
SeqId_11137_43	CSF2RB	P32927	/data/Dutta_lab/aric/EA/SeqId_11137_43.PHENO1.glm.linear	22	36913628	ARIC
SeqId_11138_16	RUNX3	Q13761	/data/Dutta_lab/aric/EA/SeqId_11138_16.PHENO1.glm.linear	1	24928798	ARIC
SeqId_11140_56	COL1A1	P02452	/data/Dutta_lab/aric/EA/SeqId_11140_56.PHENO1.glm.linear	17	50187122	ARIC
SeqId_11142_11	ANGPTL1	O95841	/data/Dutta_lab/aric/EA/SeqId_11142_11.PHENO1.glm.linear	1	178869278	ARIC
SeqId_11143_32	OLFM3	Q96PB7	/data/Dutta_lab/aric/EA/SeqId_11143_32.PHENO1.glm.linear	1	101837029	ARIC
SeqId_11144_10	DEFB116	Q30KQ4	/data/Dutta_lab/aric/EA/SeqId_11144_10.PHENO1.glm.linear	20	31308585	ARIC
SeqId_11145_72	KIAA1549L	Q6ZVL6	/data/Dutta_lab/aric/EA/SeqId_11145_72.PHENO1.glm.linear	11	33376083	ARIC
SeqId_11147_17	TREML1	Q86YW5	/data/Dutta_lab/aric/EA/SeqId_11147_17.PHENO1.glm.linear	6	41151620	ARIC
SeqId_11149_3	TLR1	Q15399	/data/Dutta_lab/aric/EA/SeqId_11149_3.PHENO1.glm.linear	4	38794633	ARIC
SeqId_11152_46	KLK13	Q9UKR3	/data/Dutta_lab/aric/EA/SeqId_11152_46.PHENO1.glm.linear	19	51064884	ARIC
SeqId_11154_3	NFE2L1	Q14494	/data/Dutta_lab/aric/EA/SeqId_11154_3.PHENO1.glm.linear	17	48048329	ARIC
SeqId_11155_16	COL6A5	A8TX70	/data/Dutta_lab/aric/EA/SeqId_11155_16.PHENO1.glm.linear	3	130345516	ARIC
SeqId_11158_40	CCDC64	Q6ZP65	/data/Dutta_lab/aric/EA/SeqId_11158_40.PHENO1.glm.linear	12	119989869	ARIC
SeqId_11160_56	RNF122	Q9H9V4	/data/Dutta_lab/aric/EA/SeqId_11160_56.PHENO1.glm.linear	8	33567128	ARIC
SeqId_11161_5	SPG20	Q8N0X7	/data/Dutta_lab/aric/EA/SeqId_11161_5.PHENO1.glm.linear	13	36312411	ARIC
SeqId_11162_37	EQTN	Q9NQ60	/data/Dutta_lab/aric/EA/SeqId_11162_37.PHENO1.glm.linear	9	27296740	ARIC
SeqId_11163_7	FAM162B	Q5T6X4	/data/Dutta_lab/aric/EA/SeqId_11163_7.PHENO1.glm.linear	6	116765719	ARIC
SeqId_11164_7	TENM2	Q9NT68	/data/Dutta_lab/aric/EA/SeqId_11164_7.PHENO1.glm.linear	5	167284799	ARIC
SeqId_11168_3	MEGF10	Q96KG7	/data/Dutta_lab/aric/EA/SeqId_11168_3.PHENO1.glm.linear	5	127290796	ARIC
SeqId_11173_29	MILR1	Q7Z6M3	/data/Dutta_lab/aric/EA/SeqId_11173_29.PHENO1.glm.linear	17	64449037	ARIC
SeqId_11174_8	THSD7A	Q9UPZ6	/data/Dutta_lab/aric/EA/SeqId_11174_8.PHENO1.glm.linear	7	11379755	ARIC
SeqId_11175_45	LPCAT2	Q7L5N7	/data/Dutta_lab/aric/EA/SeqId_11175_45.PHENO1.glm.linear	16	55509072	ARIC
SeqId_11177_16	KRT5	P13647	/data/Dutta_lab/aric/EA/SeqId_11177_16.PHENO1.glm.linear	12	52516196	ARIC
SeqId_11178_21	SVEP1	Q4LDE5	/data/Dutta_lab/aric/EA/SeqId_11178_21.PHENO1.glm.linear	9	110379378	ARIC
SeqId_11179_7	TSSK1B	Q9BXA7	/data/Dutta_lab/aric/EA/SeqId_11179_7.PHENO1.glm.linear	5	113434989	ARIC
SeqId_11180_17	SMARCC1	Q92922	/data/Dutta_lab/aric/EA/SeqId_11180_17.PHENO1.glm.linear	3	47610798	ARIC
SeqId_11185_145	GCH1	P30793	/data/Dutta_lab/aric/EA/SeqId_11185_145.PHENO1.glm.linear	14	54902446	ARIC
SeqId_11186_12	TMEM52	Q8NDY8	/data/Dutta_lab/aric/EA/SeqId_11186_12.PHENO1.glm.linear	1	1918797	ARIC
SeqId_11187_11	CLEC12A	Q5QGZ9	/data/Dutta_lab/aric/EA/SeqId_11187_11.PHENO1.glm.linear	12	9951316	ARIC
SeqId_11190_129	YME1L1	Q96TA2	/data/Dutta_lab/aric/EA/SeqId_11190_129.PHENO1.glm.linear	10	27136337	ARIC
SeqId_11192_168	TINAGL1	Q9GZM7	/data/Dutta_lab/aric/EA/SeqId_11192_168.PHENO1.glm.linear	1	31576485	ARIC
SeqId_11193_27	HNF1A	P20823	/data/Dutta_lab/aric/EA/SeqId_11193_27.PHENO1.glm.linear	12	120978543	ARIC
SeqId_11194_6	SIT1	Q9Y3P8	/data/Dutta_lab/aric/EA/SeqId_11194_6.PHENO1.glm.linear	9	35650470	ARIC
SeqId_11196_31	COL6A3	P12111	/data/Dutta_lab/aric/EA/SeqId_11196_31.PHENO1.glm.linear	2	237330180	ARIC
SeqId_11198_37	CREB3L1	Q96BA8	/data/Dutta_lab/aric/EA/SeqId_11198_37.PHENO1.glm.linear	11	46277662	ARIC
SeqId_11201_19	PUS1	Q9Y606	/data/Dutta_lab/aric/EA/SeqId_11201_19.PHENO1.glm.linear	12	131929200	ARIC
SeqId_11202_70	TBX5	Q99593	/data/Dutta_lab/aric/EA/SeqId_11202_70.PHENO1.glm.linear	12	114403898	ARIC
SeqId_11204_80	CXADR	P78310	/data/Dutta_lab/aric/EA/SeqId_11204_80.PHENO1.glm.linear	21	17513043	ARIC
SeqId_11205_10	ITGB7	P26010	/data/Dutta_lab/aric/EA/SeqId_11205_10.PHENO1.glm.linear	12	53192488	ARIC
SeqId_11207_3	MSR1	P21757	/data/Dutta_lab/aric/EA/SeqId_11207_3.PHENO1.glm.linear	8	16164251	ARIC
SeqId_11208_15	NAGPA	Q9UK23	/data/Dutta_lab/aric/EA/SeqId_11208_15.PHENO1.glm.linear	16	5028403	ARIC
SeqId_11211_7	TBCE	Q15813	/data/Dutta_lab/aric/EA/SeqId_11211_7.PHENO1.glm.linear	1	235328570	ARIC
SeqId_11212_7	TXNDC5	Q8NBS9	/data/Dutta_lab/aric/EA/SeqId_11212_7.PHENO1.glm.linear	6	7888961	ARIC
SeqId_11214_40	DNAJB9	Q9UBS3	/data/Dutta_lab/aric/EA/SeqId_11214_40.PHENO1.glm.linear	7	108569867	ARIC
SeqId_11215_6	CDH15	P55291	/data/Dutta_lab/aric/EA/SeqId_11215_6.PHENO1.glm.linear	16	89171748	ARIC
SeqId_11217_16	CTBP1	Q13363	/data/Dutta_lab/aric/EA/SeqId_11217_16.PHENO1.glm.linear	4	1213050	ARIC
SeqId_11218_84	TPMT	P51580	/data/Dutta_lab/aric/EA/SeqId_11218_84.PHENO1.glm.linear	6	18155077	ARIC
SeqId_11219_95	FGFBP3	Q8TAT2	/data/Dutta_lab/aric/EA/SeqId_11219_95.PHENO1.glm.linear	10	91909486	ARIC
SeqId_11220_53	C10orf105	Q8TEF2	/data/Dutta_lab/aric/EA/SeqId_11220_53.PHENO1.glm.linear	10	71719778	ARIC
SeqId_11223_1	TMEM154	Q6P9G4	/data/Dutta_lab/aric/EA/SeqId_11223_1.PHENO1.glm.linear	4	152641425	ARIC
SeqId_11226_16	UBE3A	Q05086	/data/Dutta_lab/aric/EA/SeqId_11226_16.PHENO1.glm.linear	15	25346031	ARIC
SeqId_11227_31	TBL2	Q9Y4P3	/data/Dutta_lab/aric/EA/SeqId_11227_31.PHENO1.glm.linear	7	73571394	ARIC
SeqId_11228_37	RIC3	Q7Z5B4	/data/Dutta_lab/aric/EA/SeqId_11228_37.PHENO1.glm.linear	11	8138425	ARIC
SeqId_11229_16	ERN1	O75460	/data/Dutta_lab/aric/EA/SeqId_11229_16.PHENO1.glm.linear	17	64054767	ARIC
SeqId_11231_12	FDX1L	Q6P4F2	/data/Dutta_lab/aric/EA/SeqId_11231_12.PHENO1.glm.linear	19	10315795	ARIC
SeqId_11237_49	PCOLCE	Q15113	/data/Dutta_lab/aric/EA/SeqId_11237_49.PHENO1.glm.linear	7	100602363	ARIC
SeqId_11239_49	TMPRSS6	Q8IU80	/data/Dutta_lab/aric/EA/SeqId_11239_49.PHENO1.glm.linear	22	37084825	ARIC
SeqId_11241_8	ASL	P04424	/data/Dutta_lab/aric/EA/SeqId_11241_8.PHENO1.glm.linear	7	66075800	ARIC
SeqId_11242_33	TGM1	P22735	/data/Dutta_lab/aric/EA/SeqId_11242_33.PHENO1.glm.linear	14	24255056	ARIC
SeqId_11243_90	ADGRF1	Q5T601	/data/Dutta_lab/aric/EA/SeqId_11243_90.PHENO1.glm.linear	6	47001972	ARIC
SeqId_11247_20	NAGS	Q8N159	/data/Dutta_lab/aric/EA/SeqId_11247_20.PHENO1.glm.linear	17	44004622	ARIC
SeqId_11248_43	UROS	P10746	/data/Dutta_lab/aric/EA/SeqId_11248_43.PHENO1.glm.linear	10	125795227	ARIC
SeqId_11252_30	LRCH4	O75427	/data/Dutta_lab/aric/EA/SeqId_11252_30.PHENO1.glm.linear	7	100576943	ARIC
SeqId_11254_13	PAPLN	O95428	/data/Dutta_lab/aric/EA/SeqId_11254_13.PHENO1.glm.linear	14	73237497	ARIC
SeqId_11257_1	QDPR	P09417	/data/Dutta_lab/aric/EA/SeqId_11257_1.PHENO1.glm.linear	4	17492508	ARIC
SeqId_11258_41	MADCAM1	Q13477	/data/Dutta_lab/aric/EA/SeqId_11258_41.PHENO1.glm.linear	19	489176	ARIC
SeqId_11260_47	SUN5	Q8TC36	/data/Dutta_lab/aric/EA/SeqId_11260_47.PHENO1.glm.linear	20	33004307	ARIC
SeqId_11262_39	TRABD	Q9H4I3	/data/Dutta_lab/aric/EA/SeqId_11262_39.PHENO1.glm.linear	22	50185915	ARIC
SeqId_11263_57	CASQ1	P31415	/data/Dutta_lab/aric/EA/SeqId_11263_57.PHENO1.glm.linear	1	160190575	ARIC
SeqId_11264_33	XDH	P47989	/data/Dutta_lab/aric/EA/SeqId_11264_33.PHENO1.glm.linear	2	31384395	ARIC
SeqId_11265_8	ALDH1A1	P00352	/data/Dutta_lab/aric/EA/SeqId_11265_8.PHENO1.glm.linear	9	72952962	ARIC
SeqId_11266_8	SELPLG	Q14242	/data/Dutta_lab/aric/EA/SeqId_11266_8.PHENO1.glm.linear	12	108624330	ARIC
SeqId_11270_17	CHCHD10	Q8WYQ3	/data/Dutta_lab/aric/EA/SeqId_11270_17.PHENO1.glm.linear	22	23766464	ARIC
SeqId_11273_176	GSTT2B	P0CG30	/data/Dutta_lab/aric/EA/SeqId_11273_176.PHENO1.glm.linear	22	23961153	ARIC
SeqId_11275_94	LRP1B	Q9NZR2	/data/Dutta_lab/aric/EA/SeqId_11275_94.PHENO1.glm.linear	2	140297969	ARIC
SeqId_11277_23	ATF6	P18850	/data/Dutta_lab/aric/EA/SeqId_11277_23.PHENO1.glm.linear	1	161766320	ARIC
SeqId_11278_4	COL11A2	P13942	/data/Dutta_lab/aric/EA/SeqId_11278_4.PHENO1.glm.linear	6	33177893	ARIC
SeqId_11279_42	GABBR1	Q9UBS5	/data/Dutta_lab/aric/EA/SeqId_11279_42.PHENO1.glm.linear	6	29605149	ARIC
SeqId_11280_6	GAD1	Q99259	/data/Dutta_lab/aric/EA/SeqId_11280_6.PHENO1.glm.linear	2	170813213	ARIC
SeqId_11281_6	GRB7	Q14451	/data/Dutta_lab/aric/EA/SeqId_11281_6.PHENO1.glm.linear	17	39737927	ARIC
SeqId_11283_13	DCAF5	Q96JK2	/data/Dutta_lab/aric/EA/SeqId_11283_13.PHENO1.glm.linear	14	69118194	ARIC
SeqId_11284_24	LAIR1	Q6GTX8	/data/Dutta_lab/aric/EA/SeqId_11284_24.PHENO1.glm.linear	19	54357347	ARIC
SeqId_11286_78	VIMP	Q9BQE4	/data/Dutta_lab/aric/EA/SeqId_11286_78.PHENO1.glm.linear	15	101277287	ARIC
SeqId_11287_14	CYB5A	P00167	/data/Dutta_lab/aric/EA/SeqId_11287_14.PHENO1.glm.linear	18	74261177	ARIC
SeqId_11288_26	NT5C2	P49902	/data/Dutta_lab/aric/EA/SeqId_11288_26.PHENO1.glm.linear	10	103094368	ARIC
SeqId_11289_31	CSNK1D	P48730	/data/Dutta_lab/aric/EA/SeqId_11289_31.PHENO1.glm.linear	17	82245113	ARIC
SeqId_11292_13	SCARA3	Q6AZY7	/data/Dutta_lab/aric/EA/SeqId_11292_13.PHENO1.glm.linear	8	27633868	ARIC
SeqId_11293_14	LRRN1	Q6UXK5	/data/Dutta_lab/aric/EA/SeqId_11293_14.PHENO1.glm.linear	3	3799431	ARIC
SeqId_11297_54	NOTCH2	Q04721	/data/Dutta_lab/aric/EA/SeqId_11297_54.PHENO1.glm.linear	1	119923905	ARIC
SeqId_11300_32	SORT1	Q99523	/data/Dutta_lab/aric/EA/SeqId_11300_32.PHENO1.glm.linear	1	109316927	ARIC
SeqId_11302_237	TNR	Q92752	/data/Dutta_lab/aric/EA/SeqId_11302_237.PHENO1.glm.linear	1	175406364	ARIC
SeqId_11303_7	SAMHD1	Q9Y3Z3	/data/Dutta_lab/aric/EA/SeqId_11303_7.PHENO1.glm.linear	20	36893066	ARIC
SeqId_11307_33	WWP1	Q9H0M0	/data/Dutta_lab/aric/EA/SeqId_11307_33.PHENO1.glm.linear	8	86342547	ARIC
SeqId_11308_8	CREB3L4	Q8TEY5	/data/Dutta_lab/aric/EA/SeqId_11308_8.PHENO1.glm.linear	1	153967534	ARIC
SeqId_11311_79	RAG1	P15918	/data/Dutta_lab/aric/EA/SeqId_11311_79.PHENO1.glm.linear	11	36510709	ARIC
SeqId_11312_40	PMS2	P54278	/data/Dutta_lab/aric/EA/SeqId_11312_40.PHENO1.glm.linear	7	6004006	ARIC
SeqId_11313_100	PCBD1	P61457	/data/Dutta_lab/aric/EA/SeqId_11313_100.PHENO1.glm.linear	10	70885899	ARIC
SeqId_11315_148	PPM1D	O15297	/data/Dutta_lab/aric/EA/SeqId_11315_148.PHENO1.glm.linear	17	60600183	ARIC
SeqId_11319_106	MRE11A	P49959	/data/Dutta_lab/aric/EA/SeqId_11319_106.PHENO1.glm.linear	11	94447300	ARIC
SeqId_11320_29	CHFR	Q96EP1	/data/Dutta_lab/aric/EA/SeqId_11320_29.PHENO1.glm.linear	12	132847802	ARIC
SeqId_11324_3	PXDNL	A1KZ92	/data/Dutta_lab/aric/EA/SeqId_11324_3.PHENO1.glm.linear	8	51340185	ARIC
SeqId_11325_8	BTG2	P78543	/data/Dutta_lab/aric/EA/SeqId_11325_8.PHENO1.glm.linear	1	203305491	ARIC
SeqId_11327_56	CLK2	P49760	/data/Dutta_lab/aric/EA/SeqId_11327_56.PHENO1.glm.linear	1	155269363	ARIC
SeqId_11328_9	USB1	Q9BQ65	/data/Dutta_lab/aric/EA/SeqId_11328_9.PHENO1.glm.linear	16	57999546	ARIC
SeqId_11330_15	CSNK2B	P67870	/data/Dutta_lab/aric/EA/SeqId_11330_15.PHENO1.glm.linear	6	31665236	ARIC
SeqId_11333_82	ARHGAP25	P42331	/data/Dutta_lab/aric/EA/SeqId_11333_82.PHENO1.glm.linear	2	68679601	ARIC
SeqId_11334_7	LILRB3	O75022	/data/Dutta_lab/aric/EA/SeqId_11334_7.PHENO1.glm.linear	19	54217698	ARIC
SeqId_11336_9	FANCF	Q9NPI8	/data/Dutta_lab/aric/EA/SeqId_11336_9.PHENO1.glm.linear	11	22625823	ARIC
SeqId_11338_49	BLK	P51451	/data/Dutta_lab/aric/EA/SeqId_11338_49.PHENO1.glm.linear	8	11486894	ARIC
SeqId_11342_59	PLXDC2	Q6UX71	/data/Dutta_lab/aric/EA/SeqId_11342_59.PHENO1.glm.linear	10	19816239	ARIC
SeqId_11347_9	TALDO1	P37837	/data/Dutta_lab/aric/EA/SeqId_11347_9.PHENO1.glm.linear	11	747415	ARIC
SeqId_11348_132	P4HA2	O15460	/data/Dutta_lab/aric/EA/SeqId_11348_132.PHENO1.glm.linear	5	132193568	ARIC
SeqId_11350_30	STUB1	Q9UNE7	/data/Dutta_lab/aric/EA/SeqId_11350_30.PHENO1.glm.linear	16	680224	ARIC
SeqId_11351_233	NHEJ1	Q9H9Q4	/data/Dutta_lab/aric/EA/SeqId_11351_233.PHENO1.glm.linear	2	219124764	ARIC
SeqId_11352_42	TTN	Q8WZ42	/data/Dutta_lab/aric/EA/SeqId_11352_42.PHENO1.glm.linear	2	178651516	ARIC
SeqId_11354_21	PLCB1	Q9NQ66	/data/Dutta_lab/aric/EA/SeqId_11354_21.PHENO1.glm.linear	20	8077251	ARIC
SeqId_11355_10	EIF5A2	Q9GZV4	/data/Dutta_lab/aric/EA/SeqId_11355_10.PHENO1.glm.linear	3	170908598	ARIC
SeqId_11356_19	DGCR14	Q96DF8	/data/Dutta_lab/aric/EA/SeqId_11356_19.PHENO1.glm.linear	22	19144633	ARIC
SeqId_11358_15	GRB10	Q13322	/data/Dutta_lab/aric/EA/SeqId_11358_15.PHENO1.glm.linear	7	50595840	ARIC
SeqId_11360_39	RRM1	P23921	/data/Dutta_lab/aric/EA/SeqId_11360_39.PHENO1.glm.linear	11	4094707	ARIC
SeqId_11361_73	TYMP	P19971	/data/Dutta_lab/aric/EA/SeqId_11361_73.PHENO1.glm.linear	22	50526337	ARIC
SeqId_11363_58	AQP4	P55087	/data/Dutta_lab/aric/EA/SeqId_11363_58.PHENO1.glm.linear	18	26862176	ARIC
SeqId_11364_18	MFN1	Q8IWA4	/data/Dutta_lab/aric/EA/SeqId_11364_18.PHENO1.glm.linear	3	179347709	ARIC
SeqId_11365_17	TENM4	Q6N022	/data/Dutta_lab/aric/EA/SeqId_11365_17.PHENO1.glm.linear	11	78702004	ARIC
SeqId_11368_32	AK2	P54819	/data/Dutta_lab/aric/EA/SeqId_11368_32.PHENO1.glm.linear	1	33012357	ARIC
SeqId_11369_23	ADH5	P11766	/data/Dutta_lab/aric/EA/SeqId_11369_23.PHENO1.glm.linear	4	99080023	ARIC
SeqId_11370_20	INPP5E	Q9NRR6	/data/Dutta_lab/aric/EA/SeqId_11370_20.PHENO1.glm.linear	9	136439823	ARIC
SeqId_11372_2	ZNF18	P17022	/data/Dutta_lab/aric/EA/SeqId_11372_2.PHENO1.glm.linear	17	11991013	ARIC
SeqId_11375_49	FOXL2	P58012	/data/Dutta_lab/aric/EA/SeqId_11375_49.PHENO1.glm.linear	3	138947137	ARIC
SeqId_11377_19	ADH7	P40394	/data/Dutta_lab/aric/EA/SeqId_11377_19.PHENO1.glm.linear	4	99415874	ARIC
SeqId_11378_37	SYK	P43405	/data/Dutta_lab/aric/EA/SeqId_11378_37.PHENO1.glm.linear	9	90801787	ARIC
SeqId_11380_84	RBM24	Q9BX46	/data/Dutta_lab/aric/EA/SeqId_11380_84.PHENO1.glm.linear	6	17281361	ARIC
SeqId_11382_5	BLVRA	P53004	/data/Dutta_lab/aric/EA/SeqId_11382_5.PHENO1.glm.linear	7	43758680	ARIC
SeqId_11383_41	KRT7	P08729	/data/Dutta_lab/aric/EA/SeqId_11383_41.PHENO1.glm.linear	12	52232520	ARIC
SeqId_11387_3	ATF6B	Q99941	/data/Dutta_lab/aric/EA/SeqId_11387_3.PHENO1.glm.linear	6	32120019	ARIC
SeqId_11388_75	WFDC2	Q14508	/data/Dutta_lab/aric/EA/SeqId_11388_75.PHENO1.glm.linear	20	45469753	ARIC
SeqId_11390_24	CA8	P35219	/data/Dutta_lab/aric/EA/SeqId_11390_24.PHENO1.glm.linear	8	60232673	ARIC
SeqId_11391_69	MVK	Q03426	/data/Dutta_lab/aric/EA/SeqId_11391_69.PHENO1.glm.linear	12	109573255	ARIC
SeqId_11395_5	PTK2B	Q14289	/data/Dutta_lab/aric/EA/SeqId_11395_5.PHENO1.glm.linear	8	27311482	ARIC
SeqId_11396_39	DNAI1	Q9UI46	/data/Dutta_lab/aric/EA/SeqId_11396_39.PHENO1.glm.linear	9	34457414	ARIC
SeqId_11401_181	RNF146	Q9NTX7	/data/Dutta_lab/aric/EA/SeqId_11401_181.PHENO1.glm.linear	6	127266610	ARIC
SeqId_11402_17	KMT2C	Q8NEZ4	/data/Dutta_lab/aric/EA/SeqId_11402_17.PHENO1.glm.linear	7	152155005	ARIC
SeqId_11405_150	CARD9	Q9H257	/data/Dutta_lab/aric/EA/SeqId_11405_150.PHENO1.glm.linear	9	136367630	ARIC
SeqId_11406_82	ACAD8	Q9UKU7	/data/Dutta_lab/aric/EA/SeqId_11406_82.PHENO1.glm.linear	11	134253495	ARIC
SeqId_11407_57	PLSCR3	Q9NRY6	/data/Dutta_lab/aric/EA/SeqId_11407_57.PHENO1.glm.linear	17	7393482	ARIC
SeqId_11416_23	FBXL4	Q9UKA2	/data/Dutta_lab/aric/EA/SeqId_11416_23.PHENO1.glm.linear	6	98947946	ARIC
SeqId_11421_10	EHD4	Q9H223	/data/Dutta_lab/aric/EA/SeqId_11421_10.PHENO1.glm.linear	15	41972552	ARIC
SeqId_11422_2	DLX3	O60479	/data/Dutta_lab/aric/EA/SeqId_11422_2.PHENO1.glm.linear	17	49993703	ARIC
SeqId_11424_4	FAH	P16930	/data/Dutta_lab/aric/EA/SeqId_11424_4.PHENO1.glm.linear	15	80152490	ARIC
SeqId_11425_31	RUFY1	Q96T51	/data/Dutta_lab/aric/EA/SeqId_11425_31.PHENO1.glm.linear	5	179550554	ARIC
SeqId_11428_31	PDLIM1	O00151	/data/Dutta_lab/aric/EA/SeqId_11428_31.PHENO1.glm.linear	10	95238848	ARIC
SeqId_11429_80	HNRNPC	P07910	/data/Dutta_lab/aric/EA/SeqId_11429_80.PHENO1.glm.linear	14	21212002	ARIC
SeqId_11430_49	DTX1	Q86Y01	/data/Dutta_lab/aric/EA/SeqId_11430_49.PHENO1.glm.linear	12	113056709	ARIC
SeqId_11431_235	RECQL	P46063	/data/Dutta_lab/aric/EA/SeqId_11431_235.PHENO1.glm.linear	12	21501551	ARIC
SeqId_11433_11	TCTN2	Q96GX1	/data/Dutta_lab/aric/EA/SeqId_11433_11.PHENO1.glm.linear	12	123671113	ARIC
SeqId_11436_6	INA	Q16352	/data/Dutta_lab/aric/EA/SeqId_11436_6.PHENO1.glm.linear	10	103277138	ARIC
SeqId_11438_6	DNAJB2	P25686	/data/Dutta_lab/aric/EA/SeqId_11438_6.PHENO1.glm.linear	2	219279267	ARIC
SeqId_11439_88	RHPN2	Q8IUC4	/data/Dutta_lab/aric/EA/SeqId_11439_88.PHENO1.glm.linear	19	32990772	ARIC
SeqId_11440_58	SOCS3	O14543	/data/Dutta_lab/aric/EA/SeqId_11440_58.PHENO1.glm.linear	17	78360074	ARIC
SeqId_11441_11	PYGL	P06737	/data/Dutta_lab/aric/EA/SeqId_11441_11.PHENO1.glm.linear	14	50911871	ARIC
SeqId_11442_1	DNER	Q8NFT8	/data/Dutta_lab/aric/EA/SeqId_11442_1.PHENO1.glm.linear	2	229587177	ARIC
SeqId_11444_49	POLR3F	Q9H1D9	/data/Dutta_lab/aric/EA/SeqId_11444_49.PHENO1.glm.linear	20	18467389	ARIC
SeqId_11448_34	GALK1	P51570	/data/Dutta_lab/aric/EA/SeqId_11448_34.PHENO1.glm.linear	17	75758518	ARIC
SeqId_11449_22	CAPZA1	P52907	/data/Dutta_lab/aric/EA/SeqId_11449_22.PHENO1.glm.linear	1	112619805	ARIC
SeqId_11454_87	EIF3G	O75821	/data/Dutta_lab/aric/EA/SeqId_11454_87.PHENO1.glm.linear	19	10116688	ARIC
SeqId_11457_53	GALE	Q14376	/data/Dutta_lab/aric/EA/SeqId_11457_53.PHENO1.glm.linear	1	23796942	ARIC
SeqId_11458_30	PCBP1	Q15365	/data/Dutta_lab/aric/EA/SeqId_11458_30.PHENO1.glm.linear	2	70087477	ARIC
SeqId_11459_81	ELL	P55199	/data/Dutta_lab/aric/EA/SeqId_11459_81.PHENO1.glm.linear	19	18445399	ARIC
SeqId_11462_8	RBFOX2	O43251	/data/Dutta_lab/aric/EA/SeqId_11462_8.PHENO1.glm.linear	22	35748632	ARIC
SeqId_11464_9	RELB	Q01201	/data/Dutta_lab/aric/EA/SeqId_11464_9.PHENO1.glm.linear	19	45001449	ARIC
SeqId_11465_4	GPR135	Q8IZ08	/data/Dutta_lab/aric/EA/SeqId_11465_4.PHENO1.glm.linear	14	59465341	ARIC
SeqId_11468_15	RBM19	Q9Y4C8	/data/Dutta_lab/aric/EA/SeqId_11468_15.PHENO1.glm.linear	12	113818179	ARIC
SeqId_11476_43	VPS4A	Q9UN37	/data/Dutta_lab/aric/EA/SeqId_11476_43.PHENO1.glm.linear	16	69311350	ARIC
SeqId_11480_1	ALDH3A1	P30838	/data/Dutta_lab/aric/EA/SeqId_11480_1.PHENO1.glm.linear	17	19741356	ARIC
SeqId_11481_25	HAVCR2	Q8TDQ0	/data/Dutta_lab/aric/EA/SeqId_11481_25.PHENO1.glm.linear	5	157107283	ARIC
SeqId_11486_26	ZNF174	Q15697	/data/Dutta_lab/aric/EA/SeqId_11486_26.PHENO1.glm.linear	16	3401215	ARIC
SeqId_11493_169	DYNLL2	Q96FJ2	/data/Dutta_lab/aric/EA/SeqId_11493_169.PHENO1.glm.linear	17	58083419	ARIC
SeqId_11494_4	ELL2	O00472	/data/Dutta_lab/aric/EA/SeqId_11494_4.PHENO1.glm.linear	5	95898317	ARIC
SeqId_11510_31	APOL1	O14791	/data/Dutta_lab/aric/EA/SeqId_11510_31.PHENO1.glm.linear	22	36253010	ARIC
SeqId_11513_92	CD38	P28907	/data/Dutta_lab/aric/EA/SeqId_11513_92.PHENO1.glm.linear	4	15778275	ARIC
SeqId_11514_196	CD59	P13987	/data/Dutta_lab/aric/EA/SeqId_11514_196.PHENO1.glm.linear	11	33717437	ARIC
SeqId_11516_7	FABP1	P07148	/data/Dutta_lab/aric/EA/SeqId_11516_7.PHENO1.glm.linear	2	88128041	ARIC
SeqId_11530_37	HMBS	P08397	/data/Dutta_lab/aric/EA/SeqId_11530_37.PHENO1.glm.linear	11	119084866	ARIC
SeqId_11531_24	C10orf54	Q9H7M9	/data/Dutta_lab/aric/EA/SeqId_11531_24.PHENO1.glm.linear	10	71757630	ARIC
SeqId_11534_6	LRIT3	Q3SXY7	/data/Dutta_lab/aric/EA/SeqId_11534_6.PHENO1.glm.linear	4	109848107	ARIC
SeqId_11536_9	MYSM1	Q5VVJ2	/data/Dutta_lab/aric/EA/SeqId_11536_9.PHENO1.glm.linear	1	58668483	ARIC
SeqId_11537_12	TFR2	Q9UP52	/data/Dutta_lab/aric/EA/SeqId_11537_12.PHENO1.glm.linear	7	100627604	ARIC
SeqId_11538_216	MLYCD	O95822	/data/Dutta_lab/aric/EA/SeqId_11538_216.PHENO1.glm.linear	16	83899115	ARIC
SeqId_11539_4	ATP5J2	P56134	/data/Dutta_lab/aric/EA/SeqId_11539_4.PHENO1.glm.linear	7	99460465	ARIC
SeqId_11540_37	FOXO3	O43524	/data/Dutta_lab/aric/EA/SeqId_11540_37.PHENO1.glm.linear	6	108559835	ARIC
SeqId_11542_11	TMEM230	Q96A57	/data/Dutta_lab/aric/EA/SeqId_11542_11.PHENO1.glm.linear	20	5112753	ARIC
SeqId_11543_84	LIMA1	Q9UHB6	/data/Dutta_lab/aric/EA/SeqId_11543_84.PHENO1.glm.linear	12	50182179	ARIC
SeqId_11544_39	PHF3	Q92576	/data/Dutta_lab/aric/EA/SeqId_11544_39.PHENO1.glm.linear	6	63635820	ARIC
SeqId_11546_7	CYGB	Q8WWM9	/data/Dutta_lab/aric/EA/SeqId_11546_7.PHENO1.glm.linear	17	76528993	ARIC
SeqId_11547_84	MUSK	O15146	/data/Dutta_lab/aric/EA/SeqId_11547_84.PHENO1.glm.linear	9	110668779	ARIC
SeqId_11548_84	CDC25A	P30304	/data/Dutta_lab/aric/EA/SeqId_11548_84.PHENO1.glm.linear	3	48174753	ARIC
SeqId_11549_6	ISL1	P61371	/data/Dutta_lab/aric/EA/SeqId_11549_6.PHENO1.glm.linear	5	51383448	ARIC
SeqId_11551_16	HMG20B	Q9P0W2	/data/Dutta_lab/aric/EA/SeqId_11551_16.PHENO1.glm.linear	19	3572777	ARIC
SeqId_11556_19	ARFGAP1	Q8N6T3	/data/Dutta_lab/aric/EA/SeqId_11556_19.PHENO1.glm.linear	20	63272785	ARIC
SeqId_11557_3	SMURF1	Q9HCE7	/data/Dutta_lab/aric/EA/SeqId_11557_3.PHENO1.glm.linear	7	99081427	ARIC
SeqId_11560_76	NFATC4	Q14934	/data/Dutta_lab/aric/EA/SeqId_11560_76.PHENO1.glm.linear	14	24365673	ARIC
SeqId_11562_9	POLE2	P56282	/data/Dutta_lab/aric/EA/SeqId_11562_9.PHENO1.glm.linear	14	49647360	ARIC
SeqId_11565_58	ZNF23	P17027	/data/Dutta_lab/aric/EA/SeqId_11565_58.PHENO1.glm.linear	16	71452649	ARIC
SeqId_11566_48	KRT72	Q14CN4	/data/Dutta_lab/aric/EA/SeqId_11566_48.PHENO1.glm.linear	12	52601409	ARIC
SeqId_11567_23	ZNF10	P21506	/data/Dutta_lab/aric/EA/SeqId_11567_23.PHENO1.glm.linear	12	133130575	ARIC
SeqId_11568_2	FKBP1B	P68106	/data/Dutta_lab/aric/EA/SeqId_11568_2.PHENO1.glm.linear	2	24049701	ARIC
SeqId_11570_94	BCAP29	Q9UHQ4	/data/Dutta_lab/aric/EA/SeqId_11570_94.PHENO1.glm.linear	7	107579977	ARIC
SeqId_11571_75	KLRC3	Q07444	/data/Dutta_lab/aric/EA/SeqId_11571_75.PHENO1.glm.linear	12	10420550	ARIC
SeqId_11572_4	DNM2	P50570	/data/Dutta_lab/aric/EA/SeqId_11572_4.PHENO1.glm.linear	19	10718079	ARIC
SeqId_11573_3	SRSF6	Q13247	/data/Dutta_lab/aric/EA/SeqId_11573_3.PHENO1.glm.linear	20	43457893	ARIC
SeqId_11582_63	DNAJA2	O60884	/data/Dutta_lab/aric/EA/SeqId_11582_63.PHENO1.glm.linear	16	46959611	ARIC
SeqId_11587_5	MGA	Q8IWI9	/data/Dutta_lab/aric/EA/SeqId_11587_5.PHENO1.glm.linear	15	41621224	ARIC
SeqId_11590_5	RBM23	Q86U06	/data/Dutta_lab/aric/EA/SeqId_11590_5.PHENO1.glm.linear	14	22902241	ARIC
SeqId_11591_43	PRC1	O43663	/data/Dutta_lab/aric/EA/SeqId_11591_43.PHENO1.glm.linear	15	90970427	ARIC
SeqId_11592_1	ELAVL1	Q15717	/data/Dutta_lab/aric/EA/SeqId_11592_1.PHENO1.glm.linear	19	7973785	ARIC
SeqId_11593_21	CXCL9	Q07325	/data/Dutta_lab/aric/EA/SeqId_11593_21.PHENO1.glm.linear	4	76007509	ARIC
SeqId_11601_26	DHX8	Q14562	/data/Dutta_lab/aric/EA/SeqId_11601_26.PHENO1.glm.linear	17	43483865	ARIC
SeqId_11606_22	DNAJB6	O75190	/data/Dutta_lab/aric/EA/SeqId_11606_22.PHENO1.glm.linear	7	157335381	ARIC
SeqId_11607_15	BRD1	O95696	/data/Dutta_lab/aric/EA/SeqId_11607_15.PHENO1.glm.linear	22	49776115	ARIC
SeqId_11608_5	MAP1LC3B	Q9GZQ8	/data/Dutta_lab/aric/EA/SeqId_11608_5.PHENO1.glm.linear	16	87383953	ARIC
SeqId_11614_29	ERH	P84090	/data/Dutta_lab/aric/EA/SeqId_11614_29.PHENO1.glm.linear	14	69394926	ARIC
SeqId_11615_16	DAPP1	Q9UN19	/data/Dutta_lab/aric/EA/SeqId_11615_16.PHENO1.glm.linear	4	99816827	ARIC
SeqId_11616_9	HSF1	Q00613	/data/Dutta_lab/aric/EA/SeqId_11616_9.PHENO1.glm.linear	8	144291591	ARIC
SeqId_11617_1	ITGAL	P20701	/data/Dutta_lab/aric/EA/SeqId_11617_1.PHENO1.glm.linear	16	30472719	ARIC
SeqId_11618_83	MYB	P10242	/data/Dutta_lab/aric/EA/SeqId_11618_83.PHENO1.glm.linear	6	135181308	ARIC
SeqId_11626_7	UBE2V1	Q13404	/data/Dutta_lab/aric/EA/SeqId_11626_7.PHENO1.glm.linear	20	50084751	ARIC
SeqId_11633_89	AHSA1	O95433	/data/Dutta_lab/aric/EA/SeqId_11633_89.PHENO1.glm.linear	14	77457870	ARIC
SeqId_11634_32	RGS10	O43665	/data/Dutta_lab/aric/EA/SeqId_11634_32.PHENO1.glm.linear	10	119516488	ARIC
SeqId_11636_33	TAGLN2	P37802	/data/Dutta_lab/aric/EA/SeqId_11636_33.PHENO1.glm.linear	1	159923717	ARIC
SeqId_11638_42	B3GALT2	O43825	/data/Dutta_lab/aric/EA/SeqId_11638_42.PHENO1.glm.linear	1	193186613	ARIC
SeqId_11643_73	DTX3L	Q8TDB6	/data/Dutta_lab/aric/EA/SeqId_11643_73.PHENO1.glm.linear	3	122564338	ARIC
SeqId_11645_9	P4HA1	P13674	/data/Dutta_lab/aric/EA/SeqId_11645_9.PHENO1.glm.linear	10	73016861	ARIC
SeqId_11646_4	CHST9	Q7L1S5	/data/Dutta_lab/aric/EA/SeqId_11646_4.PHENO1.glm.linear	18	27143038	ARIC
SeqId_11647_6	FZD10	Q9ULW2	/data/Dutta_lab/aric/EA/SeqId_11647_6.PHENO1.glm.linear	12	130162459	ARIC
SeqId_11649_3	SMAP1	Q8IYB5	/data/Dutta_lab/aric/EA/SeqId_11649_3.PHENO1.glm.linear	6	70667776	ARIC
SeqId_11653_69	SLC6A9	P48067	/data/Dutta_lab/aric/EA/SeqId_11653_69.PHENO1.glm.linear	1	44016556	ARIC
SeqId_11654_77	NRSN1	Q8IZ57	/data/Dutta_lab/aric/EA/SeqId_11654_77.PHENO1.glm.linear	6	24126186	ARIC
SeqId_11656_110	EVL	Q9UI08	/data/Dutta_lab/aric/EA/SeqId_11656_110.PHENO1.glm.linear	14	99971449	ARIC
SeqId_11657_86	SOCS7	O14512	/data/Dutta_lab/aric/EA/SeqId_11657_86.PHENO1.glm.linear	17	38351844	ARIC
SeqId_11659_31	CLINT1	Q14677	/data/Dutta_lab/aric/EA/SeqId_11659_31.PHENO1.glm.linear	5	157790561	ARIC
SeqId_11661_11	NLRP1	Q9C000	/data/Dutta_lab/aric/EA/SeqId_11661_11.PHENO1.glm.linear	17	5502963	ARIC
SeqId_11664_32	ARFGAP2	Q8N6H7	/data/Dutta_lab/aric/EA/SeqId_11664_32.PHENO1.glm.linear	11	47168503	ARIC
SeqId_11666_72	RGS8	P57771	/data/Dutta_lab/aric/EA/SeqId_11666_72.PHENO1.glm.linear	1	182671853	ARIC
SeqId_11667_29	TNS2	Q63HR2	/data/Dutta_lab/aric/EA/SeqId_11667_29.PHENO1.glm.linear	12	53046969	ARIC
SeqId_11669_39	SLCO5A1	Q9H2Y9	/data/Dutta_lab/aric/EA/SeqId_11669_39.PHENO1.glm.linear	8	69832715	ARIC
SeqId_11671_19	BRPF1	P55201	/data/Dutta_lab/aric/EA/SeqId_11671_19.PHENO1.glm.linear	3	9731729	ARIC
SeqId_11672_17	KIF16B	Q96L93	/data/Dutta_lab/aric/EA/SeqId_11672_17.PHENO1.glm.linear	20	16370636	ARIC
SeqId_11677_17	ZDHHC14	Q8IZN3	/data/Dutta_lab/aric/EA/SeqId_11677_17.PHENO1.glm.linear	6	157381133	ARIC
SeqId_11678_105	GJD2	Q9UKL4	/data/Dutta_lab/aric/EA/SeqId_11678_105.PHENO1.glm.linear	15	34754998	ARIC
SeqId_11681_8	AGFG1	P52594	/data/Dutta_lab/aric/EA/SeqId_11681_8.PHENO1.glm.linear	2	227472152	ARIC
SeqId_11683_19	GGA3	Q9NZ52	/data/Dutta_lab/aric/EA/SeqId_11683_19.PHENO1.glm.linear	17	75238985	ARIC
SeqId_11690_47	ANAPC7	Q9UJX3	/data/Dutta_lab/aric/EA/SeqId_11690_47.PHENO1.glm.linear	12	110377901	ARIC
SeqId_11692_21	SHC4	Q6S5L8	/data/Dutta_lab/aric/EA/SeqId_11692_21.PHENO1.glm.linear	15	48877281	ARIC
SeqId_11696_7	CRABP2	P29373	/data/Dutta_lab/aric/EA/SeqId_11696_7.PHENO1.glm.linear	1	156705583	ARIC
SeqId_11699_16	PTP4A2	Q12974	/data/Dutta_lab/aric/EA/SeqId_11699_16.PHENO1.glm.linear	1	31911280	ARIC
SeqId_11708_2	LCN1	P31025	/data/Dutta_lab/aric/EA/SeqId_11708_2.PHENO1.glm.linear	9	135521438	ARIC
SeqId_11709_29	CPT1B	Q92523	/data/Dutta_lab/aric/EA/SeqId_11709_29.PHENO1.glm.linear	22	50572297	ARIC
SeqId_11715_1	POU2F1	P14859	/data/Dutta_lab/aric/EA/SeqId_11715_1.PHENO1.glm.linear	1	167220876	ARIC
SeqId_11716_28	LRIT2	A6NDA9	/data/Dutta_lab/aric/EA/SeqId_11716_28.PHENO1.glm.linear	10	84225544	ARIC
SeqId_11816_84	JAK2	O60674	/data/Dutta_lab/aric/EA/SeqId_11816_84.PHENO1.glm.linear	9	4984390	ARIC
SeqId_11825_27	PPARGC1A	Q9UBK2	/data/Dutta_lab/aric/EA/SeqId_11825_27.PHENO1.glm.linear	4	23829671	ARIC
SeqId_11827_7	RORC	P51449	/data/Dutta_lab/aric/EA/SeqId_11827_7.PHENO1.glm.linear	1	151814789	ARIC
SeqId_11837_7	TNFRSF18	Q9Y5U5	/data/Dutta_lab/aric/EA/SeqId_11837_7.PHENO1.glm.linear	1	1205680	ARIC
SeqId_11838_130	PIEZO1	Q92508	/data/Dutta_lab/aric/EA/SeqId_11838_130.PHENO1.glm.linear	16	88716212	ARIC
SeqId_11872_9	PCDHGB1	Q9Y5G3	/data/Dutta_lab/aric/EA/SeqId_11872_9.PHENO1.glm.linear	5	141350102	ARIC
SeqId_11910_27	DLX4	Q92988	/data/Dutta_lab/aric/EA/SeqId_11910_27.PHENO1.glm.linear	17	49968970	ARIC
SeqId_11911_13	LRRC4B	Q9NT99	/data/Dutta_lab/aric/EA/SeqId_11911_13.PHENO1.glm.linear	19	50551042	ARIC
SeqId_11926_23	AAGAB	Q6PD74	/data/Dutta_lab/aric/EA/SeqId_11926_23.PHENO1.glm.linear	15	67221202	ARIC
SeqId_11934_9	INTS3	Q68E01	/data/Dutta_lab/aric/EA/SeqId_11934_9.PHENO1.glm.linear	1	153728050	ARIC
SeqId_11952_1	IGDCC3	Q8IVU1	/data/Dutta_lab/aric/EA/SeqId_11952_1.PHENO1.glm.linear	15	65334641	ARIC
SeqId_11955_1	ARHGAP1	Q07960	/data/Dutta_lab/aric/EA/SeqId_11955_1.PHENO1.glm.linear	11	46681516	ARIC
SeqId_11967_23	CRABP1	P29762	/data/Dutta_lab/aric/EA/SeqId_11967_23.PHENO1.glm.linear	15	78340353	ARIC
SeqId_11969_5	S100A2	P29034	/data/Dutta_lab/aric/EA/SeqId_11969_5.PHENO1.glm.linear	1	153563874	ARIC
SeqId_11988_24	PTPRH	Q9HD43	/data/Dutta_lab/aric/EA/SeqId_11988_24.PHENO1.glm.linear	19	55207239	ARIC
SeqId_11989_35	EMC1	Q8N766	/data/Dutta_lab/aric/EA/SeqId_11989_35.PHENO1.glm.linear	1	19221205	ARIC
SeqId_12001_7	TJP1	Q07157	/data/Dutta_lab/aric/EA/SeqId_12001_7.PHENO1.glm.linear	15	29708822	ARIC
SeqId_12014_19	PTS	Q03393	/data/Dutta_lab/aric/EA/SeqId_12014_19.PHENO1.glm.linear	11	112226367	ARIC
SeqId_12016_60	CBL	P22681	/data/Dutta_lab/aric/EA/SeqId_12016_60.PHENO1.glm.linear	11	119206298	ARIC
SeqId_12018_84	TPK1	Q9H3S4	/data/Dutta_lab/aric/EA/SeqId_12018_84.PHENO1.glm.linear	7	144646114	ARIC
SeqId_12020_39	BPGM	P07738	/data/Dutta_lab/aric/EA/SeqId_12020_39.PHENO1.glm.linear	7	134646811	ARIC
SeqId_12022_12	SMAD4	Q13485	/data/Dutta_lab/aric/EA/SeqId_12022_12.PHENO1.glm.linear	18	51028394	ARIC
SeqId_12030_82	DES	P17661	/data/Dutta_lab/aric/EA/SeqId_12030_82.PHENO1.glm.linear	2	219418377	ARIC
SeqId_12033_3	BUB1	O43683	/data/Dutta_lab/aric/EA/SeqId_12033_3.PHENO1.glm.linear	2	110642790	ARIC
SeqId_12041_33	HSPA1L	P34931	/data/Dutta_lab/aric/EA/SeqId_12041_33.PHENO1.glm.linear	6	31815283	ARIC
SeqId_12046_51	TARDBP	Q13148	/data/Dutta_lab/aric/EA/SeqId_12046_51.PHENO1.glm.linear	1	11012344	ARIC
SeqId_12329_21	RPS6KA1	Q15418	/data/Dutta_lab/aric/EA/SeqId_12329_21.PHENO1.glm.linear	1	26529761	ARIC
SeqId_12332_7	EEF2K	O00418	/data/Dutta_lab/aric/EA/SeqId_12332_7.PHENO1.glm.linear	16	22206278	ARIC
SeqId_12333_87	RPIA	P49247	/data/Dutta_lab/aric/EA/SeqId_12333_87.PHENO1.glm.linear	2	88691673	ARIC
SeqId_12334_25	SHMT1	P34896	/data/Dutta_lab/aric/EA/SeqId_12334_25.PHENO1.glm.linear	17	18333439	ARIC
SeqId_12338_27	EGFLAM	Q63HQ2	/data/Dutta_lab/aric/EA/SeqId_12338_27.PHENO1.glm.linear	5	38258409	ARIC
SeqId_12340_17	AARS	P49588	/data/Dutta_lab/aric/EA/SeqId_12340_17.PHENO1.glm.linear	16	70258215	ARIC
SeqId_12341_8	DUSP6	Q16828	/data/Dutta_lab/aric/EA/SeqId_12341_8.PHENO1.glm.linear	12	89351171	ARIC
SeqId_12343_14	ACAP2	Q15057	/data/Dutta_lab/aric/EA/SeqId_12343_14.PHENO1.glm.linear	3	195279799	ARIC
SeqId_12345_4	ANAPC10	Q9UM13	/data/Dutta_lab/aric/EA/SeqId_12345_4.PHENO1.glm.linear	4	145097382	ARIC
SeqId_12347_29	CCM2	Q9BSQ5	/data/Dutta_lab/aric/EA/SeqId_12347_29.PHENO1.glm.linear	7	44999475	ARIC
SeqId_12348_46	SARS2	Q9NP81	/data/Dutta_lab/aric/EA/SeqId_12348_46.PHENO1.glm.linear	19	38916046	ARIC
SeqId_12350_86	ETS2	P15036	/data/Dutta_lab/aric/EA/SeqId_12350_86.PHENO1.glm.linear	21	38805183	ARIC
SeqId_12352_70	ARRDC3	Q96B67	/data/Dutta_lab/aric/EA/SeqId_12352_70.PHENO1.glm.linear	5	91373845	ARIC
SeqId_12355_223	MRRF	Q96E11	/data/Dutta_lab/aric/EA/SeqId_12355_223.PHENO1.glm.linear	9	122264603	ARIC
SeqId_12356_65	SRI	P30626	/data/Dutta_lab/aric/EA/SeqId_12356_65.PHENO1.glm.linear	7	88210493	ARIC
SeqId_12357_41	SNAP29	O95721	/data/Dutta_lab/aric/EA/SeqId_12357_41.PHENO1.glm.linear	22	20859007	ARIC
SeqId_12361_102	RRAS2	P62070	/data/Dutta_lab/aric/EA/SeqId_12361_102.PHENO1.glm.linear	11	14295859	ARIC
SeqId_12363_70	TRIB2	Q92519	/data/Dutta_lab/aric/EA/SeqId_12363_70.PHENO1.glm.linear	2	12716889	ARIC
SeqId_12365_108	RUVBL1	Q9Y265	/data/Dutta_lab/aric/EA/SeqId_12365_108.PHENO1.glm.linear	3	128085022	ARIC
SeqId_12366_16	CRYGD	P07320	/data/Dutta_lab/aric/EA/SeqId_12366_16.PHENO1.glm.linear	2	208124524	ARIC
SeqId_12367_52	TMEM57	Q8N5G2	/data/Dutta_lab/aric/EA/SeqId_12367_52.PHENO1.glm.linear	1	25430858	ARIC
SeqId_12368_18	KAT2B	Q92831	/data/Dutta_lab/aric/EA/SeqId_12368_18.PHENO1.glm.linear	3	20040446	ARIC
SeqId_12370_30	APOF	Q13790	/data/Dutta_lab/aric/EA/SeqId_12370_30.PHENO1.glm.linear	12	56362857	ARIC
SeqId_12373_73	TRA2B	P62995	/data/Dutta_lab/aric/EA/SeqId_12373_73.PHENO1.glm.linear	3	185922107	ARIC
SeqId_12374_8	PAFAH1B3	Q15102	/data/Dutta_lab/aric/EA/SeqId_12374_8.PHENO1.glm.linear	19	42302292	ARIC
SeqId_12376_85	CDKN2D	P55273	/data/Dutta_lab/aric/EA/SeqId_12376_85.PHENO1.glm.linear	19	10568979	ARIC
SeqId_12378_71	TAPBP	O15533	/data/Dutta_lab/aric/EA/SeqId_12378_71.PHENO1.glm.linear	6	33313955	ARIC
SeqId_12381_26	CBR1	P16152	/data/Dutta_lab/aric/EA/SeqId_12381_26.PHENO1.glm.linear	21	36069941	ARIC
SeqId_12382_2	DDX58	O95786	/data/Dutta_lab/aric/EA/SeqId_12382_2.PHENO1.glm.linear	9	32526196	ARIC
SeqId_12384_92	COPS7B	Q9H9Q2	/data/Dutta_lab/aric/EA/SeqId_12384_92.PHENO1.glm.linear	2	231781671	ARIC
SeqId_12385_4	CAPN3	P20807	/data/Dutta_lab/aric/EA/SeqId_12385_4.PHENO1.glm.linear	15	42359498	ARIC
SeqId_12386_11	RNPEP	Q9H4A4	/data/Dutta_lab/aric/EA/SeqId_12386_11.PHENO1.glm.linear	1	201982372	ARIC
SeqId_12387_7	PDLIM4	P50479	/data/Dutta_lab/aric/EA/SeqId_12387_7.PHENO1.glm.linear	5	132257696	ARIC
SeqId_12389_4	ORC6L	Q9Y5N6	/data/Dutta_lab/aric/EA/SeqId_12389_4.PHENO1.glm.linear	16	46689643	ARIC
SeqId_12391_27	PDZD7	Q9H5P4	/data/Dutta_lab/aric/EA/SeqId_12391_27.PHENO1.glm.linear	10	101030768	ARIC
SeqId_12392_30	ARL1	P40616	/data/Dutta_lab/aric/EA/SeqId_12392_30.PHENO1.glm.linear	12	101401486	ARIC
SeqId_12394_53	C16orf54	Q6UWD8	/data/Dutta_lab/aric/EA/SeqId_12394_53.PHENO1.glm.linear	16	29745990	ARIC
SeqId_12395_86	DARS2	Q6PI48	/data/Dutta_lab/aric/EA/SeqId_12395_86.PHENO1.glm.linear	1	173824653	ARIC
SeqId_12396_19	HIBCH	Q6NVY1	/data/Dutta_lab/aric/EA/SeqId_12396_19.PHENO1.glm.linear	2	190205232	ARIC
SeqId_12398_15	PAX4	O43316	/data/Dutta_lab/aric/EA/SeqId_12398_15.PHENO1.glm.linear	7	127615209	ARIC
SeqId_12399_194	CCDC50	Q8IVM0	/data/Dutta_lab/aric/EA/SeqId_12399_194.PHENO1.glm.linear	3	191329085	ARIC
SeqId_12400_25	UBE2T	Q9NPD8	/data/Dutta_lab/aric/EA/SeqId_12400_25.PHENO1.glm.linear	1	202341936	ARIC
SeqId_12401_3	STAMBPL1	Q96FJ0	/data/Dutta_lab/aric/EA/SeqId_12401_3.PHENO1.glm.linear	10	88879734	ARIC
SeqId_12406_119	DIRAS3	O95661	/data/Dutta_lab/aric/EA/SeqId_12406_119.PHENO1.glm.linear	1	68050627	ARIC
SeqId_12408_333	RAB22A	Q9UL26	/data/Dutta_lab/aric/EA/SeqId_12408_333.PHENO1.glm.linear	20	58309715	ARIC
SeqId_12409_90	RAB7B	Q96AH8	/data/Dutta_lab/aric/EA/SeqId_12409_90.PHENO1.glm.linear	1	205992580	ARIC
SeqId_12411_60	MAX	P61244	/data/Dutta_lab/aric/EA/SeqId_12411_60.PHENO1.glm.linear	14	65101685	ARIC
SeqId_12415_122	EDF1	O60869	/data/Dutta_lab/aric/EA/SeqId_12415_122.PHENO1.glm.linear	9	136866266	ARIC
SeqId_12417_46	TPRKB	Q9Y3C4	/data/Dutta_lab/aric/EA/SeqId_12417_46.PHENO1.glm.linear	2	73731149	ARIC
SeqId_12420_10	GPD1L	Q8N335	/data/Dutta_lab/aric/EA/SeqId_12420_10.PHENO1.glm.linear	3	32105689	ARIC
SeqId_12423_38	A1CF	Q9NQ94	/data/Dutta_lab/aric/EA/SeqId_12423_38.PHENO1.glm.linear	10	50828461	ARIC
SeqId_12424_107	THYN1	Q9P016	/data/Dutta_lab/aric/EA/SeqId_12424_107.PHENO1.glm.linear	11	134251778	ARIC
SeqId_12425_104	ARF6	P62330	/data/Dutta_lab/aric/EA/SeqId_12425_104.PHENO1.glm.linear	14	49893082	ARIC
SeqId_12426_19	MOB1A	Q9H8S9	/data/Dutta_lab/aric/EA/SeqId_12426_19.PHENO1.glm.linear	2	74178314	ARIC
SeqId_12427_8	CDC25B	P30305	/data/Dutta_lab/aric/EA/SeqId_12427_8.PHENO1.glm.linear	20	3786772	ARIC
SeqId_12428_2	LYPLAL1	Q5VWZ2	/data/Dutta_lab/aric/EA/SeqId_12428_2.PHENO1.glm.linear	1	219173869	ARIC
SeqId_12430_78	PAIP1	Q9H074	/data/Dutta_lab/aric/EA/SeqId_12430_78.PHENO1.glm.linear	5	43533792	ARIC
SeqId_12431_13	PELO	Q9BRX2	/data/Dutta_lab/aric/EA/SeqId_12431_13.PHENO1.glm.linear	5	52787916	ARIC
SeqId_12432_23	CACYBP	Q9HB71	/data/Dutta_lab/aric/EA/SeqId_12432_23.PHENO1.glm.linear	1	174999163	ARIC
SeqId_12433_8	ARL11	Q969Q4	/data/Dutta_lab/aric/EA/SeqId_12433_8.PHENO1.glm.linear	13	49628507	ARIC
SeqId_12434_25	IST1	P53990	/data/Dutta_lab/aric/EA/SeqId_12434_25.PHENO1.glm.linear	16	71845996	ARIC
SeqId_12436_84	GSTO1	P78417	/data/Dutta_lab/aric/EA/SeqId_12436_84.PHENO1.glm.linear	10	104235356	ARIC
SeqId_12437_18	ULK3	Q6PHR2	/data/Dutta_lab/aric/EA/SeqId_12437_18.PHENO1.glm.linear	15	74837956	ARIC
SeqId_12438_127	MPG	P29372	/data/Dutta_lab/aric/EA/SeqId_12438_127.PHENO1.glm.linear	16	77007	ARIC
SeqId_12439_67	IRF9	Q00978	/data/Dutta_lab/aric/EA/SeqId_12439_67.PHENO1.glm.linear	14	24161265	ARIC
SeqId_12442_4	RHOD	O00212	/data/Dutta_lab/aric/EA/SeqId_12442_4.PHENO1.glm.linear	11	67056847	ARIC
SeqId_12444_39	NR5A2	O00482	/data/Dutta_lab/aric/EA/SeqId_12444_39.PHENO1.glm.linear	1	200027614	ARIC
SeqId_12445_50	ANKRD27	Q96NW4	/data/Dutta_lab/aric/EA/SeqId_12445_50.PHENO1.glm.linear	19	32600286	ARIC
SeqId_12449_16	PPIH	O43447	/data/Dutta_lab/aric/EA/SeqId_12449_16.PHENO1.glm.linear	1	42658423	ARIC
SeqId_12450_42	PMVK	Q15126	/data/Dutta_lab/aric/EA/SeqId_12450_42.PHENO1.glm.linear	1	154936719	ARIC
SeqId_12451_62	BACH1	O14867	/data/Dutta_lab/aric/EA/SeqId_12451_62.PHENO1.glm.linear	21	29194071	ARIC
SeqId_12452_32	SUV420H2	Q86Y97	/data/Dutta_lab/aric/EA/SeqId_12452_32.PHENO1.glm.linear	19	55339853	ARIC
SeqId_12453_161	NXF1	Q9UBU9	/data/Dutta_lab/aric/EA/SeqId_12453_161.PHENO1.glm.linear	11	62794628	ARIC
SeqId_12454_105	NTMT1	Q9BV86	/data/Dutta_lab/aric/EA/SeqId_12454_105.PHENO1.glm.linear	9	129608884	ARIC
SeqId_12455_48	MYNN	Q9NPC7	/data/Dutta_lab/aric/EA/SeqId_12455_48.PHENO1.glm.linear	3	169772831	ARIC
SeqId_12456_5	PFKFB3	Q16875	/data/Dutta_lab/aric/EA/SeqId_12456_5.PHENO1.glm.linear	10	6144934	ARIC
SeqId_12457_10	ADI1	Q9BV57	/data/Dutta_lab/aric/EA/SeqId_12457_10.PHENO1.glm.linear	2	3500816	ARIC
SeqId_12458_79	CHP1	Q99653	/data/Dutta_lab/aric/EA/SeqId_12458_79.PHENO1.glm.linear	15	41230839	ARIC
SeqId_12459_13	PLEKHA1	Q9HB21	/data/Dutta_lab/aric/EA/SeqId_12459_13.PHENO1.glm.linear	10	122374696	ARIC
SeqId_12460_18	PSMA7	O14818	/data/Dutta_lab/aric/EA/SeqId_12460_18.PHENO1.glm.linear	20	62139396	ARIC
SeqId_12461_8	SIRT5	Q9NXA8	/data/Dutta_lab/aric/EA/SeqId_12461_8.PHENO1.glm.linear	6	13574529	ARIC
SeqId_12462_20	SETMAR	Q53H47	/data/Dutta_lab/aric/EA/SeqId_12462_20.PHENO1.glm.linear	3	4303304	ARIC
SeqId_12466_7	HNRNPA1	P09651	/data/Dutta_lab/aric/EA/SeqId_12466_7.PHENO1.glm.linear	12	54280193	ARIC
SeqId_12469_19	MAPRE1	Q15691	/data/Dutta_lab/aric/EA/SeqId_12469_19.PHENO1.glm.linear	20	32819954	ARIC
SeqId_12471_47	STAU1	O95793	/data/Dutta_lab/aric/EA/SeqId_12471_47.PHENO1.glm.linear	20	49154068	ARIC
SeqId_12473_48	KCTD5	Q9NXV2	/data/Dutta_lab/aric/EA/SeqId_12473_48.PHENO1.glm.linear	16	2682523	ARIC
SeqId_12475_48	CLIC5	Q9NZA1	/data/Dutta_lab/aric/EA/SeqId_12475_48.PHENO1.glm.linear	6	45937464	ARIC
SeqId_12476_50	TIGAR	Q9NQ88	/data/Dutta_lab/aric/EA/SeqId_12476_50.PHENO1.glm.linear	12	4307763	ARIC
SeqId_12477_42	TSN	Q15631	/data/Dutta_lab/aric/EA/SeqId_12477_42.PHENO1.glm.linear	2	121737103	ARIC
SeqId_12478_15	RPL30	P62888	/data/Dutta_lab/aric/EA/SeqId_12478_15.PHENO1.glm.linear	8	98043085	ARIC
SeqId_12479_50	PRKAR1B	P31321	/data/Dutta_lab/aric/EA/SeqId_12479_50.PHENO1.glm.linear	7	602683	ARIC
SeqId_12482_5	BPTF	Q12830	/data/Dutta_lab/aric/EA/SeqId_12482_5.PHENO1.glm.linear	17	67825503	ARIC
SeqId_12483_62	RORB	Q92753	/data/Dutta_lab/aric/EA/SeqId_12483_62.PHENO1.glm.linear	9	74497335	ARIC
SeqId_12484_67	PITPNB	P48739	/data/Dutta_lab/aric/EA/SeqId_12484_67.PHENO1.glm.linear	22	27860615	ARIC
SeqId_12486_8	GLRX2	Q9NS18	/data/Dutta_lab/aric/EA/SeqId_12486_8.PHENO1.glm.linear	1	193105431	ARIC
SeqId_12490_92	LAMTOR3	Q9UHA4	/data/Dutta_lab/aric/EA/SeqId_12490_92.PHENO1.glm.linear	4	99894376	ARIC
SeqId_12493_42	OTUB2	Q96DC9	/data/Dutta_lab/aric/EA/SeqId_12493_42.PHENO1.glm.linear	14	94026340	ARIC
SeqId_12494_99	GABARAPL2	P60520	/data/Dutta_lab/aric/EA/SeqId_12494_99.PHENO1.glm.linear	16	75566375	ARIC
SeqId_12497_29	NUDT16L1	Q9BRJ7	/data/Dutta_lab/aric/EA/SeqId_12497_29.PHENO1.glm.linear	16	4693694	ARIC
SeqId_12498_12	TAX1BP3	O14907	/data/Dutta_lab/aric/EA/SeqId_12498_12.PHENO1.glm.linear	17	3668578	ARIC
SeqId_12499_108	SH3GL2	Q99962	/data/Dutta_lab/aric/EA/SeqId_12499_108.PHENO1.glm.linear	9	17579066	ARIC
SeqId_12500_88	UBA2	Q9UBT2	/data/Dutta_lab/aric/EA/SeqId_12500_88.PHENO1.glm.linear	19	34428352	ARIC
SeqId_12501_10	TBCA	O75347	/data/Dutta_lab/aric/EA/SeqId_12501_10.PHENO1.glm.linear	5	77694277	ARIC
SeqId_12503_5	GPR68	Q15743	/data/Dutta_lab/aric/EA/SeqId_12503_5.PHENO1.glm.linear	14	91244508	ARIC
SeqId_12504_26	LMOD1	P29536	/data/Dutta_lab/aric/EA/SeqId_12504_26.PHENO1.glm.linear	1	201946548	ARIC
SeqId_12507_16	ITPKC	Q96DU7	/data/Dutta_lab/aric/EA/SeqId_12507_16.PHENO1.glm.linear	19	40717112	ARIC
SeqId_12508_9	VPS24	Q9Y3E7	/data/Dutta_lab/aric/EA/SeqId_12508_9.PHENO1.glm.linear	2	86512535	ARIC
SeqId_12509_115	COMMD1	Q8N668	/data/Dutta_lab/aric/EA/SeqId_12509_115.PHENO1.glm.linear	2	61888724	ARIC
SeqId_12510_3	STAP1	Q9ULZ2	/data/Dutta_lab/aric/EA/SeqId_12510_3.PHENO1.glm.linear	4	67558727	ARIC
SeqId_12511_83	SLC41A2	Q96JW4	/data/Dutta_lab/aric/EA/SeqId_12511_83.PHENO1.glm.linear	12	104834179	ARIC
SeqId_12513_8	GLTP	Q9NZD2	/data/Dutta_lab/aric/EA/SeqId_12513_8.PHENO1.glm.linear	12	109880325	ARIC
SeqId_12514_16	METTL1	Q9UBP6	/data/Dutta_lab/aric/EA/SeqId_12514_16.PHENO1.glm.linear	12	57769655	ARIC
SeqId_12515_45	UCK2	Q9BZX2	/data/Dutta_lab/aric/EA/SeqId_12515_45.PHENO1.glm.linear	1	165827614	ARIC
SeqId_12516_13	TEAD4	Q15561	/data/Dutta_lab/aric/EA/SeqId_12516_13.PHENO1.glm.linear	12	2959330	ARIC
SeqId_12517_52	PDCD5	O14737	/data/Dutta_lab/aric/EA/SeqId_12517_52.PHENO1.glm.linear	19	32581190	ARIC
SeqId_12518_289	PBRM1	Q86U86	/data/Dutta_lab/aric/EA/SeqId_12518_289.PHENO1.glm.linear	3	52609461	ARIC
SeqId_12521_3	CDKN2C	P42773	/data/Dutta_lab/aric/EA/SeqId_12521_3.PHENO1.glm.linear	1	50960745	ARIC
SeqId_12522_6	RAD23B	P54727	/data/Dutta_lab/aric/EA/SeqId_12522_6.PHENO1.glm.linear	9	107283137	ARIC
SeqId_12524_18	SAT2	Q96F10	/data/Dutta_lab/aric/EA/SeqId_12524_18.PHENO1.glm.linear	17	7627139	ARIC
SeqId_12527_50	THRA	P10827	/data/Dutta_lab/aric/EA/SeqId_12527_50.PHENO1.glm.linear	17	40058290	ARIC
SeqId_12528_40	WRNIP1	Q96S55	/data/Dutta_lab/aric/EA/SeqId_12528_40.PHENO1.glm.linear	6	2765393	ARIC
SeqId_12529_32	FKBP6	O75344	/data/Dutta_lab/aric/EA/SeqId_12529_32.PHENO1.glm.linear	7	73328161	ARIC
SeqId_12530_14	CKS1B	P61024	/data/Dutta_lab/aric/EA/SeqId_12530_14.PHENO1.glm.linear	1	154974653	ARIC
SeqId_12531_5	ERVV-1	B6SEH8	/data/Dutta_lab/aric/EA/SeqId_12531_5.PHENO1.glm.linear	19	53013921	ARIC
SeqId_12532_28	CDC34	P49427	/data/Dutta_lab/aric/EA/SeqId_12532_28.PHENO1.glm.linear	19	531760	ARIC
SeqId_12533_135	CYTH2	Q99418	/data/Dutta_lab/aric/EA/SeqId_12533_135.PHENO1.glm.linear	19	48469208	ARIC
SeqId_12534_10	CALCOCO2	Q13137	/data/Dutta_lab/aric/EA/SeqId_12534_10.PHENO1.glm.linear	17	48830988	ARIC
SeqId_12535_2	XRCC1	P18887	/data/Dutta_lab/aric/EA/SeqId_12535_2.PHENO1.glm.linear	19	43553777	ARIC
SeqId_12536_46	MTMR6	Q9Y217	/data/Dutta_lab/aric/EA/SeqId_12536_46.PHENO1.glm.linear	13	25261808	ARIC
SeqId_12537_88	PURA	Q00577	/data/Dutta_lab/aric/EA/SeqId_12537_88.PHENO1.glm.linear	5	140107777	ARIC
SeqId_12538_19	RGS7	P49802	/data/Dutta_lab/aric/EA/SeqId_12538_19.PHENO1.glm.linear	1	240868795	ARIC
SeqId_12540_25	RHOG	P84095	/data/Dutta_lab/aric/EA/SeqId_12540_25.PHENO1.glm.linear	11	3830651	ARIC
SeqId_12543_76	ZNF560	Q96MR9	/data/Dutta_lab/aric/EA/SeqId_12543_76.PHENO1.glm.linear	19	9469892	ARIC
SeqId_12546_1	SMTN	P53814	/data/Dutta_lab/aric/EA/SeqId_12546_1.PHENO1.glm.linear	22	31064105	ARIC
SeqId_12548_75	RRAGC	Q9HB90	/data/Dutta_lab/aric/EA/SeqId_12548_75.PHENO1.glm.linear	1	38848074	ARIC
SeqId_12549_33	HPGDS	O60760	/data/Dutta_lab/aric/EA/SeqId_12549_33.PHENO1.glm.linear	4	94342836	ARIC
SeqId_12551_3	ITCH	Q96J02	/data/Dutta_lab/aric/EA/SeqId_12551_3.PHENO1.glm.linear	20	34363241	ARIC
SeqId_12553_5	VRK1	Q99986	/data/Dutta_lab/aric/EA/SeqId_12553_5.PHENO1.glm.linear	14	96797382	ARIC
SeqId_12554_10	RAD51L3	O75771	/data/Dutta_lab/aric/EA/SeqId_12554_10.PHENO1.glm.linear	17	35119157	ARIC
SeqId_12556_7	UBE2C	O00762	/data/Dutta_lab/aric/EA/SeqId_12556_7.PHENO1.glm.linear	20	45812576	ARIC
SeqId_12557_18	NOVA1	P51513	/data/Dutta_lab/aric/EA/SeqId_12557_18.PHENO1.glm.linear	14	26595461	ARIC
SeqId_12558_3	UBASH3B	Q8TF42	/data/Dutta_lab/aric/EA/SeqId_12558_3.PHENO1.glm.linear	11	122655722	ARIC
SeqId_12560_9	NT5C	Q8TCD5	/data/Dutta_lab/aric/EA/SeqId_12560_9.PHENO1.glm.linear	17	75131048	ARIC
SeqId_12562_1	PKN1	Q16512	/data/Dutta_lab/aric/EA/SeqId_12562_1.PHENO1.glm.linear	19	14433053	ARIC
SeqId_12563_2	TNFAIP8	O95379	/data/Dutta_lab/aric/EA/SeqId_12563_2.PHENO1.glm.linear	5	119268692	ARIC
SeqId_12564_9	NIP7	Q9Y221	/data/Dutta_lab/aric/EA/SeqId_12564_9.PHENO1.glm.linear	16	69337996	ARIC
SeqId_12568_14	KEAP1	Q14145	/data/Dutta_lab/aric/EA/SeqId_12568_14.PHENO1.glm.linear	19	10489435	ARIC
SeqId_12569_25	CCT5	P48643	/data/Dutta_lab/aric/EA/SeqId_12569_25.PHENO1.glm.linear	5	10249929	ARIC
SeqId_12571_14	ARL3	P36405	/data/Dutta_lab/aric/EA/SeqId_12571_14.PHENO1.glm.linear	10	102714397	ARIC
SeqId_12572_236	EFS	O43281	/data/Dutta_lab/aric/EA/SeqId_12572_236.PHENO1.glm.linear	14	23365172	ARIC
SeqId_12573_80	TRIM3	O75382	/data/Dutta_lab/aric/EA/SeqId_12573_80.PHENO1.glm.linear	11	6450391	ARIC
SeqId_12574_36	EDN2	P20800	/data/Dutta_lab/aric/EA/SeqId_12574_36.PHENO1.glm.linear	1	41484085	ARIC
SeqId_12575_30	MTHFD1	P11586	/data/Dutta_lab/aric/EA/SeqId_12575_30.PHENO1.glm.linear	14	64388031	ARIC
SeqId_12577_100	FEN1	P39748	/data/Dutta_lab/aric/EA/SeqId_12577_100.PHENO1.glm.linear	11	61792911	ARIC
SeqId_12578_13	ARF3	P61204	/data/Dutta_lab/aric/EA/SeqId_12578_13.PHENO1.glm.linear	12	48956440	ARIC
SeqId_12580_7	PSMB5	P28074	/data/Dutta_lab/aric/EA/SeqId_12580_7.PHENO1.glm.linear	14	23034727	ARIC
SeqId_12581_39	IMPA2	O14732	/data/Dutta_lab/aric/EA/SeqId_12581_39.PHENO1.glm.linear	18	11981025	ARIC
SeqId_12585_39	ERCC1	P07992	/data/Dutta_lab/aric/EA/SeqId_12585_39.PHENO1.glm.linear	19	45414477	ARIC
SeqId_12587_65	ARL2	P36404	/data/Dutta_lab/aric/EA/SeqId_12587_65.PHENO1.glm.linear	11	65014160	ARIC
SeqId_12593_33	PDRG1	Q9NUG6	/data/Dutta_lab/aric/EA/SeqId_12593_33.PHENO1.glm.linear	20	31952046	ARIC
SeqId_12594_5	GCA	P28676	/data/Dutta_lab/aric/EA/SeqId_12594_5.PHENO1.glm.linear	2	162318840	ARIC
SeqId_12595_11	TMOD1	P28289	/data/Dutta_lab/aric/EA/SeqId_12595_11.PHENO1.glm.linear	9	97501180	ARIC
SeqId_12597_68	ATG5	Q9H1Y0	/data/Dutta_lab/aric/EA/SeqId_12597_68.PHENO1.glm.linear	6	106202429	ARIC
SeqId_12599_10	FERMT3	Q86UX7	/data/Dutta_lab/aric/EA/SeqId_12599_10.PHENO1.glm.linear	11	64206678	ARIC
SeqId_12603_87	PABPC4	Q13310	/data/Dutta_lab/aric/EA/SeqId_12603_87.PHENO1.glm.linear	1	39562010	ARIC
SeqId_12604_16	SCMH1	Q96GD3	/data/Dutta_lab/aric/EA/SeqId_12604_16.PHENO1.glm.linear	1	41037452	ARIC
SeqId_12605_1	EXOSC3	Q9NQT5	/data/Dutta_lab/aric/EA/SeqId_12605_1.PHENO1.glm.linear	9	37784713	ARIC
SeqId_12612_37	PSMB1	P20618	/data/Dutta_lab/aric/EA/SeqId_12612_37.PHENO1.glm.linear	6	170550441	ARIC
SeqId_12616_45	NRBP1	Q9UHY1	/data/Dutta_lab/aric/EA/SeqId_12616_45.PHENO1.glm.linear	2	27427790	ARIC
SeqId_12617_2	STK24	Q9Y6E0	/data/Dutta_lab/aric/EA/SeqId_12617_2.PHENO1.glm.linear	13	98463785	ARIC
SeqId_12618_50	AKR1C1	Q04828	/data/Dutta_lab/aric/EA/SeqId_12618_50.PHENO1.glm.linear	10	4963253	ARIC
SeqId_12619_14	PPM1A	P35813	/data/Dutta_lab/aric/EA/SeqId_12619_14.PHENO1.glm.linear	14	60245752	ARIC
SeqId_12620_3	11-Sep	Q9NVA2	/data/Dutta_lab/aric/EA/SeqId_12620_3.PHENO1.glm.linear	4	76949703	ARIC
SeqId_12621_55	PPP2R1A	P30153	/data/Dutta_lab/aric/EA/SeqId_12621_55.PHENO1.glm.linear	19	52190048	ARIC
SeqId_12622_96	ASH1L	Q9NR48	/data/Dutta_lab/aric/EA/SeqId_12622_96.PHENO1.glm.linear	1	155344591	ARIC
SeqId_12623_84	JARID2	Q92833	/data/Dutta_lab/aric/EA/SeqId_12623_84.PHENO1.glm.linear	6	15246069	ARIC
SeqId_12625_138	KLHL7	Q8IXQ5	/data/Dutta_lab/aric/EA/SeqId_12625_138.PHENO1.glm.linear	7	23105758	ARIC
SeqId_12626_6	SENP7	Q9BQF6	/data/Dutta_lab/aric/EA/SeqId_12626_6.PHENO1.glm.linear	3	101333269	ARIC
SeqId_12627_97	ATG7	O95352	/data/Dutta_lab/aric/EA/SeqId_12627_97.PHENO1.glm.linear	3	11272309	ARIC
SeqId_12628_31	LANCL2	Q9NS86	/data/Dutta_lab/aric/EA/SeqId_12628_31.PHENO1.glm.linear	7	55365448	ARIC
SeqId_12630_8	ARFIP2	P53365	/data/Dutta_lab/aric/EA/SeqId_12630_8.PHENO1.glm.linear	11	6481297	ARIC
SeqId_12632_14	NAT1	P18440	/data/Dutta_lab/aric/EA/SeqId_12632_14.PHENO1.glm.linear	8	18170477	ARIC
SeqId_12633_3	PTPN9	P43378	/data/Dutta_lab/aric/EA/SeqId_12633_3.PHENO1.glm.linear	15	75470909	ARIC
SeqId_12634_79	BCAR3	O75815	/data/Dutta_lab/aric/EA/SeqId_12634_79.PHENO1.glm.linear	1	93568127	ARIC
SeqId_12635_9	TRDMT1	O14717	/data/Dutta_lab/aric/EA/SeqId_12635_9.PHENO1.glm.linear	10	17169419	ARIC
SeqId_12636_113	SMYD2	Q9NRG4	/data/Dutta_lab/aric/EA/SeqId_12636_113.PHENO1.glm.linear	1	214281102	ARIC
SeqId_12637_7	CRAT	P43155	/data/Dutta_lab/aric/EA/SeqId_12637_7.PHENO1.glm.linear	9	129098036	ARIC
SeqId_12641_3	INPP5B	P32019	/data/Dutta_lab/aric/EA/SeqId_12641_3.PHENO1.glm.linear	1	37864849	ARIC
SeqId_12643_4	ARRB1	P49407	/data/Dutta_lab/aric/EA/SeqId_12643_4.PHENO1.glm.linear	11	75274938	ARIC
SeqId_12644_63	ADSS	P30520	/data/Dutta_lab/aric/EA/SeqId_12644_63.PHENO1.glm.linear	1	244419273	ARIC
SeqId_12646_2	RPE	Q96AT9	/data/Dutta_lab/aric/EA/SeqId_12646_2.PHENO1.glm.linear	2	210002565	ARIC
SeqId_12647_52	SETD2	Q9BYW2	/data/Dutta_lab/aric/EA/SeqId_12647_52.PHENO1.glm.linear	3	47047027	ARIC
SeqId_12650_43	GNAI3	P08754	/data/Dutta_lab/aric/EA/SeqId_12650_43.PHENO1.glm.linear	1	109548615	ARIC
SeqId_12651_21	PDK2	Q15119	/data/Dutta_lab/aric/EA/SeqId_12651_21.PHENO1.glm.linear	17	50094737	ARIC
SeqId_12652_37	AHCYL1	O43865	/data/Dutta_lab/aric/EA/SeqId_12652_37.PHENO1.glm.linear	1	109984765	ARIC
SeqId_12653_13	CSNK1G2	P78368	/data/Dutta_lab/aric/EA/SeqId_12653_13.PHENO1.glm.linear	19	1941172	ARIC
SeqId_12655_30	NAPB	Q9H115	/data/Dutta_lab/aric/EA/SeqId_12655_30.PHENO1.glm.linear	20	23421414	ARIC
SeqId_12656_1	KLC1	Q07866	/data/Dutta_lab/aric/EA/SeqId_12656_1.PHENO1.glm.linear	14	103561896	ARIC
SeqId_12658_72	PANK3	Q9H999	/data/Dutta_lab/aric/EA/SeqId_12658_72.PHENO1.glm.linear	5	168566064	ARIC
SeqId_12659_13	OLA1	Q9NTK5	/data/Dutta_lab/aric/EA/SeqId_12659_13.PHENO1.glm.linear	2	174079351	ARIC
SeqId_12661_44	GABARAPL1	Q9H0R8	/data/Dutta_lab/aric/EA/SeqId_12661_44.PHENO1.glm.linear	12	10212458	ARIC
SeqId_12662_82	ECH1	Q13011	/data/Dutta_lab/aric/EA/SeqId_12662_82.PHENO1.glm.linear	19	38816270	ARIC
SeqId_12663_1	TST	Q16762	/data/Dutta_lab/aric/EA/SeqId_12663_1.PHENO1.glm.linear	22	37019447	ARIC
SeqId_12664_19	PTPN13	Q12923	/data/Dutta_lab/aric/EA/SeqId_12664_19.PHENO1.glm.linear	4	86594315	ARIC
SeqId_12665_16	ILF2	Q12905	/data/Dutta_lab/aric/EA/SeqId_12665_16.PHENO1.glm.linear	1	153664474	ARIC
SeqId_12667_2	GDA	Q9Y2T3	/data/Dutta_lab/aric/EA/SeqId_12667_2.PHENO1.glm.linear	9	72114595	ARIC
SeqId_12668_7	VPS4B	O75351	/data/Dutta_lab/aric/EA/SeqId_12668_7.PHENO1.glm.linear	18	63397124	ARIC
SeqId_12669_30	HECW1	Q76N89	/data/Dutta_lab/aric/EA/SeqId_12669_30.PHENO1.glm.linear	7	43112629	ARIC
SeqId_12670_15	RAD1	O60671	/data/Dutta_lab/aric/EA/SeqId_12670_15.PHENO1.glm.linear	5	34914801	ARIC
SeqId_12671_35	SULT1B1	O43704	/data/Dutta_lab/aric/EA/SeqId_12671_35.PHENO1.glm.linear	4	69760598	ARIC
SeqId_12675_14	DARS	P14868	/data/Dutta_lab/aric/EA/SeqId_12675_14.PHENO1.glm.linear	2	135911617	ARIC
SeqId_12676_1	PACSIN1	Q9BY11	/data/Dutta_lab/aric/EA/SeqId_12676_1.PHENO1.glm.linear	6	34466061	ARIC
SeqId_12677_164	FLII	Q13045	/data/Dutta_lab/aric/EA/SeqId_12677_164.PHENO1.glm.linear	17	18245968	ARIC
SeqId_12678_66	SNRPA	P09012	/data/Dutta_lab/aric/EA/SeqId_12678_66.PHENO1.glm.linear	19	40750637	ARIC
SeqId_12681_63	USP21	Q9UK80	/data/Dutta_lab/aric/EA/SeqId_12681_63.PHENO1.glm.linear	1	161159450	ARIC
SeqId_12682_5	CCBL2	Q6YP21	/data/Dutta_lab/aric/EA/SeqId_12682_5.PHENO1.glm.linear	1	88988355	ARIC
SeqId_12683_156	DPYSL5	Q9BPU6	/data/Dutta_lab/aric/EA/SeqId_12683_156.PHENO1.glm.linear	2	26847747	ARIC
SeqId_12684_5	SCIN	Q9Y6U3	/data/Dutta_lab/aric/EA/SeqId_12684_5.PHENO1.glm.linear	7	12570577	ARIC
SeqId_12685_57	HOMER2	Q9NSB8	/data/Dutta_lab/aric/EA/SeqId_12685_57.PHENO1.glm.linear	15	82849727	ARIC
SeqId_12686_15	MPST	P25325	/data/Dutta_lab/aric/EA/SeqId_12686_15.PHENO1.glm.linear	22	37019635	ARIC
SeqId_12687_2	DECR1	Q16698	/data/Dutta_lab/aric/EA/SeqId_12687_2.PHENO1.glm.linear	8	90001405	ARIC
SeqId_12690_33	10-Sep	Q9P0V9	/data/Dutta_lab/aric/EA/SeqId_12690_33.PHENO1.glm.linear	2	109567853	ARIC
SeqId_12691_44	SHMT2	P34897	/data/Dutta_lab/aric/EA/SeqId_12691_44.PHENO1.glm.linear	12	57229573	ARIC
SeqId_12692_56	DOT1L	Q8TEK3	/data/Dutta_lab/aric/EA/SeqId_12692_56.PHENO1.glm.linear	19	2163933	ARIC
SeqId_12694_28	DIMT1	Q9UNQ2	/data/Dutta_lab/aric/EA/SeqId_12694_28.PHENO1.glm.linear	5	62391367	ARIC
SeqId_12695_62	KLHL12	Q53G59	/data/Dutta_lab/aric/EA/SeqId_12695_62.PHENO1.glm.linear	1	202909161	ARIC
SeqId_12696_166	PRMT3	O60678	/data/Dutta_lab/aric/EA/SeqId_12696_166.PHENO1.glm.linear	11	20387558	ARIC
SeqId_12697_30	PIP4K2A	P48426	/data/Dutta_lab/aric/EA/SeqId_12697_30.PHENO1.glm.linear	10	22539635	ARIC
SeqId_12698_72	KPNA4	O00629	/data/Dutta_lab/aric/EA/SeqId_12698_72.PHENO1.glm.linear	3	160521796	ARIC
SeqId_12699_28	CCT8	P50990	/data/Dutta_lab/aric/EA/SeqId_12699_28.PHENO1.glm.linear	21	29061376	ARIC
SeqId_12700_9	ACLY	P53396	/data/Dutta_lab/aric/EA/SeqId_12700_9.PHENO1.glm.linear	17	41870719	ARIC
SeqId_12701_1	EIF1B	O60739	/data/Dutta_lab/aric/EA/SeqId_12701_1.PHENO1.glm.linear	3	40309707	ARIC
SeqId_12702_13	PELI2	Q9HAT8	/data/Dutta_lab/aric/EA/SeqId_12702_13.PHENO1.glm.linear	14	56117814	ARIC
SeqId_12703_6	NEK7	Q8TDX7	/data/Dutta_lab/aric/EA/SeqId_12703_6.PHENO1.glm.linear	1	198156994	ARIC
SeqId_12704_26	SH2D3C	Q8N5H7	/data/Dutta_lab/aric/EA/SeqId_12704_26.PHENO1.glm.linear	9	127744720	ARIC
SeqId_12705_9	HERC1	Q15751	/data/Dutta_lab/aric/EA/SeqId_12705_9.PHENO1.glm.linear	15	63616732	ARIC
SeqId_12706_2	CDC42BPA	Q5VT25	/data/Dutta_lab/aric/EA/SeqId_12706_2.PHENO1.glm.linear	1	227034717	ARIC
SeqId_12707_26	DPYSL3	Q14195	/data/Dutta_lab/aric/EA/SeqId_12707_26.PHENO1.glm.linear	5	147401602	ARIC
SeqId_12708_91	L3MBTL2	Q969R5	/data/Dutta_lab/aric/EA/SeqId_12708_91.PHENO1.glm.linear	22	41205282	ARIC
SeqId_12709_63	H1FX	Q92522	/data/Dutta_lab/aric/EA/SeqId_12709_63.PHENO1.glm.linear	3	129316286	ARIC
SeqId_12711_19	GJA8	P48165	/data/Dutta_lab/aric/EA/SeqId_12711_19.PHENO1.glm.linear	1	147907956	ARIC
SeqId_12712_9	HMG20A	Q9NP66	/data/Dutta_lab/aric/EA/SeqId_12712_9.PHENO1.glm.linear	15	77420412	ARIC
SeqId_12713_365	RGS19	P49795	/data/Dutta_lab/aric/EA/SeqId_12713_365.PHENO1.glm.linear	20	64079425	ARIC
SeqId_12714_38	AP1G2	O75843	/data/Dutta_lab/aric/EA/SeqId_12714_38.PHENO1.glm.linear	14	23560311	ARIC
SeqId_12716_3	ZNF175	Q9Y473	/data/Dutta_lab/aric/EA/SeqId_12716_3.PHENO1.glm.linear	19	51571283	ARIC
SeqId_12717_65	TOX3	O15405	/data/Dutta_lab/aric/EA/SeqId_12717_65.PHENO1.glm.linear	16	52445726	ARIC
SeqId_12720_71	UBQLN4	Q9NRR5	/data/Dutta_lab/aric/EA/SeqId_12720_71.PHENO1.glm.linear	1	156042538	ARIC
SeqId_12721_4	TAX1BP1	Q86VP1	/data/Dutta_lab/aric/EA/SeqId_12721_4.PHENO1.glm.linear	7	27739331	ARIC
SeqId_12724_81	CIRBP	Q14011	/data/Dutta_lab/aric/EA/SeqId_12724_81.PHENO1.glm.linear	19	1259384	ARIC
SeqId_12726_3	RFXAP	O00287	/data/Dutta_lab/aric/EA/SeqId_12726_3.PHENO1.glm.linear	13	36819224	ARIC
SeqId_12727_7	PTGFRN	Q9P2B2	/data/Dutta_lab/aric/EA/SeqId_12727_7.PHENO1.glm.linear	1	116909916	ARIC
SeqId_12729_12	PSMG3	Q9BT73	/data/Dutta_lab/aric/EA/SeqId_12729_12.PHENO1.glm.linear	7	1570032	ARIC
SeqId_12730_3	NDC80	O14777	/data/Dutta_lab/aric/EA/SeqId_12730_3.PHENO1.glm.linear	18	2571557	ARIC
SeqId_12731_12	PLEKHA7	Q6IQ23	/data/Dutta_lab/aric/EA/SeqId_12731_12.PHENO1.glm.linear	11	16789857	ARIC
SeqId_12732_13	MPP7	Q5T2T1	/data/Dutta_lab/aric/EA/SeqId_12732_13.PHENO1.glm.linear	10	28203232	ARIC
SeqId_12734_112	KIF22	Q14807	/data/Dutta_lab/aric/EA/SeqId_12734_112.PHENO1.glm.linear	16	29790719	ARIC
SeqId_12735_39	CSDE1	O75534	/data/Dutta_lab/aric/EA/SeqId_12735_39.PHENO1.glm.linear	1	114718938	ARIC
SeqId_12737_12	PLS1	Q14651	/data/Dutta_lab/aric/EA/SeqId_12737_12.PHENO1.glm.linear	3	142596393	ARIC
SeqId_12738_43	NISCH	Q9Y2I1	/data/Dutta_lab/aric/EA/SeqId_12738_43.PHENO1.glm.linear	3	52455118	ARIC
SeqId_12740_55	FEV	Q99581	/data/Dutta_lab/aric/EA/SeqId_12740_55.PHENO1.glm.linear	2	218984475	ARIC
SeqId_12742_160	TMEM8B	A6NDV4	/data/Dutta_lab/aric/EA/SeqId_12742_160.PHENO1.glm.linear	9	35814451	ARIC
SeqId_12743_18	BAG5	Q9UL15	/data/Dutta_lab/aric/EA/SeqId_12743_18.PHENO1.glm.linear	14	103562298	ARIC
SeqId_12746_4	CYTH4	Q9UIA0	/data/Dutta_lab/aric/EA/SeqId_12746_4.PHENO1.glm.linear	22	37282027	ARIC
SeqId_12748_6	BRDT	Q58F21	/data/Dutta_lab/aric/EA/SeqId_12748_6.PHENO1.glm.linear	1	91949371	ARIC
SeqId_12750_9	ITGB2	P05107	/data/Dutta_lab/aric/EA/SeqId_12750_9.PHENO1.glm.linear	21	44889131	ARIC
SeqId_12751_26	ZHX1	Q9UKY1	/data/Dutta_lab/aric/EA/SeqId_12751_26.PHENO1.glm.linear	8	123253442	ARIC
SeqId_12753_6	APBB2	Q92870	/data/Dutta_lab/aric/EA/SeqId_12753_6.PHENO1.glm.linear	4	40822466	ARIC
SeqId_12754_14	CSDC2	Q9Y534	/data/Dutta_lab/aric/EA/SeqId_12754_14.PHENO1.glm.linear	22	41561010	ARIC
SeqId_12756_3	BACH2	Q9BYV9	/data/Dutta_lab/aric/EA/SeqId_12756_3.PHENO1.glm.linear	6	90008827	ARIC
SeqId_12758_47	GRID2	O43424	/data/Dutta_lab/aric/EA/SeqId_12758_47.PHENO1.glm.linear	4	92303966	ARIC
SeqId_12759_47	ILF3	Q12906	/data/Dutta_lab/aric/EA/SeqId_12759_47.PHENO1.glm.linear	19	10654261	ARIC
SeqId_12760_34	ZNF774	Q6NX45	/data/Dutta_lab/aric/EA/SeqId_12760_34.PHENO1.glm.linear	15	90352284	ARIC
SeqId_12761_12	APBB2	Q92870	/data/Dutta_lab/aric/EA/SeqId_12761_12.PHENO1.glm.linear	4	40822466	ARIC
SeqId_12763_69	ZNF334	Q9HCZ1	/data/Dutta_lab/aric/EA/SeqId_12763_69.PHENO1.glm.linear	20	46506370	ARIC
SeqId_12764_3	ELMO1	Q92556	/data/Dutta_lab/aric/EA/SeqId_12764_3.PHENO1.glm.linear	7	36862150	ARIC
SeqId_12766_33	GPR142	Q7Z601	/data/Dutta_lab/aric/EA/SeqId_12766_33.PHENO1.glm.linear	17	74367407	ARIC
SeqId_12768_3	PPP1R3B	Q86XI6	/data/Dutta_lab/aric/EA/SeqId_12768_3.PHENO1.glm.linear	8	9150658	ARIC
SeqId_12771_19	ZNF180	Q9UJW8	/data/Dutta_lab/aric/EA/SeqId_12771_19.PHENO1.glm.linear	19	44500495	ARIC
SeqId_12772_8	NUP98	P52948	/data/Dutta_lab/aric/EA/SeqId_12772_8.PHENO1.glm.linear	11	3676710	ARIC
SeqId_12774_12	HCN1	O60741	/data/Dutta_lab/aric/EA/SeqId_12774_12.PHENO1.glm.linear	5	45480136	ARIC
SeqId_12777_11	SF1	Q15637	/data/Dutta_lab/aric/EA/SeqId_12777_11.PHENO1.glm.linear	11	64767617	ARIC
SeqId_12779_30	PRDM4	Q9UKN5	/data/Dutta_lab/aric/EA/SeqId_12779_30.PHENO1.glm.linear	12	107742593	ARIC
SeqId_12781_2	TARBP2	Q15633	/data/Dutta_lab/aric/EA/SeqId_12781_2.PHENO1.glm.linear	12	53500921	ARIC
SeqId_12783_29	HNRNPM	P52272	/data/Dutta_lab/aric/EA/SeqId_12783_29.PHENO1.glm.linear	19	8444767	ARIC
SeqId_12784_10	APBB3	O95704	/data/Dutta_lab/aric/EA/SeqId_12784_10.PHENO1.glm.linear	5	140562149	ARIC
SeqId_12786_61	GPCPD1	Q9NPB8	/data/Dutta_lab/aric/EA/SeqId_12786_61.PHENO1.glm.linear	20	5548381	ARIC
SeqId_12787_47	ZNF134	P52741	/data/Dutta_lab/aric/EA/SeqId_12787_47.PHENO1.glm.linear	19	57614233	ARIC
SeqId_12788_6	CCDC101	Q96ES7	/data/Dutta_lab/aric/EA/SeqId_12788_6.PHENO1.glm.linear	16	28553915	ARIC
SeqId_12790_10	CCDC51	Q96ER9	/data/Dutta_lab/aric/EA/SeqId_12790_10.PHENO1.glm.linear	3	48438218	ARIC
SeqId_12793_4	PIWIL1	Q96J94	/data/Dutta_lab/aric/EA/SeqId_12793_4.PHENO1.glm.linear	12	130337887	ARIC
SeqId_12794_6	NLRP4	Q96MN2	/data/Dutta_lab/aric/EA/SeqId_12794_6.PHENO1.glm.linear	19	55836540	ARIC
SeqId_12795_2	ZNF566	Q969W8	/data/Dutta_lab/aric/EA/SeqId_12795_2.PHENO1.glm.linear	19	36449555	ARIC
SeqId_12796_44	NUDT3	O95989	/data/Dutta_lab/aric/EA/SeqId_12796_44.PHENO1.glm.linear	6	34392669	ARIC
SeqId_12798_46	SLC4A8	Q2Y0W8	/data/Dutta_lab/aric/EA/SeqId_12798_46.PHENO1.glm.linear	12	51391317	ARIC
SeqId_12799_65	DNAJC27	Q9NZQ0	/data/Dutta_lab/aric/EA/SeqId_12799_65.PHENO1.glm.linear	2	24971613	ARIC
SeqId_12800_5	TPPP2	P59282	/data/Dutta_lab/aric/EA/SeqId_12800_5.PHENO1.glm.linear	14	21024109	ARIC
SeqId_12801_33	IRF2	P14316	/data/Dutta_lab/aric/EA/SeqId_12801_33.PHENO1.glm.linear	4	184418590	ARIC
SeqId_12803_9	ZNF329	Q86UD4	/data/Dutta_lab/aric/EA/SeqId_12803_9.PHENO1.glm.linear	19	58142664	ARIC
SeqId_12804_5	GMEB2	Q9UKD1	/data/Dutta_lab/aric/EA/SeqId_12804_5.PHENO1.glm.linear	20	63604902	ARIC
SeqId_12807_89	ARHGAP30	Q7Z6I6	/data/Dutta_lab/aric/EA/SeqId_12807_89.PHENO1.glm.linear	1	161069666	ARIC
SeqId_12808_103	CARHSP1	Q9Y2V2	/data/Dutta_lab/aric/EA/SeqId_12808_103.PHENO1.glm.linear	16	8861713	ARIC
SeqId_12811_55	ZNF415	Q09FC8	/data/Dutta_lab/aric/EA/SeqId_12811_55.PHENO1.glm.linear	19	53123649	ARIC
SeqId_12812_25	ACYP2	P14621	/data/Dutta_lab/aric/EA/SeqId_12812_25.PHENO1.glm.linear	2	53970838	ARIC
SeqId_12813_18	EHBP1	Q8NDI1	/data/Dutta_lab/aric/EA/SeqId_12813_18.PHENO1.glm.linear	2	62673851	ARIC
SeqId_12814_17	RNPC3	Q96LT9	/data/Dutta_lab/aric/EA/SeqId_12814_17.PHENO1.glm.linear	1	103525691	ARIC
SeqId_12815_9	IARS	P41252	/data/Dutta_lab/aric/EA/SeqId_12815_9.PHENO1.glm.linear	9	92243228	ARIC
SeqId_12817_1	GEM	P55040	/data/Dutta_lab/aric/EA/SeqId_12817_1.PHENO1.glm.linear	8	94260770	ARIC
SeqId_12818_159	SLC14A2	Q15849	/data/Dutta_lab/aric/EA/SeqId_12818_159.PHENO1.glm.linear	18	45212995	ARIC
SeqId_12820_1	GRAP	Q13588	/data/Dutta_lab/aric/EA/SeqId_12820_1.PHENO1.glm.linear	17	19042485	ARIC
SeqId_12821_6	NLRP10	Q86W26	/data/Dutta_lab/aric/EA/SeqId_12821_6.PHENO1.glm.linear	11	7963657	ARIC
SeqId_12822_34	APBB1	O00213	/data/Dutta_lab/aric/EA/SeqId_12822_34.PHENO1.glm.linear	11	6396574	ARIC
SeqId_12825_18	APPL1	Q9UKG1	/data/Dutta_lab/aric/EA/SeqId_12825_18.PHENO1.glm.linear	3	57227726	ARIC
SeqId_12826_5	SLC5A5	Q92911	/data/Dutta_lab/aric/EA/SeqId_12826_5.PHENO1.glm.linear	19	17871945	ARIC
SeqId_12827_37	RGS3	P49796	/data/Dutta_lab/aric/EA/SeqId_12827_37.PHENO1.glm.linear	9	113444731	ARIC
SeqId_12830_4	SAP18	O00422	/data/Dutta_lab/aric/EA/SeqId_12830_4.PHENO1.glm.linear	13	21140514	ARIC
SeqId_12831_21	TESC	Q96BS2	/data/Dutta_lab/aric/EA/SeqId_12831_21.PHENO1.glm.linear	12	117046831	ARIC
SeqId_12832_10	ASH2L	Q9UBL3	/data/Dutta_lab/aric/EA/SeqId_12832_10.PHENO1.glm.linear	8	38105493	ARIC
SeqId_12834_3	KCNF1	Q9H3M0	/data/Dutta_lab/aric/EA/SeqId_12834_3.PHENO1.glm.linear	2	10911934	ARIC
SeqId_12835_101	PYDC1	Q8WXC3	/data/Dutta_lab/aric/EA/SeqId_12835_101.PHENO1.glm.linear	16	31216370	ARIC
SeqId_12838_28	DUSP15	Q9H1R2	/data/Dutta_lab/aric/EA/SeqId_12838_28.PHENO1.glm.linear	20	31849558	ARIC
SeqId_12842_43	STX10	O60499	/data/Dutta_lab/aric/EA/SeqId_12842_43.PHENO1.glm.linear	19	13145414	ARIC
SeqId_12843_6	ZNF410	Q86VK4	/data/Dutta_lab/aric/EA/SeqId_12843_6.PHENO1.glm.linear	14	73886617	ARIC
SeqId_12844_10	BAG4	O95429	/data/Dutta_lab/aric/EA/SeqId_12844_10.PHENO1.glm.linear	8	38176533	ARIC
SeqId_12845_18	SNX17	Q15036	/data/Dutta_lab/aric/EA/SeqId_12845_18.PHENO1.glm.linear	2	27370496	ARIC
SeqId_12846_3	FBXL5	Q9UKA1	/data/Dutta_lab/aric/EA/SeqId_12846_3.PHENO1.glm.linear	4	15644649	ARIC
SeqId_12847_27	RNGTT	O60942	/data/Dutta_lab/aric/EA/SeqId_12847_27.PHENO1.glm.linear	6	88963409	ARIC
SeqId_12848_9	ARHGEF2	Q92974	/data/Dutta_lab/aric/EA/SeqId_12848_9.PHENO1.glm.linear	1	155951748	ARIC
SeqId_12849_25	GSKIP	Q9P0R6	/data/Dutta_lab/aric/EA/SeqId_12849_25.PHENO1.glm.linear	14	96363452	ARIC
SeqId_12851_5	POLM	Q9NP87	/data/Dutta_lab/aric/EA/SeqId_12851_5.PHENO1.glm.linear	7	44074118	ARIC
SeqId_12853_112	TMOD2	Q9NZR1	/data/Dutta_lab/aric/EA/SeqId_12853_112.PHENO1.glm.linear	15	51751597	ARIC
SeqId_12854_3	TEAD3	Q99594	/data/Dutta_lab/aric/EA/SeqId_12854_3.PHENO1.glm.linear	6	35496950	ARIC
SeqId_12855_16	CASS4	Q9NQ75	/data/Dutta_lab/aric/EA/SeqId_12855_16.PHENO1.glm.linear	20	56412112	ARIC
SeqId_12856_14	TMEM237	Q96Q45	/data/Dutta_lab/aric/EA/SeqId_12856_14.PHENO1.glm.linear	2	201626323	ARIC
SeqId_12859_33	ECI2	O75521	/data/Dutta_lab/aric/EA/SeqId_12859_33.PHENO1.glm.linear	6	4133782	ARIC
SeqId_12860_7	ARPP21	Q9UBL0	/data/Dutta_lab/aric/EA/SeqId_12860_7.PHENO1.glm.linear	3	35638945	ARIC
SeqId_12861_13	TMOD3	Q9NYL9	/data/Dutta_lab/aric/EA/SeqId_12861_13.PHENO1.glm.linear	15	51829628	ARIC
SeqId_12862_14	NEDD9	Q14511	/data/Dutta_lab/aric/EA/SeqId_12862_14.PHENO1.glm.linear	6	11192567	ARIC
SeqId_12864_9	NIPAL4	Q0D2K0	/data/Dutta_lab/aric/EA/SeqId_12864_9.PHENO1.glm.linear	5	157460019	ARIC
SeqId_12869_68	DDX6	P26196	/data/Dutta_lab/aric/EA/SeqId_12869_68.PHENO1.glm.linear	11	118759369	ARIC
SeqId_12871_10	TWF1	Q12792	/data/Dutta_lab/aric/EA/SeqId_12871_10.PHENO1.glm.linear	12	43797851	ARIC
SeqId_12873_11	SPN	P16150	/data/Dutta_lab/aric/EA/SeqId_12873_11.PHENO1.glm.linear	16	29662979	ARIC
SeqId_12875_28	UBTD2	Q8WUN7	/data/Dutta_lab/aric/EA/SeqId_12875_28.PHENO1.glm.linear	5	172283764	ARIC
SeqId_12876_39	SPEF1	Q9Y4P9	/data/Dutta_lab/aric/EA/SeqId_12876_39.PHENO1.glm.linear	20	3781448	ARIC
SeqId_12878_60	OSBPL11	Q9BXB4	/data/Dutta_lab/aric/EA/SeqId_12878_60.PHENO1.glm.linear	3	125595497	ARIC
SeqId_12879_5	RBL1	P28749	/data/Dutta_lab/aric/EA/SeqId_12879_5.PHENO1.glm.linear	20	37068055	ARIC
SeqId_12880_1	SV2A	Q7L0J3	/data/Dutta_lab/aric/EA/SeqId_12880_1.PHENO1.glm.linear	1	149917841	ARIC
SeqId_12881_17	RDH16	O75452	/data/Dutta_lab/aric/EA/SeqId_12881_17.PHENO1.glm.linear	12	56958319	ARIC
SeqId_12882_7	PARP11	Q9NR21	/data/Dutta_lab/aric/EA/SeqId_12882_7.PHENO1.glm.linear	12	3821974	ARIC
SeqId_12885_42	NR1D2	Q14995	/data/Dutta_lab/aric/EA/SeqId_12885_42.PHENO1.glm.linear	3	23945286	ARIC
SeqId_12888_18	SAP30	O75446	/data/Dutta_lab/aric/EA/SeqId_12888_18.PHENO1.glm.linear	4	173369969	ARIC
SeqId_12891_1	MICALL2	Q8IY33	/data/Dutta_lab/aric/EA/SeqId_12891_1.PHENO1.glm.linear	7	1437611	ARIC
SeqId_12892_10	SYTL1	Q8IYJ3	/data/Dutta_lab/aric/EA/SeqId_12892_10.PHENO1.glm.linear	1	27342020	ARIC
SeqId_12893_159	IFI16	Q16666	/data/Dutta_lab/aric/EA/SeqId_12893_159.PHENO1.glm.linear	1	158999968	ARIC
SeqId_12894_3	PAXIP1	Q6ZW49	/data/Dutta_lab/aric/EA/SeqId_12894_3.PHENO1.glm.linear	7	154962695	ARIC
SeqId_12895_28	DGKB	Q9Y6T7	/data/Dutta_lab/aric/EA/SeqId_12895_28.PHENO1.glm.linear	7	14269201	ARIC
SeqId_12904_180	CUBN	O60494	/data/Dutta_lab/aric/EA/SeqId_12904_180.PHENO1.glm.linear	10	16866855	ARIC
SeqId_12923_51	KRT17	Q04695	/data/Dutta_lab/aric/EA/SeqId_12923_51.PHENO1.glm.linear	17	41620829	ARIC
SeqId_12925_105	AXIN2	Q9Y2T1	/data/Dutta_lab/aric/EA/SeqId_12925_105.PHENO1.glm.linear	17	65536682	ARIC
SeqId_12931_16	NR3C2	P08235	/data/Dutta_lab/aric/EA/SeqId_12931_16.PHENO1.glm.linear	4	148154844	ARIC
SeqId_12933_17	ENOX1	Q8TC92	/data/Dutta_lab/aric/EA/SeqId_12933_17.PHENO1.glm.linear	13	43361365	ARIC
SeqId_12934_1	HERC5	Q9UII4	/data/Dutta_lab/aric/EA/SeqId_12934_1.PHENO1.glm.linear	4	88457119	ARIC
SeqId_12936_38	RLBP1	P12271	/data/Dutta_lab/aric/EA/SeqId_12936_38.PHENO1.glm.linear	15	89211843	ARIC
SeqId_12939_1	POLR1C	O15160	/data/Dutta_lab/aric/EA/SeqId_12939_1.PHENO1.glm.linear	6	43509702	ARIC
SeqId_12940_35	ALDH3B1	P43353	/data/Dutta_lab/aric/EA/SeqId_12940_35.PHENO1.glm.linear	11	68008578	ARIC
SeqId_12945_33	RAB18	Q9NP72	/data/Dutta_lab/aric/EA/SeqId_12945_33.PHENO1.glm.linear	10	27504174	ARIC
SeqId_12954_71	PPARA	Q07869	/data/Dutta_lab/aric/EA/SeqId_12954_71.PHENO1.glm.linear	22	46150521	ARIC
SeqId_12956_40	KIAA1279	Q96EK5	/data/Dutta_lab/aric/EA/SeqId_12956_40.PHENO1.glm.linear	10	68988721	ARIC
SeqId_12957_62	UQCRB	P14927	/data/Dutta_lab/aric/EA/SeqId_12957_62.PHENO1.glm.linear	8	96233219	ARIC
SeqId_12960_9	GCK	P35557	/data/Dutta_lab/aric/EA/SeqId_12960_9.PHENO1.glm.linear	7	44145939	ARIC
SeqId_12963_1	GPR107	Q5VW38	/data/Dutta_lab/aric/EA/SeqId_12963_1.PHENO1.glm.linear	9	130053426	ARIC
SeqId_12968_2	CSRP2	Q16527	/data/Dutta_lab/aric/EA/SeqId_12968_2.PHENO1.glm.linear	12	76864954	ARIC
SeqId_12970_35	STAU2	Q9NUL3	/data/Dutta_lab/aric/EA/SeqId_12970_35.PHENO1.glm.linear	8	73458787	ARIC
SeqId_12975_11	KRT20	P35900	/data/Dutta_lab/aric/EA/SeqId_12975_11.PHENO1.glm.linear	17	40884910	ARIC
SeqId_12976_49	SORBS3	O60504	/data/Dutta_lab/aric/EA/SeqId_12976_49.PHENO1.glm.linear	8	22544986	ARIC
SeqId_12980_31	RBM22	Q9NW64	/data/Dutta_lab/aric/EA/SeqId_12980_31.PHENO1.glm.linear	5	150694833	ARIC
SeqId_12987_12	SRSF7	Q16629	/data/Dutta_lab/aric/EA/SeqId_12987_12.PHENO1.glm.linear	2	38747044	ARIC
SeqId_12988_49	EWSR1	Q01844	/data/Dutta_lab/aric/EA/SeqId_12988_49.PHENO1.glm.linear	22	29268009	ARIC
SeqId_12990_39	MAP3K3	Q99759	/data/Dutta_lab/aric/EA/SeqId_12990_39.PHENO1.glm.linear	17	63622415	ARIC
SeqId_12991_49	CUL9	Q8IWT3	/data/Dutta_lab/aric/EA/SeqId_12991_49.PHENO1.glm.linear	6	43182184	ARIC
SeqId_12993_21	NPLOC4	Q8TAT6	/data/Dutta_lab/aric/EA/SeqId_12993_21.PHENO1.glm.linear	17	81560889	ARIC
SeqId_13007_66	LCN10	Q6JVE6	/data/Dutta_lab/aric/EA/SeqId_13007_66.PHENO1.glm.linear	9	136741988	ARIC
SeqId_13013_41	PARK2	O60260	/data/Dutta_lab/aric/EA/SeqId_13013_41.PHENO1.glm.linear	6	161569420	ARIC
SeqId_13025_4	FRS2	Q8WU20	/data/Dutta_lab/aric/EA/SeqId_13025_4.PHENO1.glm.linear	12	69470349	ARIC
SeqId_13027_20	CBX7	O95931	/data/Dutta_lab/aric/EA/SeqId_13027_20.PHENO1.glm.linear	22	39134779	ARIC
SeqId_13032_1	BECN1	Q14457	/data/Dutta_lab/aric/EA/SeqId_13032_1.PHENO1.glm.linear	17	42812086	ARIC
SeqId_13039_1	PPP1R8	Q12972	/data/Dutta_lab/aric/EA/SeqId_13039_1.PHENO1.glm.linear	1	27830782	ARIC
SeqId_13041_47	TRAF4	Q9BUZ4	/data/Dutta_lab/aric/EA/SeqId_13041_47.PHENO1.glm.linear	17	28744005	ARIC
SeqId_13042_7	KCNA10	Q16322	/data/Dutta_lab/aric/EA/SeqId_13042_7.PHENO1.glm.linear	1	110519175	ARIC
SeqId_13043_157	ATAD2	Q6PL18	/data/Dutta_lab/aric/EA/SeqId_13043_157.PHENO1.glm.linear	8	123357621	ARIC
SeqId_13044_5	TSG101	Q99816	/data/Dutta_lab/aric/EA/SeqId_13044_5.PHENO1.glm.linear	11	18481731	ARIC
SeqId_13055_53	PSD	A5PKW4	/data/Dutta_lab/aric/EA/SeqId_13055_53.PHENO1.glm.linear	10	102405462	ARIC
SeqId_13056_18	SLC6A16	Q9GZN6	/data/Dutta_lab/aric/EA/SeqId_13056_18.PHENO1.glm.linear	19	49308952	ARIC
SeqId_13059_33	RFK	Q969G6	/data/Dutta_lab/aric/EA/SeqId_13059_33.PHENO1.glm.linear	9	76393766	ARIC
SeqId_13062_4	GMFG	O60234	/data/Dutta_lab/aric/EA/SeqId_13062_4.PHENO1.glm.linear	19	39335531	ARIC
SeqId_13066_42	EDC4	Q6P2E9	/data/Dutta_lab/aric/EA/SeqId_13066_42.PHENO1.glm.linear	16	67873052	ARIC
SeqId_13067_5	PRKG1	Q13976	/data/Dutta_lab/aric/EA/SeqId_13067_5.PHENO1.glm.linear	10	50990888	ARIC
SeqId_13073_14	ANP32A	P39687	/data/Dutta_lab/aric/EA/SeqId_13073_14.PHENO1.glm.linear	15	68781605	ARIC
SeqId_13076_4	FXR1	P51114	/data/Dutta_lab/aric/EA/SeqId_13076_4.PHENO1.glm.linear	3	180868141	ARIC
SeqId_13082_9	UNC45A	Q9H3U1	/data/Dutta_lab/aric/EA/SeqId_13082_9.PHENO1.glm.linear	15	90930180	ARIC
SeqId_13083_18	VARS	P26640	/data/Dutta_lab/aric/EA/SeqId_13083_18.PHENO1.glm.linear	6	31778182	ARIC
SeqId_13085_18	GLP1R	P43220	/data/Dutta_lab/aric/EA/SeqId_13085_18.PHENO1.glm.linear	6	39048781	ARIC
SeqId_13088_397	BTC	P35070	/data/Dutta_lab/aric/EA/SeqId_13088_397.PHENO1.glm.linear	4	74770156	ARIC
SeqId_13089_6	HIF1A	Q16665	/data/Dutta_lab/aric/EA/SeqId_13089_6.PHENO1.glm.linear	14	61695513	ARIC
SeqId_13090_17	S100A6	P06703	/data/Dutta_lab/aric/EA/SeqId_13090_17.PHENO1.glm.linear	1	153535991	ARIC
SeqId_13093_6	SECTM1	Q8WVN6	/data/Dutta_lab/aric/EA/SeqId_13093_6.PHENO1.glm.linear	17	82328506	ARIC
SeqId_13094_75	RSPO3	Q9BXY4	/data/Dutta_lab/aric/EA/SeqId_13094_75.PHENO1.glm.linear	6	127118671	ARIC
SeqId_13095_51	REG1A	P05451	/data/Dutta_lab/aric/EA/SeqId_13095_51.PHENO1.glm.linear	2	79120362	ARIC
SeqId_13097_11	BCL2L2	Q92843	/data/Dutta_lab/aric/EA/SeqId_13097_11.PHENO1.glm.linear	14	23298790	ARIC
SeqId_13101_60	SOST	Q9BQB4	/data/Dutta_lab/aric/EA/SeqId_13101_60.PHENO1.glm.linear	17	43758791	ARIC
SeqId_13102_1	FAM3D	Q96BQ1	/data/Dutta_lab/aric/EA/SeqId_13102_1.PHENO1.glm.linear	3	58657696	ARIC
SeqId_13105_7	SNAP25	P60880	/data/Dutta_lab/aric/EA/SeqId_13105_7.PHENO1.glm.linear	20	10218830	ARIC
SeqId_13107_9	LYPD3	O95274	/data/Dutta_lab/aric/EA/SeqId_13107_9.PHENO1.glm.linear	19	43463963	ARIC
SeqId_13109_82	NEGR1	Q7Z3B1	/data/Dutta_lab/aric/EA/SeqId_13109_82.PHENO1.glm.linear	1	71439838	ARIC
SeqId_13111_79	BCL6	P41182	/data/Dutta_lab/aric/EA/SeqId_13111_79.PHENO1.glm.linear	3	187725623	ARIC
SeqId_13112_179	FSTL1	Q12841	/data/Dutta_lab/aric/EA/SeqId_13112_179.PHENO1.glm.linear	3	120400089	ARIC
SeqId_13113_7	SPP1	P10451	/data/Dutta_lab/aric/EA/SeqId_13113_7.PHENO1.glm.linear	4	87975650	ARIC
SeqId_13114_50	LUM	P51884	/data/Dutta_lab/aric/EA/SeqId_13114_50.PHENO1.glm.linear	12	91111439	ARIC
SeqId_13116_25	CD177	Q8N6Q3	/data/Dutta_lab/aric/EA/SeqId_13116_25.PHENO1.glm.linear	19	43353686	ARIC
SeqId_13118_5	SMOC1	Q9H4F8	/data/Dutta_lab/aric/EA/SeqId_13118_5.PHENO1.glm.linear	14	69854131	ARIC
SeqId_13119_26	SERPINA10	Q9UK55	/data/Dutta_lab/aric/EA/SeqId_13119_26.PHENO1.glm.linear	14	94290648	ARIC
SeqId_13122_19	FLRT2	O43155	/data/Dutta_lab/aric/EA/SeqId_13122_19.PHENO1.glm.linear	14	85530144	ARIC
SeqId_13123_3	FLRT3	Q9NZU0	/data/Dutta_lab/aric/EA/SeqId_13123_3.PHENO1.glm.linear	20	14337608	ARIC
SeqId_13124_20	ISLR2	Q6UXK2	/data/Dutta_lab/aric/EA/SeqId_13124_20.PHENO1.glm.linear	15	74100311	ARIC
SeqId_13125_45	VTN	P04004	/data/Dutta_lab/aric/EA/SeqId_13125_45.PHENO1.glm.linear	17	28368937	ARIC
SeqId_13126_52	DSC2	Q02487	/data/Dutta_lab/aric/EA/SeqId_13126_52.PHENO1.glm.linear	18	31102421	ARIC
SeqId_13129_40	LDLR	P01130	/data/Dutta_lab/aric/EA/SeqId_13129_40.PHENO1.glm.linear	19	11089462	ARIC
SeqId_13130_150	HK2	P52789	/data/Dutta_lab/aric/EA/SeqId_13130_150.PHENO1.glm.linear	2	74834127	ARIC
SeqId_13131_5	HK1	P19367	/data/Dutta_lab/aric/EA/SeqId_13131_5.PHENO1.glm.linear	10	69269984	ARIC
SeqId_13132_14	SEMA5A	Q13591	/data/Dutta_lab/aric/EA/SeqId_13132_14.PHENO1.glm.linear	5	9265545	ARIC
SeqId_13133_73	LTBP4	Q8N2S1	/data/Dutta_lab/aric/EA/SeqId_13133_73.PHENO1.glm.linear	19	40592883	ARIC
SeqId_13228_75	MDM2	Q00987	/data/Dutta_lab/aric/EA/SeqId_13228_75.PHENO1.glm.linear	12	68808177	ARIC
SeqId_13229_20	MDM4	O15151	/data/Dutta_lab/aric/EA/SeqId_13229_20.PHENO1.glm.linear	1	204516379	ARIC
SeqId_13230_174	IGHG2	P01859	/data/Dutta_lab/aric/EA/SeqId_13230_174.PHENO1.glm.linear	14	105644790	ARIC
SeqId_13231_90	IGHG4	P01861	/data/Dutta_lab/aric/EA/SeqId_13231_90.PHENO1.glm.linear	14	105626066	ARIC
SeqId_13236_25	WNT3A	P56704	/data/Dutta_lab/aric/EA/SeqId_13236_25.PHENO1.glm.linear	1	228006998	ARIC
SeqId_13240_170	SHANK1	Q9Y566	/data/Dutta_lab/aric/EA/SeqId_13240_170.PHENO1.glm.linear	19	50663169	ARIC
SeqId_13242_134	SHANK3	Q9BYB0	/data/Dutta_lab/aric/EA/SeqId_13242_134.PHENO1.glm.linear	22	50674415	ARIC
SeqId_13268_45	WNT5A	P41221	/data/Dutta_lab/aric/EA/SeqId_13268_45.PHENO1.glm.linear	3	55470141	ARIC
SeqId_13374_4	DEFB113	Q30KQ7	/data/Dutta_lab/aric/EA/SeqId_13374_4.PHENO1.glm.linear	6	49969625	ARIC
SeqId_13375_48	SYNGR3	O43761	/data/Dutta_lab/aric/EA/SeqId_13375_48.PHENO1.glm.linear	16	1989660	ARIC
SeqId_13377_3	CYB561D1	Q8N8Q1	/data/Dutta_lab/aric/EA/SeqId_13377_3.PHENO1.glm.linear	1	109494052	ARIC
SeqId_13378_80	C5orf63	A6NC05	/data/Dutta_lab/aric/EA/SeqId_13378_80.PHENO1.glm.linear	5	127058917	ARIC
SeqId_13381_49	B4GALT1	P15291	/data/Dutta_lab/aric/EA/SeqId_13381_49.PHENO1.glm.linear	9	33167356	ARIC
SeqId_13384_110	FH	P07954	/data/Dutta_lab/aric/EA/SeqId_13384_110.PHENO1.glm.linear	1	241513676	ARIC
SeqId_13386_248	RNF34	Q969K3	/data/Dutta_lab/aric/EA/SeqId_13386_248.PHENO1.glm.linear	12	121400041	ARIC
SeqId_13387_55	EHF	Q9NZC4	/data/Dutta_lab/aric/EA/SeqId_13387_55.PHENO1.glm.linear	11	34621093	ARIC
SeqId_13388_57	PCSK1	P29120	/data/Dutta_lab/aric/EA/SeqId_13388_57.PHENO1.glm.linear	5	96412985	ARIC
SeqId_13392_13	ATP1B1	P05026	/data/Dutta_lab/aric/EA/SeqId_13392_13.PHENO1.glm.linear	1	169105697	ARIC
SeqId_13393_46	DERL1	Q9BUN8	/data/Dutta_lab/aric/EA/SeqId_13393_46.PHENO1.glm.linear	8	123025650	ARIC
SeqId_13397_88	DEFB4A	O15263	/data/Dutta_lab/aric/EA/SeqId_13397_88.PHENO1.glm.linear	8	7416863	ARIC
SeqId_13399_33	RELL1	Q8IUW5	/data/Dutta_lab/aric/EA/SeqId_13399_33.PHENO1.glm.linear	4	37665381	ARIC
SeqId_13403_5	ETV5	P41161	/data/Dutta_lab/aric/EA/SeqId_13403_5.PHENO1.glm.linear	3	186064560	ARIC
SeqId_13405_61	SPINK2	P20155	/data/Dutta_lab/aric/EA/SeqId_13405_61.PHENO1.glm.linear	4	56811796	ARIC
SeqId_13411_21	RNF41	Q9H4P4	/data/Dutta_lab/aric/EA/SeqId_13411_21.PHENO1.glm.linear	12	56208544	ARIC
SeqId_13412_5	WFDC6	Q9BQY6	/data/Dutta_lab/aric/EA/SeqId_13412_5.PHENO1.glm.linear	20	45539407	ARIC
SeqId_13416_8	TMEM132D	Q14C87	/data/Dutta_lab/aric/EA/SeqId_13416_8.PHENO1.glm.linear	12	129086000	ARIC
SeqId_13421_17	TMEM167B	Q9NRX6	/data/Dutta_lab/aric/EA/SeqId_13421_17.PHENO1.glm.linear	1	109090764	ARIC
SeqId_13423_94	FAM213A	Q9BRX8	/data/Dutta_lab/aric/EA/SeqId_13423_94.PHENO1.glm.linear	10	80407829	ARIC
SeqId_13427_66	MAN1C1	Q9NR34	/data/Dutta_lab/aric/EA/SeqId_13427_66.PHENO1.glm.linear	1	25617468	ARIC
SeqId_13429_3	WFDC10A	Q9H1F0	/data/Dutta_lab/aric/EA/SeqId_13429_3.PHENO1.glm.linear	20	45629739	ARIC
SeqId_13430_50	SLC14A1	Q13336	/data/Dutta_lab/aric/EA/SeqId_13430_50.PHENO1.glm.linear	18	45687025	ARIC
SeqId_13431_74	FAM159A	Q6UWV7	/data/Dutta_lab/aric/EA/SeqId_13431_74.PHENO1.glm.linear	1	52633168	ARIC
SeqId_13434_172	PARVA	Q9NVD7	/data/Dutta_lab/aric/EA/SeqId_13434_172.PHENO1.glm.linear	11	12377563	ARIC
SeqId_13435_31	IL20RB	Q6UXL0	/data/Dutta_lab/aric/EA/SeqId_13435_31.PHENO1.glm.linear	3	136946230	ARIC
SeqId_13436_54	MAZ	P56270	/data/Dutta_lab/aric/EA/SeqId_13436_54.PHENO1.glm.linear	16	29806106	ARIC
SeqId_13438_115	CHRD	Q9H2X0	/data/Dutta_lab/aric/EA/SeqId_13438_115.PHENO1.glm.linear	3	184380073	ARIC
SeqId_13439_6	IQCF3	P0C7M6	/data/Dutta_lab/aric/EA/SeqId_13439_6.PHENO1.glm.linear	3	51826883	ARIC
SeqId_13441_30	DIXDC1	Q155Q3	/data/Dutta_lab/aric/EA/SeqId_13441_30.PHENO1.glm.linear	11	111927144	ARIC
SeqId_13447_42	SPRN	Q5BIV9	/data/Dutta_lab/aric/EA/SeqId_13447_42.PHENO1.glm.linear	10	133424572	ARIC
SeqId_13449_25	SF3B4	Q15427	/data/Dutta_lab/aric/EA/SeqId_13449_25.PHENO1.glm.linear	1	149927591	ARIC
SeqId_13450_49	USP8	P40818	/data/Dutta_lab/aric/EA/SeqId_13450_49.PHENO1.glm.linear	15	50424380	ARIC
SeqId_13451_2	FNDC4	Q9H6D8	/data/Dutta_lab/aric/EA/SeqId_13451_2.PHENO1.glm.linear	2	27494812	ARIC
SeqId_13452_113	SMIM13	P0DJ93	/data/Dutta_lab/aric/EA/SeqId_13452_113.PHENO1.glm.linear	6	11093834	ARIC
SeqId_13453_2	MRPL33	O75394	/data/Dutta_lab/aric/EA/SeqId_13453_2.PHENO1.glm.linear	2	27771717	ARIC
SeqId_13457_33	ELF5	Q9UKW6	/data/Dutta_lab/aric/EA/SeqId_13457_33.PHENO1.glm.linear	11	34511799	ARIC
SeqId_13459_30	TOR4A	Q9NXH8	/data/Dutta_lab/aric/EA/SeqId_13459_30.PHENO1.glm.linear	9	137277726	ARIC
SeqId_13460_4	CHAD	O15335	/data/Dutta_lab/aric/EA/SeqId_13460_4.PHENO1.glm.linear	17	50465425	ARIC
SeqId_13463_1	PXDN	Q92626	/data/Dutta_lab/aric/EA/SeqId_13463_1.PHENO1.glm.linear	2	1637064	ARIC
SeqId_13464_8	NRAC	Q8N912	/data/Dutta_lab/aric/EA/SeqId_13464_8.PHENO1.glm.linear	14	104579684	ARIC
SeqId_13465_5	RCAN1	P53805	/data/Dutta_lab/aric/EA/SeqId_13465_5.PHENO1.glm.linear	21	34521583	ARIC
SeqId_13468_5	NEURL4	Q96JN8	/data/Dutta_lab/aric/EA/SeqId_13468_5.PHENO1.glm.linear	17	7317908	ARIC
SeqId_13470_43	PTH1R	Q03431	/data/Dutta_lab/aric/EA/SeqId_13470_43.PHENO1.glm.linear	3	46877721	ARIC
SeqId_13472_35	HDHD2	Q9H0R4	/data/Dutta_lab/aric/EA/SeqId_13472_35.PHENO1.glm.linear	18	47110856	ARIC
SeqId_13473_55	ITPKA	P23677	/data/Dutta_lab/aric/EA/SeqId_13473_55.PHENO1.glm.linear	15	41493393	ARIC
SeqId_13474_40	GSTK1	Q9Y2Q3	/data/Dutta_lab/aric/EA/SeqId_13474_40.PHENO1.glm.linear	7	143244093	ARIC
SeqId_13475_10	UBE2D4	Q9Y2X8	/data/Dutta_lab/aric/EA/SeqId_13475_10.PHENO1.glm.linear	7	43926436	ARIC
SeqId_13476_16	KIN	O60870	/data/Dutta_lab/aric/EA/SeqId_13476_16.PHENO1.glm.linear	10	7766103	ARIC
SeqId_13477_65	LTB4R	Q15722	/data/Dutta_lab/aric/EA/SeqId_13477_65.PHENO1.glm.linear	14	24311450	ARIC
SeqId_13479_8	FAM171A2	A8MVW0	/data/Dutta_lab/aric/EA/SeqId_13479_8.PHENO1.glm.linear	17	44363800	ARIC
SeqId_13481_24	TCEA2	Q15560	/data/Dutta_lab/aric/EA/SeqId_13481_24.PHENO1.glm.linear	20	64049836	ARIC
SeqId_13482_14	CNOT1	A5YKK6	/data/Dutta_lab/aric/EA/SeqId_13482_14.PHENO1.glm.linear	16	58525381	ARIC
SeqId_13484_69	COL1A1	P02452	/data/Dutta_lab/aric/EA/SeqId_13484_69.PHENO1.glm.linear	17	50187122	ARIC
SeqId_13485_20	TMEM87B	Q96K49	/data/Dutta_lab/aric/EA/SeqId_13485_20.PHENO1.glm.linear	2	112055269	ARIC
SeqId_13487_24	UNC93B1	Q9H1C4	/data/Dutta_lab/aric/EA/SeqId_13487_24.PHENO1.glm.linear	11	67995980	ARIC
SeqId_13488_3	ARFIP1	P53367	/data/Dutta_lab/aric/EA/SeqId_13488_3.PHENO1.glm.linear	4	152779937	ARIC
SeqId_13490_1	MPP6	Q9NZW5	/data/Dutta_lab/aric/EA/SeqId_13490_1.PHENO1.glm.linear	7	24573268	ARIC
SeqId_13491_40	PDE6D	O43924	/data/Dutta_lab/aric/EA/SeqId_13491_40.PHENO1.glm.linear	2	231781263	ARIC
SeqId_13492_44	HSPA9	P38646	/data/Dutta_lab/aric/EA/SeqId_13492_44.PHENO1.glm.linear	5	138557891	ARIC
SeqId_13493_5	GRID1	Q9ULK0	/data/Dutta_lab/aric/EA/SeqId_13493_5.PHENO1.glm.linear	10	85613133	ARIC
SeqId_13494_6	CERS5	Q8N5B7	/data/Dutta_lab/aric/EA/SeqId_13494_6.PHENO1.glm.linear	12	50133165	ARIC
SeqId_13495_48	HCAR2	Q8TDS4	/data/Dutta_lab/aric/EA/SeqId_13495_48.PHENO1.glm.linear	12	122703357	ARIC
SeqId_13496_19	HMGCS1	Q01581	/data/Dutta_lab/aric/EA/SeqId_13496_19.PHENO1.glm.linear	5	43294852	ARIC
SeqId_13497_34	EIF3J	O75822	/data/Dutta_lab/aric/EA/SeqId_13497_34.PHENO1.glm.linear	15	44537125	ARIC
SeqId_13498_1	MIOX	Q9UGB7	/data/Dutta_lab/aric/EA/SeqId_13498_1.PHENO1.glm.linear	22	50486784	ARIC
SeqId_13501_10	SLC35G2	Q8TBE7	/data/Dutta_lab/aric/EA/SeqId_13501_10.PHENO1.glm.linear	3	136818647	ARIC
SeqId_13502_2	SLC26A11	Q86WA9	/data/Dutta_lab/aric/EA/SeqId_13502_2.PHENO1.glm.linear	17	80219699	ARIC
SeqId_13503_19	ARL6IP5	O75915	/data/Dutta_lab/aric/EA/SeqId_13503_19.PHENO1.glm.linear	3	69084937	ARIC
SeqId_13506_10	DUS2	Q9NX74	/data/Dutta_lab/aric/EA/SeqId_13506_10.PHENO1.glm.linear	16	67987746	ARIC
SeqId_13507_51	TRADD	Q15628	/data/Dutta_lab/aric/EA/SeqId_13507_51.PHENO1.glm.linear	16	67155418	ARIC
SeqId_13509_5	SCAMP5	Q8TAC9	/data/Dutta_lab/aric/EA/SeqId_13509_5.PHENO1.glm.linear	15	74957219	ARIC
SeqId_13510_7	ATP2A3	Q93084	/data/Dutta_lab/aric/EA/SeqId_13510_7.PHENO1.glm.linear	17	3928620	ARIC
SeqId_13511_29	SATB1	Q01826	/data/Dutta_lab/aric/EA/SeqId_13511_29.PHENO1.glm.linear	3	18351531	ARIC
SeqId_13512_28	HNRNPR	O43390	/data/Dutta_lab/aric/EA/SeqId_13512_28.PHENO1.glm.linear	1	23306632	ARIC
SeqId_13514_121	RAB35	Q15286	/data/Dutta_lab/aric/EA/SeqId_13514_121.PHENO1.glm.linear	12	120099462	ARIC
SeqId_13515_8	RPRD1A	Q96P16	/data/Dutta_lab/aric/EA/SeqId_13515_8.PHENO1.glm.linear	18	35993163	ARIC
SeqId_13516_46	EMC4	Q5J8M3	/data/Dutta_lab/aric/EA/SeqId_13516_46.PHENO1.glm.linear	15	34225013	ARIC
SeqId_13517_3	PTCHD3	Q3KNS1	/data/Dutta_lab/aric/EA/SeqId_13517_3.PHENO1.glm.linear	10	27414368	ARIC
SeqId_13518_5	ASAP2	O43150	/data/Dutta_lab/aric/EA/SeqId_13518_5.PHENO1.glm.linear	2	9206765	ARIC
SeqId_13519_112	ARHGEF25	Q86VW2	/data/Dutta_lab/aric/EA/SeqId_13519_112.PHENO1.glm.linear	12	57610180	ARIC
SeqId_13522_20	VSNL1	P62760	/data/Dutta_lab/aric/EA/SeqId_13522_20.PHENO1.glm.linear	2	17539126	ARIC
SeqId_13525_17	KCNG4	Q8TDN1	/data/Dutta_lab/aric/EA/SeqId_13525_17.PHENO1.glm.linear	16	84239698	ARIC
SeqId_13526_5	SSB	P05455	/data/Dutta_lab/aric/EA/SeqId_13526_5.PHENO1.glm.linear	2	169791933	ARIC
SeqId_13530_5	UTS2R	Q9UKP6	/data/Dutta_lab/aric/EA/SeqId_13530_5.PHENO1.glm.linear	17	82374230	ARIC
SeqId_13532_25	CNEP1R1	Q8N9A8	/data/Dutta_lab/aric/EA/SeqId_13532_25.PHENO1.glm.linear	16	50024410	ARIC
SeqId_13534_20	MYOM2	P54296	/data/Dutta_lab/aric/EA/SeqId_13534_20.PHENO1.glm.linear	8	2045046	ARIC
SeqId_13535_2	COL4A3BP	Q9Y5P4	/data/Dutta_lab/aric/EA/SeqId_13535_2.PHENO1.glm.linear	5	75369337	ARIC
SeqId_13536_56	POLI	Q9UNA4	/data/Dutta_lab/aric/EA/SeqId_13536_56.PHENO1.glm.linear	18	54269404	ARIC
SeqId_13539_131	KCNN1	Q92952	/data/Dutta_lab/aric/EA/SeqId_13539_131.PHENO1.glm.linear	19	17951293	ARIC
SeqId_13540_1	GPR26	Q8NDV2	/data/Dutta_lab/aric/EA/SeqId_13540_1.PHENO1.glm.linear	10	123666355	ARIC
SeqId_13541_1	MYCT1	Q8N699	/data/Dutta_lab/aric/EA/SeqId_13541_1.PHENO1.glm.linear	6	152697895	ARIC
SeqId_13544_9	HMHA1	Q92619	/data/Dutta_lab/aric/EA/SeqId_13544_9.PHENO1.glm.linear	19	1065923	ARIC
SeqId_13545_97	EIF1AD	Q8N9N8	/data/Dutta_lab/aric/EA/SeqId_13545_97.PHENO1.glm.linear	11	66000482	ARIC
SeqId_13547_5	HTR7	P34969	/data/Dutta_lab/aric/EA/SeqId_13547_5.PHENO1.glm.linear	10	90857698	ARIC
SeqId_13548_53	PPAPDC1A	Q5VZY2	/data/Dutta_lab/aric/EA/SeqId_13548_53.PHENO1.glm.linear	10	120457227	ARIC
SeqId_13549_15	ADAM29	Q9UKF5	/data/Dutta_lab/aric/EA/SeqId_13549_15.PHENO1.glm.linear	4	174829668	ARIC
SeqId_13552_7	SWAP70	Q9UH65	/data/Dutta_lab/aric/EA/SeqId_13552_7.PHENO1.glm.linear	11	9664077	ARIC
SeqId_13553_4	DCUN1D3	Q8IWE4	/data/Dutta_lab/aric/EA/SeqId_13553_4.PHENO1.glm.linear	16	20868980	ARIC
SeqId_13554_78	REPIN1	Q9BWE0	/data/Dutta_lab/aric/EA/SeqId_13554_78.PHENO1.glm.linear	7	150368189	ARIC
SeqId_13556_28	HTR2A	P28223	/data/Dutta_lab/aric/EA/SeqId_13556_28.PHENO1.glm.linear	13	46895813	ARIC
SeqId_13557_3	PVRL3	Q9NQS3	/data/Dutta_lab/aric/EA/SeqId_13557_3.PHENO1.glm.linear	3	111070071	ARIC
SeqId_13561_5	HTR6	P50406	/data/Dutta_lab/aric/EA/SeqId_13561_5.PHENO1.glm.linear	1	19664875	ARIC
SeqId_13563_259	ACBD7	Q8N6N7	/data/Dutta_lab/aric/EA/SeqId_13563_259.PHENO1.glm.linear	10	15088481	ARIC
SeqId_13565_2	RBL2	Q08999	/data/Dutta_lab/aric/EA/SeqId_13565_2.PHENO1.glm.linear	16	53433977	ARIC
SeqId_13566_2	SSU72	Q9NP77	/data/Dutta_lab/aric/EA/SeqId_13566_2.PHENO1.glm.linear	1	1546487	ARIC
SeqId_13567_1	DPYSL2	Q16555	/data/Dutta_lab/aric/EA/SeqId_13567_1.PHENO1.glm.linear	8	26514031	ARIC
SeqId_13568_30	PSMD4	P55036	/data/Dutta_lab/aric/EA/SeqId_13568_30.PHENO1.glm.linear	1	151254703	ARIC
SeqId_13570_43	HDLBP	Q00341	/data/Dutta_lab/aric/EA/SeqId_13570_43.PHENO1.glm.linear	2	241229983	ARIC
SeqId_13572_43	PSMD11	O00231	/data/Dutta_lab/aric/EA/SeqId_13572_43.PHENO1.glm.linear	17	32444379	ARIC
SeqId_13573_5	ARPC3	O15145	/data/Dutta_lab/aric/EA/SeqId_13573_5.PHENO1.glm.linear	12	110437299	ARIC
SeqId_13574_50	RND1	Q92730	/data/Dutta_lab/aric/EA/SeqId_13574_50.PHENO1.glm.linear	12	48859282	ARIC
SeqId_13575_40	DVL2	O14641	/data/Dutta_lab/aric/EA/SeqId_13575_40.PHENO1.glm.linear	17	7227827	ARIC
SeqId_13577_25	U2AF2	P26368	/data/Dutta_lab/aric/EA/SeqId_13577_25.PHENO1.glm.linear	19	55654146	ARIC
SeqId_13578_98	ABLIM3	O94929	/data/Dutta_lab/aric/EA/SeqId_13578_98.PHENO1.glm.linear	5	149141483	ARIC
SeqId_13580_2	UAP1	Q16222	/data/Dutta_lab/aric/EA/SeqId_13580_2.PHENO1.glm.linear	1	162561506	ARIC
SeqId_13583_19	APAF1	O14727	/data/Dutta_lab/aric/EA/SeqId_13583_19.PHENO1.glm.linear	12	98645141	ARIC
SeqId_13587_10	RACGAP1	Q9H0H5	/data/Dutta_lab/aric/EA/SeqId_13587_10.PHENO1.glm.linear	12	49992358	ARIC
SeqId_13588_11	ANXA9	O76027	/data/Dutta_lab/aric/EA/SeqId_13588_11.PHENO1.glm.linear	1	150982249	ARIC
SeqId_13589_10	APBB3	O95704	/data/Dutta_lab/aric/EA/SeqId_13589_10.PHENO1.glm.linear	5	140562149	ARIC
SeqId_13590_1	REXO2	Q9Y3B8	/data/Dutta_lab/aric/EA/SeqId_13590_1.PHENO1.glm.linear	11	114439386	ARIC
SeqId_13591_31	PRIM1	P49642	/data/Dutta_lab/aric/EA/SeqId_13591_31.PHENO1.glm.linear	12	56743098	ARIC
SeqId_13594_158	GGA1	Q9UJY5	/data/Dutta_lab/aric/EA/SeqId_13594_158.PHENO1.glm.linear	22	37608725	ARIC
SeqId_13595_20	THTPA	Q9BU02	/data/Dutta_lab/aric/EA/SeqId_13595_20.PHENO1.glm.linear	14	23555988	ARIC
SeqId_13596_3	RAB27B	O00194	/data/Dutta_lab/aric/EA/SeqId_13596_3.PHENO1.glm.linear	18	54717860	ARIC
SeqId_13597_20	RAB31	Q13636	/data/Dutta_lab/aric/EA/SeqId_13597_20.PHENO1.glm.linear	18	9708275	ARIC
SeqId_13599_15	RABEPK	Q7Z6M1	/data/Dutta_lab/aric/EA/SeqId_13599_15.PHENO1.glm.linear	9	125200542	ARIC
SeqId_13602_6	NHP2L1	P55769	/data/Dutta_lab/aric/EA/SeqId_13602_6.PHENO1.glm.linear	22	41676323	ARIC
SeqId_13603_7	RFESD	Q8TAC1	/data/Dutta_lab/aric/EA/SeqId_13603_7.PHENO1.glm.linear	5	95646754	ARIC
SeqId_13604_27	NEURL1	O76050	/data/Dutta_lab/aric/EA/SeqId_13604_27.PHENO1.glm.linear	10	103493979	ARIC
SeqId_13605_16	ANXA10	Q9UJ72	/data/Dutta_lab/aric/EA/SeqId_13605_16.PHENO1.glm.linear	4	168092537	ARIC
SeqId_13609_11	GTF2I	P78347	/data/Dutta_lab/aric/EA/SeqId_13609_11.PHENO1.glm.linear	7	74650231	ARIC
SeqId_13612_7	CYTIP	O60759	/data/Dutta_lab/aric/EA/SeqId_13612_7.PHENO1.glm.linear	2	157439414	ARIC
SeqId_13613_23	AK5	Q9Y6K8	/data/Dutta_lab/aric/EA/SeqId_13613_23.PHENO1.glm.linear	1	77282019	ARIC
SeqId_13614_6	CREBBP	Q92793	/data/Dutta_lab/aric/EA/SeqId_13614_6.PHENO1.glm.linear	16	3731250	ARIC
SeqId_13615_60	NCK2	O43639	/data/Dutta_lab/aric/EA/SeqId_13615_60.PHENO1.glm.linear	2	105744912	ARIC
SeqId_13618_15	MAD1L1	Q9Y6D9	/data/Dutta_lab/aric/EA/SeqId_13618_15.PHENO1.glm.linear	7	1817085	ARIC
SeqId_13620_10	ASNA1	O43681	/data/Dutta_lab/aric/EA/SeqId_13620_10.PHENO1.glm.linear	19	12737139	ARIC
SeqId_13621_31	AP2A2	O94973	/data/Dutta_lab/aric/EA/SeqId_13621_31.PHENO1.glm.linear	11	924894	ARIC
SeqId_13622_16	PPP2R5A	Q15172	/data/Dutta_lab/aric/EA/SeqId_13622_16.PHENO1.glm.linear	1	212285410	ARIC
SeqId_13623_4	MLL2	O14686	/data/Dutta_lab/aric/EA/SeqId_13623_4.PHENO1.glm.linear	12	49024624	ARIC
SeqId_13624_17	NADK	O95544	/data/Dutta_lab/aric/EA/SeqId_13624_17.PHENO1.glm.linear	1	1754383	ARIC
SeqId_13625_19	SSB	P05455	/data/Dutta_lab/aric/EA/SeqId_13625_19.PHENO1.glm.linear	2	169791933	ARIC
SeqId_13628_58	GRB14	Q14449	/data/Dutta_lab/aric/EA/SeqId_13628_58.PHENO1.glm.linear	2	164497052	ARIC
SeqId_13629_25	ATG4B	Q9Y4P1	/data/Dutta_lab/aric/EA/SeqId_13629_25.PHENO1.glm.linear	2	241637213	ARIC
SeqId_13631_1	RBBP5	Q15291	/data/Dutta_lab/aric/EA/SeqId_13631_1.PHENO1.glm.linear	1	205121966	ARIC
SeqId_13632_10	ZYX	Q15942	/data/Dutta_lab/aric/EA/SeqId_13632_10.PHENO1.glm.linear	7	143381295	ARIC
SeqId_13636_20	NAP1L1	P55209	/data/Dutta_lab/aric/EA/SeqId_13636_20.PHENO1.glm.linear	12	76049721	ARIC
SeqId_13639_101	USO1	O60763	/data/Dutta_lab/aric/EA/SeqId_13639_101.PHENO1.glm.linear	4	75724593	ARIC
SeqId_13642_90	IFIT3	O14879	/data/Dutta_lab/aric/EA/SeqId_13642_90.PHENO1.glm.linear	10	89327997	ARIC
SeqId_13644_30	HGS	O14964	/data/Dutta_lab/aric/EA/SeqId_13644_30.PHENO1.glm.linear	17	81683326	ARIC
SeqId_13645_14	DHX38	Q92620	/data/Dutta_lab/aric/EA/SeqId_13645_14.PHENO1.glm.linear	16	72093613	ARIC
SeqId_13650_11	KCNIP1	Q9NZI2	/data/Dutta_lab/aric/EA/SeqId_13650_11.PHENO1.glm.linear	5	170353487	ARIC
SeqId_13651_54	ZFP91	Q96JP5	/data/Dutta_lab/aric/EA/SeqId_13651_54.PHENO1.glm.linear	11	58579063	ARIC
SeqId_13652_2	TOM1L1	O75674	/data/Dutta_lab/aric/EA/SeqId_13652_2.PHENO1.glm.linear	17	54899387	ARIC
SeqId_13653_335	MACROD1	Q9BQ69	/data/Dutta_lab/aric/EA/SeqId_13653_335.PHENO1.glm.linear	11	63999222	ARIC
SeqId_13654_1	ROCK2	O75116	/data/Dutta_lab/aric/EA/SeqId_13654_1.PHENO1.glm.linear	2	11195116	ARIC
SeqId_13655_34	NCL	P19338	/data/Dutta_lab/aric/EA/SeqId_13655_34.PHENO1.glm.linear	2	231457410	ARIC
SeqId_13657_2	PNKP	Q96T60	/data/Dutta_lab/aric/EA/SeqId_13657_2.PHENO1.glm.linear	19	49860514	ARIC
SeqId_13658_31	PDGFC	Q9NRA1	/data/Dutta_lab/aric/EA/SeqId_13658_31.PHENO1.glm.linear	4	156773717	ARIC
SeqId_13659_36	ATP13A1	Q9HD20	/data/Dutta_lab/aric/EA/SeqId_13659_36.PHENO1.glm.linear	19	19647711	ARIC
SeqId_13665_35	PPP2R3A	Q06190	/data/Dutta_lab/aric/EA/SeqId_13665_35.PHENO1.glm.linear	3	135965728	ARIC
SeqId_13666_222	CA10	Q9NS85	/data/Dutta_lab/aric/EA/SeqId_13666_222.PHENO1.glm.linear	17	51747788	ARIC
SeqId_13669_6	FGFR3	P22607	/data/Dutta_lab/aric/EA/SeqId_13669_6.PHENO1.glm.linear	4	1793293	ARIC
SeqId_13671_40	ELANE	P08246	/data/Dutta_lab/aric/EA/SeqId_13671_40.PHENO1.glm.linear	19	851014	ARIC
SeqId_13672_3	HSPA6	P17066	/data/Dutta_lab/aric/EA/SeqId_13672_3.PHENO1.glm.linear	1	161524540	ARIC
SeqId_13673_21	CCT7	Q99832	/data/Dutta_lab/aric/EA/SeqId_13673_21.PHENO1.glm.linear	2	73233420	ARIC
SeqId_13676_46	INHBB	P09529	/data/Dutta_lab/aric/EA/SeqId_13676_46.PHENO1.glm.linear	2	120346136	ARIC
SeqId_13680_3	NAB2	Q15742	/data/Dutta_lab/aric/EA/SeqId_13680_3.PHENO1.glm.linear	12	57089043	ARIC
SeqId_13681_173	CSNK2A2	P19784	/data/Dutta_lab/aric/EA/SeqId_13681_173.PHENO1.glm.linear	16	58167713	ARIC
SeqId_13682_47	CSF1R	P07333	/data/Dutta_lab/aric/EA/SeqId_13682_47.PHENO1.glm.linear	5	150054820	ARIC
SeqId_13683_18	CLCNKB	P51801	/data/Dutta_lab/aric/EA/SeqId_13683_18.PHENO1.glm.linear	1	16043736	ARIC
SeqId_13686_2	IL5RA	Q01344	/data/Dutta_lab/aric/EA/SeqId_13686_2.PHENO1.glm.linear	3	3109980	ARIC
SeqId_13688_2	CAPSL	Q8WWF8	/data/Dutta_lab/aric/EA/SeqId_13688_2.PHENO1.glm.linear	5	35938622	ARIC
SeqId_13689_2	ODC1	P11926	/data/Dutta_lab/aric/EA/SeqId_13689_2.PHENO1.glm.linear	2	10447780	ARIC
SeqId_13691_10	SLC5A8	Q8N695	/data/Dutta_lab/aric/EA/SeqId_13691_10.PHENO1.glm.linear	12	101210238	ARIC
SeqId_13692_154	WISP1	O95388	/data/Dutta_lab/aric/EA/SeqId_13692_154.PHENO1.glm.linear	8	133191039	ARIC
SeqId_13697_51	GPD1	P21695	/data/Dutta_lab/aric/EA/SeqId_13697_51.PHENO1.glm.linear	12	50103982	ARIC
SeqId_13698_28	KIAA0319L	Q8IZA0	/data/Dutta_lab/aric/EA/SeqId_13698_28.PHENO1.glm.linear	1	35443255	ARIC
SeqId_13700_10	ANXA2	P07355	/data/Dutta_lab/aric/EA/SeqId_13700_10.PHENO1.glm.linear	15	60351553	ARIC
SeqId_13704_5	HMGCS2	P54868	/data/Dutta_lab/aric/EA/SeqId_13704_5.PHENO1.glm.linear	1	119759414	ARIC
SeqId_13711_10	CLTC	Q00610	/data/Dutta_lab/aric/EA/SeqId_13711_10.PHENO1.glm.linear	17	59619689	ARIC
SeqId_13713_164	SEC22A	Q96IW7	/data/Dutta_lab/aric/EA/SeqId_13713_164.PHENO1.glm.linear	3	123201927	ARIC
SeqId_13717_15	FCN2	Q15485	/data/Dutta_lab/aric/EA/SeqId_13717_15.PHENO1.glm.linear	9	134880810	ARIC
SeqId_13719_19	PAK4	O96013	/data/Dutta_lab/aric/EA/SeqId_13719_19.PHENO1.glm.linear	19	39125770	ARIC
SeqId_13720_95	PRTN3	P24158	/data/Dutta_lab/aric/EA/SeqId_13720_95.PHENO1.glm.linear	19	840999	ARIC
SeqId_13724_27	FGF19	O95750	/data/Dutta_lab/aric/EA/SeqId_13724_27.PHENO1.glm.linear	11	69704022	ARIC
SeqId_13726_4	CD80	P33681	/data/Dutta_lab/aric/EA/SeqId_13726_4.PHENO1.glm.linear	3	119557728	ARIC
SeqId_13727_44	SPOP	O43791	/data/Dutta_lab/aric/EA/SeqId_13727_44.PHENO1.glm.linear	17	49601631	ARIC
SeqId_13728_19	ERP29	P30040	/data/Dutta_lab/aric/EA/SeqId_13728_19.PHENO1.glm.linear	12	112013348	ARIC
SeqId_13729_26	SFXN5	Q8TD22	/data/Dutta_lab/aric/EA/SeqId_13729_26.PHENO1.glm.linear	2	72981117	ARIC
SeqId_13733_5	IL12B	P29460	/data/Dutta_lab/aric/EA/SeqId_13733_5.PHENO1.glm.linear	5	159330487	ARIC
SeqId_13735_1	RAP1GAP	P47736	/data/Dutta_lab/aric/EA/SeqId_13735_1.PHENO1.glm.linear	1	21620041	ARIC
SeqId_13738_8	INHBA	P08476	/data/Dutta_lab/aric/EA/SeqId_13738_8.PHENO1.glm.linear	7	41692564	ARIC
SeqId_13740_51	FRZB	Q92765	/data/Dutta_lab/aric/EA/SeqId_13740_51.PHENO1.glm.linear	2	182866637	ARIC
SeqId_13745_10	PKD2	Q13563	/data/Dutta_lab/aric/EA/SeqId_13745_10.PHENO1.glm.linear	4	88007635	ARIC
SeqId_13748_4	CCL8	P80075	/data/Dutta_lab/aric/EA/SeqId_13748_4.PHENO1.glm.linear	17	34319435	ARIC
SeqId_13926_1	RMI1	Q9H9A7	/data/Dutta_lab/aric/EA/SeqId_13926_1.PHENO1.glm.linear	9	83980711	ARIC
SeqId_13929_27	CROT	Q9UKG9	/data/Dutta_lab/aric/EA/SeqId_13929_27.PHENO1.glm.linear	7	87345681	ARIC
SeqId_13930_3	APOBEC3G	Q9HC16	/data/Dutta_lab/aric/EA/SeqId_13930_3.PHENO1.glm.linear	22	39077067	ARIC
SeqId_13931_22	PSMD9	O00233	/data/Dutta_lab/aric/EA/SeqId_13931_22.PHENO1.glm.linear	12	121888732	ARIC
SeqId_13932_45	ARHGEF7	Q14155	/data/Dutta_lab/aric/EA/SeqId_13932_45.PHENO1.glm.linear	13	111114559	ARIC
SeqId_13933_276	NAB1	Q13506	/data/Dutta_lab/aric/EA/SeqId_13933_276.PHENO1.glm.linear	2	190646746	ARIC
SeqId_13934_3	MCF2L	O15068	/data/Dutta_lab/aric/EA/SeqId_13934_3.PHENO1.glm.linear	13	112894378	ARIC
SeqId_13936_24	PGK2	P07205	/data/Dutta_lab/aric/EA/SeqId_13936_24.PHENO1.glm.linear	6	49787285	ARIC
SeqId_13937_75	CAND1	Q86VP6	/data/Dutta_lab/aric/EA/SeqId_13937_75.PHENO1.glm.linear	12	67269358	ARIC
SeqId_13939_14	UGP2	Q16851	/data/Dutta_lab/aric/EA/SeqId_13939_14.PHENO1.glm.linear	2	63840940	ARIC
SeqId_13940_19	IFI16	Q16666	/data/Dutta_lab/aric/EA/SeqId_13940_19.PHENO1.glm.linear	1	158999968	ARIC
SeqId_13941_82	FARS2	O95363	/data/Dutta_lab/aric/EA/SeqId_13941_82.PHENO1.glm.linear	6	5261044	ARIC
SeqId_13942_140	SPSB1	Q96BD6	/data/Dutta_lab/aric/EA/SeqId_13942_140.PHENO1.glm.linear	1	9292894	ARIC
SeqId_13943_38	DPY30	Q9C005	/data/Dutta_lab/aric/EA/SeqId_13943_38.PHENO1.glm.linear	2	32023757	ARIC
SeqId_13944_3	SULT1A3	P0DMM9	/data/Dutta_lab/aric/EA/SeqId_13944_3.PHENO1.glm.linear	16	30199228	ARIC
SeqId_13946_8	DDX23	Q9BUQ8	/data/Dutta_lab/aric/EA/SeqId_13946_8.PHENO1.glm.linear	12	48832820	ARIC
SeqId_13947_371	NUDT12	Q9BQG2	/data/Dutta_lab/aric/EA/SeqId_13947_371.PHENO1.glm.linear	5	103556089	ARIC
SeqId_13948_50	GABBR2	O75899	/data/Dutta_lab/aric/EA/SeqId_13948_50.PHENO1.glm.linear	9	98303334	ARIC
SeqId_13950_9	COL4A3BP	Q9Y5P4	/data/Dutta_lab/aric/EA/SeqId_13950_9.PHENO1.glm.linear	5	75369337	ARIC
SeqId_13954_9	GNPNAT1	Q96EK6	/data/Dutta_lab/aric/EA/SeqId_13954_9.PHENO1.glm.linear	14	52777081	ARIC
SeqId_13955_33	DAPK1	P53355	/data/Dutta_lab/aric/EA/SeqId_13955_33.PHENO1.glm.linear	9	87497228	ARIC
SeqId_13958_5	RBM46	Q8TBY0	/data/Dutta_lab/aric/EA/SeqId_13958_5.PHENO1.glm.linear	4	154781213	ARIC
SeqId_13959_7	LAP3	P28838	/data/Dutta_lab/aric/EA/SeqId_13959_7.PHENO1.glm.linear	4	17577192	ARIC
SeqId_13960_15	AGAP3	Q96P47	/data/Dutta_lab/aric/EA/SeqId_13960_15.PHENO1.glm.linear	7	151085831	ARIC
SeqId_13961_18	KIF3A	Q9Y496	/data/Dutta_lab/aric/EA/SeqId_13961_18.PHENO1.glm.linear	5	132699480	ARIC
SeqId_13963_7	TOLLIP	Q9H0E2	/data/Dutta_lab/aric/EA/SeqId_13963_7.PHENO1.glm.linear	11	1292170	ARIC
SeqId_13966_30	MYOM3	Q5VTT5	/data/Dutta_lab/aric/EA/SeqId_13966_30.PHENO1.glm.linear	1	24066579	ARIC
SeqId_13967_14	TXNRD1	Q16881	/data/Dutta_lab/aric/EA/SeqId_13967_14.PHENO1.glm.linear	12	104215779	ARIC
SeqId_13969_24	KPNA6	O60684	/data/Dutta_lab/aric/EA/SeqId_13969_24.PHENO1.glm.linear	1	32108056	ARIC
SeqId_13972_4	HSD17B14	Q9BPX1	/data/Dutta_lab/aric/EA/SeqId_13972_4.PHENO1.glm.linear	19	48815072	ARIC
SeqId_13973_62	TTL	Q8NG68	/data/Dutta_lab/aric/EA/SeqId_13973_62.PHENO1.glm.linear	2	112482156	ARIC
SeqId_13975_56	PPFIA1	Q13136	/data/Dutta_lab/aric/EA/SeqId_13975_56.PHENO1.glm.linear	11	70270700	ARIC
SeqId_13976_9	ARHGEF1	Q92888	/data/Dutta_lab/aric/EA/SeqId_13976_9.PHENO1.glm.linear	19	41883161	ARIC
SeqId_13977_28	BARD1	Q99728	/data/Dutta_lab/aric/EA/SeqId_13977_28.PHENO1.glm.linear	2	214730508	ARIC
SeqId_13978_122	TBX3	O15119	/data/Dutta_lab/aric/EA/SeqId_13978_122.PHENO1.glm.linear	12	114679933	ARIC
SeqId_13979_3	SLC26A7	Q8TE54	/data/Dutta_lab/aric/EA/SeqId_13979_3.PHENO1.glm.linear	8	91209494	ARIC
SeqId_13982_33	RGS18	Q9NS28	/data/Dutta_lab/aric/EA/SeqId_13982_33.PHENO1.glm.linear	1	192158462	ARIC
SeqId_13983_27	CRYZ	Q08257	/data/Dutta_lab/aric/EA/SeqId_13983_27.PHENO1.glm.linear	1	74708827	ARIC
SeqId_13984_23	DDX25	Q9UHL0	/data/Dutta_lab/aric/EA/SeqId_13984_23.PHENO1.glm.linear	11	125903348	ARIC
SeqId_13985_12	SMURF2	Q9HAU4	/data/Dutta_lab/aric/EA/SeqId_13985_12.PHENO1.glm.linear	17	64563165	ARIC
SeqId_13986_6	LANCL1	O43813	/data/Dutta_lab/aric/EA/SeqId_13986_6.PHENO1.glm.linear	2	210440745	ARIC
SeqId_13988_67	NMRAL1	Q9HBL8	/data/Dutta_lab/aric/EA/SeqId_13988_67.PHENO1.glm.linear	16	4464240	ARIC
SeqId_13990_1	PC	P11498	/data/Dutta_lab/aric/EA/SeqId_13990_1.PHENO1.glm.linear	11	66852962	ARIC
SeqId_13991_47	EIF4G3	O43432	/data/Dutta_lab/aric/EA/SeqId_13991_47.PHENO1.glm.linear	1	20847945	ARIC
SeqId_13992_12	NSF	P46459	/data/Dutta_lab/aric/EA/SeqId_13992_12.PHENO1.glm.linear	17	46590669	ARIC
SeqId_13993_20	EPB41L1	Q9H4G0	/data/Dutta_lab/aric/EA/SeqId_13993_20.PHENO1.glm.linear	20	36091504	ARIC
SeqId_13994_1	FBL	P22087	/data/Dutta_lab/aric/EA/SeqId_13994_1.PHENO1.glm.linear	19	39838091	ARIC
SeqId_13996_16	PPCDC	Q96CD2	/data/Dutta_lab/aric/EA/SeqId_13996_16.PHENO1.glm.linear	15	75023586	ARIC
SeqId_13998_26	ADSSL1	Q8N142	/data/Dutta_lab/aric/EA/SeqId_13998_26.PHENO1.glm.linear	14	104724186	ARIC
SeqId_14002_18	DOCK9	Q9BZ29	/data/Dutta_lab/aric/EA/SeqId_14002_18.PHENO1.glm.linear	13	98829366	ARIC
SeqId_14005_2	CHD7	Q9P2D1	/data/Dutta_lab/aric/EA/SeqId_14005_2.PHENO1.glm.linear	8	60678740	ARIC
SeqId_14006_36	GNMT	Q14749	/data/Dutta_lab/aric/EA/SeqId_14006_36.PHENO1.glm.linear	6	42960754	ARIC
SeqId_14007_22	PAPSS1	O43252	/data/Dutta_lab/aric/EA/SeqId_14007_22.PHENO1.glm.linear	4	107631804	ARIC
SeqId_14008_22	DCP1A	Q9NPI6	/data/Dutta_lab/aric/EA/SeqId_14008_22.PHENO1.glm.linear	3	53288361	ARIC
SeqId_14009_65	TNFAIP3	P21580	/data/Dutta_lab/aric/EA/SeqId_14009_65.PHENO1.glm.linear	6	137867214	ARIC
SeqId_14011_17	S100A11	P31949	/data/Dutta_lab/aric/EA/SeqId_14011_17.PHENO1.glm.linear	1	152037004	ARIC
SeqId_14012_17	DHX58	Q96C10	/data/Dutta_lab/aric/EA/SeqId_14012_17.PHENO1.glm.linear	17	42102809	ARIC
SeqId_14013_11	TANK	Q92844	/data/Dutta_lab/aric/EA/SeqId_14013_11.PHENO1.glm.linear	2	161136908	ARIC
SeqId_14021_81	MED4	Q9NPJ6	/data/Dutta_lab/aric/EA/SeqId_14021_81.PHENO1.glm.linear	13	48079975	ARIC
SeqId_14025_18	TNFRSF9	Q07011	/data/Dutta_lab/aric/EA/SeqId_14025_18.PHENO1.glm.linear	1	7935100	ARIC
SeqId_14026_24	IL17F	Q96PD4	/data/Dutta_lab/aric/EA/SeqId_14026_24.PHENO1.glm.linear	6	52239167	ARIC
SeqId_14028_22	PIK3C2A	O00443	/data/Dutta_lab/aric/EA/SeqId_14028_22.PHENO1.glm.linear	11	17169741	ARIC
SeqId_14029_42	COPS2	P61201	/data/Dutta_lab/aric/EA/SeqId_14029_42.PHENO1.glm.linear	15	49130773	ARIC
SeqId_14034_22	TACSTD2	P09758	/data/Dutta_lab/aric/EA/SeqId_14034_22.PHENO1.glm.linear	1	58577252	ARIC
SeqId_14035_13	TIAM1	Q13009	/data/Dutta_lab/aric/EA/SeqId_14035_13.PHENO1.glm.linear	21	31130221	ARIC
SeqId_14036_116	MPDZ	O75970	/data/Dutta_lab/aric/EA/SeqId_14036_116.PHENO1.glm.linear	9	13120650	ARIC
SeqId_14037_18	RANBP3	Q9H6Z4	/data/Dutta_lab/aric/EA/SeqId_14037_18.PHENO1.glm.linear	19	5923874	ARIC
SeqId_14039_33	KLK5	Q9Y337	/data/Dutta_lab/aric/EA/SeqId_14039_33.PHENO1.glm.linear	19	50952668	ARIC
SeqId_14043_12	EEA1	Q15075	/data/Dutta_lab/aric/EA/SeqId_14043_12.PHENO1.glm.linear	12	92821099	ARIC
SeqId_14045_12	NCOA2	Q15596	/data/Dutta_lab/aric/EA/SeqId_14045_12.PHENO1.glm.linear	8	70128747	ARIC
SeqId_14047_78	BDNF	P23560	/data/Dutta_lab/aric/EA/SeqId_14047_78.PHENO1.glm.linear	11	27659658	ARIC
SeqId_14048_7	IL1RAP	Q9NPH3	/data/Dutta_lab/aric/EA/SeqId_14048_7.PHENO1.glm.linear	3	190514051	ARIC
SeqId_14051_54	FOXC2	Q99958	/data/Dutta_lab/aric/EA/SeqId_14051_54.PHENO1.glm.linear	16	86566829	ARIC
SeqId_14052_26	UNC13A	Q9UPW8	/data/Dutta_lab/aric/EA/SeqId_14052_26.PHENO1.glm.linear	19	17612160	ARIC
SeqId_14054_17	IL15RA	Q13261	/data/Dutta_lab/aric/EA/SeqId_14054_17.PHENO1.glm.linear	10	5960567	ARIC
SeqId_14056_4	CGA	P01215	/data/Dutta_lab/aric/EA/SeqId_14056_4.PHENO1.glm.linear	6	87095059	ARIC
SeqId_14061_48	TNFSF11	O14788	/data/Dutta_lab/aric/EA/SeqId_14061_48.PHENO1.glm.linear	13	42562736	ARIC
SeqId_14063_17	OSM	P13725	/data/Dutta_lab/aric/EA/SeqId_14063_17.PHENO1.glm.linear	22	30265818	ARIC
SeqId_14065_11	CD5	P06127	/data/Dutta_lab/aric/EA/SeqId_14065_11.PHENO1.glm.linear	11	61102489	ARIC
SeqId_14066_49	MAGI2	Q86UL8	/data/Dutta_lab/aric/EA/SeqId_14066_49.PHENO1.glm.linear	7	78035016	ARIC
SeqId_14067_6	PKP2	Q99959	/data/Dutta_lab/aric/EA/SeqId_14067_6.PHENO1.glm.linear	12	32792875	ARIC
SeqId_14069_61	CA4	P22748	/data/Dutta_lab/aric/EA/SeqId_14069_61.PHENO1.glm.linear	17	60149942	ARIC
SeqId_14070_56	ITSN1	Q15811	/data/Dutta_lab/aric/EA/SeqId_14070_56.PHENO1.glm.linear	21	33642400	ARIC
SeqId_14074_2	SHC2	P98077	/data/Dutta_lab/aric/EA/SeqId_14074_2.PHENO1.glm.linear	19	419879	ARIC
SeqId_14076_74	CST4	P01036	/data/Dutta_lab/aric/EA/SeqId_14076_74.PHENO1.glm.linear	20	23689040	ARIC
SeqId_14079_14	IL18R1	Q13478	/data/Dutta_lab/aric/EA/SeqId_14079_14.PHENO1.glm.linear	2	102311529	ARIC
SeqId_14082_56	TLN2	Q9Y4G6	/data/Dutta_lab/aric/EA/SeqId_14082_56.PHENO1.glm.linear	15	62390526	ARIC
SeqId_14083_25	SEPHS1	P49903	/data/Dutta_lab/aric/EA/SeqId_14083_25.PHENO1.glm.linear	10	13340790	ARIC
SeqId_14088_38	IGFBP6	P24592	/data/Dutta_lab/aric/EA/SeqId_14088_38.PHENO1.glm.linear	12	53097436	ARIC
SeqId_14090_23	DEF6	Q9H4E7	/data/Dutta_lab/aric/EA/SeqId_14090_23.PHENO1.glm.linear	6	35297818	ARIC
SeqId_14091_42	CBR3	O75828	/data/Dutta_lab/aric/EA/SeqId_14091_42.PHENO1.glm.linear	21	36135079	ARIC
SeqId_14093_10	FLT3LG	P49771	/data/Dutta_lab/aric/EA/SeqId_14093_10.PHENO1.glm.linear	19	49474207	ARIC
SeqId_14094_29	HBEGF	Q99075	/data/Dutta_lab/aric/EA/SeqId_14094_29.PHENO1.glm.linear	5	140335130	ARIC
SeqId_14095_1	KLRK1	P26718	/data/Dutta_lab/aric/EA/SeqId_14095_1.PHENO1.glm.linear	12	10382182	ARIC
SeqId_14098_28	CARS	P49589	/data/Dutta_lab/aric/EA/SeqId_14098_28.PHENO1.glm.linear	11	3007010	ARIC
SeqId_14099_20	PSMA4	P25789	/data/Dutta_lab/aric/EA/SeqId_14099_20.PHENO1.glm.linear	15	78540405	ARIC
SeqId_14100_63	C1QC	P02747	/data/Dutta_lab/aric/EA/SeqId_14100_63.PHENO1.glm.linear	1	22643633	ARIC
SeqId_14101_2	CNTFR	P26992	/data/Dutta_lab/aric/EA/SeqId_14101_2.PHENO1.glm.linear	9	34589706	ARIC
SeqId_14106_46	RAP1GDS1	P52306	/data/Dutta_lab/aric/EA/SeqId_14106_46.PHENO1.glm.linear	4	98261384	ARIC
SeqId_14107_1	MTHFS	P49914	/data/Dutta_lab/aric/EA/SeqId_14107_1.PHENO1.glm.linear	15	79845327	ARIC
SeqId_14111_15	THBS2	P35442	/data/Dutta_lab/aric/EA/SeqId_14111_15.PHENO1.glm.linear	6	169223440	ARIC
SeqId_14112_40	RELT	Q969Z4	/data/Dutta_lab/aric/EA/SeqId_14112_40.PHENO1.glm.linear	11	73376399	ARIC
SeqId_14114_18	PIANP	Q8IYJ0	/data/Dutta_lab/aric/EA/SeqId_14114_18.PHENO1.glm.linear	12	6698306	ARIC
SeqId_14115_34	ADM	P35318	/data/Dutta_lab/aric/EA/SeqId_14115_34.PHENO1.glm.linear	11	10305073	ARIC
SeqId_14116_129	S100A4	P26447	/data/Dutta_lab/aric/EA/SeqId_14116_129.PHENO1.glm.linear	1	153545063	ARIC
SeqId_14120_2	RNF43	Q68DV7	/data/Dutta_lab/aric/EA/SeqId_14120_2.PHENO1.glm.linear	17	58363592	ARIC
SeqId_14121_24	TNFRSF10D	Q9UBN6	/data/Dutta_lab/aric/EA/SeqId_14121_24.PHENO1.glm.linear	8	23164027	ARIC
SeqId_14122_132	ZNRF3	Q9ULT6	/data/Dutta_lab/aric/EA/SeqId_14122_132.PHENO1.glm.linear	22	28883572	ARIC
SeqId_14123_34	C10orf54	Q9H7M9	/data/Dutta_lab/aric/EA/SeqId_14123_34.PHENO1.glm.linear	10	71757630	ARIC
SeqId_14124_6	EFNA2	O43921	/data/Dutta_lab/aric/EA/SeqId_14124_6.PHENO1.glm.linear	19	1285873	ARIC
SeqId_14127_240	IFNB1	P01574	/data/Dutta_lab/aric/EA/SeqId_14127_240.PHENO1.glm.linear	9	21077942	ARIC
SeqId_14128_121	IFNA10	P01566	/data/Dutta_lab/aric/EA/SeqId_14128_121.PHENO1.glm.linear	9	21207143	ARIC
SeqId_14129_1	IFNA7	P01567	/data/Dutta_lab/aric/EA/SeqId_14129_1.PHENO1.glm.linear	9	21202205	ARIC
SeqId_14131_37	EFNB2	P52799	/data/Dutta_lab/aric/EA/SeqId_14131_37.PHENO1.glm.linear	13	106516447	ARIC
SeqId_14132_21	HHLA2	Q9UM44	/data/Dutta_lab/aric/EA/SeqId_14132_21.PHENO1.glm.linear	3	108296490	ARIC
SeqId_14133_93	IL1R2	P27930	/data/Dutta_lab/aric/EA/SeqId_14133_93.PHENO1.glm.linear	2	101991960	ARIC
SeqId_14134_49	AMIGO2	Q86SJ2	/data/Dutta_lab/aric/EA/SeqId_14134_49.PHENO1.glm.linear	12	47079642	ARIC
SeqId_14135_3	RXFP1	Q9HBX9	/data/Dutta_lab/aric/EA/SeqId_14135_3.PHENO1.glm.linear	4	158315311	ARIC
SeqId_14136_234	CD93	Q9NPY3	/data/Dutta_lab/aric/EA/SeqId_14136_234.PHENO1.glm.linear	20	23086324	ARIC
SeqId_14139_16	NRG4	Q8WWG1	/data/Dutta_lab/aric/EA/SeqId_14139_16.PHENO1.glm.linear	15	75942772	ARIC
SeqId_14143_8	HIST2H2BE	Q16778	/data/Dutta_lab/aric/EA/SeqId_14143_8.PHENO1.glm.linear	1	149886652	ARIC
SeqId_14144_3	HIST3H2A	Q7L7L0	/data/Dutta_lab/aric/EA/SeqId_14144_3.PHENO1.glm.linear	1	228457873	ARIC
SeqId_14146_92	HIST1H3A	P68431	/data/Dutta_lab/aric/EA/SeqId_14146_92.PHENO1.glm.linear	6	26020490	ARIC
SeqId_14149_9	IL36B	Q9NZH7	/data/Dutta_lab/aric/EA/SeqId_14149_9.PHENO1.glm.linear	2	113052867	ARIC
SeqId_14150_7	IL36A	Q9UHA7	/data/Dutta_lab/aric/EA/SeqId_14150_7.PHENO1.glm.linear	2	113005459	ARIC
SeqId_14151_4	ISG15	P05161	/data/Dutta_lab/aric/EA/SeqId_14151_4.PHENO1.glm.linear	1	1001138	ARIC
SeqId_14153_8	EFNA3	P52797	/data/Dutta_lab/aric/EA/SeqId_14153_8.PHENO1.glm.linear	1	155078837	ARIC
SeqId_14156_33	YWHAB	P31946	/data/Dutta_lab/aric/EA/SeqId_14156_33.PHENO1.glm.linear	20	44885702	ARIC
SeqId_14157_21	YWHAE	P62258	/data/Dutta_lab/aric/EA/SeqId_14157_21.PHENO1.glm.linear	17	1361294	ARIC
SeqId_14158_17	ANXA5	P08758	/data/Dutta_lab/aric/EA/SeqId_14158_17.PHENO1.glm.linear	4	121672558	ARIC
SeqId_14175_78	SCP2D1	Q9UJQ7	/data/Dutta_lab/aric/EA/SeqId_14175_78.PHENO1.glm.linear	20	18813783	ARIC
SeqId_14178_18	CDKN3	Q16667	/data/Dutta_lab/aric/EA/SeqId_14178_18.PHENO1.glm.linear	14	54396849	ARIC
SeqId_14186_13	RFFL	Q8WZ73	/data/Dutta_lab/aric/EA/SeqId_14186_13.PHENO1.glm.linear	17	35008232	ARIC
SeqId_14192_31	PDCL2	Q8N4E4	/data/Dutta_lab/aric/EA/SeqId_14192_31.PHENO1.glm.linear	4	55592245	ARIC
SeqId_14197_2	PRDM1	O75626	/data/Dutta_lab/aric/EA/SeqId_14197_2.PHENO1.glm.linear	6	105993463	ARIC
SeqId_14203_3	ANXA7	P20073	/data/Dutta_lab/aric/EA/SeqId_14203_3.PHENO1.glm.linear	10	73378958	ARIC
SeqId_14204_55	FOXJ2	Q9P0K8	/data/Dutta_lab/aric/EA/SeqId_14204_55.PHENO1.glm.linear	12	8032716	ARIC
SeqId_14205_6	HEXIM2	Q96MH2	/data/Dutta_lab/aric/EA/SeqId_14205_6.PHENO1.glm.linear	17	45160700	ARIC
SeqId_14206_28	APBB1	O00213	/data/Dutta_lab/aric/EA/SeqId_14206_28.PHENO1.glm.linear	11	6396574	ARIC
SeqId_14208_3	RBP7	Q96R05	/data/Dutta_lab/aric/EA/SeqId_14208_3.PHENO1.glm.linear	1	9997206	ARIC
SeqId_14216_35	DDX46	Q7L014	/data/Dutta_lab/aric/EA/SeqId_14216_35.PHENO1.glm.linear	5	134758771	ARIC
SeqId_14226_120	BHMT2	Q9H2M3	/data/Dutta_lab/aric/EA/SeqId_14226_120.PHENO1.glm.linear	5	79069767	ARIC
SeqId_14227_21	MYL6B	P14649	/data/Dutta_lab/aric/EA/SeqId_14227_21.PHENO1.glm.linear	12	56152256	ARIC
SeqId_14229_5	MOCS3	O95396	/data/Dutta_lab/aric/EA/SeqId_14229_5.PHENO1.glm.linear	20	50958818	ARIC
SeqId_14245_195	SNX7	Q9UNH6	/data/Dutta_lab/aric/EA/SeqId_14245_195.PHENO1.glm.linear	1	98661701	ARIC
SeqId_14246_50	DOK2	O60496	/data/Dutta_lab/aric/EA/SeqId_14246_50.PHENO1.glm.linear	8	21911075	ARIC
SeqId_14250_115	BLMH	Q13867	/data/Dutta_lab/aric/EA/SeqId_14250_115.PHENO1.glm.linear	17	30250283	ARIC
SeqId_14254_27	PTPN4	P29074	/data/Dutta_lab/aric/EA/SeqId_14254_27.PHENO1.glm.linear	2	119759922	ARIC
SeqId_14260_112	NET1	Q7Z628	/data/Dutta_lab/aric/EA/SeqId_14260_112.PHENO1.glm.linear	10	5412557	ARIC
SeqId_14268_4	SRXN1	Q9BYN0	/data/Dutta_lab/aric/EA/SeqId_14268_4.PHENO1.glm.linear	20	653370	ARIC
SeqId_14271_23	RAB6B	Q9NRW1	/data/Dutta_lab/aric/EA/SeqId_14271_23.PHENO1.glm.linear	3	133894719	ARIC
SeqId_14273_19	PREP	P48147	/data/Dutta_lab/aric/EA/SeqId_14273_19.PHENO1.glm.linear	6	105323768	ARIC
SeqId_14283_12	RAB14	P61106	/data/Dutta_lab/aric/EA/SeqId_14283_12.PHENO1.glm.linear	9	121201869	ARIC
SeqId_14286_2	NFATC1	O95644	/data/Dutta_lab/aric/EA/SeqId_14286_2.PHENO1.glm.linear	18	79395856	ARIC
SeqId_14287_6	RAB5C	P51148	/data/Dutta_lab/aric/EA/SeqId_14287_6.PHENO1.glm.linear	17	42128759	ARIC
SeqId_14291_53	AGAP2	Q99490	/data/Dutta_lab/aric/EA/SeqId_14291_53.PHENO1.glm.linear	12	57731829	ARIC
SeqId_14294_61	MBD1	Q9UIS9	/data/Dutta_lab/aric/EA/SeqId_14294_61.PHENO1.glm.linear	18	50273063	ARIC
SeqId_14309_8	HNRNPH1	P31943	/data/Dutta_lab/aric/EA/SeqId_14309_8.PHENO1.glm.linear	5	179616287	ARIC
SeqId_14314_6	PPIL2	Q13356	/data/Dutta_lab/aric/EA/SeqId_14314_6.PHENO1.glm.linear	22	21666009	ARIC
SeqId_14318_1	VPS29	Q9UBQ0	/data/Dutta_lab/aric/EA/SeqId_14318_1.PHENO1.glm.linear	12	110496217	ARIC
SeqId_14324_52	SMC3	Q9UQE7	/data/Dutta_lab/aric/EA/SeqId_14324_52.PHENO1.glm.linear	10	110567691	ARIC
SeqId_14326_4	UBE2E1	P51965	/data/Dutta_lab/aric/EA/SeqId_14326_4.PHENO1.glm.linear	3	23805955	ARIC
SeqId_14329_4	DIDO1	Q9BTC0	/data/Dutta_lab/aric/EA/SeqId_14329_4.PHENO1.glm.linear	20	62914406	ARIC
SeqId_14331_262	DYNLT1	P63172	/data/Dutta_lab/aric/EA/SeqId_14331_262.PHENO1.glm.linear	6	158642788	ARIC
SeqId_14332_3	RALA	P11233	/data/Dutta_lab/aric/EA/SeqId_14332_3.PHENO1.glm.linear	7	39623565	ARIC
SeqId_14334_3	RCVRN	P35243	/data/Dutta_lab/aric/EA/SeqId_14334_3.PHENO1.glm.linear	17	9901202	ARIC
SeqId_14337_1	TRAPPC3	O43617	/data/Dutta_lab/aric/EA/SeqId_14337_1.PHENO1.glm.linear	1	36140998	ARIC
SeqId_14341_8	FAM69C	Q0P6D2	/data/Dutta_lab/aric/EA/SeqId_14341_8.PHENO1.glm.linear	18	74457268	ARIC
SeqId_14583_49	MSTN	O14793	/data/Dutta_lab/aric/EA/SeqId_14583_49.PHENO1.glm.linear	2	190062729	ARIC
SeqId_14587_16	GDF11	O95390	/data/Dutta_lab/aric/EA/SeqId_14587_16.PHENO1.glm.linear	12	55743122	ARIC
SeqId_14593_152	FAM210A	Q96ND0	/data/Dutta_lab/aric/EA/SeqId_14593_152.PHENO1.glm.linear	18	13671939	ARIC
SeqId_14597_5	SEMA6C	Q9H3T2	/data/Dutta_lab/aric/EA/SeqId_14597_5.PHENO1.glm.linear	1	151132868	ARIC
SeqId_14599_18	STAB1	Q9NY15	/data/Dutta_lab/aric/EA/SeqId_14599_18.PHENO1.glm.linear	3	52495338	ARIC
SeqId_14603_51	KIAA0040	Q15053	/data/Dutta_lab/aric/EA/SeqId_14603_51.PHENO1.glm.linear	1	175166741	ARIC
SeqId_14614_41	NCMAP	Q5T1S8	/data/Dutta_lab/aric/EA/SeqId_14614_41.PHENO1.glm.linear	1	24556087	ARIC
SeqId_14615_46	KRTAP2-4	Q9BYR9	/data/Dutta_lab/aric/EA/SeqId_14615_46.PHENO1.glm.linear	17	41065879	ARIC
SeqId_14616_16	ZNF382	Q96SR6	/data/Dutta_lab/aric/EA/SeqId_14616_16.PHENO1.glm.linear	19	36604817	ARIC
SeqId_14618_26	VOPP1	Q96AW1	/data/Dutta_lab/aric/EA/SeqId_14618_26.PHENO1.glm.linear	7	55516077	ARIC
SeqId_14619_8	ZNF526	Q8TF50	/data/Dutta_lab/aric/EA/SeqId_14619_8.PHENO1.glm.linear	19	42220312	ARIC
SeqId_14623_26	SUMO3	P55854	/data/Dutta_lab/aric/EA/SeqId_14623_26.PHENO1.glm.linear	21	44817968	ARIC
SeqId_14624_51	CTCF	P49711	/data/Dutta_lab/aric/EA/SeqId_14624_51.PHENO1.glm.linear	16	67562467	ARIC
SeqId_14628_72	FBXO3	Q9UK99	/data/Dutta_lab/aric/EA/SeqId_14628_72.PHENO1.glm.linear	11	33748812	ARIC
SeqId_14631_22	DUSP16	Q9BY84	/data/Dutta_lab/aric/EA/SeqId_14631_22.PHENO1.glm.linear	12	12506187	ARIC
SeqId_14634_13	LHCGR	P22888	/data/Dutta_lab/aric/EA/SeqId_14634_13.PHENO1.glm.linear	2	48723514	ARIC
SeqId_14636_25	HRSP12	P52758	/data/Dutta_lab/aric/EA/SeqId_14636_25.PHENO1.glm.linear	8	98106631	ARIC
SeqId_14645_253	GSTA4	O15217	/data/Dutta_lab/aric/EA/SeqId_14645_253.PHENO1.glm.linear	6	52988002	ARIC
SeqId_14655_1	DNAJC17	Q9NVM6	/data/Dutta_lab/aric/EA/SeqId_14655_1.PHENO1.glm.linear	15	40770289	ARIC
SeqId_14662_6	MZF1	P28698	/data/Dutta_lab/aric/EA/SeqId_14662_6.PHENO1.glm.linear	19	58564613	ARIC
SeqId_14663_44	RNF8	O76064	/data/Dutta_lab/aric/EA/SeqId_14663_44.PHENO1.glm.linear	6	37353979	ARIC
SeqId_14670_1	SKIL	P12757	/data/Dutta_lab/aric/EA/SeqId_14670_1.PHENO1.glm.linear	3	170357678	ARIC
SeqId_14674_63	PACSIN3	Q9UKS6	/data/Dutta_lab/aric/EA/SeqId_14674_63.PHENO1.glm.linear	11	47179225	ARIC
SeqId_14675_20	EIF4B	P23588	/data/Dutta_lab/aric/EA/SeqId_14675_20.PHENO1.glm.linear	12	53006158	ARIC
SeqId_14684_17	CAPN2	P17655	/data/Dutta_lab/aric/EA/SeqId_14684_17.PHENO1.glm.linear	1	223701593	ARIC
SeqId_14685_17	AKT2	P31751	/data/Dutta_lab/aric/EA/SeqId_14685_17.PHENO1.glm.linear	19	40235958	ARIC
SeqId_14687_6	PLIN3	O60664	/data/Dutta_lab/aric/EA/SeqId_14687_6.PHENO1.glm.linear	19	4859636	ARIC
SeqId_14688_6	PTPN7	P35236	/data/Dutta_lab/aric/EA/SeqId_14688_6.PHENO1.glm.linear	1	202158569	ARIC
SeqId_14689_3	SEC13	P55735	/data/Dutta_lab/aric/EA/SeqId_14689_3.PHENO1.glm.linear	3	10305072	ARIC
SeqId_14692_3	ZNF276	Q8N554	/data/Dutta_lab/aric/EA/SeqId_14692_3.PHENO1.glm.linear	16	89720400	ARIC
SeqId_14708_59	C8G	P07360	/data/Dutta_lab/aric/EA/SeqId_14708_59.PHENO1.glm.linear	9	136945185	ARIC
SeqId_14711_27	CST6	Q15828	/data/Dutta_lab/aric/EA/SeqId_14711_27.PHENO1.glm.linear	11	66012008	ARIC
SeqId_14713_46	AZU1	P20160	/data/Dutta_lab/aric/EA/SeqId_14713_46.PHENO1.glm.linear	19	825097	ARIC
SeqId_14747_9	CRLF1	O75462	/data/Dutta_lab/aric/EA/SeqId_14747_9.PHENO1.glm.linear	19	18594134	ARIC
SeqId_14748_31	ARHGAP5	Q13017	/data/Dutta_lab/aric/EA/SeqId_14748_31.PHENO1.glm.linear	14	32076114	ARIC
SeqId_15297_3	S100A3	P33764	/data/Dutta_lab/aric/EA/SeqId_15297_3.PHENO1.glm.linear	1	153549126	ARIC
SeqId_15298_199	NETO1	Q8TDF5	/data/Dutta_lab/aric/EA/SeqId_15298_199.PHENO1.glm.linear	18	72749038	ARIC
SeqId_15299_102	MESDC2	Q14696	/data/Dutta_lab/aric/EA/SeqId_15299_102.PHENO1.glm.linear	15	80978813	ARIC
SeqId_15300_66	CCDC134	Q9H6E4	/data/Dutta_lab/aric/EA/SeqId_15300_66.PHENO1.glm.linear	22	41800679	ARIC
SeqId_15301_24	ACRV1	P26436	/data/Dutta_lab/aric/EA/SeqId_15301_24.PHENO1.glm.linear	11	125680831	ARIC
SeqId_15303_63	S100A5	P33763	/data/Dutta_lab/aric/EA/SeqId_15303_63.PHENO1.glm.linear	1	153540694	ARIC
SeqId_15304_1	REG3A	Q06141	/data/Dutta_lab/aric/EA/SeqId_15304_1.PHENO1.glm.linear	2	79159744	ARIC
SeqId_15305_7	SCGN	O76038	/data/Dutta_lab/aric/EA/SeqId_15305_7.PHENO1.glm.linear	6	25652201	ARIC
SeqId_15306_20	IGJ	P01591	/data/Dutta_lab/aric/EA/SeqId_15306_20.PHENO1.glm.linear	4	70666508	ARIC
SeqId_15308_108	VWC2	Q2TAL6	/data/Dutta_lab/aric/EA/SeqId_15308_108.PHENO1.glm.linear	7	49773638	ARIC
SeqId_15310_61	PRC1	O43663	/data/Dutta_lab/aric/EA/SeqId_15310_61.PHENO1.glm.linear	15	90970427	ARIC
SeqId_15312_14	AGO1	Q9UL18	/data/Dutta_lab/aric/EA/SeqId_15312_14.PHENO1.glm.linear	1	35869808	ARIC
SeqId_15313_28	MAD2L1	Q13257	/data/Dutta_lab/aric/EA/SeqId_15313_28.PHENO1.glm.linear	4	120061036	ARIC
SeqId_15314_49	CLIC4	Q9Y696	/data/Dutta_lab/aric/EA/SeqId_15314_49.PHENO1.glm.linear	1	24745382	ARIC
SeqId_15315_64	CUTC	Q9NTM9	/data/Dutta_lab/aric/EA/SeqId_15315_64.PHENO1.glm.linear	10	99702558	ARIC
SeqId_15316_262	TXNL4B	Q9NX01	/data/Dutta_lab/aric/EA/SeqId_15316_262.PHENO1.glm.linear	16	72093552	ARIC
SeqId_15318_75	S100A10	P60903	/data/Dutta_lab/aric/EA/SeqId_15318_75.PHENO1.glm.linear	1	151992578	ARIC
SeqId_15319_226	CCNA1	P78396	/data/Dutta_lab/aric/EA/SeqId_15319_226.PHENO1.glm.linear	13	36431520	ARIC
SeqId_15321_8	CPLX2	Q6PUV4	/data/Dutta_lab/aric/EA/SeqId_15321_8.PHENO1.glm.linear	5	175796310	ARIC
SeqId_15322_35	CRADD	P78560	/data/Dutta_lab/aric/EA/SeqId_15322_35.PHENO1.glm.linear	12	93677375	ARIC
SeqId_15323_112	AGO3	Q9H9G7	/data/Dutta_lab/aric/EA/SeqId_15323_112.PHENO1.glm.linear	1	35930718	ARIC
SeqId_15324_58	FTL	P02792	/data/Dutta_lab/aric/EA/SeqId_15324_58.PHENO1.glm.linear	19	48965309	ARIC
SeqId_15325_14	GAP43	P17677	/data/Dutta_lab/aric/EA/SeqId_15325_14.PHENO1.glm.linear	3	115623324	ARIC
SeqId_15326_64	GBP1	P32455	/data/Dutta_lab/aric/EA/SeqId_15326_64.PHENO1.glm.linear	1	89055341	ARIC
SeqId_15329_167	ROBLD3	Q9Y2Q5	/data/Dutta_lab/aric/EA/SeqId_15329_167.PHENO1.glm.linear	1	156054782	ARIC
SeqId_15331_47	RBBP4	Q09028	/data/Dutta_lab/aric/EA/SeqId_15331_47.PHENO1.glm.linear	1	32651142	ARIC
SeqId_15333_11	SDF2	Q99470	/data/Dutta_lab/aric/EA/SeqId_15333_11.PHENO1.glm.linear	17	28655335	ARIC
SeqId_15336_7	SELM	Q8WWX9	/data/Dutta_lab/aric/EA/SeqId_15336_7.PHENO1.glm.linear	22	31105764	ARIC
SeqId_15343_337	KNG1	P01042	/data/Dutta_lab/aric/EA/SeqId_15343_337.PHENO1.glm.linear	3	186717348	ARIC
SeqId_15346_31	IFNG	P01579	/data/Dutta_lab/aric/EA/SeqId_15346_31.PHENO1.glm.linear	12	68159740	ARIC
SeqId_15347_12	HPX	P02790	/data/Dutta_lab/aric/EA/SeqId_15347_12.PHENO1.glm.linear	11	6432319	ARIC
SeqId_15358_28	SCG5	P05408	/data/Dutta_lab/aric/EA/SeqId_15358_28.PHENO1.glm.linear	15	32641676	ARIC
SeqId_15361_37	ANKRD1	Q15327	/data/Dutta_lab/aric/EA/SeqId_15361_37.PHENO1.glm.linear	10	90921276	ARIC
SeqId_15363_32	APOA5	Q6Q788	/data/Dutta_lab/aric/EA/SeqId_15363_32.PHENO1.glm.linear	11	116791871	ARIC
SeqId_15364_101	APOC1	P02654	/data/Dutta_lab/aric/EA/SeqId_15364_101.PHENO1.glm.linear	19	44914247	ARIC
SeqId_15365_41	BAI3	O60242	/data/Dutta_lab/aric/EA/SeqId_15365_41.PHENO1.glm.linear	6	68635282	ARIC
SeqId_15367_38	BPIFB1	Q8TDL5	/data/Dutta_lab/aric/EA/SeqId_15367_38.PHENO1.glm.linear	20	33273480	ARIC
SeqId_15368_3	BMPER	Q8N8U9	/data/Dutta_lab/aric/EA/SeqId_15368_3.PHENO1.glm.linear	7	33904308	ARIC
SeqId_15370_5	BOLA1	Q9Y3E2	/data/Dutta_lab/aric/EA/SeqId_15370_5.PHENO1.glm.linear	1	149887890	ARIC
SeqId_15372_43	BRD2	P25440	/data/Dutta_lab/aric/EA/SeqId_15372_43.PHENO1.glm.linear	6	32968594	ARIC
SeqId_15374_15	GKN1	Q9NS71	/data/Dutta_lab/aric/EA/SeqId_15374_15.PHENO1.glm.linear	2	68974573	ARIC
SeqId_15375_49	CPB1	P15086	/data/Dutta_lab/aric/EA/SeqId_15375_49.PHENO1.glm.linear	3	148791102	ARIC
SeqId_15376_134	CTSE	P14091	/data/Dutta_lab/aric/EA/SeqId_15376_134.PHENO1.glm.linear	1	206014130	ARIC
SeqId_15381_45	DDR2	Q16832	/data/Dutta_lab/aric/EA/SeqId_15381_45.PHENO1.glm.linear	1	162631373	ARIC
SeqId_15383_200	EDN3	P14138	/data/Dutta_lab/aric/EA/SeqId_15383_200.PHENO1.glm.linear	20	59300443	ARIC
SeqId_15384_15	KL	Q9UEF7	/data/Dutta_lab/aric/EA/SeqId_15384_15.PHENO1.glm.linear	13	33016423	ARIC
SeqId_15385_116	FABP2	P12104	/data/Dutta_lab/aric/EA/SeqId_15385_116.PHENO1.glm.linear	4	119322138	ARIC
SeqId_15386_7	FABP4	P15090	/data/Dutta_lab/aric/EA/SeqId_15386_7.PHENO1.glm.linear	8	81479970	ARIC
SeqId_15387_44	NRP2	O60462	/data/Dutta_lab/aric/EA/SeqId_15387_44.PHENO1.glm.linear	2	205681990	ARIC
SeqId_15388_24	FCGR3A	P08637	/data/Dutta_lab/aric/EA/SeqId_15388_24.PHENO1.glm.linear	1	161549730	ARIC
SeqId_15389_1	FXN	Q16595	/data/Dutta_lab/aric/EA/SeqId_15389_1.PHENO1.glm.linear	9	69035563	ARIC
SeqId_15390_3	GAL	P22466	/data/Dutta_lab/aric/EA/SeqId_15390_3.PHENO1.glm.linear	11	68683779	ARIC
SeqId_15391_114	GAS6	Q14393	/data/Dutta_lab/aric/EA/SeqId_15391_114.PHENO1.glm.linear	13	113823194	ARIC
SeqId_15394_79	UNC5B	Q8IZJ1	/data/Dutta_lab/aric/EA/SeqId_15394_79.PHENO1.glm.linear	10	71212570	ARIC
SeqId_15395_15	GSTM1	P09488	/data/Dutta_lab/aric/EA/SeqId_15395_15.PHENO1.glm.linear	1	109687814	ARIC
SeqId_15398_2	GFER	P55789	/data/Dutta_lab/aric/EA/SeqId_15398_2.PHENO1.glm.linear	16	1984193	ARIC
SeqId_15402_2	ID1	P41134	/data/Dutta_lab/aric/EA/SeqId_15402_2.PHENO1.glm.linear	20	31605283	ARIC
SeqId_15403_53	ID2	Q02363	/data/Dutta_lab/aric/EA/SeqId_15403_53.PHENO1.glm.linear	2	8678845	ARIC
SeqId_15404_3	IFNA21	P01568	/data/Dutta_lab/aric/EA/SeqId_15404_3.PHENO1.glm.linear	9	21166660	ARIC
SeqId_15405_23	IFNA4	P05014	/data/Dutta_lab/aric/EA/SeqId_15405_23.PHENO1.glm.linear	9	21187671	ARIC
SeqId_15412_40	BIRC7	Q96CA5	/data/Dutta_lab/aric/EA/SeqId_15412_40.PHENO1.glm.linear	20	63235883	ARIC
SeqId_15413_3	LCAT	P04180	/data/Dutta_lab/aric/EA/SeqId_15413_3.PHENO1.glm.linear	16	67942458	ARIC
SeqId_15414_316	LDHA	P00338	/data/Dutta_lab/aric/EA/SeqId_15414_316.PHENO1.glm.linear	11	18394560	ARIC
SeqId_15416_54	LYG2	Q86SG7	/data/Dutta_lab/aric/EA/SeqId_15416_54.PHENO1.glm.linear	2	99254281	ARIC
SeqId_15417_3	SERPINB5	P36952	/data/Dutta_lab/aric/EA/SeqId_15417_3.PHENO1.glm.linear	18	63476958	ARIC
SeqId_15418_25	MAPK10	P53779	/data/Dutta_lab/aric/EA/SeqId_15418_25.PHENO1.glm.linear	4	86003704	ARIC
SeqId_15419_15	MMP20	O60882	/data/Dutta_lab/aric/EA/SeqId_15419_15.PHENO1.glm.linear	11	102583607	ARIC
SeqId_15422_12	PMP2	P02689	/data/Dutta_lab/aric/EA/SeqId_15422_12.PHENO1.glm.linear	8	81447439	ARIC
SeqId_15426_5	NEU1	Q99519	/data/Dutta_lab/aric/EA/SeqId_15426_5.PHENO1.glm.linear	6	31862796	ARIC
SeqId_15427_35	LOXL3	P58215	/data/Dutta_lab/aric/EA/SeqId_15427_35.PHENO1.glm.linear	2	74549459	ARIC
SeqId_15430_165	OPTC	Q9UBM4	/data/Dutta_lab/aric/EA/SeqId_15430_165.PHENO1.glm.linear	1	203494153	ARIC
SeqId_15432_1	OTOR	Q9NRC9	/data/Dutta_lab/aric/EA/SeqId_15432_1.PHENO1.glm.linear	20	16748358	ARIC
SeqId_15433_4	SRC	P12931	/data/Dutta_lab/aric/EA/SeqId_15433_4.PHENO1.glm.linear	20	37344685	ARIC
SeqId_15434_5	PNOC	Q13519	/data/Dutta_lab/aric/EA/SeqId_15434_5.PHENO1.glm.linear	8	28316986	ARIC
SeqId_15435_4	PNP	P00491	/data/Dutta_lab/aric/EA/SeqId_15435_4.PHENO1.glm.linear	14	20468954	ARIC
SeqId_15436_40	RAMP1	O60894	/data/Dutta_lab/aric/EA/SeqId_15436_40.PHENO1.glm.linear	2	237858893	ARIC
SeqId_15437_11	RAMP3	O60896	/data/Dutta_lab/aric/EA/SeqId_15437_11.PHENO1.glm.linear	7	45157791	ARIC
SeqId_15439_21	RND3	P61587	/data/Dutta_lab/aric/EA/SeqId_15439_21.PHENO1.glm.linear	2	150471960	ARIC
SeqId_15440_57	PCSK2	P16519	/data/Dutta_lab/aric/EA/SeqId_15440_57.PHENO1.glm.linear	20	17226107	ARIC
SeqId_15441_6	GM2A	P17900	/data/Dutta_lab/aric/EA/SeqId_15441_6.PHENO1.glm.linear	5	151212150	ARIC
SeqId_15444_45	SERPINB4	P48594	/data/Dutta_lab/aric/EA/SeqId_15444_45.PHENO1.glm.linear	18	63643582	ARIC
SeqId_15446_25	NRG1	Q02297	/data/Dutta_lab/aric/EA/SeqId_15446_25.PHENO1.glm.linear	8	31639222	ARIC
SeqId_15447_45	SORD	Q00796	/data/Dutta_lab/aric/EA/SeqId_15447_45.PHENO1.glm.linear	15	45023181	ARIC
SeqId_15448_47	SQSTM1	Q13501	/data/Dutta_lab/aric/EA/SeqId_15448_47.PHENO1.glm.linear	5	179806398	ARIC
SeqId_15449_33	TIMD4	Q96H15	/data/Dutta_lab/aric/EA/SeqId_15449_33.PHENO1.glm.linear	5	156935676	ARIC
SeqId_15452_5	NT5E	P21589	/data/Dutta_lab/aric/EA/SeqId_15452_5.PHENO1.glm.linear	6	85449584	ARIC
SeqId_15453_3	AMBP	P02760	/data/Dutta_lab/aric/EA/SeqId_15453_3.PHENO1.glm.linear	9	114074969	ARIC
SeqId_15455_40	ADAM15	Q13444	/data/Dutta_lab/aric/EA/SeqId_15455_40.PHENO1.glm.linear	1	155050566	ARIC
SeqId_15457_14	ANPEP	P15144	/data/Dutta_lab/aric/EA/SeqId_15457_14.PHENO1.glm.linear	15	89793187	ARIC
SeqId_15460_9	DPP4	P27487	/data/Dutta_lab/aric/EA/SeqId_15460_9.PHENO1.glm.linear	2	162014462	ARIC
SeqId_15462_28	CD8A	P01732	/data/Dutta_lab/aric/EA/SeqId_15462_28.PHENO1.glm.linear	2	86790825	ARIC
SeqId_15465_79	CNPY4	Q8N129	/data/Dutta_lab/aric/EA/SeqId_15465_79.PHENO1.glm.linear	7	100119634	ARIC
SeqId_15466_30	COL9A1	P20849	/data/Dutta_lab/aric/EA/SeqId_15466_30.PHENO1.glm.linear	6	70246303	ARIC
SeqId_15467_10	CTHRC1	Q96CG8	/data/Dutta_lab/aric/EA/SeqId_15467_10.PHENO1.glm.linear	8	103371538	ARIC
SeqId_15468_14	CFHR1	Q03591	/data/Dutta_lab/aric/EA/SeqId_15468_14.PHENO1.glm.linear	1	196819757	ARIC
SeqId_15470_11	HEXB	P07686	/data/Dutta_lab/aric/EA/SeqId_15470_11.PHENO1.glm.linear	5	74640023	ARIC
SeqId_15471_29	PNLIPRP2	P54317	/data/Dutta_lab/aric/EA/SeqId_15471_29.PHENO1.glm.linear	10	116620953	ARIC
SeqId_15472_16	LRP11	Q86VZ4	/data/Dutta_lab/aric/EA/SeqId_15472_16.PHENO1.glm.linear	6	149836199	ARIC
SeqId_15474_7	PIN1	Q13526	/data/Dutta_lab/aric/EA/SeqId_15474_7.PHENO1.glm.linear	19	9835257	ARIC
SeqId_15475_4	PLTP	P55058	/data/Dutta_lab/aric/EA/SeqId_15475_4.PHENO1.glm.linear	20	45910937	ARIC
SeqId_15476_6	REG3G	Q6UW15	/data/Dutta_lab/aric/EA/SeqId_15476_6.PHENO1.glm.linear	2	79025686	ARIC
SeqId_15480_2	VNN2	O95498	/data/Dutta_lab/aric/EA/SeqId_15480_2.PHENO1.glm.linear	6	132757873	ARIC
SeqId_15481_45	CAMP	P49913	/data/Dutta_lab/aric/EA/SeqId_15481_45.PHENO1.glm.linear	3	48223347	ARIC
SeqId_15482_12	A2ML1	A8K2U0	/data/Dutta_lab/aric/EA/SeqId_15482_12.PHENO1.glm.linear	12	8822621	ARIC
SeqId_15483_377	AGRN	O00468	/data/Dutta_lab/aric/EA/SeqId_15483_377.PHENO1.glm.linear	1	1020120	ARIC
SeqId_15486_126	AOC1	P19801	/data/Dutta_lab/aric/EA/SeqId_15486_126.PHENO1.glm.linear	7	150824627	ARIC
SeqId_15487_164	CES1	P23141	/data/Dutta_lab/aric/EA/SeqId_15487_164.PHENO1.glm.linear	16	55810655	ARIC
SeqId_15491_20	CD248	Q9HCU0	/data/Dutta_lab/aric/EA/SeqId_15491_20.PHENO1.glm.linear	11	66317044	ARIC
SeqId_15492_1	CRIM1	Q9NZV1	/data/Dutta_lab/aric/EA/SeqId_15492_1.PHENO1.glm.linear	2	36355778	ARIC
SeqId_15494_11	FGFBP1	Q14512	/data/Dutta_lab/aric/EA/SeqId_15494_11.PHENO1.glm.linear	4	15938740	ARIC
SeqId_15495_9	FOLR3	P41439	/data/Dutta_lab/aric/EA/SeqId_15495_9.PHENO1.glm.linear	11	72114869	ARIC
SeqId_15497_9	HS3ST1	O14792	/data/Dutta_lab/aric/EA/SeqId_15497_9.PHENO1.glm.linear	4	11428597	ARIC
SeqId_15499_11	ATRN	O75882	/data/Dutta_lab/aric/EA/SeqId_15499_11.PHENO1.glm.linear	20	3471018	ARIC
SeqId_15503_15	LEFTY2	O00292	/data/Dutta_lab/aric/EA/SeqId_15503_15.PHENO1.glm.linear	1	225940101	ARIC
SeqId_15503_20	LEFTY2	O00292	/data/Dutta_lab/aric/EA/SeqId_15503_20.PHENO1.glm.linear	1	225940101	ARIC
SeqId_15504_39	BIRC7	Q96CA5	/data/Dutta_lab/aric/EA/SeqId_15504_39.PHENO1.glm.linear	20	63235883	ARIC
SeqId_15506_34	LRP12	Q9Y561	/data/Dutta_lab/aric/EA/SeqId_15506_34.PHENO1.glm.linear	8	104495750	ARIC
SeqId_15509_2	NAGLU	P54802	/data/Dutta_lab/aric/EA/SeqId_15509_2.PHENO1.glm.linear	17	42536241	ARIC
SeqId_15511_37	NPTXR	O95502	/data/Dutta_lab/aric/EA/SeqId_15511_37.PHENO1.glm.linear	22	38843858	ARIC
SeqId_15513_108	PRSS8	Q16651	/data/Dutta_lab/aric/EA/SeqId_15513_108.PHENO1.glm.linear	16	31135640	ARIC
SeqId_15514_26	BCHE	P06276	/data/Dutta_lab/aric/EA/SeqId_15514_26.PHENO1.glm.linear	3	165837420	ARIC
SeqId_15515_2	SAA1	P0DJI8	/data/Dutta_lab/aric/EA/SeqId_15515_2.PHENO1.glm.linear	11	18266260	ARIC
SeqId_15516_12	SAA4	P35542	/data/Dutta_lab/aric/EA/SeqId_15516_12.PHENO1.glm.linear	11	18236802	ARIC
SeqId_15521_4	CLSTN1	O94985	/data/Dutta_lab/aric/EA/SeqId_15521_4.PHENO1.glm.linear	1	9733486	ARIC
SeqId_15522_2	GLIPR2	Q9H4G4	/data/Dutta_lab/aric/EA/SeqId_15522_2.PHENO1.glm.linear	9	36136536	ARIC
SeqId_15523_9	ALAD	P13716	/data/Dutta_lab/aric/EA/SeqId_15523_9.PHENO1.glm.linear	9	113392555	ARIC
SeqId_15524_30	PGAM2	P15259	/data/Dutta_lab/aric/EA/SeqId_15524_30.PHENO1.glm.linear	7	44065567	ARIC
SeqId_15525_294	ADH1C	P00326	/data/Dutta_lab/aric/EA/SeqId_15525_294.PHENO1.glm.linear	4	99352730	ARIC
SeqId_15526_33	GSS	P48637	/data/Dutta_lab/aric/EA/SeqId_15526_33.PHENO1.glm.linear	20	34931583	ARIC
SeqId_15527_90	DLD	P09622	/data/Dutta_lab/aric/EA/SeqId_15527_90.PHENO1.glm.linear	7	107891162	ARIC
SeqId_15529_33	CSRP1	P21291	/data/Dutta_lab/aric/EA/SeqId_15529_33.PHENO1.glm.linear	1	201492499	ARIC
SeqId_15530_33	EPHB4	P54760	/data/Dutta_lab/aric/EA/SeqId_15530_33.PHENO1.glm.linear	7	100807579	ARIC
SeqId_15533_97	MSR1	P21757	/data/Dutta_lab/aric/EA/SeqId_15533_97.PHENO1.glm.linear	8	16164251	ARIC
SeqId_15534_26	MDH2	P40926	/data/Dutta_lab/aric/EA/SeqId_15534_26.PHENO1.glm.linear	7	76048051	ARIC
SeqId_15535_3	PRSS27	Q9BQR3	/data/Dutta_lab/aric/EA/SeqId_15535_3.PHENO1.glm.linear	16	2715565	ARIC
SeqId_15539_15	SLITRK1	Q96PX8	/data/Dutta_lab/aric/EA/SeqId_15539_15.PHENO1.glm.linear	13	83882393	ARIC
SeqId_15540_6	VIM	P08670	/data/Dutta_lab/aric/EA/SeqId_15540_6.PHENO1.glm.linear	10	17228241	ARIC
SeqId_15542_19	CKMT1A	P12532	/data/Dutta_lab/aric/EA/SeqId_15542_19.PHENO1.glm.linear	15	43593054	ARIC
SeqId_15544_25	KLK14	Q9P0G3	/data/Dutta_lab/aric/EA/SeqId_15544_25.PHENO1.glm.linear	19	51082886	ARIC
SeqId_15545_13	PPP3R1	P63098	/data/Dutta_lab/aric/EA/SeqId_15545_13.PHENO1.glm.linear	2	68251148	ARIC
SeqId_15548_35	PHGDH	O43175	/data/Dutta_lab/aric/EA/SeqId_15548_35.PHENO1.glm.linear	1	119648411	ARIC
SeqId_15553_22	ACHE	P22303	/data/Dutta_lab/aric/EA/SeqId_15553_22.PHENO1.glm.linear	7	100894233	ARIC
SeqId_15556_49	AMY2B	P19961	/data/Dutta_lab/aric/EA/SeqId_15556_49.PHENO1.glm.linear	1	103553815	ARIC
SeqId_15558_63	ENPEP	Q07075	/data/Dutta_lab/aric/EA/SeqId_15558_63.PHENO1.glm.linear	4	110365733	ARIC
SeqId_15559_5	ANTXR2	P58335	/data/Dutta_lab/aric/EA/SeqId_15559_5.PHENO1.glm.linear	4	79964890	ARIC
SeqId_15560_52	TCN2	P20062	/data/Dutta_lab/aric/EA/SeqId_15560_52.PHENO1.glm.linear	22	30607003	ARIC
SeqId_15562_24	GUSB	P08236	/data/Dutta_lab/aric/EA/SeqId_15562_24.PHENO1.glm.linear	7	65967908	ARIC
SeqId_15565_102	MUC16	Q8WXI7	/data/Dutta_lab/aric/EA/SeqId_15565_102.PHENO1.glm.linear	19	8867014	ARIC
SeqId_15566_10	CNN1	P51911	/data/Dutta_lab/aric/EA/SeqId_15566_10.PHENO1.glm.linear	19	11538767	ARIC
SeqId_15567_2	CD247	P20963	/data/Dutta_lab/aric/EA/SeqId_15567_2.PHENO1.glm.linear	1	167434066	ARIC
SeqId_15569_15	COL2A1	P02458	/data/Dutta_lab/aric/EA/SeqId_15569_15.PHENO1.glm.linear	12	47977445	ARIC
SeqId_15570_99	CR2	P20023	/data/Dutta_lab/aric/EA/SeqId_15570_99.PHENO1.glm.linear	1	207454230	ARIC
SeqId_15573_110	NCAN	O14594	/data/Dutta_lab/aric/EA/SeqId_15573_110.PHENO1.glm.linear	19	19211958	ARIC
SeqId_15574_37	CCNA2	P20248	/data/Dutta_lab/aric/EA/SeqId_15574_37.PHENO1.glm.linear	4	121823883	ARIC
SeqId_15576_158	RNASE3	P12724	/data/Dutta_lab/aric/EA/SeqId_15576_158.PHENO1.glm.linear	14	20891399	ARIC
SeqId_15579_26	ENPP6	Q6UWR7	/data/Dutta_lab/aric/EA/SeqId_15579_26.PHENO1.glm.linear	4	184117821	ARIC
SeqId_15580_2	EPHA7	Q15375	/data/Dutta_lab/aric/EA/SeqId_15580_2.PHENO1.glm.linear	6	93419547	ARIC
SeqId_15581_16	FANK1	Q8TC84	/data/Dutta_lab/aric/EA/SeqId_15581_16.PHENO1.glm.linear	10	125896564	ARIC
SeqId_15582_25	FCN1	O00602	/data/Dutta_lab/aric/EA/SeqId_15582_25.PHENO1.glm.linear	9	134917877	ARIC
SeqId_15583_18	FCRLB	Q6BAA4	/data/Dutta_lab/aric/EA/SeqId_15583_18.PHENO1.glm.linear	1	161721563	ARIC
SeqId_15584_9	CFHR2	P36980	/data/Dutta_lab/aric/EA/SeqId_15584_9.PHENO1.glm.linear	1	196943738	ARIC
SeqId_15585_304	FBLN5	Q9UBX5	/data/Dutta_lab/aric/EA/SeqId_15585_304.PHENO1.glm.linear	14	91874816	ARIC
SeqId_15587_20	FOLR2	P14207	/data/Dutta_lab/aric/EA/SeqId_15587_20.PHENO1.glm.linear	11	72216601	ARIC
SeqId_15589_1	GC	P02774	/data/Dutta_lab/aric/EA/SeqId_15589_1.PHENO1.glm.linear	4	71754478	ARIC
SeqId_15591_28	GPX1	P07203	/data/Dutta_lab/aric/EA/SeqId_15591_28.PHENO1.glm.linear	3	49358278	ARIC
SeqId_15594_47	HTRA1	Q92743	/data/Dutta_lab/aric/EA/SeqId_15594_47.PHENO1.glm.linear	10	122458551	ARIC
SeqId_15596_7	HEXIM1	O94992	/data/Dutta_lab/aric/EA/SeqId_15596_7.PHENO1.glm.linear	17	45148502	ARIC
SeqId_15602_43	IL6R	P08887	/data/Dutta_lab/aric/EA/SeqId_15602_43.PHENO1.glm.linear	1	154405193	ARIC
SeqId_15603_20	ITGA2	P17301	/data/Dutta_lab/aric/EA/SeqId_15603_20.PHENO1.glm.linear	5	52989340	ARIC
SeqId_15604_18	MAPK9	P45984	/data/Dutta_lab/aric/EA/SeqId_15604_18.PHENO1.glm.linear	5	180242900	ARIC
SeqId_15606_19	KRT19	P08727	/data/Dutta_lab/aric/EA/SeqId_15606_19.PHENO1.glm.linear	17	41524751	ARIC
SeqId_15607_56	PKLR	P30613	/data/Dutta_lab/aric/EA/SeqId_15607_56.PHENO1.glm.linear	1	155300956	ARIC
SeqId_15608_5	RPS6KB1	P23443	/data/Dutta_lab/aric/EA/SeqId_15608_5.PHENO1.glm.linear	17	59893046	ARIC
SeqId_15610_72	LAP3	P28838	/data/Dutta_lab/aric/EA/SeqId_15610_72.PHENO1.glm.linear	4	17577192	ARIC
SeqId_15612_5	LIN7B	Q9HAP6	/data/Dutta_lab/aric/EA/SeqId_15612_5.PHENO1.glm.linear	19	49114324	ARIC
SeqId_15613_16	PNLIP	P16233	/data/Dutta_lab/aric/EA/SeqId_15613_16.PHENO1.glm.linear	10	116545931	ARIC
SeqId_15614_168	LILRA2	Q8N149	/data/Dutta_lab/aric/EA/SeqId_15614_168.PHENO1.glm.linear	19	54572920	ARIC
SeqId_15615_8	LILRB3	O75022	/data/Dutta_lab/aric/EA/SeqId_15615_8.PHENO1.glm.linear	19	54217698	ARIC
SeqId_15617_8	XCL2	Q9UBD3	/data/Dutta_lab/aric/EA/SeqId_15617_8.PHENO1.glm.linear	1	168543997	ARIC
SeqId_15619_49	MOG	Q16653	/data/Dutta_lab/aric/EA/SeqId_15619_49.PHENO1.glm.linear	6	29657002	ARIC
SeqId_15620_4	NLGN1	Q8N2Q7	/data/Dutta_lab/aric/EA/SeqId_15620_4.PHENO1.glm.linear	3	173396284	ARIC
SeqId_15622_13	OPCML	Q14982	/data/Dutta_lab/aric/EA/SeqId_15622_13.PHENO1.glm.linear	11	132860777	ARIC
SeqId_15623_1	PDCD1	Q15116	/data/Dutta_lab/aric/EA/SeqId_15623_1.PHENO1.glm.linear	2	241852886	ARIC
SeqId_15626_223	HSPG2	P98160	/data/Dutta_lab/aric/EA/SeqId_15626_223.PHENO1.glm.linear	1	21824266	ARIC
SeqId_15627_83	AKT1	P31749	/data/Dutta_lab/aric/EA/SeqId_15627_83.PHENO1.glm.linear	14	104772963	ARIC
SeqId_15631_18	PSG1	P11464	/data/Dutta_lab/aric/EA/SeqId_15631_18.PHENO1.glm.linear	19	42870645	ARIC
SeqId_15633_6	RBP4	P02753	/data/Dutta_lab/aric/EA/SeqId_15633_6.PHENO1.glm.linear	10	93601235	ARIC
SeqId_15634_139	SLIT1	O75093	/data/Dutta_lab/aric/EA/SeqId_15634_139.PHENO1.glm.linear	10	96999666	ARIC
SeqId_15635_4	SMOC2	Q9H3U7	/data/Dutta_lab/aric/EA/SeqId_15635_4.PHENO1.glm.linear	6	168441151	ARIC
SeqId_15636_49	SORCS1	Q8WY21	/data/Dutta_lab/aric/EA/SeqId_15636_49.PHENO1.glm.linear	10	106607218	ARIC
SeqId_15637_38	SORCS3	Q9UPU3	/data/Dutta_lab/aric/EA/SeqId_15637_38.PHENO1.glm.linear	10	104641290	ARIC
SeqId_15640_54	TAGLN	Q01995	/data/Dutta_lab/aric/EA/SeqId_15640_54.PHENO1.glm.linear	11	117199370	ARIC
SeqId_15641_20	TMEFF1	Q8IYR6	/data/Dutta_lab/aric/EA/SeqId_15641_20.PHENO1.glm.linear	9	100473149	ARIC
SeqId_15644_1	BTD	P43251	/data/Dutta_lab/aric/EA/SeqId_15644_1.PHENO1.glm.linear	3	15601341	ARIC
SeqId_15653_9	COL10A1	Q03692	/data/Dutta_lab/aric/EA/SeqId_15653_9.PHENO1.glm.linear	6	116125900	ARIC
SeqId_15666_21	BMP2	P12643	/data/Dutta_lab/aric/EA/SeqId_15666_21.PHENO1.glm.linear	20	6767686	ARIC
SeqId_15667_39	BMP4	P12644	/data/Dutta_lab/aric/EA/SeqId_15667_39.PHENO1.glm.linear	14	53951880	ARIC
SeqId_15668_19	BMP8B	P34820	/data/Dutta_lab/aric/EA/SeqId_15668_19.PHENO1.glm.linear	1	39788865	ARIC
SeqId_15669_7	BRAF	P15056	/data/Dutta_lab/aric/EA/SeqId_15669_7.PHENO1.glm.linear	7	140741717	ARIC
SeqId_15670_15	C1QL2	Q7Z5L3	/data/Dutta_lab/aric/EA/SeqId_15670_15.PHENO1.glm.linear	2	119158751	ARIC
SeqId_15675_3	CEBPB	P17676	/data/Dutta_lab/aric/EA/SeqId_15675_3.PHENO1.glm.linear	20	50190830	ARIC
SeqId_15678_71	DKK2	Q9UBU2	/data/Dutta_lab/aric/EA/SeqId_15678_71.PHENO1.glm.linear	4	107035812	ARIC
SeqId_15686_49	INHBC	P55103	/data/Dutta_lab/aric/EA/SeqId_15686_49.PHENO1.glm.linear	12	57434784	ARIC
SeqId_15688_30	LMAN1	P49257	/data/Dutta_lab/aric/EA/SeqId_15688_30.PHENO1.glm.linear	18	59331639	ARIC
SeqId_15692_300	NODAL	Q96S42	/data/Dutta_lab/aric/EA/SeqId_15692_300.PHENO1.glm.linear	10	70441681	ARIC
SeqId_15693_9	PGR	P06401	/data/Dutta_lab/aric/EA/SeqId_15693_9.PHENO1.glm.linear	11	101051470	ARIC
SeqId_15698_6	TXLNA	P40222	/data/Dutta_lab/aric/EA/SeqId_15698_6.PHENO1.glm.linear	1	32179675	ARIC
SeqId_16015_19	GPT	P24298	/data/Dutta_lab/aric/EA/SeqId_16015_19.PHENO1.glm.linear	8	144502973	ARIC
SeqId_16035_8	FLT4	P35916	/data/Dutta_lab/aric/EA/SeqId_16035_8.PHENO1.glm.linear	5	180611716	ARIC
SeqId_16043_30	SHC1	P29353	/data/Dutta_lab/aric/EA/SeqId_16043_30.PHENO1.glm.linear	1	154965762	ARIC
SeqId_16055_3	CFHR5	Q9BXR6	/data/Dutta_lab/aric/EA/SeqId_16055_3.PHENO1.glm.linear	1	196977556	ARIC
SeqId_16057_6	IGF2R	P11717	/data/Dutta_lab/aric/EA/SeqId_16057_6.PHENO1.glm.linear	6	159969099	ARIC
SeqId_16060_99	NID2	Q14112	/data/Dutta_lab/aric/EA/SeqId_16060_99.PHENO1.glm.linear	14	52007924	ARIC
SeqId_16070_7	WIF1	Q9Y5W5	/data/Dutta_lab/aric/EA/SeqId_16070_7.PHENO1.glm.linear	12	65066659	ARIC
SeqId_16074_12	GRAP2	O75791	/data/Dutta_lab/aric/EA/SeqId_16074_12.PHENO1.glm.linear	22	39901084	ARIC
SeqId_16079_2	TEC	P42680	/data/Dutta_lab/aric/EA/SeqId_16079_2.PHENO1.glm.linear	4	48141683	ARIC
SeqId_16081_38	AKR1B10	O60218	/data/Dutta_lab/aric/EA/SeqId_16081_38.PHENO1.glm.linear	7	134527567	ARIC
SeqId_16288_17	EPHA4	P54764	/data/Dutta_lab/aric/EA/SeqId_16288_17.PHENO1.glm.linear	2	221425540	ARIC
SeqId_16292_288	GIP	P09681	/data/Dutta_lab/aric/EA/SeqId_16292_288.PHENO1.glm.linear	17	48968596	ARIC
SeqId_16293_1	GHRH	P01286	/data/Dutta_lab/aric/EA/SeqId_16293_1.PHENO1.glm.linear	20	37256889	ARIC
SeqId_16296_43	LGR5	O75473	/data/Dutta_lab/aric/EA/SeqId_16296_43.PHENO1.glm.linear	12	71439798	ARIC
SeqId_16297_14	ROBO4	Q8WZ75	/data/Dutta_lab/aric/EA/SeqId_16297_14.PHENO1.glm.linear	11	124893025	ARIC
SeqId_16298_84	PLA2G2D	Q9UNK4	/data/Dutta_lab/aric/EA/SeqId_16298_84.PHENO1.glm.linear	1	20119536	ARIC
SeqId_16299_13	TIGIT	Q495A1	/data/Dutta_lab/aric/EA/SeqId_16299_13.PHENO1.glm.linear	3	114276913	ARIC
SeqId_16300_4	TREM2	Q9NZC2	/data/Dutta_lab/aric/EA/SeqId_16300_4.PHENO1.glm.linear	6	41163103	ARIC
SeqId_16302_11	BPIFA2	Q96DR5	/data/Dutta_lab/aric/EA/SeqId_16302_11.PHENO1.glm.linear	20	33161768	ARIC
SeqId_16304_6	LGR4	Q9BXB1	/data/Dutta_lab/aric/EA/SeqId_16304_6.PHENO1.glm.linear	11	27374000	ARIC
SeqId_16305_10	CDH11	P55287	/data/Dutta_lab/aric/EA/SeqId_16305_10.PHENO1.glm.linear	16	64972949	ARIC
SeqId_16307_22	UNC5D	Q6UXZ4	/data/Dutta_lab/aric/EA/SeqId_16307_22.PHENO1.glm.linear	8	35235475	ARIC
SeqId_16308_14	BTLA	Q7Z6A9	/data/Dutta_lab/aric/EA/SeqId_16308_14.PHENO1.glm.linear	3	112470022	ARIC
SeqId_16309_30	DKKL1	Q9UK85	/data/Dutta_lab/aric/EA/SeqId_16309_30.PHENO1.glm.linear	19	49361783	ARIC
SeqId_16312_45	CDH6	P55285	/data/Dutta_lab/aric/EA/SeqId_16312_45.PHENO1.glm.linear	5	31193686	ARIC
SeqId_16315_105	FLT1	P17948	/data/Dutta_lab/aric/EA/SeqId_16315_105.PHENO1.glm.linear	13	28308434	ARIC
SeqId_16317_20	DSG3	P32926	/data/Dutta_lab/aric/EA/SeqId_16317_20.PHENO1.glm.linear	18	31447741	ARIC
SeqId_16318_12	ACVRL1	P37023	/data/Dutta_lab/aric/EA/SeqId_16318_12.PHENO1.glm.linear	12	51906908	ARIC
SeqId_16320_139	CD320	Q9NPF0	/data/Dutta_lab/aric/EA/SeqId_16320_139.PHENO1.glm.linear	19	8308271	ARIC
SeqId_16322_10	PACAP	Q8WU39	/data/Dutta_lab/aric/EA/SeqId_16322_10.PHENO1.glm.linear	5	139388762	ARIC
SeqId_16323_8	NRXN3	Q9Y4C0	/data/Dutta_lab/aric/EA/SeqId_16323_8.PHENO1.glm.linear	14	78170373	ARIC
SeqId_16324_38	TLR1	Q15399	/data/Dutta_lab/aric/EA/SeqId_16324_38.PHENO1.glm.linear	4	38794633	ARIC
SeqId_16536_3	HMGA1	P17096	/data/Dutta_lab/aric/EA/SeqId_16536_3.PHENO1.glm.linear	6	34236873	ARIC
SeqId_16551_14	STAT5B	P51692	/data/Dutta_lab/aric/EA/SeqId_16551_14.PHENO1.glm.linear	17	42202953	ARIC
SeqId_16558_2	MYOC	Q99972	/data/Dutta_lab/aric/EA/SeqId_16558_2.PHENO1.glm.linear	1	171652629	ARIC
SeqId_16561_9	A1BG	P04217	/data/Dutta_lab/aric/EA/SeqId_16561_9.PHENO1.glm.linear	19	58347634	ARIC
SeqId_16583_8	NUDT2	P50583	/data/Dutta_lab/aric/EA/SeqId_16583_8.PHENO1.glm.linear	9	34329506	ARIC
SeqId_16585_16	B3GNT4	Q9C0J1	/data/Dutta_lab/aric/EA/SeqId_16585_16.PHENO1.glm.linear	12	122203681	ARIC
SeqId_16591_71	CHIA	Q9BZP6	/data/Dutta_lab/aric/EA/SeqId_16591_71.PHENO1.glm.linear	1	111290851	ARIC
SeqId_16593_3	FADD	Q13158	/data/Dutta_lab/aric/EA/SeqId_16593_3.PHENO1.glm.linear	11	70203163	ARIC
SeqId_16594_44	FAIM	Q9NVQ4	/data/Dutta_lab/aric/EA/SeqId_16594_44.PHENO1.glm.linear	3	138608606	ARIC
SeqId_16596_25	GLRX3	O76003	/data/Dutta_lab/aric/EA/SeqId_16596_25.PHENO1.glm.linear	10	130136391	ARIC
SeqId_16597_11	GLRX5	Q86SX6	/data/Dutta_lab/aric/EA/SeqId_16597_11.PHENO1.glm.linear	14	95533503	ARIC
SeqId_16599_38	GPN1	Q9HCN4	/data/Dutta_lab/aric/EA/SeqId_16599_38.PHENO1.glm.linear	2	27628247	ARIC
SeqId_16605_2	C1QTNF9	P0C862	/data/Dutta_lab/aric/EA/SeqId_16605_2.PHENO1.glm.linear	13	24307166	ARIC
SeqId_16606_85	AKR1B1	P15121	/data/Dutta_lab/aric/EA/SeqId_16606_85.PHENO1.glm.linear	7	134448024	ARIC
SeqId_16607_78	GSN	P06396	/data/Dutta_lab/aric/EA/SeqId_16607_78.PHENO1.glm.linear	9	121207794	ARIC
SeqId_16609_106	KIRREL2	Q6UWL6	/data/Dutta_lab/aric/EA/SeqId_16609_106.PHENO1.glm.linear	19	35855861	ARIC
SeqId_16610_13	LRP10	Q7Z4F1	/data/Dutta_lab/aric/EA/SeqId_16610_13.PHENO1.glm.linear	14	22871740	ARIC
SeqId_16612_28	SDC3	O75056	/data/Dutta_lab/aric/EA/SeqId_16612_28.PHENO1.glm.linear	1	30878740	ARIC
SeqId_16613_3	CDH17	Q12864	/data/Dutta_lab/aric/EA/SeqId_16613_3.PHENO1.glm.linear	8	94162128	ARIC
SeqId_16614_27	RSPO1	Q2MKA7	/data/Dutta_lab/aric/EA/SeqId_16614_27.PHENO1.glm.linear	1	37634616	ARIC
SeqId_16616_137	ENO3	P13929	/data/Dutta_lab/aric/EA/SeqId_16616_137.PHENO1.glm.linear	17	4948092	ARIC
SeqId_16618_7	CD69	Q07108	/data/Dutta_lab/aric/EA/SeqId_16618_7.PHENO1.glm.linear	12	9760901	ARIC
SeqId_16620_26	LY75	O60449	/data/Dutta_lab/aric/EA/SeqId_16620_26.PHENO1.glm.linear	2	159904649	ARIC
SeqId_16621_77	APOA1BP	Q8NCW5	/data/Dutta_lab/aric/EA/SeqId_16621_77.PHENO1.glm.linear	1	156591762	ARIC
SeqId_16746_12	INHBB	P09529	/data/Dutta_lab/aric/EA/SeqId_16746_12.PHENO1.glm.linear	2	120346136	ARIC
SeqId_16748_1	BMP3	P12645	/data/Dutta_lab/aric/EA/SeqId_16748_1.PHENO1.glm.linear	4	81030708	ARIC
SeqId_16749_79	GDF10	P55107	/data/Dutta_lab/aric/EA/SeqId_16749_79.PHENO1.glm.linear	10	47300197	ARIC
SeqId_16751_15	NPPB	P16860	/data/Dutta_lab/aric/EA/SeqId_16751_15.PHENO1.glm.linear	1	11858945	ARIC
SeqId_16753_46	COL6A2	P12110	/data/Dutta_lab/aric/EA/SeqId_16753_46.PHENO1.glm.linear	21	46098112	ARIC
SeqId_16755_195	GDF3	Q9NR23	/data/Dutta_lab/aric/EA/SeqId_16755_195.PHENO1.glm.linear	12	7695775	ARIC
SeqId_16756_30	GDF7	Q7Z4P5	/data/Dutta_lab/aric/EA/SeqId_16756_30.PHENO1.glm.linear	2	20667144	ARIC
SeqId_16758_96	HDGF	P51858	/data/Dutta_lab/aric/EA/SeqId_16758_96.PHENO1.glm.linear	1	156744276	ARIC
SeqId_16760_2	IL26	Q9NPH9	/data/Dutta_lab/aric/EA/SeqId_16760_2.PHENO1.glm.linear	12	68225810	ARIC
SeqId_16763_11	LECT2	O14960	/data/Dutta_lab/aric/EA/SeqId_16763_11.PHENO1.glm.linear	5	135953116	ARIC
SeqId_16765_52	PPBP	P02775	/data/Dutta_lab/aric/EA/SeqId_16765_52.PHENO1.glm.linear	4	73988190	ARIC
SeqId_16768_3	JUP	P14923	/data/Dutta_lab/aric/EA/SeqId_16768_3.PHENO1.glm.linear	17	41763077	ARIC
SeqId_16769_20	RAC3	P60763	/data/Dutta_lab/aric/EA/SeqId_16769_20.PHENO1.glm.linear	17	82031678	ARIC
SeqId_16770_3	REG1B	P48304	/data/Dutta_lab/aric/EA/SeqId_16770_3.PHENO1.glm.linear	2	79086847	ARIC
SeqId_16773_29	SCUBE3	Q8IX30	/data/Dutta_lab/aric/EA/SeqId_16773_29.PHENO1.glm.linear	6	35213956	ARIC
SeqId_16781_2	ENGASE	Q8NFI3	/data/Dutta_lab/aric/EA/SeqId_16781_2.PHENO1.glm.linear	17	79074939	ARIC
SeqId_16785_45	DEFA5	Q01523	/data/Dutta_lab/aric/EA/SeqId_16785_45.PHENO1.glm.linear	8	7056739	ARIC
SeqId_16792_4	SIGLEC5	O15389	/data/Dutta_lab/aric/EA/SeqId_16792_4.PHENO1.glm.linear	19	51645545	ARIC
SeqId_16802_31	OCIAD1	Q9NX40	/data/Dutta_lab/aric/EA/SeqId_16802_31.PHENO1.glm.linear	4	48805212	ARIC
SeqId_16803_4	CALB2	P22676	/data/Dutta_lab/aric/EA/SeqId_16803_4.PHENO1.glm.linear	16	71358713	ARIC
SeqId_16805_5	PDE5A	O76074	/data/Dutta_lab/aric/EA/SeqId_16805_5.PHENO1.glm.linear	4	119505935	ARIC
SeqId_16807_35	TNNT3	P45378	/data/Dutta_lab/aric/EA/SeqId_16807_35.PHENO1.glm.linear	11	1919703	ARIC
SeqId_16809_1	NME4	O00746	/data/Dutta_lab/aric/EA/SeqId_16809_1.PHENO1.glm.linear	16	396725	ARIC
SeqId_16818_200	CDCP1	Q9H5V8	/data/Dutta_lab/aric/EA/SeqId_16818_200.PHENO1.glm.linear	3	45139595	ARIC
SeqId_16823_75	APOL3	O95236	/data/Dutta_lab/aric/EA/SeqId_16823_75.PHENO1.glm.linear	22	36149126	ARIC
SeqId_16825_20	ATXN3	P54252	/data/Dutta_lab/aric/EA/SeqId_16825_20.PHENO1.glm.linear	14	92048065	ARIC
SeqId_16828_8	COL6A1	P12109	/data/Dutta_lab/aric/EA/SeqId_16828_8.PHENO1.glm.linear	21	45981769	ARIC
SeqId_16831_7	DOK1	Q99704	/data/Dutta_lab/aric/EA/SeqId_16831_7.PHENO1.glm.linear	2	74549026	ARIC
SeqId_16836_1	CFHR3	Q02985	/data/Dutta_lab/aric/EA/SeqId_16836_1.PHENO1.glm.linear	1	196774795	ARIC
SeqId_16845_15	MPZL1	O95297	/data/Dutta_lab/aric/EA/SeqId_16845_15.PHENO1.glm.linear	1	167721192	ARIC
SeqId_16847_39	RAB3B	P20337	/data/Dutta_lab/aric/EA/SeqId_16847_39.PHENO1.glm.linear	1	51990700	ARIC
SeqId_16850_5	RGS5	O15539	/data/Dutta_lab/aric/EA/SeqId_16850_5.PHENO1.glm.linear	1	163152716	ARIC
SeqId_16851_50	SCO2	O43819	/data/Dutta_lab/aric/EA/SeqId_16851_50.PHENO1.glm.linear	22	50525604	ARIC
SeqId_16853_5	NRK1	Q9NWW6	/data/Dutta_lab/aric/EA/SeqId_16853_5.PHENO1.glm.linear	9	75067205	ARIC
SeqId_16854_17	LSM4	Q9Y4Z0	/data/Dutta_lab/aric/EA/SeqId_16854_17.PHENO1.glm.linear	19	18316259	ARIC
SeqId_16856_79	MAPRE2	Q15555	/data/Dutta_lab/aric/EA/SeqId_16856_79.PHENO1.glm.linear	18	34976928	ARIC
SeqId_16857_2	RAB2A	P61019	/data/Dutta_lab/aric/EA/SeqId_16857_2.PHENO1.glm.linear	8	60516936	ARIC
SeqId_16858_384	RCN3	Q96D15	/data/Dutta_lab/aric/EA/SeqId_16858_384.PHENO1.glm.linear	19	49528003	ARIC
SeqId_16859_100	SH3GLB1	Q9Y371	/data/Dutta_lab/aric/EA/SeqId_16859_100.PHENO1.glm.linear	1	86704570	ARIC
SeqId_16863_47	NANP	Q8TBE9	/data/Dutta_lab/aric/EA/SeqId_16863_47.PHENO1.glm.linear	20	25624014	ARIC
SeqId_16865_62	TAF15	Q92804	/data/Dutta_lab/aric/EA/SeqId_16865_62.PHENO1.glm.linear	17	35713791	ARIC
SeqId_16872_248	GSTZ1	O43708	/data/Dutta_lab/aric/EA/SeqId_16872_248.PHENO1.glm.linear	14	77320996	ARIC
SeqId_16875_13	MAGOHB	Q96A72	/data/Dutta_lab/aric/EA/SeqId_16875_13.PHENO1.glm.linear	12	10608040	ARIC
SeqId_16877_19	MSRB2	Q9Y3D2	/data/Dutta_lab/aric/EA/SeqId_16877_19.PHENO1.glm.linear	10	23095579	ARIC
SeqId_16882_27	PHPT1	Q9NRX4	/data/Dutta_lab/aric/EA/SeqId_16882_27.PHENO1.glm.linear	9	136848724	ARIC
SeqId_16883_57	RAB4A	P20338	/data/Dutta_lab/aric/EA/SeqId_16883_57.PHENO1.glm.linear	1	229271062	ARIC
SeqId_16885_49	MAPRE3	Q9UPY8	/data/Dutta_lab/aric/EA/SeqId_16885_49.PHENO1.glm.linear	2	26970637	ARIC
SeqId_16887_29	PTRH2	Q9Y3E5	/data/Dutta_lab/aric/EA/SeqId_16887_29.PHENO1.glm.linear	17	59701425	ARIC
SeqId_16890_37	ADAMTSL1	Q8N6G6	/data/Dutta_lab/aric/EA/SeqId_16890_37.PHENO1.glm.linear	9	17906563	ARIC
SeqId_16892_23	ENPP2	Q13822	/data/Dutta_lab/aric/EA/SeqId_16892_23.PHENO1.glm.linear	8	119578485	ARIC
SeqId_16899_59	OSBPL9	Q96SU4	/data/Dutta_lab/aric/EA/SeqId_16899_59.PHENO1.glm.linear	1	51577179	ARIC
SeqId_16900_29	MDGA1	Q8NFP4	/data/Dutta_lab/aric/EA/SeqId_16900_29.PHENO1.glm.linear	6	37639824	ARIC
SeqId_16902_17	LAMP1	P11279	/data/Dutta_lab/aric/EA/SeqId_16902_17.PHENO1.glm.linear	13	113297239	ARIC
SeqId_16907_3	CADM2	Q8N3J6	/data/Dutta_lab/aric/EA/SeqId_16907_3.PHENO1.glm.linear	3	84958981	ARIC
SeqId_16908_5	OMG	P23515	/data/Dutta_lab/aric/EA/SeqId_16908_5.PHENO1.glm.linear	17	31273622	ARIC
SeqId_16913_8	RNASET2	O00584	/data/Dutta_lab/aric/EA/SeqId_16913_8.PHENO1.glm.linear	6	166933049	ARIC
SeqId_16914_104	CD14	P08571	/data/Dutta_lab/aric/EA/SeqId_16914_104.PHENO1.glm.linear	5	140633175	ARIC
SeqId_16915_153	SEMA4A	Q9H3S1	/data/Dutta_lab/aric/EA/SeqId_16915_153.PHENO1.glm.linear	1	156147366	ARIC
SeqId_16916_19	SLITRK6	Q9H5Y7	/data/Dutta_lab/aric/EA/SeqId_16916_19.PHENO1.glm.linear	13	85799419	ARIC
SeqId_16918_198	TLR3	O15455	/data/Dutta_lab/aric/EA/SeqId_16918_198.PHENO1.glm.linear	4	186069152	ARIC
SeqId_16919_1	DBI	P07108	/data/Dutta_lab/aric/EA/SeqId_16919_1.PHENO1.glm.linear	2	119366921	ARIC
SeqId_16923_20	PFN2	P35080	/data/Dutta_lab/aric/EA/SeqId_16923_20.PHENO1.glm.linear	3	149968905	ARIC
SeqId_16926_44	ALPL	P05186	/data/Dutta_lab/aric/EA/SeqId_16926_44.PHENO1.glm.linear	1	21509397	ARIC
SeqId_16932_5	SULT1E1	P49888	/data/Dutta_lab/aric/EA/SeqId_16932_5.PHENO1.glm.linear	4	69860145	ARIC
SeqId_17137_160	HBB	P68871	/data/Dutta_lab/aric/EA/SeqId_17137_160.PHENO1.glm.linear	11	5226823	ARIC
SeqId_17138_8	GSTA1	P08263	/data/Dutta_lab/aric/EA/SeqId_17138_8.PHENO1.glm.linear	6	52799297	ARIC
SeqId_17140_57	PDGFD	Q9GZP0	/data/Dutta_lab/aric/EA/SeqId_17140_57.PHENO1.glm.linear	11	104037026	ARIC
SeqId_17148_7	BLVRB	P30043	/data/Dutta_lab/aric/EA/SeqId_17148_7.PHENO1.glm.linear	19	40458457	ARIC
SeqId_17150_8	HSPE1	P61604	/data/Dutta_lab/aric/EA/SeqId_17150_8.PHENO1.glm.linear	2	197500140	ARIC
SeqId_17151_84	IRF3	Q14653	/data/Dutta_lab/aric/EA/SeqId_17151_84.PHENO1.glm.linear	19	49661003	ARIC
SeqId_17152_10	KIR2DS4	P43632	/data/Dutta_lab/aric/EA/SeqId_17152_10.PHENO1.glm.linear	19	54832676	ARIC
SeqId_17153_46	KIR2DL3	P43628	/data/Dutta_lab/aric/EA/SeqId_17153_46.PHENO1.glm.linear	19	54738513	ARIC
SeqId_17154_2	PTGES3	Q15185	/data/Dutta_lab/aric/EA/SeqId_17154_2.PHENO1.glm.linear	12	56687997	ARIC
SeqId_17155_1	VPS28	Q9UK41	/data/Dutta_lab/aric/EA/SeqId_17155_1.PHENO1.glm.linear	8	144426983	ARIC
SeqId_17156_72	DCLK1	O15075	/data/Dutta_lab/aric/EA/SeqId_17156_72.PHENO1.glm.linear	13	35793479	ARIC
SeqId_17158_17	UBE2G1	P62253	/data/Dutta_lab/aric/EA/SeqId_17158_17.PHENO1.glm.linear	17	4331923	ARIC
SeqId_17161_1	DDOST	P39656	/data/Dutta_lab/aric/EA/SeqId_17161_1.PHENO1.glm.linear	1	20653084	ARIC
SeqId_17163_117	ANXA3	P12429	/data/Dutta_lab/aric/EA/SeqId_17163_117.PHENO1.glm.linear	4	78551747	ARIC
SeqId_17164_15	ANXA4	P09525	/data/Dutta_lab/aric/EA/SeqId_17164_15.PHENO1.glm.linear	2	69644425	ARIC
SeqId_17165_1	PPBP	P02775	/data/Dutta_lab/aric/EA/SeqId_17165_1.PHENO1.glm.linear	4	73988190	ARIC
SeqId_17166_4	FGF8	P55075	/data/Dutta_lab/aric/EA/SeqId_17166_4.PHENO1.glm.linear	10	101775900	ARIC
SeqId_17170_15	CALCB	P10092	/data/Dutta_lab/aric/EA/SeqId_17170_15.PHENO1.glm.linear	11	14904997	ARIC
SeqId_17172_19	STATH	P02808	/data/Dutta_lab/aric/EA/SeqId_17172_19.PHENO1.glm.linear	4	69995931	ARIC
SeqId_17175_5	MAP2K6	P52564	/data/Dutta_lab/aric/EA/SeqId_17175_5.PHENO1.glm.linear	17	69414697	ARIC
SeqId_17176_13	PSIP1	O75475	/data/Dutta_lab/aric/EA/SeqId_17176_13.PHENO1.glm.linear	9	15472750	ARIC
SeqId_17195_43	BAG1	Q99933	/data/Dutta_lab/aric/EA/SeqId_17195_43.PHENO1.glm.linear	9	33256806	ARIC
SeqId_17196_5	CLPP	Q16740	/data/Dutta_lab/aric/EA/SeqId_17196_5.PHENO1.glm.linear	19	6361531	ARIC
SeqId_17199_43	HIF1AN	Q9NWT6	/data/Dutta_lab/aric/EA/SeqId_17199_43.PHENO1.glm.linear	10	100529072	ARIC
SeqId_17200_50	KIR2DL1	P43626	/data/Dutta_lab/aric/EA/SeqId_17200_50.PHENO1.glm.linear	19	54769793	ARIC
SeqId_17202_37	PDCD4	Q53EL6	/data/Dutta_lab/aric/EA/SeqId_17202_37.PHENO1.glm.linear	10	110871795	ARIC
SeqId_17204_17	PNMT	P11086	/data/Dutta_lab/aric/EA/SeqId_17204_17.PHENO1.glm.linear	17	39667981	ARIC
SeqId_17205_21	RAB5A	P20339	/data/Dutta_lab/aric/EA/SeqId_17205_21.PHENO1.glm.linear	3	19947097	ARIC
SeqId_17209_27	SULT2B1	O00204	/data/Dutta_lab/aric/EA/SeqId_17209_27.PHENO1.glm.linear	19	48552075	ARIC
SeqId_17210_2	TCL1A	P56279	/data/Dutta_lab/aric/EA/SeqId_17210_2.PHENO1.glm.linear	14	95711962	ARIC
SeqId_17224_12	OGN	P20774	/data/Dutta_lab/aric/EA/SeqId_17224_12.PHENO1.glm.linear	9	92393152	ARIC
SeqId_17231_1	LCP1	P13796	/data/Dutta_lab/aric/EA/SeqId_17231_1.PHENO1.glm.linear	13	46153243	ARIC
SeqId_17319_1	SELH	Q8IZQ5	/data/Dutta_lab/aric/EA/SeqId_17319_1.PHENO1.glm.linear	11	57741250	ARIC
SeqId_17320_19	AASDHPPT	Q9NRN7	/data/Dutta_lab/aric/EA/SeqId_17320_19.PHENO1.glm.linear	11	106075501	ARIC
SeqId_17325_10	GUK1	Q16774	/data/Dutta_lab/aric/EA/SeqId_17325_10.PHENO1.glm.linear	1	228139962	ARIC
SeqId_17326_44	DUSP23	Q9BVJ7	/data/Dutta_lab/aric/EA/SeqId_17326_44.PHENO1.glm.linear	1	159780932	ARIC
SeqId_17327_3	CNPY3	Q9BT09	/data/Dutta_lab/aric/EA/SeqId_17327_3.PHENO1.glm.linear	6	42929192	ARIC
SeqId_17329_2	BDH2	Q9BUT1	/data/Dutta_lab/aric/EA/SeqId_17329_2.PHENO1.glm.linear	4	103099808	ARIC
SeqId_17331_138	KREMEN1	Q96MU8	/data/Dutta_lab/aric/EA/SeqId_17331_138.PHENO1.glm.linear	22	29073078	ARIC
SeqId_17332_3	ADPRHL2	Q9NX46	/data/Dutta_lab/aric/EA/SeqId_17332_3.PHENO1.glm.linear	1	36088892	ARIC
SeqId_17333_20	ACADM	P11310	/data/Dutta_lab/aric/EA/SeqId_17333_20.PHENO1.glm.linear	1	75724347	ARIC
SeqId_17335_18	VAMP2	P63027	/data/Dutta_lab/aric/EA/SeqId_17335_18.PHENO1.glm.linear	17	8162932	ARIC
SeqId_17336_54	CREB3L2	Q70SY1	/data/Dutta_lab/aric/EA/SeqId_17336_54.PHENO1.glm.linear	7	137928269	ARIC
SeqId_17337_1	YY1	P25490	/data/Dutta_lab/aric/EA/SeqId_17337_1.PHENO1.glm.linear	14	100238298	ARIC
SeqId_17341_89	ACAT2	Q9BWD1	/data/Dutta_lab/aric/EA/SeqId_17341_89.PHENO1.glm.linear	6	159762045	ARIC
SeqId_17342_13	AGR3	Q8TD06	/data/Dutta_lab/aric/EA/SeqId_17342_13.PHENO1.glm.linear	7	16881973	ARIC
SeqId_17343_6	SNPH	O15079	/data/Dutta_lab/aric/EA/SeqId_17343_6.PHENO1.glm.linear	20	1266280	ARIC
SeqId_17344_23	STOML1	Q9UBI4	/data/Dutta_lab/aric/EA/SeqId_17344_23.PHENO1.glm.linear	15	73986500	ARIC
SeqId_17345_12	ZADH2	Q8N4Q0	/data/Dutta_lab/aric/EA/SeqId_17345_12.PHENO1.glm.linear	18	75205513	ARIC
SeqId_17346_61	FDCSP	Q8NFU4	/data/Dutta_lab/aric/EA/SeqId_17346_61.PHENO1.glm.linear	4	70226124	ARIC
SeqId_17347_80	AIDA	Q96BJ3	/data/Dutta_lab/aric/EA/SeqId_17347_80.PHENO1.glm.linear	1	222676218	ARIC
SeqId_17348_5	SYNJ2BP	P57105	/data/Dutta_lab/aric/EA/SeqId_17348_5.PHENO1.glm.linear	14	70417061	ARIC
SeqId_17350_13	CHMP2B	Q9UQN3	/data/Dutta_lab/aric/EA/SeqId_17350_13.PHENO1.glm.linear	3	87227271	ARIC
SeqId_17355_56	SYT4	Q9H2B2	/data/Dutta_lab/aric/EA/SeqId_17355_56.PHENO1.glm.linear	18	43272151	ARIC
SeqId_17356_34	IL1F10	Q8WWZ1	/data/Dutta_lab/aric/EA/SeqId_17356_34.PHENO1.glm.linear	2	113067970	ARIC
SeqId_17357_33	SEPSECS	Q9HD40	/data/Dutta_lab/aric/EA/SeqId_17357_33.PHENO1.glm.linear	4	25127308	ARIC
SeqId_17362_5	VHL	P40337	/data/Dutta_lab/aric/EA/SeqId_17362_5.PHENO1.glm.linear	3	10141008	ARIC
SeqId_17364_8	SNRPB2	P08579	/data/Dutta_lab/aric/EA/SeqId_17364_8.PHENO1.glm.linear	20	16729961	ARIC
SeqId_17365_7	CCBL1	Q16773	/data/Dutta_lab/aric/EA/SeqId_17365_7.PHENO1.glm.linear	9	128835511	ARIC
SeqId_17366_6	DCUN1D1	Q96GG9	/data/Dutta_lab/aric/EA/SeqId_17366_6.PHENO1.glm.linear	3	182980151	ARIC
SeqId_17367_5	STMN1	P16949	/data/Dutta_lab/aric/EA/SeqId_17367_5.PHENO1.glm.linear	1	25892607	ARIC
SeqId_17370_186	ABHD10	Q9NUJ1	/data/Dutta_lab/aric/EA/SeqId_17370_186.PHENO1.glm.linear	3	111979010	ARIC
SeqId_17372_5	EIF4EBP1	Q13541	/data/Dutta_lab/aric/EA/SeqId_17372_5.PHENO1.glm.linear	8	38030534	ARIC
SeqId_17377_1	AKR1C3	P42330	/data/Dutta_lab/aric/EA/SeqId_17377_1.PHENO1.glm.linear	10	5035354	ARIC
SeqId_17380_2	UBE2K	P61086	/data/Dutta_lab/aric/EA/SeqId_17380_2.PHENO1.glm.linear	4	39698109	ARIC
SeqId_17383_4	STARD5	Q9NSY2	/data/Dutta_lab/aric/EA/SeqId_17383_4.PHENO1.glm.linear	15	81310139	ARIC
SeqId_17384_110	PFKM	P08237	/data/Dutta_lab/aric/EA/SeqId_17384_110.PHENO1.glm.linear	12	48105139	ARIC
SeqId_17387_27	NFKBIB	Q15653	/data/Dutta_lab/aric/EA/SeqId_17387_27.PHENO1.glm.linear	19	38899700	ARIC
SeqId_17391_10	RBM17	Q96I25	/data/Dutta_lab/aric/EA/SeqId_17391_10.PHENO1.glm.linear	10	6089034	ARIC
SeqId_17393_13	ACADS	P16219	/data/Dutta_lab/aric/EA/SeqId_17393_13.PHENO1.glm.linear	12	120725774	ARIC
SeqId_17396_23	ADH1A	P07327	/data/Dutta_lab/aric/EA/SeqId_17396_23.PHENO1.glm.linear	4	99290983	ARIC
SeqId_17397_8	HSD17B11	Q8NBQ5	/data/Dutta_lab/aric/EA/SeqId_17397_8.PHENO1.glm.linear	4	87366000	ARIC
SeqId_17398_55	HMOX1	P09601	/data/Dutta_lab/aric/EA/SeqId_17398_55.PHENO1.glm.linear	22	35380361	ARIC
SeqId_17400_71	ACOT8	O14734	/data/Dutta_lab/aric/EA/SeqId_17400_71.PHENO1.glm.linear	20	45849110	ARIC
SeqId_17403_14	ACADSB	P45954	/data/Dutta_lab/aric/EA/SeqId_17403_14.PHENO1.glm.linear	10	123008979	ARIC
SeqId_17404_5	ARL5B	Q96KC2	/data/Dutta_lab/aric/EA/SeqId_17404_5.PHENO1.glm.linear	10	18659431	ARIC
SeqId_17405_2	UCHL5	Q9Y5K5	/data/Dutta_lab/aric/EA/SeqId_17405_2.PHENO1.glm.linear	1	193023922	ARIC
SeqId_17408_2	PMM1	Q92871	/data/Dutta_lab/aric/EA/SeqId_17408_2.PHENO1.glm.linear	22	41580689	ARIC
SeqId_17410_5	CETN3	O15182	/data/Dutta_lab/aric/EA/SeqId_17410_5.PHENO1.glm.linear	5	90407830	ARIC
SeqId_17411_55	UFD1L	Q92890	/data/Dutta_lab/aric/EA/SeqId_17411_55.PHENO1.glm.linear	22	19467716	ARIC
SeqId_17419_17	TES	Q9UGI8	/data/Dutta_lab/aric/EA/SeqId_17419_17.PHENO1.glm.linear	7	116210506	ARIC
SeqId_17432_25	AK4	P27144	/data/Dutta_lab/aric/EA/SeqId_17432_25.PHENO1.glm.linear	1	65147549	ARIC
SeqId_17435_43	ETFA	P13804	/data/Dutta_lab/aric/EA/SeqId_17435_43.PHENO1.glm.linear	15	76226335	ARIC
SeqId_17436_193	CSNK1G2	P78368	/data/Dutta_lab/aric/EA/SeqId_17436_193.PHENO1.glm.linear	19	1941172	ARIC
SeqId_17441_4	ALPI	P09923	/data/Dutta_lab/aric/EA/SeqId_17441_4.PHENO1.glm.linear	2	232456125	ARIC
SeqId_17447_52	SFRP4	Q6FHJ7	/data/Dutta_lab/aric/EA/SeqId_17447_52.PHENO1.glm.linear	7	37909839	ARIC
SeqId_17449_23	CD9	P21926	/data/Dutta_lab/aric/EA/SeqId_17449_23.PHENO1.glm.linear	12	6199715	ARIC
SeqId_17450_51	HARS	P12081	/data/Dutta_lab/aric/EA/SeqId_17450_51.PHENO1.glm.linear	5	140675333	ARIC
SeqId_17451_13	BCL2L11	O43521	/data/Dutta_lab/aric/EA/SeqId_17451_13.PHENO1.glm.linear	2	111119378	ARIC
SeqId_17453_34	CP	P00450	/data/Dutta_lab/aric/EA/SeqId_17453_34.PHENO1.glm.linear	3	149176714	ARIC
SeqId_17455_42	FOLR1	P15328	/data/Dutta_lab/aric/EA/SeqId_17455_42.PHENO1.glm.linear	11	72189558	ARIC
SeqId_17456_53	GOLM1	Q8NBJ4	/data/Dutta_lab/aric/EA/SeqId_17456_53.PHENO1.glm.linear	9	86036813	ARIC
SeqId_17460_51	MX1	P20591	/data/Dutta_lab/aric/EA/SeqId_17460_51.PHENO1.glm.linear	21	41420304	ARIC
SeqId_17462_19	IRF1	P10914	/data/Dutta_lab/aric/EA/SeqId_17462_19.PHENO1.glm.linear	5	132489032	ARIC
SeqId_17466_72	ACSF2	Q96CM8	/data/Dutta_lab/aric/EA/SeqId_17466_72.PHENO1.glm.linear	17	50426158	ARIC
SeqId_17467_1	DHRS9	Q9BPW9	/data/Dutta_lab/aric/EA/SeqId_17467_1.PHENO1.glm.linear	2	169064789	ARIC
SeqId_17468_1	SUFU	Q9UMX1	/data/Dutta_lab/aric/EA/SeqId_17468_1.PHENO1.glm.linear	10	102503987	ARIC
SeqId_17474_106	YEATS4	O95619	/data/Dutta_lab/aric/EA/SeqId_17474_106.PHENO1.glm.linear	12	69359710	ARIC
SeqId_17475_18	PBK	Q96KB5	/data/Dutta_lab/aric/EA/SeqId_17475_18.PHENO1.glm.linear	8	27837783	ARIC
SeqId_17490_4	SH3BGRL3	Q9H299	/data/Dutta_lab/aric/EA/SeqId_17490_4.PHENO1.glm.linear	1	26280086	ARIC
SeqId_17495_141	SIRT3	Q9NTG7	/data/Dutta_lab/aric/EA/SeqId_17495_141.PHENO1.glm.linear	11	230692	ARIC
SeqId_17505_125	NAALADL1	Q9UQQ1	/data/Dutta_lab/aric/EA/SeqId_17505_125.PHENO1.glm.linear	11	65046264	ARIC
SeqId_17509_6	HPD	P32754	/data/Dutta_lab/aric/EA/SeqId_17509_6.PHENO1.glm.linear	12	121857583	ARIC
SeqId_17510_7	SRP14	P37108	/data/Dutta_lab/aric/EA/SeqId_17510_7.PHENO1.glm.linear	15	40038873	ARIC
SeqId_17511_10	RPP30	P78346	/data/Dutta_lab/aric/EA/SeqId_17511_10.PHENO1.glm.linear	10	90871716	ARIC
SeqId_17512_2	NMI	Q13287	/data/Dutta_lab/aric/EA/SeqId_17512_2.PHENO1.glm.linear	2	151289668	ARIC
SeqId_17513_11	ANXA11	P50995	/data/Dutta_lab/aric/EA/SeqId_17513_11.PHENO1.glm.linear	10	80158018	ARIC
SeqId_17514_48	RAB21	Q9UL25	/data/Dutta_lab/aric/EA/SeqId_17514_48.PHENO1.glm.linear	12	71754863	ARIC
SeqId_17515_6	HSPA13	P48723	/data/Dutta_lab/aric/EA/SeqId_17515_6.PHENO1.glm.linear	21	14383146	ARIC
SeqId_17516_7	RAB3A	P20336	/data/Dutta_lab/aric/EA/SeqId_17516_7.PHENO1.glm.linear	19	18204012	ARIC
SeqId_17671_58	ING4	Q9UNL4	/data/Dutta_lab/aric/EA/SeqId_17671_58.PHENO1.glm.linear	12	6653397	ARIC
SeqId_17672_184	GIF	P27352	/data/Dutta_lab/aric/EA/SeqId_17672_184.PHENO1.glm.linear	11	59835927	ARIC
SeqId_17675_17	ACOT13	Q9NPJ3	/data/Dutta_lab/aric/EA/SeqId_17675_17.PHENO1.glm.linear	6	24667035	ARIC
SeqId_17676_13	TRIP10	Q15642	/data/Dutta_lab/aric/EA/SeqId_17676_13.PHENO1.glm.linear	19	6737925	ARIC
SeqId_17680_12	EPHB1	P54762	/data/Dutta_lab/aric/EA/SeqId_17680_12.PHENO1.glm.linear	3	134597801	ARIC
SeqId_17682_1	CD46	P15529	/data/Dutta_lab/aric/EA/SeqId_17682_1.PHENO1.glm.linear	1	207752057	ARIC
SeqId_17683_2	COMMD9	Q9P000	/data/Dutta_lab/aric/EA/SeqId_17683_2.PHENO1.glm.linear	11	36273359	ARIC
SeqId_17685_9	APOA4	P06727	/data/Dutta_lab/aric/EA/SeqId_17685_9.PHENO1.glm.linear	11	116823304	ARIC
SeqId_17686_27	TBCB	Q99426	/data/Dutta_lab/aric/EA/SeqId_17686_27.PHENO1.glm.linear	19	36114289	ARIC
SeqId_17691_1	TPP1	O14773	/data/Dutta_lab/aric/EA/SeqId_17691_1.PHENO1.glm.linear	11	6615455	ARIC
SeqId_17692_2	BTN3A3	O00478	/data/Dutta_lab/aric/EA/SeqId_17692_2.PHENO1.glm.linear	6	26440472	ARIC
SeqId_17694_32	PSME2	Q9UL46	/data/Dutta_lab/aric/EA/SeqId_17694_32.PHENO1.glm.linear	14	24143952	ARIC
SeqId_17696_1	TICAM2	Q86XR7	/data/Dutta_lab/aric/EA/SeqId_17696_1.PHENO1.glm.linear	5	115602189	ARIC
SeqId_17697_2	OVCA2	Q8WZ82	/data/Dutta_lab/aric/EA/SeqId_17697_2.PHENO1.glm.linear	17	2042022	ARIC
SeqId_17698_15	WBP2	Q969T9	/data/Dutta_lab/aric/EA/SeqId_17698_15.PHENO1.glm.linear	17	75848327	ARIC
SeqId_17699_43	TIMELESS	Q9UNS1	/data/Dutta_lab/aric/EA/SeqId_17699_43.PHENO1.glm.linear	12	56421090	ARIC
SeqId_17702_53	UGT1A1	P22309	/data/Dutta_lab/aric/EA/SeqId_17702_53.PHENO1.glm.linear	2	233760270	ARIC
SeqId_17703_40	GMNN	O75496	/data/Dutta_lab/aric/EA/SeqId_17703_40.PHENO1.glm.linear	6	24774931	ARIC
SeqId_17704_74	HSPH1	Q92598	/data/Dutta_lab/aric/EA/SeqId_17704_74.PHENO1.glm.linear	13	31138568	ARIC
SeqId_17706_4	PPP1R1A	Q13522	/data/Dutta_lab/aric/EA/SeqId_17706_4.PHENO1.glm.linear	12	54584316	ARIC
SeqId_17710_40	TPD52L1	Q16890	/data/Dutta_lab/aric/EA/SeqId_17710_40.PHENO1.glm.linear	6	125119049	ARIC
SeqId_17711_13	VAMP1	P23763	/data/Dutta_lab/aric/EA/SeqId_17711_13.PHENO1.glm.linear	12	6466272	ARIC
SeqId_17712_7	IDI1	Q13907	/data/Dutta_lab/aric/EA/SeqId_17712_7.PHENO1.glm.linear	10	1048397	ARIC
SeqId_17721_82	GAS7	O60861	/data/Dutta_lab/aric/EA/SeqId_17721_82.PHENO1.glm.linear	17	9924785	ARIC
SeqId_17722_5	FKBP4	Q02790	/data/Dutta_lab/aric/EA/SeqId_17722_5.PHENO1.glm.linear	12	2794970	ARIC
SeqId_17724_3	WWOX	Q9NZC7	/data/Dutta_lab/aric/EA/SeqId_17724_3.PHENO1.glm.linear	16	78099430	ARIC
SeqId_17725_37	USH1C	Q9Y6N9	/data/Dutta_lab/aric/EA/SeqId_17725_37.PHENO1.glm.linear	11	17495093	ARIC
SeqId_17726_3	SAR1A	Q9NR31	/data/Dutta_lab/aric/EA/SeqId_17726_3.PHENO1.glm.linear	10	70157823	ARIC
SeqId_17727_1	PTTG1	O95997	/data/Dutta_lab/aric/EA/SeqId_17727_1.PHENO1.glm.linear	5	160421855	ARIC
SeqId_17728_61	CHMP2A	O43633	/data/Dutta_lab/aric/EA/SeqId_17728_61.PHENO1.glm.linear	19	58554097	ARIC
SeqId_17729_20	UBE2S	Q16763	/data/Dutta_lab/aric/EA/SeqId_17729_20.PHENO1.glm.linear	19	55404144	ARIC
SeqId_17735_130	GABARAP	O95166	/data/Dutta_lab/aric/EA/SeqId_17735_130.PHENO1.glm.linear	17	7241819	ARIC
SeqId_17736_105	APTX	Q7Z2E3	/data/Dutta_lab/aric/EA/SeqId_17736_105.PHENO1.glm.linear	9	32975901	ARIC
SeqId_17737_7	IVD	P26440	/data/Dutta_lab/aric/EA/SeqId_17737_7.PHENO1.glm.linear	15	40405485	ARIC
SeqId_17739_1	HADH	Q16836	/data/Dutta_lab/aric/EA/SeqId_17739_1.PHENO1.glm.linear	4	107989714	ARIC
SeqId_17742_2	RRAS	P10301	/data/Dutta_lab/aric/EA/SeqId_17742_2.PHENO1.glm.linear	19	49640122	ARIC
SeqId_17744_31	RAB11A	P62491	/data/Dutta_lab/aric/EA/SeqId_17744_31.PHENO1.glm.linear	15	65726054	ARIC
SeqId_17746_77	FIS1	Q9Y3D6	/data/Dutta_lab/aric/EA/SeqId_17746_77.PHENO1.glm.linear	7	101241177	ARIC
SeqId_17747_45	TRAF1	Q13077	/data/Dutta_lab/aric/EA/SeqId_17747_45.PHENO1.glm.linear	9	120914572	ARIC
SeqId_17748_21	TP53I3	Q53FA7	/data/Dutta_lab/aric/EA/SeqId_17748_21.PHENO1.glm.linear	2	24084311	ARIC
SeqId_17750_8	RRM2	P31350	/data/Dutta_lab/aric/EA/SeqId_17750_8.PHENO1.glm.linear	2	10120698	ARIC
SeqId_17751_68	CRYBB1	P53674	/data/Dutta_lab/aric/EA/SeqId_17751_68.PHENO1.glm.linear	22	26608329	ARIC
SeqId_17752_24	ARG2	P78540	/data/Dutta_lab/aric/EA/SeqId_17752_24.PHENO1.glm.linear	14	67619920	ARIC
SeqId_17755_5	UGDH	O60701	/data/Dutta_lab/aric/EA/SeqId_17755_5.PHENO1.glm.linear	4	39526557	ARIC
SeqId_17756_69	DCTD	P32321	/data/Dutta_lab/aric/EA/SeqId_17756_69.PHENO1.glm.linear	4	182915560	ARIC
SeqId_17757_86	CAB39	Q9Y376	/data/Dutta_lab/aric/EA/SeqId_17757_86.PHENO1.glm.linear	2	230712842	ARIC
SeqId_17758_79	DCXR	Q7Z4W1	/data/Dutta_lab/aric/EA/SeqId_17758_79.PHENO1.glm.linear	17	82036412	ARIC
SeqId_17760_128	WDR5	P61964	/data/Dutta_lab/aric/EA/SeqId_17760_128.PHENO1.glm.linear	9	134135365	ARIC
SeqId_17761_2	NUDT5	Q9UKK9	/data/Dutta_lab/aric/EA/SeqId_17761_2.PHENO1.glm.linear	10	12173813	ARIC
SeqId_17764_108	RHOC	P08134	/data/Dutta_lab/aric/EA/SeqId_17764_108.PHENO1.glm.linear	1	112703653	ARIC
SeqId_17765_3	SNUPN	O95149	/data/Dutta_lab/aric/EA/SeqId_17765_3.PHENO1.glm.linear	15	75605364	ARIC
SeqId_17766_5	NCF1	P14598	/data/Dutta_lab/aric/EA/SeqId_17766_5.PHENO1.glm.linear	7	74773962	ARIC
SeqId_17768_50	HAO1	Q9UJM8	/data/Dutta_lab/aric/EA/SeqId_17768_50.PHENO1.glm.linear	20	7940458	ARIC
SeqId_17769_28	PCNP	Q8WW12	/data/Dutta_lab/aric/EA/SeqId_17769_28.PHENO1.glm.linear	3	101574180	ARIC
SeqId_17770_42	EMC8	O43402	/data/Dutta_lab/aric/EA/SeqId_17770_42.PHENO1.glm.linear	16	85781223	ARIC
SeqId_17771_35	CRCP	O75575	/data/Dutta_lab/aric/EA/SeqId_17771_35.PHENO1.glm.linear	7	66114604	ARIC
SeqId_17772_7	UBD	O15205	/data/Dutta_lab/aric/EA/SeqId_17772_7.PHENO1.glm.linear	6	29559732	ARIC
SeqId_17773_26	NAPG	Q99747	/data/Dutta_lab/aric/EA/SeqId_17773_26.PHENO1.glm.linear	18	10525905	ARIC
SeqId_17774_38	SNRPD3	P62318	/data/Dutta_lab/aric/EA/SeqId_17774_38.PHENO1.glm.linear	22	24555958	ARIC
SeqId_17775_8	TAGLN3	Q9UI15	/data/Dutta_lab/aric/EA/SeqId_17775_8.PHENO1.glm.linear	3	111998739	ARIC
SeqId_17776_15	PECR	Q9BY49	/data/Dutta_lab/aric/EA/SeqId_17776_15.PHENO1.glm.linear	2	216057947	ARIC
SeqId_17777_31	SDSL	Q96GA7	/data/Dutta_lab/aric/EA/SeqId_17777_31.PHENO1.glm.linear	12	113422380	ARIC
SeqId_17778_19	RAB32	Q13637	/data/Dutta_lab/aric/EA/SeqId_17778_19.PHENO1.glm.linear	6	146543833	ARIC
SeqId_17781_191	MAP1LC3A	Q9H492	/data/Dutta_lab/aric/EA/SeqId_17781_191.PHENO1.glm.linear	20	34546854	ARIC
SeqId_17782_23	ACAA1	P09110	/data/Dutta_lab/aric/EA/SeqId_17782_23.PHENO1.glm.linear	3	38123083	ARIC
SeqId_17783_9	MMAB	Q96EY8	/data/Dutta_lab/aric/EA/SeqId_17783_9.PHENO1.glm.linear	12	109573480	ARIC
SeqId_17785_11	RCL	O43598	/data/Dutta_lab/aric/EA/SeqId_17785_11.PHENO1.glm.linear	6	43226627	ARIC
SeqId_17786_5	GGPS1	O95749	/data/Dutta_lab/aric/EA/SeqId_17786_5.PHENO1.glm.linear	1	235327350	ARIC
SeqId_17787_1	ECHS1	P30084	/data/Dutta_lab/aric/EA/SeqId_17787_1.PHENO1.glm.linear	10	133373354	ARIC
SeqId_17789_1	QPRT	Q15274	/data/Dutta_lab/aric/EA/SeqId_17789_1.PHENO1.glm.linear	16	29663279	ARIC
SeqId_17791_25	HPCAL1	P37235	/data/Dutta_lab/aric/EA/SeqId_17791_25.PHENO1.glm.linear	2	10302889	ARIC
SeqId_17792_158	ALDH5A1	P51649	/data/Dutta_lab/aric/EA/SeqId_17792_158.PHENO1.glm.linear	6	24494867	ARIC
SeqId_17793_4	DIRAS1	O95057	/data/Dutta_lab/aric/EA/SeqId_17793_4.PHENO1.glm.linear	19	2717905	ARIC
SeqId_17794_6	PMM2	O15305	/data/Dutta_lab/aric/EA/SeqId_17794_6.PHENO1.glm.linear	16	8788823	ARIC
SeqId_17795_176	LSM1	O15116	/data/Dutta_lab/aric/EA/SeqId_17795_176.PHENO1.glm.linear	8	38176488	ARIC
SeqId_17796_15	IMPA1	P29218	/data/Dutta_lab/aric/EA/SeqId_17796_15.PHENO1.glm.linear	8	81674421	ARIC
SeqId_17797_1	CUL1	Q13616	/data/Dutta_lab/aric/EA/SeqId_17797_1.PHENO1.glm.linear	7	148697914	ARIC
SeqId_17799_9	PGLS	O95336	/data/Dutta_lab/aric/EA/SeqId_17799_9.PHENO1.glm.linear	19	17511636	ARIC
SeqId_17800_33	SCAND1	P57086	/data/Dutta_lab/aric/EA/SeqId_17800_33.PHENO1.glm.linear	20	35954626	ARIC
SeqId_17802_4	NANS	Q9NR45	/data/Dutta_lab/aric/EA/SeqId_17802_4.PHENO1.glm.linear	9	98056732	ARIC
SeqId_17804_102	PNPO	Q9NVS9	/data/Dutta_lab/aric/EA/SeqId_17804_102.PHENO1.glm.linear	17	47941506	ARIC
SeqId_17805_35	SMNDC1	O75940	/data/Dutta_lab/aric/EA/SeqId_17805_35.PHENO1.glm.linear	10	110304131	ARIC
SeqId_17806_6	SDCBP	O00560	/data/Dutta_lab/aric/EA/SeqId_17806_6.PHENO1.glm.linear	8	58552924	ARIC
SeqId_17808_37	NIT2	Q9NQR4	/data/Dutta_lab/aric/EA/SeqId_17808_37.PHENO1.glm.linear	3	100334739	ARIC
SeqId_17811_78	SULT1C2	O00338	/data/Dutta_lab/aric/EA/SeqId_17811_78.PHENO1.glm.linear	2	108288639	ARIC
SeqId_17812_2	PTP4A1	Q93096	/data/Dutta_lab/aric/EA/SeqId_17812_2.PHENO1.glm.linear	6	63521746	ARIC
SeqId_17813_21	BPHL	Q86WA6	/data/Dutta_lab/aric/EA/SeqId_17813_21.PHENO1.glm.linear	6	3118374	ARIC
SeqId_17814_8	BPNT1	O95861	/data/Dutta_lab/aric/EA/SeqId_17814_8.PHENO1.glm.linear	1	220074067	ARIC
SeqId_17816_58	NCALD	P61601	/data/Dutta_lab/aric/EA/SeqId_17816_58.PHENO1.glm.linear	8	101694389	ARIC
SeqId_17817_22	DDIT4	Q9NX09	/data/Dutta_lab/aric/EA/SeqId_17817_22.PHENO1.glm.linear	10	72273924	ARIC
SeqId_17818_22	SUGT1	Q9Y2Z0	/data/Dutta_lab/aric/EA/SeqId_17818_22.PHENO1.glm.linear	13	52652709	ARIC
SeqId_17819_30	FAHD1	Q6P587	/data/Dutta_lab/aric/EA/SeqId_17819_30.PHENO1.glm.linear	16	1826941	ARIC
SeqId_17820_170	MLF1	P58340	/data/Dutta_lab/aric/EA/SeqId_17820_170.PHENO1.glm.linear	3	158571163	ARIC
SeqId_17821_20	NMT2	O60551	/data/Dutta_lab/aric/EA/SeqId_17821_20.PHENO1.glm.linear	10	15109828	ARIC
SeqId_17822_57	RERG	Q96A58	/data/Dutta_lab/aric/EA/SeqId_17822_57.PHENO1.glm.linear	12	15138163	ARIC
SeqId_17823_40	SNRPD2	P62316	/data/Dutta_lab/aric/EA/SeqId_17823_40.PHENO1.glm.linear	19	45691771	ARIC
SeqId_17826_341	EEF1D	P29692	/data/Dutta_lab/aric/EA/SeqId_17826_341.PHENO1.glm.linear	8	143580637	ARIC
SeqId_17827_53	DYNLRB2	Q8TF09	/data/Dutta_lab/aric/EA/SeqId_17827_53.PHENO1.glm.linear	16	80540734	ARIC
SeqId_17828_3	S100A14	Q9HCY8	/data/Dutta_lab/aric/EA/SeqId_17828_3.PHENO1.glm.linear	1	153615938	ARIC
SeqId_17832_12	IDI2	Q9BXS1	/data/Dutta_lab/aric/EA/SeqId_17832_12.PHENO1.glm.linear	10	1025859	ARIC
SeqId_17835_28	ANXA13	P27216	/data/Dutta_lab/aric/EA/SeqId_17835_28.PHENO1.glm.linear	8	123727923	ARIC
SeqId_17836_17	S100A16	Q96FQ6	/data/Dutta_lab/aric/EA/SeqId_17836_17.PHENO1.glm.linear	1	153608322	ARIC
SeqId_17843_30	PPCS	Q9HAB8	/data/Dutta_lab/aric/EA/SeqId_17843_30.PHENO1.glm.linear	1	42456117	ARIC
SeqId_17849_6	DRG1	Q9Y295	/data/Dutta_lab/aric/EA/SeqId_17849_6.PHENO1.glm.linear	22	31399604	ARIC
SeqId_17850_42	KLF4	O43474	/data/Dutta_lab/aric/EA/SeqId_17850_42.PHENO1.glm.linear	9	107488447	ARIC
SeqId_17852_5	PPME1	Q9Y570	/data/Dutta_lab/aric/EA/SeqId_17852_5.PHENO1.glm.linear	11	74171267	ARIC
SeqId_17855_28	RGS4	P49798	/data/Dutta_lab/aric/EA/SeqId_17855_28.PHENO1.glm.linear	1	163068775	ARIC
SeqId_17856_23	NT5M	Q9NPB1	/data/Dutta_lab/aric/EA/SeqId_17856_23.PHENO1.glm.linear	17	17303335	ARIC
SeqId_17857_6	ACADL	P28330	/data/Dutta_lab/aric/EA/SeqId_17857_6.PHENO1.glm.linear	2	210216719	ARIC
SeqId_18156_7	ATG3	Q9NT62	/data/Dutta_lab/aric/EA/SeqId_18156_7.PHENO1.glm.linear	3	112536767	ARIC
SeqId_18158_45	CASP8	Q14790	/data/Dutta_lab/aric/EA/SeqId_18158_45.PHENO1.glm.linear	2	201233443	ARIC
SeqId_18160_2	PCMT1	P22061	/data/Dutta_lab/aric/EA/SeqId_18160_2.PHENO1.glm.linear	6	149749443	ARIC
SeqId_18162_167	IRAK4	Q9NWZ3	/data/Dutta_lab/aric/EA/SeqId_18162_167.PHENO1.glm.linear	12	43758944	ARIC
SeqId_18165_181	UBE2V2	Q15819	/data/Dutta_lab/aric/EA/SeqId_18165_181.PHENO1.glm.linear	8	48008415	ARIC
SeqId_18166_4	RHOB	P62745	/data/Dutta_lab/aric/EA/SeqId_18166_4.PHENO1.glm.linear	2	20447074	ARIC
SeqId_18170_46	PYCR1	P32322	/data/Dutta_lab/aric/EA/SeqId_18170_46.PHENO1.glm.linear	17	81936775	ARIC
SeqId_18172_71	ASF1A	Q9Y294	/data/Dutta_lab/aric/EA/SeqId_18172_71.PHENO1.glm.linear	6	118894152	ARIC
SeqId_18173_11	AKR7A3	O95154	/data/Dutta_lab/aric/EA/SeqId_18173_11.PHENO1.glm.linear	1	19288770	ARIC
SeqId_18174_79	PDCD6IP	Q8WUM4	/data/Dutta_lab/aric/EA/SeqId_18174_79.PHENO1.glm.linear	3	33798571	ARIC
SeqId_18175_65	VAT1	Q99536	/data/Dutta_lab/aric/EA/SeqId_18175_65.PHENO1.glm.linear	17	43016313	ARIC
SeqId_18177_49	NAE1	Q13564	/data/Dutta_lab/aric/EA/SeqId_18177_49.PHENO1.glm.linear	16	66806069	ARIC
SeqId_18178_13	SARS	P49591	/data/Dutta_lab/aric/EA/SeqId_18178_13.PHENO1.glm.linear	1	109213918	ARIC
SeqId_18180_58	RTN4IP1	Q8WWV3	/data/Dutta_lab/aric/EA/SeqId_18180_58.PHENO1.glm.linear	6	106572411	ARIC
SeqId_18181_2	TSSC4	Q9Y5U2	/data/Dutta_lab/aric/EA/SeqId_18181_2.PHENO1.glm.linear	11	2400488	ARIC
SeqId_18182_24	PCK1	P35558	/data/Dutta_lab/aric/EA/SeqId_18182_24.PHENO1.glm.linear	20	57561080	ARIC
SeqId_18183_3	LDLRAP1	Q5SW96	/data/Dutta_lab/aric/EA/SeqId_18183_3.PHENO1.glm.linear	1	25543606	ARIC
SeqId_18184_28	GMPS	P49915	/data/Dutta_lab/aric/EA/SeqId_18184_28.PHENO1.glm.linear	3	155870650	ARIC
SeqId_18185_118	ALDOB	P05062	/data/Dutta_lab/aric/EA/SeqId_18185_118.PHENO1.glm.linear	9	101429875	ARIC
SeqId_18186_15	TARS	P26639	/data/Dutta_lab/aric/EA/SeqId_18186_15.PHENO1.glm.linear	5	33440696	ARIC
SeqId_18187_16	ASPA	P45381	/data/Dutta_lab/aric/EA/SeqId_18187_16.PHENO1.glm.linear	17	3472374	ARIC
SeqId_18188_12	GATM	P50440	/data/Dutta_lab/aric/EA/SeqId_18188_12.PHENO1.glm.linear	15	45366070	ARIC
SeqId_18189_12	VPS25	Q9BRG1	/data/Dutta_lab/aric/EA/SeqId_18189_12.PHENO1.glm.linear	17	42773449	ARIC
SeqId_18190_15	CARD18	P57730	/data/Dutta_lab/aric/EA/SeqId_18190_15.PHENO1.glm.linear	11	105139282	ARIC
SeqId_18191_23	RANBP1	P43487	/data/Dutta_lab/aric/EA/SeqId_18191_23.PHENO1.glm.linear	22	20115938	ARIC
SeqId_18193_165	MORF4L1	Q9UBU8	/data/Dutta_lab/aric/EA/SeqId_18193_165.PHENO1.glm.linear	15	78810487	ARIC
SeqId_18194_18	FABP9	Q0Z7S8	/data/Dutta_lab/aric/EA/SeqId_18194_18.PHENO1.glm.linear	8	81461579	ARIC
SeqId_18197_97	CKMT2	P17540	/data/Dutta_lab/aric/EA/SeqId_18197_97.PHENO1.glm.linear	5	81233320	ARIC
SeqId_18198_51	HBQ1	P09105	/data/Dutta_lab/aric/EA/SeqId_18198_51.PHENO1.glm.linear	16	180459	ARIC
SeqId_18202_22	CD37	P11049	/data/Dutta_lab/aric/EA/SeqId_18202_22.PHENO1.glm.linear	19	49335171	ARIC
SeqId_18204_1	TCEA1	P23193	/data/Dutta_lab/aric/EA/SeqId_18204_1.PHENO1.glm.linear	8	54021929	ARIC
SeqId_18206_18	ADH6	P28332	/data/Dutta_lab/aric/EA/SeqId_18206_18.PHENO1.glm.linear	4	99208814	ARIC
SeqId_18208_3	CCNB2	O95067	/data/Dutta_lab/aric/EA/SeqId_18208_3.PHENO1.glm.linear	15	59105126	ARIC
SeqId_18210_12	SPIN1	Q9Y657	/data/Dutta_lab/aric/EA/SeqId_18210_12.PHENO1.glm.linear	9	88388430	ARIC
SeqId_18213_30	UBE2F	Q969M7	/data/Dutta_lab/aric/EA/SeqId_18213_30.PHENO1.glm.linear	2	237966827	ARIC
SeqId_18214_2	GCLM	P48507	/data/Dutta_lab/aric/EA/SeqId_18214_2.PHENO1.glm.linear	1	93908790	ARIC
SeqId_18215_5	THG1L	Q9NWX6	/data/Dutta_lab/aric/EA/SeqId_18215_5.PHENO1.glm.linear	5	157731420	ARIC
SeqId_18216_22	IL11RA	Q14626	/data/Dutta_lab/aric/EA/SeqId_18216_22.PHENO1.glm.linear	9	34650702	ARIC
SeqId_18218_48	CNRIP1	Q96F85	/data/Dutta_lab/aric/EA/SeqId_18218_48.PHENO1.glm.linear	2	68319400	ARIC
SeqId_18220_141	SRA1	Q9HD15	/data/Dutta_lab/aric/EA/SeqId_18220_141.PHENO1.glm.linear	5	140551128	ARIC
SeqId_18222_34	SH3GLB2	Q9NR46	/data/Dutta_lab/aric/EA/SeqId_18222_34.PHENO1.glm.linear	9	129012016	ARIC
SeqId_18225_13	HEBP1	Q9NRV9	/data/Dutta_lab/aric/EA/SeqId_18225_13.PHENO1.glm.linear	12	12979795	ARIC
SeqId_18226_148	COX5A	P20674	/data/Dutta_lab/aric/EA/SeqId_18226_148.PHENO1.glm.linear	15	74937776	ARIC
SeqId_18227_3	CDK2AP2	O75956	/data/Dutta_lab/aric/EA/SeqId_18227_3.PHENO1.glm.linear	11	67508076	ARIC
SeqId_18228_30	NOP16	Q9Y3C1	/data/Dutta_lab/aric/EA/SeqId_18228_30.PHENO1.glm.linear	5	176388568	ARIC
SeqId_18231_147	PRND	Q9UKY0	/data/Dutta_lab/aric/EA/SeqId_18231_147.PHENO1.glm.linear	20	4721909	ARIC
SeqId_18232_42	PIP4K2B	P78356	/data/Dutta_lab/aric/EA/SeqId_18232_42.PHENO1.glm.linear	17	38779930	ARIC
SeqId_18235_16	PGP	A6NDG6	/data/Dutta_lab/aric/EA/SeqId_18235_16.PHENO1.glm.linear	16	2213899	ARIC
SeqId_18236_3	HSPC159	Q3ZCW2	/data/Dutta_lab/aric/EA/SeqId_18236_3.PHENO1.glm.linear	2	64453969	ARIC
SeqId_18237_29	NRIP3	Q9NQ35	/data/Dutta_lab/aric/EA/SeqId_18237_29.PHENO1.glm.linear	11	8984103	ARIC
SeqId_18240_6	OMP	P47874	/data/Dutta_lab/aric/EA/SeqId_18240_6.PHENO1.glm.linear	11	77102840	ARIC
SeqId_18241_18	CPOX	P36551	/data/Dutta_lab/aric/EA/SeqId_18241_18.PHENO1.glm.linear	3	98585862	ARIC
SeqId_18242_8	SPA17	Q15506	/data/Dutta_lab/aric/EA/SeqId_18242_8.PHENO1.glm.linear	11	124673798	ARIC
SeqId_18243_9	CMPK1	P30085	/data/Dutta_lab/aric/EA/SeqId_18243_9.PHENO1.glm.linear	1	47333797	ARIC
SeqId_18244_1	ANXA7	P20073	/data/Dutta_lab/aric/EA/SeqId_18244_1.PHENO1.glm.linear	10	73378958	ARIC
SeqId_18255_6	CYB5R1	Q9UHQ9	/data/Dutta_lab/aric/EA/SeqId_18255_6.PHENO1.glm.linear	1	202963559	ARIC
SeqId_18257_64	SRP19	P09132	/data/Dutta_lab/aric/EA/SeqId_18257_64.PHENO1.glm.linear	5	112861188	ARIC
SeqId_18259_15	MEOX2	P50222	/data/Dutta_lab/aric/EA/SeqId_18259_15.PHENO1.glm.linear	7	15686683	ARIC
SeqId_18261_34	NATD1	Q8N6N6	/data/Dutta_lab/aric/EA/SeqId_18261_34.PHENO1.glm.linear	17	21253410	ARIC
SeqId_18264_12	CCDC25	Q86WR0	/data/Dutta_lab/aric/EA/SeqId_18264_12.PHENO1.glm.linear	8	27748475	ARIC
SeqId_18265_18	ZNF34	Q8IZ26	/data/Dutta_lab/aric/EA/SeqId_18265_18.PHENO1.glm.linear	8	144780280	ARIC
SeqId_18267_74	CARD17	Q5XLA6	/data/Dutta_lab/aric/EA/SeqId_18267_74.PHENO1.glm.linear	11	105101414	ARIC
SeqId_18270_10	TAF10	Q12962	/data/Dutta_lab/aric/EA/SeqId_18270_10.PHENO1.glm.linear	11	6611948	ARIC
SeqId_18271_43	OXSM	Q9NWU1	/data/Dutta_lab/aric/EA/SeqId_18271_43.PHENO1.glm.linear	3	25782917	ARIC
SeqId_18274_2	SERF2	P84101	/data/Dutta_lab/aric/EA/SeqId_18274_2.PHENO1.glm.linear	15	43777087	ARIC
SeqId_18275_5	CRIP1	P50238	/data/Dutta_lab/aric/EA/SeqId_18275_5.PHENO1.glm.linear	14	105486317	ARIC
SeqId_18276_34	TCL1B	O95988	/data/Dutta_lab/aric/EA/SeqId_18276_34.PHENO1.glm.linear	14	95686426	ARIC
SeqId_18277_28	TRIAP1	O43715	/data/Dutta_lab/aric/EA/SeqId_18277_28.PHENO1.glm.linear	12	120446370	ARIC
SeqId_18280_29	DTD2	Q96FN9	/data/Dutta_lab/aric/EA/SeqId_18280_29.PHENO1.glm.linear	14	31457425	ARIC
SeqId_18282_1	GNG11	P61952	/data/Dutta_lab/aric/EA/SeqId_18282_1.PHENO1.glm.linear	7	93921735	ARIC
SeqId_18284_77	WWC1	Q8IX03	/data/Dutta_lab/aric/EA/SeqId_18284_77.PHENO1.glm.linear	5	168291651	ARIC
SeqId_18285_6	SVIP	Q8NHG7	/data/Dutta_lab/aric/EA/SeqId_18285_6.PHENO1.glm.linear	11	22827877	ARIC
SeqId_18286_3	ZWINT	O95229	/data/Dutta_lab/aric/EA/SeqId_18286_3.PHENO1.glm.linear	10	56359731	ARIC
SeqId_18289_16	CCL15	Q16663	/data/Dutta_lab/aric/EA/SeqId_18289_16.PHENO1.glm.linear	17	35998370	ARIC
SeqId_18290_6	ANXA8	P13928	/data/Dutta_lab/aric/EA/SeqId_18290_6.PHENO1.glm.linear	10	47462683	ARIC
SeqId_18291_8	CDKN1A	P38936	/data/Dutta_lab/aric/EA/SeqId_18291_8.PHENO1.glm.linear	6	36676460	ARIC
SeqId_18294_26	SOX2	P48431	/data/Dutta_lab/aric/EA/SeqId_18294_26.PHENO1.glm.linear	3	181711925	ARIC
SeqId_18295_102	GRHPR	Q9UBQ7	/data/Dutta_lab/aric/EA/SeqId_18295_102.PHENO1.glm.linear	9	37422666	ARIC
SeqId_18297_8	MRAS	O14807	/data/Dutta_lab/aric/EA/SeqId_18297_8.PHENO1.glm.linear	3	138347648	ARIC
SeqId_18299_13	CAPNS1	P04632	/data/Dutta_lab/aric/EA/SeqId_18299_13.PHENO1.glm.linear	19	36139953	ARIC
SeqId_18300_39	PURB	Q96QR8	/data/Dutta_lab/aric/EA/SeqId_18300_39.PHENO1.glm.linear	7	44885530	ARIC
SeqId_18301_10	NAIF1	Q69YI7	/data/Dutta_lab/aric/EA/SeqId_18301_10.PHENO1.glm.linear	9	128063742	ARIC
SeqId_18302_204	ZWILCH	Q9H900	/data/Dutta_lab/aric/EA/SeqId_18302_204.PHENO1.glm.linear	15	66504959	ARIC
SeqId_18303_39	NRGN	Q92686	/data/Dutta_lab/aric/EA/SeqId_18303_39.PHENO1.glm.linear	11	124739942	ARIC
SeqId_18304_19	BCCIP	Q9P287	/data/Dutta_lab/aric/EA/SeqId_18304_19.PHENO1.glm.linear	10	125823546	ARIC
SeqId_18306_1	PALM	O75781	/data/Dutta_lab/aric/EA/SeqId_18306_1.PHENO1.glm.linear	19	708935	ARIC
SeqId_18307_71	PPA2	Q9H2U2	/data/Dutta_lab/aric/EA/SeqId_18307_71.PHENO1.glm.linear	4	105399636	ARIC
SeqId_18308_30	STXBP6	Q8NFX7	/data/Dutta_lab/aric/EA/SeqId_18308_30.PHENO1.glm.linear	14	24819477	ARIC
SeqId_18309_18	CS	O75390	/data/Dutta_lab/aric/EA/SeqId_18309_18.PHENO1.glm.linear	12	56274815	ARIC
SeqId_18310_26	SEPW1	P63302	/data/Dutta_lab/aric/EA/SeqId_18310_26.PHENO1.glm.linear	19	47778585	ARIC
SeqId_18312_68	NDRG3	Q9UGV2	/data/Dutta_lab/aric/EA/SeqId_18312_68.PHENO1.glm.linear	20	36700675	ARIC
SeqId_18313_4	ASRGL1	Q7L266	/data/Dutta_lab/aric/EA/SeqId_18313_4.PHENO1.glm.linear	11	62337448	ARIC
SeqId_18315_38	RTP4	Q96DX8	/data/Dutta_lab/aric/EA/SeqId_18315_38.PHENO1.glm.linear	3	187368385	ARIC
SeqId_18316_75	3-Sep	Q9UH03	/data/Dutta_lab/aric/EA/SeqId_18316_75.PHENO1.glm.linear	22	41969475	ARIC
SeqId_18317_111	ZFAND5	O76080	/data/Dutta_lab/aric/EA/SeqId_18317_111.PHENO1.glm.linear	9	72360285	ARIC
SeqId_18318_98	SH3GL3	Q99963	/data/Dutta_lab/aric/EA/SeqId_18318_98.PHENO1.glm.linear	15	83447228	ARIC
SeqId_18319_7	PDHX	O00330	/data/Dutta_lab/aric/EA/SeqId_18319_7.PHENO1.glm.linear	11	34915829	ARIC
SeqId_18321_38	MTHFD2	P13995	/data/Dutta_lab/aric/EA/SeqId_18321_38.PHENO1.glm.linear	2	74198610	ARIC
SeqId_18322_15	JMJD6	Q6NYC1	/data/Dutta_lab/aric/EA/SeqId_18322_15.PHENO1.glm.linear	17	76720637	ARIC
SeqId_18323_39	CRMP1	Q14194	/data/Dutta_lab/aric/EA/SeqId_18323_39.PHENO1.glm.linear	4	5826861	ARIC
SeqId_18324_61	SUOX	P51687	/data/Dutta_lab/aric/EA/SeqId_18324_61.PHENO1.glm.linear	12	55997180	ARIC
SeqId_18327_6	SNX5	Q9Y5X3	/data/Dutta_lab/aric/EA/SeqId_18327_6.PHENO1.glm.linear	20	17943622	ARIC
SeqId_18328_36	PYCR2	Q96C36	/data/Dutta_lab/aric/EA/SeqId_18328_36.PHENO1.glm.linear	1	225921934	ARIC
SeqId_18330_7	PGM2	Q96G03	/data/Dutta_lab/aric/EA/SeqId_18330_7.PHENO1.glm.linear	4	37826660	ARIC
SeqId_18332_17	CPLX1	O14810	/data/Dutta_lab/aric/EA/SeqId_18332_17.PHENO1.glm.linear	4	792692	ARIC
SeqId_18337_4	GMDS	O60547	/data/Dutta_lab/aric/EA/SeqId_18337_4.PHENO1.glm.linear	6	1624740	ARIC
SeqId_18338_26	IDH1	O75874	/data/Dutta_lab/aric/EA/SeqId_18338_26.PHENO1.glm.linear	2	208240315	ARIC
SeqId_18339_207	PSMB3	P49720	/data/Dutta_lab/aric/EA/SeqId_18339_207.PHENO1.glm.linear	17	38752741	ARIC
SeqId_18340_2	PSMB4	P28070	/data/Dutta_lab/aric/EA/SeqId_18340_2.PHENO1.glm.linear	1	151399560	ARIC
SeqId_18342_2	PSAT1	Q9Y617	/data/Dutta_lab/aric/EA/SeqId_18342_2.PHENO1.glm.linear	9	78297125	ARIC
SeqId_18343_10	DECR2	Q9NUI1	/data/Dutta_lab/aric/EA/SeqId_18343_10.PHENO1.glm.linear	16	401858	ARIC
SeqId_18348_89	HNRNPD	Q14103	/data/Dutta_lab/aric/EA/SeqId_18348_89.PHENO1.glm.linear	4	82357392	ARIC
SeqId_18373_13	RDX	P35241	/data/Dutta_lab/aric/EA/SeqId_18373_13.PHENO1.glm.linear	11	110233466	ARIC
SeqId_18375_28	IL1F5	Q9UBH0	/data/Dutta_lab/aric/EA/SeqId_18375_28.PHENO1.glm.linear	2	113058638	ARIC
SeqId_18376_19	MYL3	P08590	/data/Dutta_lab/aric/EA/SeqId_18376_19.PHENO1.glm.linear	3	46861648	ARIC
SeqId_18380_78	ALB	P02768	/data/Dutta_lab/aric/EA/SeqId_18380_78.PHENO1.glm.linear	4	73397114	ARIC
SeqId_18381_16	ALDH2	P05091	/data/Dutta_lab/aric/EA/SeqId_18381_16.PHENO1.glm.linear	12	111766887	ARIC
SeqId_18382_109	COMT	P21964	/data/Dutta_lab/aric/EA/SeqId_18382_109.PHENO1.glm.linear	22	19941733	ARIC
SeqId_18383_9	FKBP3	Q00688	/data/Dutta_lab/aric/EA/SeqId_18383_9.PHENO1.glm.linear	14	45131261	ARIC
SeqId_18386_36	GLRX	P35754	/data/Dutta_lab/aric/EA/SeqId_18386_36.PHENO1.glm.linear	5	95819502	ARIC
SeqId_18387_7	ST13	P50502	/data/Dutta_lab/aric/EA/SeqId_18387_7.PHENO1.glm.linear	22	40835905	ARIC
SeqId_18389_11	IFNA1	P01562	/data/Dutta_lab/aric/EA/SeqId_18389_11.PHENO1.glm.linear	9	21368057	ARIC
SeqId_18392_19	MAT2B	Q9NZL9	/data/Dutta_lab/aric/EA/SeqId_18392_19.PHENO1.glm.linear	5	163503114	ARIC
SeqId_18395_5	ADPRH	P54922	/data/Dutta_lab/aric/EA/SeqId_18395_5.PHENO1.glm.linear	3	119579268	ARIC
SeqId_18396_10	AES	Q08117	/data/Dutta_lab/aric/EA/SeqId_18396_10.PHENO1.glm.linear	19	3056196	ARIC
SeqId_18397_5	AKR1C4	P17516	/data/Dutta_lab/aric/EA/SeqId_18397_5.PHENO1.glm.linear	10	5195462	ARIC
SeqId_18398_1	AKR1D1	P51857	/data/Dutta_lab/aric/EA/SeqId_18398_1.PHENO1.glm.linear	7	138002324	ARIC
SeqId_18399_1	AKAP7	O43687	/data/Dutta_lab/aric/EA/SeqId_18399_1.PHENO1.glm.linear	6	131135467	ARIC
SeqId_18400_52	ALKBH2	Q6NS38	/data/Dutta_lab/aric/EA/SeqId_18400_52.PHENO1.glm.linear	12	109092752	ARIC
SeqId_18401_18	ALKBH3	Q96Q83	/data/Dutta_lab/aric/EA/SeqId_18401_18.PHENO1.glm.linear	11	43880811	ARIC
SeqId_18402_1	AMMECR1L	Q6DCA0	/data/Dutta_lab/aric/EA/SeqId_18402_1.PHENO1.glm.linear	2	127884860	ARIC
SeqId_18403_25	AMPD2	Q01433	/data/Dutta_lab/aric/EA/SeqId_18403_25.PHENO1.glm.linear	1	109616104	ARIC
SeqId_18404_22	ANKRD54	Q6NXT1	/data/Dutta_lab/aric/EA/SeqId_18404_22.PHENO1.glm.linear	22	37834728	ARIC
SeqId_18407_36	ARL2BP	Q9Y2Y0	/data/Dutta_lab/aric/EA/SeqId_18407_36.PHENO1.glm.linear	16	57245259	ARIC
SeqId_18408_26	ARF4	P18085	/data/Dutta_lab/aric/EA/SeqId_18408_26.PHENO1.glm.linear	3	57597198	ARIC
SeqId_18409_61	ARF5	P84085	/data/Dutta_lab/aric/EA/SeqId_18409_61.PHENO1.glm.linear	7	127588386	ARIC
SeqId_18411_83	ARL15	Q9NXU5	/data/Dutta_lab/aric/EA/SeqId_18411_83.PHENO1.glm.linear	5	54310415	ARIC
SeqId_18413_24	ARL4D	P49703	/data/Dutta_lab/aric/EA/SeqId_18413_24.PHENO1.glm.linear	17	43398993	ARIC
SeqId_18414_26	ARL5A	Q9Y689	/data/Dutta_lab/aric/EA/SeqId_18414_26.PHENO1.glm.linear	2	151791790	ARIC
SeqId_18415_16	ARL6	Q9H0F7	/data/Dutta_lab/aric/EA/SeqId_18415_16.PHENO1.glm.linear	3	97764521	ARIC
SeqId_18416_3	ARL9	Q6T311	/data/Dutta_lab/aric/EA/SeqId_18416_3.PHENO1.glm.linear	4	56505209	ARIC
SeqId_18417_3	AS3MT	Q9HBK9	/data/Dutta_lab/aric/EA/SeqId_18417_3.PHENO1.glm.linear	10	102869470	ARIC
SeqId_18419_20	ARPC5	O15511	/data/Dutta_lab/aric/EA/SeqId_18419_20.PHENO1.glm.linear	1	183633309	ARIC
SeqId_18422_41	MVD	P53602	/data/Dutta_lab/aric/EA/SeqId_18422_41.PHENO1.glm.linear	16	88653584	ARIC
SeqId_18429_10	CDH1	P12830	/data/Dutta_lab/aric/EA/SeqId_18429_10.PHENO1.glm.linear	16	68737292	ARIC
SeqId_18434_141	TBPL1	P62380	/data/Dutta_lab/aric/EA/SeqId_18434_141.PHENO1.glm.linear	6	133952170	ARIC
SeqId_18435_40	UBXN2B	Q14CS0	/data/Dutta_lab/aric/EA/SeqId_18435_40.PHENO1.glm.linear	8	58411359	ARIC
SeqId_18449_33	PPIG	Q13427	/data/Dutta_lab/aric/EA/SeqId_18449_33.PHENO1.glm.linear	2	169584344	ARIC
SeqId_18458_4	PTGES2	Q9H7Z7	/data/Dutta_lab/aric/EA/SeqId_18458_4.PHENO1.glm.linear	9	128123755	ARIC
SeqId_18483_36	RABIF	P47224	/data/Dutta_lab/aric/EA/SeqId_18483_36.PHENO1.glm.linear	1	202889149	ARIC
SeqId_18813_15	DDX19A	Q9NUU7	/data/Dutta_lab/aric/EA/SeqId_18813_15.PHENO1.glm.linear	16	70346861	ARIC
SeqId_18817_50	CBX1	P83916	/data/Dutta_lab/aric/EA/SeqId_18817_50.PHENO1.glm.linear	17	48100582	ARIC
SeqId_18819_21	PPIC	P45877	/data/Dutta_lab/aric/EA/SeqId_18819_21.PHENO1.glm.linear	5	123036725	ARIC
SeqId_18823_52	HIST3H2BB	Q8N257	/data/Dutta_lab/aric/EA/SeqId_18823_52.PHENO1.glm.linear	1	228458107	ARIC
SeqId_18824_7	EIF4A2	Q14240	/data/Dutta_lab/aric/EA/SeqId_18824_7.PHENO1.glm.linear	3	186783205	ARIC
SeqId_18829_4	EIF4A1	P60842	/data/Dutta_lab/aric/EA/SeqId_18829_4.PHENO1.glm.linear	17	7572706	ARIC
SeqId_18830_1	ITLN1	Q8WWA0	/data/Dutta_lab/aric/EA/SeqId_18830_1.PHENO1.glm.linear	1	160881521	ARIC
SeqId_18831_6	LRIG1	Q96JA1	/data/Dutta_lab/aric/EA/SeqId_18831_6.PHENO1.glm.linear	3	66404410	ARIC
SeqId_18832_65	SAA2	P0DJI9	/data/Dutta_lab/aric/EA/SeqId_18832_65.PHENO1.glm.linear	11	18248019	ARIC
SeqId_18833_76	PEA15	Q15121	/data/Dutta_lab/aric/EA/SeqId_18833_76.PHENO1.glm.linear	1	160205337	ARIC
SeqId_18837_9	SGTB	Q96EQ0	/data/Dutta_lab/aric/EA/SeqId_18837_9.PHENO1.glm.linear	5	65722109	ARIC
SeqId_18840_205	SH2D1B	O14796	/data/Dutta_lab/aric/EA/SeqId_18840_205.PHENO1.glm.linear	1	162412136	ARIC
SeqId_18841_1	SERPINB13	Q9UIV8	/data/Dutta_lab/aric/EA/SeqId_18841_1.PHENO1.glm.linear	18	63586989	ARIC
SeqId_18842_24	UBE2D2	P62837	/data/Dutta_lab/aric/EA/SeqId_18842_24.PHENO1.glm.linear	5	139526431	ARIC
SeqId_18859_7	EIF4EBP3	O60516	/data/Dutta_lab/aric/EA/SeqId_18859_7.PHENO1.glm.linear	5	140547662	ARIC
SeqId_18860_2	CAMKK1	Q8N5S9	/data/Dutta_lab/aric/EA/SeqId_18860_2.PHENO1.glm.linear	17	3890743	ARIC
SeqId_18863_176	CHST2	Q9Y4C5	/data/Dutta_lab/aric/EA/SeqId_18863_176.PHENO1.glm.linear	3	143119771	ARIC
SeqId_18864_7	PRSS3	P35030	/data/Dutta_lab/aric/EA/SeqId_18864_7.PHENO1.glm.linear	9	33750466	ARIC
SeqId_18866_8	PPP3R2	Q96LZ3	/data/Dutta_lab/aric/EA/SeqId_18866_8.PHENO1.glm.linear	9	101594930	ARIC
SeqId_18868_7	CBX3	Q13185	/data/Dutta_lab/aric/EA/SeqId_18868_7.PHENO1.glm.linear	7	26201162	ARIC
SeqId_18870_1	CD3E	P07766	/data/Dutta_lab/aric/EA/SeqId_18870_1.PHENO1.glm.linear	11	118304730	ARIC
SeqId_18871_24	AIF1L	Q9BQI0	/data/Dutta_lab/aric/EA/SeqId_18871_24.PHENO1.glm.linear	9	131096476	ARIC
SeqId_18873_8	CEACAM8	P31997	/data/Dutta_lab/aric/EA/SeqId_18873_8.PHENO1.glm.linear	19	42594924	ARIC
SeqId_18874_66	CEBPA	P49715	/data/Dutta_lab/aric/EA/SeqId_18874_66.PHENO1.glm.linear	19	33302534	ARIC
SeqId_18875_125	COL2A1	P02458	/data/Dutta_lab/aric/EA/SeqId_18875_125.PHENO1.glm.linear	12	47977445	ARIC
SeqId_18876_77	CHST4	Q8NCG5	/data/Dutta_lab/aric/EA/SeqId_18876_77.PHENO1.glm.linear	16	71525233	ARIC
SeqId_18877_15	CNN2	Q99439	/data/Dutta_lab/aric/EA/SeqId_18877_15.PHENO1.glm.linear	19	1026586	ARIC
SeqId_18878_15	GREM1	O60565	/data/Dutta_lab/aric/EA/SeqId_18878_15.PHENO1.glm.linear	15	32718004	ARIC
SeqId_18880_81	COL3A1	P02461	/data/Dutta_lab/aric/EA/SeqId_18880_81.PHENO1.glm.linear	2	188974373	ARIC
SeqId_18881_7	CD97	P48960	/data/Dutta_lab/aric/EA/SeqId_18881_7.PHENO1.glm.linear	19	14380501	ARIC
SeqId_18882_7	CLSTN2	Q9H4D0	/data/Dutta_lab/aric/EA/SeqId_18882_7.PHENO1.glm.linear	3	139935185	ARIC
SeqId_18883_4	DSTN	P60981	/data/Dutta_lab/aric/EA/SeqId_18883_4.PHENO1.glm.linear	20	17570075	ARIC
SeqId_18884_22	DNAJB4	Q9UDY4	/data/Dutta_lab/aric/EA/SeqId_18884_22.PHENO1.glm.linear	1	77979175	ARIC
SeqId_18886_28	DSCAML1	Q8TD84	/data/Dutta_lab/aric/EA/SeqId_18886_28.PHENO1.glm.linear	11	117797091	ARIC
SeqId_18887_7	ENTPD2	Q9Y5L3	/data/Dutta_lab/aric/EA/SeqId_18887_7.PHENO1.glm.linear	9	137049613	ARIC
SeqId_18888_37	FABP12	A6NFH5	/data/Dutta_lab/aric/EA/SeqId_18888_37.PHENO1.glm.linear	8	81531268	ARIC
SeqId_18890_227	FGB	P02675	/data/Dutta_lab/aric/EA/SeqId_18890_227.PHENO1.glm.linear	4	154562956	ARIC
SeqId_18891_98	GBP2	P32456	/data/Dutta_lab/aric/EA/SeqId_18891_98.PHENO1.glm.linear	1	89113050	ARIC
SeqId_18893_26	GPR56	Q9Y653	/data/Dutta_lab/aric/EA/SeqId_18893_26.PHENO1.glm.linear	16	57610652	ARIC
SeqId_18894_1	GPX2	P18283	/data/Dutta_lab/aric/EA/SeqId_18894_1.PHENO1.glm.linear	14	64942720	ARIC
SeqId_18895_54	GSTM4	Q03013	/data/Dutta_lab/aric/EA/SeqId_18895_54.PHENO1.glm.linear	1	109656099	ARIC
SeqId_18896_23	HS6ST3	Q8IZP7	/data/Dutta_lab/aric/EA/SeqId_18896_23.PHENO1.glm.linear	13	96090839	ARIC
SeqId_18897_31	HDAC2	Q92769	/data/Dutta_lab/aric/EA/SeqId_18897_31.PHENO1.glm.linear	6	113949323	ARIC
SeqId_18898_36	HDGFL1	Q5TGJ6	/data/Dutta_lab/aric/EA/SeqId_18898_36.PHENO1.glm.linear	6	22569566	ARIC
SeqId_18899_82	HDGFRP3	Q9Y3E1	/data/Dutta_lab/aric/EA/SeqId_18899_82.PHENO1.glm.linear	15	83157989	ARIC
SeqId_18900_37	HRAS	P01112	/data/Dutta_lab/aric/EA/SeqId_18900_37.PHENO1.glm.linear	11	533595	ARIC
SeqId_18901_26	HSPA1B	P0DMV9	/data/Dutta_lab/aric/EA/SeqId_18901_26.PHENO1.glm.linear	6	31827738	ARIC
SeqId_18904_23	CAMK4	Q16566	/data/Dutta_lab/aric/EA/SeqId_18904_23.PHENO1.glm.linear	5	111223653	ARIC
SeqId_18905_5	KRT16	P08779	/data/Dutta_lab/aric/EA/SeqId_18905_5.PHENO1.glm.linear	17	41612765	ARIC
SeqId_18907_97	KIR3DL1	P43629	/data/Dutta_lab/aric/EA/SeqId_18907_97.PHENO1.glm.linear	19	54816468	ARIC
SeqId_18909_11	EXOSC8	Q96B26	/data/Dutta_lab/aric/EA/SeqId_18909_11.PHENO1.glm.linear	13	36998816	ARIC
SeqId_18910_45	LIN7A	O14910	/data/Dutta_lab/aric/EA/SeqId_18910_45.PHENO1.glm.linear	12	80889348	ARIC
SeqId_18914_188	PAFAH2	Q99487	/data/Dutta_lab/aric/EA/SeqId_18914_188.PHENO1.glm.linear	1	25984109	ARIC
SeqId_18916_25	ITPA	Q9BY32	/data/Dutta_lab/aric/EA/SeqId_18916_25.PHENO1.glm.linear	20	3208868	ARIC
SeqId_18917_53	AMY2A	P04746	/data/Dutta_lab/aric/EA/SeqId_18917_53.PHENO1.glm.linear	1	103616811	ARIC
SeqId_18918_86	PDE4A	P27815	/data/Dutta_lab/aric/EA/SeqId_18918_86.PHENO1.glm.linear	19	10416773	ARIC
SeqId_18922_27	CD68	P34810	/data/Dutta_lab/aric/EA/SeqId_18922_27.PHENO1.glm.linear	17	7579491	ARIC
SeqId_18925_24	PSMA5	P28066	/data/Dutta_lab/aric/EA/SeqId_18925_24.PHENO1.glm.linear	1	109412285	ARIC
SeqId_18926_7	PSMA3	P25788	/data/Dutta_lab/aric/EA/SeqId_18926_7.PHENO1.glm.linear	14	58244843	ARIC
SeqId_18927_14	RAET1G	Q6H3X3	/data/Dutta_lab/aric/EA/SeqId_18927_14.PHENO1.glm.linear	6	149923010	ARIC
SeqId_18928_10	S100Z	Q8WXG8	/data/Dutta_lab/aric/EA/SeqId_18928_10.PHENO1.glm.linear	5	76850001	ARIC
SeqId_18930_28	SLIT2	O94813	/data/Dutta_lab/aric/EA/SeqId_18930_28.PHENO1.glm.linear	4	20251905	ARIC
SeqId_18931_40	SLIT3	O75094	/data/Dutta_lab/aric/EA/SeqId_18931_40.PHENO1.glm.linear	5	168696311	ARIC
SeqId_18932_84	NMNAT1	Q9HAN9	/data/Dutta_lab/aric/EA/SeqId_18932_84.PHENO1.glm.linear	1	9943428	ARIC
SeqId_18933_4	TGM4	P49221	/data/Dutta_lab/aric/EA/SeqId_18933_4.PHENO1.glm.linear	3	44874608	ARIC
SeqId_18934_50	TGM2	P21980	/data/Dutta_lab/aric/EA/SeqId_18934_50.PHENO1.glm.linear	20	38133760	ARIC
SeqId_18935_14	TLR5	O60602	/data/Dutta_lab/aric/EA/SeqId_18935_14.PHENO1.glm.linear	1	223132579	ARIC
SeqId_18938_3	VLDLR	P98155	/data/Dutta_lab/aric/EA/SeqId_18938_3.PHENO1.glm.linear	9	2621787	ARIC
SeqId_18942_11	PSMB9	P28065	/data/Dutta_lab/aric/EA/SeqId_18942_11.PHENO1.glm.linear	6	32844136	ARIC
SeqId_18943_4	PTGR2	Q8N8N7	/data/Dutta_lab/aric/EA/SeqId_18943_4.PHENO1.glm.linear	14	73851844	ARIC
SeqId_18945_11	RGS1	Q08116	/data/Dutta_lab/aric/EA/SeqId_18945_11.PHENO1.glm.linear	1	192575763	ARIC
SeqId_18947_3	LRRC3B	Q96PB8	/data/Dutta_lab/aric/EA/SeqId_18947_3.PHENO1.glm.linear	3	26622806	ARIC
SeqId_18950_13	RAC2	P15153	/data/Dutta_lab/aric/EA/SeqId_18950_13.PHENO1.glm.linear	22	37231503	ARIC
SeqId_19110_6	MEMO1	Q9Y316	/data/Dutta_lab/aric/EA/SeqId_19110_6.PHENO1.glm.linear	2	31943383	ARIC
SeqId_19111_10	UBE2M	P61081	/data/Dutta_lab/aric/EA/SeqId_19111_10.PHENO1.glm.linear	19	58557089	ARIC
SeqId_19113_66	SH3BGRL2	Q9UJC5	/data/Dutta_lab/aric/EA/SeqId_19113_66.PHENO1.glm.linear	6	79631329	ARIC
SeqId_19114_8	TK2	O00142	/data/Dutta_lab/aric/EA/SeqId_19114_8.PHENO1.glm.linear	16	66511252	ARIC
SeqId_19115_13	CMBL	Q96DG6	/data/Dutta_lab/aric/EA/SeqId_19115_13.PHENO1.glm.linear	5	10282288	ARIC
SeqId_19116_1	MUTED	Q8TDH9	/data/Dutta_lab/aric/EA/SeqId_19116_1.PHENO1.glm.linear	6	8018059	ARIC
SeqId_19118_47	OSTF1	Q92882	/data/Dutta_lab/aric/EA/SeqId_19118_47.PHENO1.glm.linear	9	75088514	ARIC
SeqId_19119_10	DDIT3	P35638	/data/Dutta_lab/aric/EA/SeqId_19119_10.PHENO1.glm.linear	12	57520492	ARIC
SeqId_19120_33	DAO	P14920	/data/Dutta_lab/aric/EA/SeqId_19120_33.PHENO1.glm.linear	12	108858932	ARIC
SeqId_19122_47	MYL12B	O14950	/data/Dutta_lab/aric/EA/SeqId_19122_47.PHENO1.glm.linear	18	3261479	ARIC
SeqId_19123_6	NFKBID	Q8NI38	/data/Dutta_lab/aric/EA/SeqId_19123_6.PHENO1.glm.linear	19	35896259	ARIC
SeqId_19124_9	UBLCP1	Q8WVY7	/data/Dutta_lab/aric/EA/SeqId_19124_9.PHENO1.glm.linear	5	159263290	ARIC
SeqId_19125_26	PRKAR2A	P13861	/data/Dutta_lab/aric/EA/SeqId_19125_26.PHENO1.glm.linear	3	48752318	ARIC
SeqId_19126_4	RPRD1B	Q9NQG5	/data/Dutta_lab/aric/EA/SeqId_19126_4.PHENO1.glm.linear	20	38033725	ARIC
SeqId_19127_1	HSPB6	O14558	/data/Dutta_lab/aric/EA/SeqId_19127_1.PHENO1.glm.linear	19	35757009	ARIC
SeqId_19129_15	MTHFSD	Q2M296	/data/Dutta_lab/aric/EA/SeqId_19129_15.PHENO1.glm.linear	16	86533800	ARIC
SeqId_19130_81	SERPINB8	P50452	/data/Dutta_lab/aric/EA/SeqId_19130_81.PHENO1.glm.linear	18	63970029	ARIC
SeqId_19131_184	TIAL1	Q01085	/data/Dutta_lab/aric/EA/SeqId_19131_184.PHENO1.glm.linear	10	119577214	ARIC
SeqId_19132_1	MRPL2	Q5T653	/data/Dutta_lab/aric/EA/SeqId_19132_1.PHENO1.glm.linear	6	43055717	ARIC
SeqId_19134_66	POLR2K	P53803	/data/Dutta_lab/aric/EA/SeqId_19134_66.PHENO1.glm.linear	8	100150623	ARIC
SeqId_19135_5	NT5C3L	Q969T7	/data/Dutta_lab/aric/EA/SeqId_19135_5.PHENO1.glm.linear	17	41830880	ARIC
SeqId_19136_22	ALDH6A1	Q02252	/data/Dutta_lab/aric/EA/SeqId_19136_22.PHENO1.glm.linear	14	74069258	ARIC
SeqId_19139_3	HSF2BP	O75031	/data/Dutta_lab/aric/EA/SeqId_19139_3.PHENO1.glm.linear	21	43659470	ARIC
SeqId_19141_22	DAP	P51397	/data/Dutta_lab/aric/EA/SeqId_19141_22.PHENO1.glm.linear	5	10761101	ARIC
SeqId_19142_39	DNMT3L	Q9UJW3	/data/Dutta_lab/aric/EA/SeqId_19142_39.PHENO1.glm.linear	21	44251238	ARIC
SeqId_19143_38	CYB5R2	Q6BCY4	/data/Dutta_lab/aric/EA/SeqId_19143_38.PHENO1.glm.linear	11	7666684	ARIC
SeqId_19144_9	TCF4	P15884	/data/Dutta_lab/aric/EA/SeqId_19144_9.PHENO1.glm.linear	18	55228955	ARIC
SeqId_19145_4	MREG	Q8N565	/data/Dutta_lab/aric/EA/SeqId_19145_4.PHENO1.glm.linear	2	216013551	ARIC
SeqId_19147_6	LGALS13	Q9UHV8	/data/Dutta_lab/aric/EA/SeqId_19147_6.PHENO1.glm.linear	19	39602501	ARIC
SeqId_19150_20	PRPSAP2	O60256	/data/Dutta_lab/aric/EA/SeqId_19150_20.PHENO1.glm.linear	17	18840085	ARIC
SeqId_19152_4	PPP1R2	P41236	/data/Dutta_lab/aric/EA/SeqId_19152_4.PHENO1.glm.linear	3	195519639	ARIC
SeqId_19153_53	MPPED2	Q15777	/data/Dutta_lab/aric/EA/SeqId_19153_53.PHENO1.glm.linear	11	30441403	ARIC
SeqId_19154_41	SERPINE2	P07093	/data/Dutta_lab/aric/EA/SeqId_19154_41.PHENO1.glm.linear	2	223982780	ARIC
SeqId_19158_1	PAF	Q15004	/data/Dutta_lab/aric/EA/SeqId_19158_1.PHENO1.glm.linear	15	64373771	ARIC
SeqId_19161_1	USP15	Q9Y4E8	/data/Dutta_lab/aric/EA/SeqId_19161_1.PHENO1.glm.linear	12	62260338	ARIC
SeqId_19163_26	LRRC59	Q96AG4	/data/Dutta_lab/aric/EA/SeqId_19163_26.PHENO1.glm.linear	17	50385134	ARIC
SeqId_19166_15	RPS19	P39019	/data/Dutta_lab/aric/EA/SeqId_19166_15.PHENO1.glm.linear	19	41860255	ARIC
SeqId_19168_71	PSTPIP1	O43586	/data/Dutta_lab/aric/EA/SeqId_19168_71.PHENO1.glm.linear	15	76993359	ARIC
SeqId_19169_88	FIBP	O43427	/data/Dutta_lab/aric/EA/SeqId_19169_88.PHENO1.glm.linear	11	65885572	ARIC
SeqId_19170_25	POLE3	Q9NRF9	/data/Dutta_lab/aric/EA/SeqId_19170_25.PHENO1.glm.linear	9	113410343	ARIC
SeqId_19173_5	ZFAND1	Q8TCF1	/data/Dutta_lab/aric/EA/SeqId_19173_5.PHENO1.glm.linear	8	81703128	ARIC
SeqId_19174_141	GOLGA7	Q7Z5G4	/data/Dutta_lab/aric/EA/SeqId_19174_141.PHENO1.glm.linear	8	41490396	ARIC
SeqId_19175_18	MARCKSL1	P49006	/data/Dutta_lab/aric/EA/SeqId_19175_18.PHENO1.glm.linear	1	32336233	ARIC
SeqId_19176_27	FAM49B	Q9NUQ9	/data/Dutta_lab/aric/EA/SeqId_19176_27.PHENO1.glm.linear	8	129847317	ARIC
SeqId_19177_7	MOBKL1A	Q7L9L4	/data/Dutta_lab/aric/EA/SeqId_19177_7.PHENO1.glm.linear	4	70902326	ARIC
SeqId_19180_38	GULP1	Q9UBP9	/data/Dutta_lab/aric/EA/SeqId_19180_38.PHENO1.glm.linear	2	188291669	ARIC
SeqId_19183_164	RPL12	P30050	/data/Dutta_lab/aric/EA/SeqId_19183_164.PHENO1.glm.linear	9	127449700	ARIC
SeqId_19187_21	STAMBP	O95630	/data/Dutta_lab/aric/EA/SeqId_19187_21.PHENO1.glm.linear	2	73828916	ARIC
SeqId_19188_21	NAP1L4	Q99733	/data/Dutta_lab/aric/EA/SeqId_19188_21.PHENO1.glm.linear	11	2951295	ARIC
SeqId_19189_2	USP14	P54578	/data/Dutta_lab/aric/EA/SeqId_19189_2.PHENO1.glm.linear	18	158383	ARIC
SeqId_19190_4	UBE2L6	O14933	/data/Dutta_lab/aric/EA/SeqId_19190_4.PHENO1.glm.linear	11	57560516	ARIC
SeqId_19194_9	DTD1	Q8TEA8	/data/Dutta_lab/aric/EA/SeqId_19194_9.PHENO1.glm.linear	20	18587893	ARIC
SeqId_19195_85	RPS5	P46782	/data/Dutta_lab/aric/EA/SeqId_19195_85.PHENO1.glm.linear	19	58386400	ARIC
SeqId_19196_73	HOPX	Q9BPY8	/data/Dutta_lab/aric/EA/SeqId_19196_73.PHENO1.glm.linear	4	56651202	ARIC
SeqId_19197_95	ACAT1	P24752	/data/Dutta_lab/aric/EA/SeqId_19197_95.PHENO1.glm.linear	11	108116695	ARIC
SeqId_19199_3	POLR2J	P52435	/data/Dutta_lab/aric/EA/SeqId_19199_3.PHENO1.glm.linear	7	102478906	ARIC
SeqId_19200_16	NDUFA5	Q16718	/data/Dutta_lab/aric/EA/SeqId_19200_16.PHENO1.glm.linear	7	123545825	ARIC
SeqId_19206_20	NUDT1	P36639	/data/Dutta_lab/aric/EA/SeqId_19206_20.PHENO1.glm.linear	7	2242222	ARIC
SeqId_19207_119	ADK	P55263	/data/Dutta_lab/aric/EA/SeqId_19207_119.PHENO1.glm.linear	10	74151202	ARIC
SeqId_19208_8	ACVR2A	P27037	/data/Dutta_lab/aric/EA/SeqId_19208_8.PHENO1.glm.linear	2	147844517	ARIC
SeqId_19209_6	NFKBIA	P25963	/data/Dutta_lab/aric/EA/SeqId_19209_6.PHENO1.glm.linear	14	35403238	ARIC
SeqId_19212_4	DMBT1	Q9UGM3	/data/Dutta_lab/aric/EA/SeqId_19212_4.PHENO1.glm.linear	10	122560665	ARIC
SeqId_19213_1	SPINK4	O60575	/data/Dutta_lab/aric/EA/SeqId_19213_1.PHENO1.glm.linear	9	33218365	ARIC
SeqId_19215_7	NDRG1	Q92597	/data/Dutta_lab/aric/EA/SeqId_19215_7.PHENO1.glm.linear	8	133241527	ARIC
SeqId_19219_71	NUTF2	P61970	/data/Dutta_lab/aric/EA/SeqId_19219_71.PHENO1.glm.linear	16	67846923	ARIC
SeqId_19222_124	RAB5B	P61020	/data/Dutta_lab/aric/EA/SeqId_19222_124.PHENO1.glm.linear	12	55973913	ARIC
SeqId_19223_6	RAB1A	P62820	/data/Dutta_lab/aric/EA/SeqId_19223_6.PHENO1.glm.linear	2	65130086	ARIC
SeqId_19225_11	BLNK	Q8WV28	/data/Dutta_lab/aric/EA/SeqId_19225_11.PHENO1.glm.linear	10	96204854	ARIC
SeqId_19227_18	BATF	Q16520	/data/Dutta_lab/aric/EA/SeqId_19227_18.PHENO1.glm.linear	14	75522455	ARIC
SeqId_19228_11	BAG2	O95816	/data/Dutta_lab/aric/EA/SeqId_19228_11.PHENO1.glm.linear	6	57172326	ARIC
SeqId_19229_92	HOMER1	Q86YM7	/data/Dutta_lab/aric/EA/SeqId_19229_92.PHENO1.glm.linear	5	79397910	ARIC
SeqId_19231_22	PTP4A3	O75365	/data/Dutta_lab/aric/EA/SeqId_19231_22.PHENO1.glm.linear	8	141391995	ARIC
SeqId_19233_75	ATOX1	O00244	/data/Dutta_lab/aric/EA/SeqId_19233_75.PHENO1.glm.linear	5	151746563	ARIC
SeqId_19236_24	SUB1	P53999	/data/Dutta_lab/aric/EA/SeqId_19236_24.PHENO1.glm.linear	5	32531633	ARIC
SeqId_19237_17	DDT	P30046	/data/Dutta_lab/aric/EA/SeqId_19237_17.PHENO1.glm.linear	22	23973183	ARIC
SeqId_19238_12	GLUL	P15104	/data/Dutta_lab/aric/EA/SeqId_19238_12.PHENO1.glm.linear	1	182385939	ARIC
SeqId_19239_5	ARF1	P84077	/data/Dutta_lab/aric/EA/SeqId_19239_5.PHENO1.glm.linear	1	228082660	ARIC
SeqId_19240_265	PDAP1	Q13442	/data/Dutta_lab/aric/EA/SeqId_19240_265.PHENO1.glm.linear	7	99397960	ARIC
SeqId_19241_31	RBP5	P82980	/data/Dutta_lab/aric/EA/SeqId_19241_31.PHENO1.glm.linear	12	7128561	ARIC
SeqId_19242_21	PFDN1	O60925	/data/Dutta_lab/aric/EA/SeqId_19242_21.PHENO1.glm.linear	5	140281535	ARIC
SeqId_19243_2	PFDN2	Q9UHV9	/data/Dutta_lab/aric/EA/SeqId_19243_2.PHENO1.glm.linear	1	161118037	ARIC
SeqId_19247_1	UBE2D1	P51668	/data/Dutta_lab/aric/EA/SeqId_19247_1.PHENO1.glm.linear	10	58334979	ARIC
SeqId_19249_18	KARS	Q15046	/data/Dutta_lab/aric/EA/SeqId_19249_18.PHENO1.glm.linear	16	75629009	ARIC
SeqId_19250_50	MYCBP	Q99417	/data/Dutta_lab/aric/EA/SeqId_19250_50.PHENO1.glm.linear	1	38872605	ARIC
SeqId_19251_56	SRGN	P10124	/data/Dutta_lab/aric/EA/SeqId_19251_56.PHENO1.glm.linear	10	69088103	ARIC
SeqId_19252_67	PSMB2	P49721	/data/Dutta_lab/aric/EA/SeqId_19252_67.PHENO1.glm.linear	1	35631537	ARIC
SeqId_19253_82	RAB2B	Q8WUD1	/data/Dutta_lab/aric/EA/SeqId_19253_82.PHENO1.glm.linear	14	21476673	ARIC
SeqId_19254_125	GMPR	P36959	/data/Dutta_lab/aric/EA/SeqId_19254_125.PHENO1.glm.linear	6	16238587	ARIC
SeqId_19257_11	CLTA	P09496	/data/Dutta_lab/aric/EA/SeqId_19257_11.PHENO1.glm.linear	9	36190856	ARIC
SeqId_19258_24	GCDH	Q92947	/data/Dutta_lab/aric/EA/SeqId_19258_24.PHENO1.glm.linear	19	12891160	ARIC
SeqId_19259_176	EIF2S1	P05198	/data/Dutta_lab/aric/EA/SeqId_19259_176.PHENO1.glm.linear	14	67360151	ARIC
SeqId_19260_4	GIPC1	O14908	/data/Dutta_lab/aric/EA/SeqId_19260_4.PHENO1.glm.linear	19	14479857	ARIC
SeqId_19261_12	SDCBP2	Q9H190	/data/Dutta_lab/aric/EA/SeqId_19261_12.PHENO1.glm.linear	20	1311081	ARIC
SeqId_19262_219	ACADVL	P49748	/data/Dutta_lab/aric/EA/SeqId_19262_219.PHENO1.glm.linear	17	7217125	ARIC
SeqId_19263_147	EIF4E	P06730	/data/Dutta_lab/aric/EA/SeqId_19263_147.PHENO1.glm.linear	4	98890898	ARIC
SeqId_19264_6	RPA2	P15927	/data/Dutta_lab/aric/EA/SeqId_19264_6.PHENO1.glm.linear	1	27897085	ARIC
SeqId_19265_9	TCP1	P17987	/data/Dutta_lab/aric/EA/SeqId_19265_9.PHENO1.glm.linear	6	159780261	ARIC
SeqId_19266_35	G3BP1	Q13283	/data/Dutta_lab/aric/EA/SeqId_19266_35.PHENO1.glm.linear	5	151771045	ARIC
SeqId_19267_14	HAGH	Q16775	/data/Dutta_lab/aric/EA/SeqId_19267_14.PHENO1.glm.linear	16	1812419	ARIC
SeqId_19270_26	YARS	P54577	/data/Dutta_lab/aric/EA/SeqId_19270_26.PHENO1.glm.linear	1	32780711	ARIC
SeqId_19271_64	GNAI1	P63096	/data/Dutta_lab/aric/EA/SeqId_19271_64.PHENO1.glm.linear	7	79768028	ARIC
SeqId_19272_9	PEF1	Q9UBV8	/data/Dutta_lab/aric/EA/SeqId_19272_9.PHENO1.glm.linear	1	31635260	ARIC
SeqId_19273_3	GSR	P00390	/data/Dutta_lab/aric/EA/SeqId_19273_3.PHENO1.glm.linear	8	30726945	ARIC
SeqId_19274_80	SNTA1	Q13424	/data/Dutta_lab/aric/EA/SeqId_19274_80.PHENO1.glm.linear	20	33443763	ARIC
SeqId_19276_124	SNRPG	P62308	/data/Dutta_lab/aric/EA/SeqId_19276_124.PHENO1.glm.linear	2	70292776	ARIC
SeqId_19277_4	TSTD1	Q8NFU3	/data/Dutta_lab/aric/EA/SeqId_19277_4.PHENO1.glm.linear	1	161038307	ARIC
SeqId_19278_19	RAB1B	Q9H0U4	/data/Dutta_lab/aric/EA/SeqId_19278_19.PHENO1.glm.linear	11	66268590	ARIC
SeqId_19279_42	RBP1	P09455	/data/Dutta_lab/aric/EA/SeqId_19279_42.PHENO1.glm.linear	3	139518635	ARIC
SeqId_19280_29	UBE2D3	P61077	/data/Dutta_lab/aric/EA/SeqId_19280_29.PHENO1.glm.linear	4	102802694	ARIC
SeqId_19281_86	MAFG	O15525	/data/Dutta_lab/aric/EA/SeqId_19281_86.PHENO1.glm.linear	17	81923532	ARIC
SeqId_19282_3	RAB13	P51153	/data/Dutta_lab/aric/EA/SeqId_19282_3.PHENO1.glm.linear	1	153985362	ARIC
SeqId_19286_30	MYL5	Q02045	/data/Dutta_lab/aric/EA/SeqId_19286_30.PHENO1.glm.linear	4	673580	ARIC
SeqId_19287_59	DENR	O43583	/data/Dutta_lab/aric/EA/SeqId_19287_59.PHENO1.glm.linear	12	122752824	ARIC
SeqId_19289_29	UROD	P06132	/data/Dutta_lab/aric/EA/SeqId_19289_29.PHENO1.glm.linear	1	45010950	ARIC
SeqId_19291_2	CASQ2	O14958	/data/Dutta_lab/aric/EA/SeqId_19291_2.PHENO1.glm.linear	1	115732927	ARIC
SeqId_19293_6	VPS26A	O75436	/data/Dutta_lab/aric/EA/SeqId_19293_6.PHENO1.glm.linear	10	69123512	ARIC
SeqId_19294_26	CRIPT	Q9P021	/data/Dutta_lab/aric/EA/SeqId_19294_26.PHENO1.glm.linear	2	46616416	ARIC
SeqId_19295_32	PPP1CC	P36873	/data/Dutta_lab/aric/EA/SeqId_19295_32.PHENO1.glm.linear	12	110722467	ARIC
SeqId_19296_51	MYL7	Q01449	/data/Dutta_lab/aric/EA/SeqId_19296_51.PHENO1.glm.linear	7	44140401	ARIC
SeqId_19302_7	GIMAP6	Q6P9H5	/data/Dutta_lab/aric/EA/SeqId_19302_7.PHENO1.glm.linear	7	150632346	ARIC
SeqId_19303_64	PET117	Q6UWS5	/data/Dutta_lab/aric/EA/SeqId_19303_64.PHENO1.glm.linear	20	18137863	ARIC
SeqId_19310_81	COPE	O14579	/data/Dutta_lab/aric/EA/SeqId_19310_81.PHENO1.glm.linear	19	18899937	ARIC
SeqId_19311_15	CRYGS	P22914	/data/Dutta_lab/aric/EA/SeqId_19311_15.PHENO1.glm.linear	3	186540520	ARIC
SeqId_19316_2	HSCB	Q8IWL3	/data/Dutta_lab/aric/EA/SeqId_19316_2.PHENO1.glm.linear	22	28742039	ARIC
SeqId_19317_114	ACPP	P15309	/data/Dutta_lab/aric/EA/SeqId_19317_114.PHENO1.glm.linear	3	132317369	ARIC
SeqId_19323_1	EBAG9	O00559	/data/Dutta_lab/aric/EA/SeqId_19323_1.PHENO1.glm.linear	8	109539711	ARIC
SeqId_19325_21	ABHD14B	Q96IU4	/data/Dutta_lab/aric/EA/SeqId_19325_21.PHENO1.glm.linear	3	51974021	ARIC
SeqId_19327_31	HAT1	O14929	/data/Dutta_lab/aric/EA/SeqId_19327_31.PHENO1.glm.linear	2	171922448	ARIC
SeqId_19328_51	CHEK2	O96017	/data/Dutta_lab/aric/EA/SeqId_19328_51.PHENO1.glm.linear	22	28689410	ARIC
SeqId_19329_31	HIPK3	Q9H422	/data/Dutta_lab/aric/EA/SeqId_19329_31.PHENO1.glm.linear	11	33256672	ARIC
SeqId_19331_18	BAIAP2	Q9UQB8	/data/Dutta_lab/aric/EA/SeqId_19331_18.PHENO1.glm.linear	17	81035122	ARIC
SeqId_19332_1	MOBKL3	Q9Y3A3	/data/Dutta_lab/aric/EA/SeqId_19332_1.PHENO1.glm.linear	2	197515571	ARIC
SeqId_19333_4	HNRNPK	P61978	/data/Dutta_lab/aric/EA/SeqId_19333_4.PHENO1.glm.linear	9	83970786	ARIC
SeqId_19334_62	TXNDC12	O95881	/data/Dutta_lab/aric/EA/SeqId_19334_62.PHENO1.glm.linear	1	52023574	ARIC
SeqId_19335_2	HN1	Q9UK76	/data/Dutta_lab/aric/EA/SeqId_19335_2.PHENO1.glm.linear	17	75146780	ARIC
SeqId_19338_3	LZIC	Q8WZA0	/data/Dutta_lab/aric/EA/SeqId_19338_3.PHENO1.glm.linear	1	9932180	ARIC
SeqId_19341_36	ACBD6	Q9BR61	/data/Dutta_lab/aric/EA/SeqId_19341_36.PHENO1.glm.linear	1	180274681	ARIC
SeqId_19347_37	CA12	O43570	/data/Dutta_lab/aric/EA/SeqId_19347_37.PHENO1.glm.linear	15	63331813	ARIC
SeqId_19353_25	OSTM1	Q86WC4	/data/Dutta_lab/aric/EA/SeqId_19353_25.PHENO1.glm.linear	6	108044238	ARIC
SeqId_19356_20	TOM1L2	Q6ZVM7	/data/Dutta_lab/aric/EA/SeqId_19356_20.PHENO1.glm.linear	17	17848949	ARIC
SeqId_19360_22	LRRTM1	Q86UE6	/data/Dutta_lab/aric/EA/SeqId_19360_22.PHENO1.glm.linear	2	80304274	ARIC
SeqId_19361_78	MATN3	O15232	/data/Dutta_lab/aric/EA/SeqId_19361_78.PHENO1.glm.linear	2	19997853	ARIC
SeqId_19364_163	PCNA	P12004	/data/Dutta_lab/aric/EA/SeqId_19364_163.PHENO1.glm.linear	20	5119958	ARIC
SeqId_19365_11	BCAT2	O15382	/data/Dutta_lab/aric/EA/SeqId_19365_11.PHENO1.glm.linear	19	48797543	ARIC
SeqId_19366_8	PEX26	Q7Z412	/data/Dutta_lab/aric/EA/SeqId_19366_8.PHENO1.glm.linear	22	18077920	ARIC
SeqId_19367_34	DCI	P42126	/data/Dutta_lab/aric/EA/SeqId_19367_34.PHENO1.glm.linear	16	2244438	ARIC
SeqId_19369_17	KAT2A	Q92830	/data/Dutta_lab/aric/EA/SeqId_19369_17.PHENO1.glm.linear	17	42114398	ARIC
SeqId_19370_30	HS3ST4	Q9Y661	/data/Dutta_lab/aric/EA/SeqId_19370_30.PHENO1.glm.linear	16	25691959	ARIC
SeqId_19372_7	MDGA2	Q7Z553	/data/Dutta_lab/aric/EA/SeqId_19372_7.PHENO1.glm.linear	14	46882222	ARIC
SeqId_19373_3	MYL12A	P19105	/data/Dutta_lab/aric/EA/SeqId_19373_3.PHENO1.glm.linear	18	3247481	ARIC
SeqId_19376_74	NNMT	P40261	/data/Dutta_lab/aric/EA/SeqId_19376_74.PHENO1.glm.linear	11	114257787	ARIC
SeqId_19377_14	OLFM2	O95897	/data/Dutta_lab/aric/EA/SeqId_19377_14.PHENO1.glm.linear	19	9858146	ARIC
SeqId_19379_154	RAB3D	O95716	/data/Dutta_lab/aric/EA/SeqId_19379_154.PHENO1.glm.linear	19	11339657	ARIC
SeqId_19381_7	RGS21	Q2M5E4	/data/Dutta_lab/aric/EA/SeqId_19381_7.PHENO1.glm.linear	1	192316992	ARIC
SeqId_19383_131	CINP	Q9BW66	/data/Dutta_lab/aric/EA/SeqId_19383_131.PHENO1.glm.linear	14	102348147	ARIC
SeqId_19388_2	CDH12	P55289	/data/Dutta_lab/aric/EA/SeqId_19388_2.PHENO1.glm.linear	5	21889847	ARIC
SeqId_19392_6	DDAH1	O94760	/data/Dutta_lab/aric/EA/SeqId_19392_6.PHENO1.glm.linear	1	85404528	ARIC
SeqId_19437_61	VEGFA	P15692	/data/Dutta_lab/aric/EA/SeqId_19437_61.PHENO1.glm.linear	6	43770184	ARIC
SeqId_19438_68	SYF2	O95926	/data/Dutta_lab/aric/EA/SeqId_19438_68.PHENO1.glm.linear	1	25232432	ARIC
SeqId_19446_1	GMPR2	Q9P2T1	/data/Dutta_lab/aric/EA/SeqId_19446_1.PHENO1.glm.linear	14	24232422	ARIC
SeqId_19448_104	UPP1	Q16831	/data/Dutta_lab/aric/EA/SeqId_19448_104.PHENO1.glm.linear	7	48088628	ARIC
SeqId_19467_3	RBKS	Q9H477	/data/Dutta_lab/aric/EA/SeqId_19467_3.PHENO1.glm.linear	2	27843161	ARIC
SeqId_19482_11	HDHD3	Q9BSH5	/data/Dutta_lab/aric/EA/SeqId_19482_11.PHENO1.glm.linear	9	113376175	ARIC
SeqId_19483_16	KDSR	Q06136	/data/Dutta_lab/aric/EA/SeqId_19483_16.PHENO1.glm.linear	18	63336023	ARIC
SeqId_19488_1	PDCD6	O75340	/data/Dutta_lab/aric/EA/SeqId_19488_1.PHENO1.glm.linear	5	271621	ARIC
SeqId_19491_11	HSD17B8	Q92506	/data/Dutta_lab/aric/EA/SeqId_19491_11.PHENO1.glm.linear	6	33204655	ARIC
SeqId_19492_5	KAAG1	Q9UBP8	/data/Dutta_lab/aric/EA/SeqId_19492_5.PHENO1.glm.linear	6	24356903	ARIC
SeqId_19496_1	NPL	Q9BXD5	/data/Dutta_lab/aric/EA/SeqId_19496_1.PHENO1.glm.linear	1	182789293	ARIC
SeqId_19503_2	SNX3	O60493	/data/Dutta_lab/aric/EA/SeqId_19503_2.PHENO1.glm.linear	6	108260964	ARIC
SeqId_19504_22	DTYMK	P23919	/data/Dutta_lab/aric/EA/SeqId_19504_22.PHENO1.glm.linear	2	241685877	ARIC
SeqId_19506_6	GLYAT	Q6IB77	/data/Dutta_lab/aric/EA/SeqId_19506_6.PHENO1.glm.linear	11	58712849	ARIC
SeqId_19511_8	DCUN1D2	Q6PH85	/data/Dutta_lab/aric/EA/SeqId_19511_8.PHENO1.glm.linear	13	113459543	ARIC
SeqId_19516_10	HMGA2	P52926	/data/Dutta_lab/aric/EA/SeqId_19516_10.PHENO1.glm.linear	12	65824131	ARIC
SeqId_19518_12	HK3	P52790	/data/Dutta_lab/aric/EA/SeqId_19518_12.PHENO1.glm.linear	5	176881872	ARIC
SeqId_19523_215	PARK7	Q99497	/data/Dutta_lab/aric/EA/SeqId_19523_215.PHENO1.glm.linear	1	7954291	ARIC
SeqId_19545_145	PARK7	Q99497	/data/Dutta_lab/aric/EA/SeqId_19545_145.PHENO1.glm.linear	1	7954291	ARIC
SeqId_19553_14	STX1A	Q16623	/data/Dutta_lab/aric/EA/SeqId_19553_14.PHENO1.glm.linear	7	73700931	ARIC
SeqId_19555_1	SUMO2	P61956	/data/Dutta_lab/aric/EA/SeqId_19555_1.PHENO1.glm.linear	17	75182563	ARIC
SeqId_19556_12	CR1	P17927	/data/Dutta_lab/aric/EA/SeqId_19556_12.PHENO1.glm.linear	1	207496147	ARIC
SeqId_19557_3	KLB	Q86Z14	/data/Dutta_lab/aric/EA/SeqId_19557_3.PHENO1.glm.linear	4	39406930	ARIC
SeqId_19558_10	LRP4	O75096	/data/Dutta_lab/aric/EA/SeqId_19558_10.PHENO1.glm.linear	11	46862933	ARIC
SeqId_19560_23	PLXNA4	Q9HCM2	/data/Dutta_lab/aric/EA/SeqId_19560_23.PHENO1.glm.linear	7	132145507	ARIC
SeqId_19561_216	PLXND1	Q9Y4D7	/data/Dutta_lab/aric/EA/SeqId_19561_216.PHENO1.glm.linear	3	129557034	ARIC
SeqId_19562_8	USP28	Q96RU2	/data/Dutta_lab/aric/EA/SeqId_19562_8.PHENO1.glm.linear	11	113801701	ARIC
SeqId_19563_3	SEZ6L	Q9BYH1	/data/Dutta_lab/aric/EA/SeqId_19563_3.PHENO1.glm.linear	22	26169462	ARIC
SeqId_19564_61	IRF4	Q15306	/data/Dutta_lab/aric/EA/SeqId_19564_61.PHENO1.glm.linear	6	391752	ARIC
SeqId_19567_1	EGFR	P00533	/data/Dutta_lab/aric/EA/SeqId_19567_1.PHENO1.glm.linear	7	55019017	ARIC
SeqId_19568_17	IL15	P40933	/data/Dutta_lab/aric/EA/SeqId_19568_17.PHENO1.glm.linear	4	141636583	ARIC
SeqId_19570_12	FGF8	P55075	/data/Dutta_lab/aric/EA/SeqId_19570_12.PHENO1.glm.linear	10	101775900	ARIC
SeqId_19572_10	CEBPG	P53567	/data/Dutta_lab/aric/EA/SeqId_19572_10.PHENO1.glm.linear	19	33373685	ARIC
SeqId_19578_19	DOK2	O60496	/data/Dutta_lab/aric/EA/SeqId_19578_19.PHENO1.glm.linear	8	21911075	ARIC
SeqId_19579_5	DEFA1	P59665	/data/Dutta_lab/aric/EA/SeqId_19579_5.PHENO1.glm.linear	8	6978634	ARIC
SeqId_19584_33	FGF9	P31371	/data/Dutta_lab/aric/EA/SeqId_19584_33.PHENO1.glm.linear	13	21671073	ARIC
SeqId_19586_89	RAB3C	Q96E17	/data/Dutta_lab/aric/EA/SeqId_19586_89.PHENO1.glm.linear	5	58582221	ARIC
SeqId_19587_12	KPNA1	P52294	/data/Dutta_lab/aric/EA/SeqId_19587_12.PHENO1.glm.linear	3	122459885	ARIC
SeqId_19590_46	SFTPD	P35247	/data/Dutta_lab/aric/EA/SeqId_19590_46.PHENO1.glm.linear	10	79949105	ARIC
SeqId_19596_18	BRF1	Q92994	/data/Dutta_lab/aric/EA/SeqId_19596_18.PHENO1.glm.linear	14	105213428	ARIC
SeqId_19602_36	JUND	P17535	/data/Dutta_lab/aric/EA/SeqId_19602_36.PHENO1.glm.linear	19	18280929	ARIC
SeqId_19606_28	IHH	Q14623	/data/Dutta_lab/aric/EA/SeqId_19606_28.PHENO1.glm.linear	2	219060921	ARIC
SeqId_19612_3	CD81	P60033	/data/Dutta_lab/aric/EA/SeqId_19612_3.PHENO1.glm.linear	11	2376177	ARIC
SeqId_19614_8	TCN1	P20061	/data/Dutta_lab/aric/EA/SeqId_19614_8.PHENO1.glm.linear	11	59854767	ARIC
SeqId_19615_213	NT5C3A	Q9H0P0	/data/Dutta_lab/aric/EA/SeqId_19615_213.PHENO1.glm.linear	7	33015926	ARIC
SeqId_19616_100	EFHD1	Q9BUP0	/data/Dutta_lab/aric/EA/SeqId_19616_100.PHENO1.glm.linear	2	232606057	ARIC
SeqId_19617_5	PTGR1	Q14914	/data/Dutta_lab/aric/EA/SeqId_19617_5.PHENO1.glm.linear	9	111597413	ARIC
SeqId_19620_16	DLG2	Q15700	/data/Dutta_lab/aric/EA/SeqId_19620_16.PHENO1.glm.linear	11	83462149	ARIC
SeqId_19622_7	INHBA	P08476	/data/Dutta_lab/aric/EA/SeqId_19622_7.PHENO1.glm.linear	7	41692564	ARIC
SeqId_19623_26	RPSA	P08865	/data/Dutta_lab/aric/EA/SeqId_19623_26.PHENO1.glm.linear	3	39406716	ARIC
SeqId_19631_13	KNG1	P01042	/data/Dutta_lab/aric/EA/SeqId_19631_13.PHENO1.glm.linear	3	186717348	ARIC
SeqId_19635_69	FGL2	Q14314	/data/Dutta_lab/aric/EA/SeqId_19635_69.PHENO1.glm.linear	7	77199819	ARIC
SeqId_19636_23	HLA-G	P17693	/data/Dutta_lab/aric/EA/SeqId_19636_23.PHENO1.glm.linear	6	29826967	ARIC
SeqId_19637_9	CRH	P06850	/data/Dutta_lab/aric/EA/SeqId_19637_9.PHENO1.glm.linear	8	66178464	ARIC
SeqId_19638_9	PDYN	P01213	/data/Dutta_lab/aric/EA/SeqId_19638_9.PHENO1.glm.linear	20	1984281	ARIC
SeqId_19639_53	IAPP	P10997	/data/Dutta_lab/aric/EA/SeqId_19639_53.PHENO1.glm.linear	12	21354959	ARIC
SeqId_19640_2	PTH	P01270	/data/Dutta_lab/aric/EA/SeqId_19640_2.PHENO1.glm.linear	11	13495997	ARIC
SeqId_2190_55	F11	P03951	/data/Dutta_lab/aric/EA/SeqId_2190_55.PHENO1.glm.linear	4	186266189	ARIC
SeqId_2192_63	CCL27	Q9Y4X3	/data/Dutta_lab/aric/EA/SeqId_2192_63.PHENO1.glm.linear	9	34662657	ARIC
SeqId_2201_17	COL18A1	P39060	/data/Dutta_lab/aric/EA/SeqId_2201_17.PHENO1.glm.linear	21	45405165	ARIC
SeqId_2212_69	PLAT	P00750	/data/Dutta_lab/aric/EA/SeqId_2212_69.PHENO1.glm.linear	8	42180764	ARIC
SeqId_2247_20	PROK1	P58294	/data/Dutta_lab/aric/EA/SeqId_2247_20.PHENO1.glm.linear	1	110451149	ARIC
SeqId_2278_61	TIMP2	P16035	/data/Dutta_lab/aric/EA/SeqId_2278_61.PHENO1.glm.linear	17	78874089	ARIC
SeqId_2333_72	TGFB1	P01137	/data/Dutta_lab/aric/EA/SeqId_2333_72.PHENO1.glm.linear	19	41342030	ARIC
SeqId_2381_52	C5	P01031	/data/Dutta_lab/aric/EA/SeqId_2381_52.PHENO1.glm.linear	9	120962707	ARIC
SeqId_2421_7	BDNF	P23560	/data/Dutta_lab/aric/EA/SeqId_2421_7.PHENO1.glm.linear	11	27659658	ARIC
SeqId_2431_17	CTSG	P08311	/data/Dutta_lab/aric/EA/SeqId_2431_17.PHENO1.glm.linear	14	24576250	ARIC
SeqId_2436_49	CXCL16	Q9H2A7	/data/Dutta_lab/aric/EA/SeqId_2436_49.PHENO1.glm.linear	17	4736380	ARIC
SeqId_2441_2	FGF10	O15520	/data/Dutta_lab/aric/EA/SeqId_2441_2.PHENO1.glm.linear	5	44389420	ARIC
SeqId_2443_10	FGF8	P55075	/data/Dutta_lab/aric/EA/SeqId_2443_10.PHENO1.glm.linear	10	101775900	ARIC
SeqId_2447_7	PLA2G2E	Q9NZK7	/data/Dutta_lab/aric/EA/SeqId_2447_7.PHENO1.glm.linear	1	19923617	ARIC
SeqId_2449_1	PLA2G5	P39877	/data/Dutta_lab/aric/EA/SeqId_2449_1.PHENO1.glm.linear	1	20028179	ARIC
SeqId_2468_62	CCL20	P78556	/data/Dutta_lab/aric/EA/SeqId_2468_62.PHENO1.glm.linear	2	227805739	ARIC
SeqId_2474_54	APCS	P02743	/data/Dutta_lab/aric/EA/SeqId_2474_54.PHENO1.glm.linear	1	159587826	ARIC
SeqId_2475_1	KIT	P10721	/data/Dutta_lab/aric/EA/SeqId_2475_1.PHENO1.glm.linear	4	54657918	ARIC
SeqId_2480_58	TIMP3	P35625	/data/Dutta_lab/aric/EA/SeqId_2480_58.PHENO1.glm.linear	22	32801701	ARIC
SeqId_2500_2	ANGPT4	Q9Y264	/data/Dutta_lab/aric/EA/SeqId_2500_2.PHENO1.glm.linear	20	916334	ARIC
SeqId_2505_49	GFRA3	O60609	/data/Dutta_lab/aric/EA/SeqId_2505_49.PHENO1.glm.linear	5	138274565	ARIC
SeqId_2514_65	EFNB3	Q15768	/data/Dutta_lab/aric/EA/SeqId_2514_65.PHENO1.glm.linear	17	7705202	ARIC
SeqId_2515_14	GFRA2	O00451	/data/Dutta_lab/aric/EA/SeqId_2515_14.PHENO1.glm.linear	8	21788159	ARIC
SeqId_2516_57	CCL21	O00585	/data/Dutta_lab/aric/EA/SeqId_2516_57.PHENO1.glm.linear	9	34710069	ARIC
SeqId_2524_56	HMGB1	P09429	/data/Dutta_lab/aric/EA/SeqId_2524_56.PHENO1.glm.linear	13	30463264	ARIC
SeqId_2558_51	POMC	P01189	/data/Dutta_lab/aric/EA/SeqId_2558_51.PHENO1.glm.linear	2	25168571	ARIC
SeqId_2567_5	CFI	P05156	/data/Dutta_lab/aric/EA/SeqId_2567_5.PHENO1.glm.linear	4	109746292	ARIC
SeqId_2571_12	IGFBP3	P17936	/data/Dutta_lab/aric/EA/SeqId_2571_12.PHENO1.glm.linear	7	45915325	ARIC
SeqId_2578_67	CCL2	P13500	/data/Dutta_lab/aric/EA/SeqId_2578_67.PHENO1.glm.linear	17	34255218	ARIC
SeqId_2579_17	MMP9	P14780	/data/Dutta_lab/aric/EA/SeqId_2579_17.PHENO1.glm.linear	20	46008908	ARIC
SeqId_2580_83	MPO	P05164	/data/Dutta_lab/aric/EA/SeqId_2580_83.PHENO1.glm.linear	17	58273492	ARIC
SeqId_2585_2	PRL	P01236	/data/Dutta_lab/aric/EA/SeqId_2585_2.PHENO1.glm.linear	6	22297036	ARIC
SeqId_2590_69	ROR1	Q01973	/data/Dutta_lab/aric/EA/SeqId_2590_69.PHENO1.glm.linear	1	63774017	ARIC
SeqId_2597_8	VEGFA	P15692	/data/Dutta_lab/aric/EA/SeqId_2597_8.PHENO1.glm.linear	6	43770184	ARIC
SeqId_2599_51	TNFSF9	P41273	/data/Dutta_lab/aric/EA/SeqId_2599_51.PHENO1.glm.linear	19	6531026	ARIC
SeqId_2602_2	ANGPT2	O15123	/data/Dutta_lab/aric/EA/SeqId_2602_2.PHENO1.glm.linear	8	6563044	ARIC
SeqId_2605_49	TNFRSF8	P28908	/data/Dutta_lab/aric/EA/SeqId_2605_49.PHENO1.glm.linear	1	12063303	ARIC
SeqId_2609_59	CST3	P01034	/data/Dutta_lab/aric/EA/SeqId_2609_59.PHENO1.glm.linear	20	23637945	ARIC
SeqId_2611_72	TYRO3	Q06418	/data/Dutta_lab/aric/EA/SeqId_2611_72.PHENO1.glm.linear	15	41557675	ARIC
SeqId_2612_5	EIF5	P55010	/data/Dutta_lab/aric/EA/SeqId_2612_5.PHENO1.glm.linear	14	103333544	ARIC
SeqId_2614_28	EFNA4	P52798	/data/Dutta_lab/aric/EA/SeqId_2614_28.PHENO1.glm.linear	1	155063737	ARIC
SeqId_2615_60	EFNA5	P52803	/data/Dutta_lab/aric/EA/SeqId_2615_60.PHENO1.glm.linear	5	107388553	ARIC
SeqId_2616_23	ERBB2	P04626	/data/Dutta_lab/aric/EA/SeqId_2616_23.PHENO1.glm.linear	17	39687914	ARIC
SeqId_2617_56	ERBB3	P21860	/data/Dutta_lab/aric/EA/SeqId_2617_56.PHENO1.glm.linear	12	56076799	ARIC
SeqId_2618_10	ERBB4	Q15303	/data/Dutta_lab/aric/EA/SeqId_2618_10.PHENO1.glm.linear	2	211665354	ARIC
SeqId_2619_72	TACSTD2	P09758	/data/Dutta_lab/aric/EA/SeqId_2619_72.PHENO1.glm.linear	1	58577252	ARIC
SeqId_2620_4	IL6ST	P40189	/data/Dutta_lab/aric/EA/SeqId_2620_4.PHENO1.glm.linear	5	55947594	ARIC
SeqId_2622_18	HMOX2	P30519	/data/Dutta_lab/aric/EA/SeqId_2622_18.PHENO1.glm.linear	16	4474690	ARIC
SeqId_2625_53	HSP90AA1	P07900	/data/Dutta_lab/aric/EA/SeqId_2625_53.PHENO1.glm.linear	14	102084234	ARIC
SeqId_2631_50	IL10RB	Q08334	/data/Dutta_lab/aric/EA/SeqId_2631_50.PHENO1.glm.linear	21	33266367	ARIC
SeqId_2632_5	IL12RB1	P42701	/data/Dutta_lab/aric/EA/SeqId_2632_5.PHENO1.glm.linear	19	18086930	ARIC
SeqId_2635_61	LAYN	Q6UX15	/data/Dutta_lab/aric/EA/SeqId_2635_61.PHENO1.glm.linear	11	111540280	ARIC
SeqId_2636_10	LTBR	P36941	/data/Dutta_lab/aric/EA/SeqId_2636_10.PHENO1.glm.linear	12	6375045	ARIC
SeqId_2637_77	MRC1	P22897	/data/Dutta_lab/aric/EA/SeqId_2637_77.PHENO1.glm.linear	10	17809348	ARIC
SeqId_2640_3	MST1R	Q04912	/data/Dutta_lab/aric/EA/SeqId_2640_3.PHENO1.glm.linear	3	49891942	ARIC
SeqId_2642_4	PAFAH1B2	P68402	/data/Dutta_lab/aric/EA/SeqId_2642_4.PHENO1.glm.linear	11	117144284	ARIC
SeqId_2643_57	CDH3	P22223	/data/Dutta_lab/aric/EA/SeqId_2643_57.PHENO1.glm.linear	16	68636189	ARIC
SeqId_2644_11	PRKCA	P17252	/data/Dutta_lab/aric/EA/SeqId_2644_11.PHENO1.glm.linear	17	66302613	ARIC
SeqId_2645_54	PRKCZ	Q05513	/data/Dutta_lab/aric/EA/SeqId_2645_54.PHENO1.glm.linear	1	2050411	ARIC
SeqId_2647_66	GDI2	P50395	/data/Dutta_lab/aric/EA/SeqId_2647_66.PHENO1.glm.linear	10	5769389	ARIC
SeqId_2649_77	ICAM3	P32942	/data/Dutta_lab/aric/EA/SeqId_2649_77.PHENO1.glm.linear	19	10334723	ARIC
SeqId_2652_15	PLAUR	Q03405	/data/Dutta_lab/aric/EA/SeqId_2652_15.PHENO1.glm.linear	19	43656573	ARIC
SeqId_2654_19	TNFRSF1A	P19438	/data/Dutta_lab/aric/EA/SeqId_2654_19.PHENO1.glm.linear	12	6331147	ARIC
SeqId_2658_27	NTRK3	Q16288	/data/Dutta_lab/aric/EA/SeqId_2658_27.PHENO1.glm.linear	15	87933090	ARIC
SeqId_2665_26	TNFRSF17	Q02223	/data/Dutta_lab/aric/EA/SeqId_2665_26.PHENO1.glm.linear	16	11965210	ARIC
SeqId_2666_53	DCN	P07585	/data/Dutta_lab/aric/EA/SeqId_2666_53.PHENO1.glm.linear	12	91146208	ARIC
SeqId_2677_1	EGFR	P00533	/data/Dutta_lab/aric/EA/SeqId_2677_1.PHENO1.glm.linear	7	55019017	ARIC
SeqId_2681_23	HGF	P14210	/data/Dutta_lab/aric/EA/SeqId_2681_23.PHENO1.glm.linear	7	81762996	ARIC
SeqId_2682_68	HSPD1	P10809	/data/Dutta_lab/aric/EA/SeqId_2682_68.PHENO1.glm.linear	2	197490572	ARIC
SeqId_2683_1	C3	P01024	/data/Dutta_lab/aric/EA/SeqId_2683_1.PHENO1.glm.linear	19	6678330	ARIC
SeqId_2687_2	MIA	Q16674	/data/Dutta_lab/aric/EA/SeqId_2687_2.PHENO1.glm.linear	19	40771648	ARIC
SeqId_2692_74	PLA2G2A	P14555	/data/Dutta_lab/aric/EA/SeqId_2692_74.PHENO1.glm.linear	1	19979067	ARIC
SeqId_2695_25	PECAM1	P16284	/data/Dutta_lab/aric/EA/SeqId_2695_25.PHENO1.glm.linear	17	64370245	ARIC
SeqId_2696_87	PSPN	O60542	/data/Dutta_lab/aric/EA/SeqId_2696_87.PHENO1.glm.linear	19	6375849	ARIC
SeqId_2697_7	PF4	P02776	/data/Dutta_lab/aric/EA/SeqId_2697_7.PHENO1.glm.linear	4	73982027	ARIC
SeqId_2700_56	PROS1	P07225	/data/Dutta_lab/aric/EA/SeqId_2700_56.PHENO1.glm.linear	3	93886413	ARIC
SeqId_2704_74	TNFRSF13B	O14836	/data/Dutta_lab/aric/EA/SeqId_2704_74.PHENO1.glm.linear	17	16941062	ARIC
SeqId_2705_5	CCL25	O15444	/data/Dutta_lab/aric/EA/SeqId_2705_5.PHENO1.glm.linear	19	8052767	ARIC
SeqId_2708_54	TNFSF18	Q9UNG2	/data/Dutta_lab/aric/EA/SeqId_2708_54.PHENO1.glm.linear	1	173050963	ARIC
SeqId_2714_78	AIMP1	Q12904	/data/Dutta_lab/aric/EA/SeqId_2714_78.PHENO1.glm.linear	4	106315544	ARIC
SeqId_2719_3	CSF3R	Q99062	/data/Dutta_lab/aric/EA/SeqId_2719_3.PHENO1.glm.linear	1	36467809	ARIC
SeqId_2723_9	IL37	Q9NZH6	/data/Dutta_lab/aric/EA/SeqId_2723_9.PHENO1.glm.linear	2	112912971	ARIC
SeqId_2730_58	MICA	Q29983	/data/Dutta_lab/aric/EA/SeqId_2730_58.PHENO1.glm.linear	6	31399784	ARIC
SeqId_2731_29	POR	P16435	/data/Dutta_lab/aric/EA/SeqId_2731_29.PHENO1.glm.linear	7	75899200	ARIC
SeqId_2732_58	NANOG	Q9H9S0	/data/Dutta_lab/aric/EA/SeqId_2732_58.PHENO1.glm.linear	12	7787794	ARIC
SeqId_2734_49	NCR2	O95944	/data/Dutta_lab/aric/EA/SeqId_2734_49.PHENO1.glm.linear	6	41335608	ARIC
SeqId_2737_22	NOV	P48745	/data/Dutta_lab/aric/EA/SeqId_2737_22.PHENO1.glm.linear	8	119416446	ARIC
SeqId_2741_22	SIGLEC6	O43699	/data/Dutta_lab/aric/EA/SeqId_2741_22.PHENO1.glm.linear	19	51528447	ARIC
SeqId_2742_68	SIGLEC7	Q9Y286	/data/Dutta_lab/aric/EA/SeqId_2742_68.PHENO1.glm.linear	19	51142299	ARIC
SeqId_2743_5	SHH	Q15465	/data/Dutta_lab/aric/EA/SeqId_2743_5.PHENO1.glm.linear	7	155807370	ARIC
SeqId_2744_57	IGHG1 IGHG2 IGHG3 IGHG4 IGK@ IGL@	P01857	/data/Dutta_lab/aric/EA/SeqId_2744_57.PHENO1.glm.linear	14	105743071	ARIC
SeqId_2747_3	ULBP3	Q9BZM4	/data/Dutta_lab/aric/EA/SeqId_2747_3.PHENO1.glm.linear	6	150069066	ARIC
SeqId_2750_3	APOA1	P02647	/data/Dutta_lab/aric/EA/SeqId_2750_3.PHENO1.glm.linear	11	116837586	ARIC
SeqId_2752_62	GDF5	P43026	/data/Dutta_lab/aric/EA/SeqId_2752_62.PHENO1.glm.linear	20	35438228	ARIC
SeqId_2754_50	C3	P01024	/data/Dutta_lab/aric/EA/SeqId_2754_50.PHENO1.glm.linear	19	6678330	ARIC
SeqId_2755_8	C3	P01024	/data/Dutta_lab/aric/EA/SeqId_2755_8.PHENO1.glm.linear	19	6678330	ARIC
SeqId_2760_2	FAM107A	O95990	/data/Dutta_lab/aric/EA/SeqId_2760_2.PHENO1.glm.linear	3	58577388	ARIC
SeqId_2761_49	FGF18	O76093	/data/Dutta_lab/aric/EA/SeqId_2761_49.PHENO1.glm.linear	5	171419647	ARIC
SeqId_2763_66	FGF20	Q9NP95	/data/Dutta_lab/aric/EA/SeqId_2763_66.PHENO1.glm.linear	8	17001840	ARIC
SeqId_2770_51	CCL1	P22362	/data/Dutta_lab/aric/EA/SeqId_2770_51.PHENO1.glm.linear	17	34363233	ARIC
SeqId_2771_35	IGFBP1	P08833	/data/Dutta_lab/aric/EA/SeqId_2771_35.PHENO1.glm.linear	7	45888360	ARIC
SeqId_2773_50	IL10	P22301	/data/Dutta_lab/aric/EA/SeqId_2773_50.PHENO1.glm.linear	1	206770575	ARIC
SeqId_2774_10	IL16	Q14005	/data/Dutta_lab/aric/EA/SeqId_2774_10.PHENO1.glm.linear	15	81159575	ARIC
SeqId_2778_10	IL22	Q9GZX6	/data/Dutta_lab/aric/EA/SeqId_2778_10.PHENO1.glm.linear	12	68253502	ARIC
SeqId_2783_18	CCL3L1	P16619	/data/Dutta_lab/aric/EA/SeqId_2783_18.PHENO1.glm.linear	17	36196457	ARIC
SeqId_2788_55	MMP3	P08254	/data/Dutta_lab/aric/EA/SeqId_2788_55.PHENO1.glm.linear	11	102838710	ARIC
SeqId_2789_26	MMP7	P09237	/data/Dutta_lab/aric/EA/SeqId_2789_26.PHENO1.glm.linear	11	102530747	ARIC
SeqId_2790_54	PPBP	P02775	/data/Dutta_lab/aric/EA/SeqId_2790_54.PHENO1.glm.linear	4	73988190	ARIC
SeqId_2794_60	SOD1	P00441	/data/Dutta_lab/aric/EA/SeqId_2794_60.PHENO1.glm.linear	21	31659622	ARIC
SeqId_2797_56	APOB	P04114	/data/Dutta_lab/aric/EA/SeqId_2797_56.PHENO1.glm.linear	2	21042465	ARIC
SeqId_2806_49	ACVR1B	P36896	/data/Dutta_lab/aric/EA/SeqId_2806_49.PHENO1.glm.linear	12	51951699	ARIC
SeqId_2809_25	ADAMTS4	O75173	/data/Dutta_lab/aric/EA/SeqId_2809_25.PHENO1.glm.linear	1	161195751	ARIC
SeqId_2811_27	ANGPT1	Q15389	/data/Dutta_lab/aric/EA/SeqId_2811_27.PHENO1.glm.linear	8	107295541	ARIC
SeqId_2813_11	AGRP	O00253	/data/Dutta_lab/aric/EA/SeqId_2813_11.PHENO1.glm.linear	16	67483813	ARIC
SeqId_2816_50	BCAM	P50895	/data/Dutta_lab/aric/EA/SeqId_2816_50.PHENO1.glm.linear	19	44809071	ARIC
SeqId_2819_23	CDH5	P33151	/data/Dutta_lab/aric/EA/SeqId_2819_23.PHENO1.glm.linear	16	66366622	ARIC
SeqId_2823_7	COMMD7	Q86VX2	/data/Dutta_lab/aric/EA/SeqId_2823_7.PHENO1.glm.linear	20	32743406	ARIC
SeqId_2827_23	CX3CL1	P78423	/data/Dutta_lab/aric/EA/SeqId_2827_23.PHENO1.glm.linear	16	57372477	ARIC
SeqId_2828_82	SPINT1	O43278	/data/Dutta_lab/aric/EA/SeqId_2828_82.PHENO1.glm.linear	15	40844018	ARIC
SeqId_2831_29	KLK11	Q9UBX7	/data/Dutta_lab/aric/EA/SeqId_2831_29.PHENO1.glm.linear	19	51024211	ARIC
SeqId_2833_20	KLK4	Q9Y5K2	/data/Dutta_lab/aric/EA/SeqId_2833_20.PHENO1.glm.linear	19	50906820	ARIC
SeqId_2834_54	KLK8	O60259	/data/Dutta_lab/aric/EA/SeqId_2834_54.PHENO1.glm.linear	19	50997967	ARIC
SeqId_2835_1	XRCC6	P12956	/data/Dutta_lab/aric/EA/SeqId_2835_1.PHENO1.glm.linear	22	41621119	ARIC
SeqId_2836_68	LCN2	P80188	/data/Dutta_lab/aric/EA/SeqId_2836_68.PHENO1.glm.linear	9	128149071	ARIC
SeqId_2837_3	MET	P08581	/data/Dutta_lab/aric/EA/SeqId_2837_3.PHENO1.glm.linear	7	116672196	ARIC
SeqId_2838_53	MMP17	Q9ULZ9	/data/Dutta_lab/aric/EA/SeqId_2838_53.PHENO1.glm.linear	12	131828393	ARIC
SeqId_2839_2	TNFSF4	P23510	/data/Dutta_lab/aric/EA/SeqId_2839_2.PHENO1.glm.linear	1	173205558	ARIC
SeqId_2843_13	SPINT2	O43291	/data/Dutta_lab/aric/EA/SeqId_2843_13.PHENO1.glm.linear	19	38244035	ARIC
SeqId_2844_53	TIE1	P35590	/data/Dutta_lab/aric/EA/SeqId_2844_53.PHENO1.glm.linear	1	43300982	ARIC
SeqId_2846_24	RPS27A	P62979	/data/Dutta_lab/aric/EA/SeqId_2846_24.PHENO1.glm.linear	2	55231903	ARIC
SeqId_2849_49	AIF1	P55008	/data/Dutta_lab/aric/EA/SeqId_2849_49.PHENO1.glm.linear	6	31615217	ARIC
SeqId_2851_63	C5	P01031	/data/Dutta_lab/aric/EA/SeqId_2851_63.PHENO1.glm.linear	9	120962707	ARIC
SeqId_2853_68	CHEK1	O14757	/data/Dutta_lab/aric/EA/SeqId_2853_68.PHENO1.glm.linear	11	125625665	ARIC
SeqId_2855_49	MAPK3	P27361	/data/Dutta_lab/aric/EA/SeqId_2855_49.PHENO1.glm.linear	16	30115999	ARIC
SeqId_2860_19	KPNA2	P52292	/data/Dutta_lab/aric/EA/SeqId_2860_19.PHENO1.glm.linear	17	68035708	ARIC
SeqId_2864_2	MAP2K1	Q02750	/data/Dutta_lab/aric/EA/SeqId_2864_2.PHENO1.glm.linear	15	66386817	ARIC
SeqId_2870_29	RAC1	P63000	/data/Dutta_lab/aric/EA/SeqId_2870_29.PHENO1.glm.linear	7	6374527	ARIC
SeqId_2871_73	RAD51	Q06609	/data/Dutta_lab/aric/EA/SeqId_2871_73.PHENO1.glm.linear	15	40694774	ARIC
SeqId_2875_15	TBP	P20226	/data/Dutta_lab/aric/EA/SeqId_2875_15.PHENO1.glm.linear	6	170554302	ARIC
SeqId_2876_74	TOP1	P11387	/data/Dutta_lab/aric/EA/SeqId_2876_74.PHENO1.glm.linear	20	41028822	ARIC
SeqId_2877_3	UBE2I	P63279	/data/Dutta_lab/aric/EA/SeqId_2877_3.PHENO1.glm.linear	16	1308880	ARIC
SeqId_2878_66	YES1	P07947	/data/Dutta_lab/aric/EA/SeqId_2878_66.PHENO1.glm.linear	18	775266	ARIC
SeqId_2879_9	SERPINA3	P01011	/data/Dutta_lab/aric/EA/SeqId_2879_9.PHENO1.glm.linear	14	94612384	ARIC
SeqId_2888_49	C7	P10643	/data/Dutta_lab/aric/EA/SeqId_2888_49.PHENO1.glm.linear	5	40909497	ARIC
SeqId_2889_37	CTF1	Q16619	/data/Dutta_lab/aric/EA/SeqId_2889_37.PHENO1.glm.linear	16	30896607	ARIC
SeqId_2890_59	CCL28	Q9NRJ3	/data/Dutta_lab/aric/EA/SeqId_2890_59.PHENO1.glm.linear	5	43397264	ARIC
SeqId_2891_1	NA	P20273	/data/Dutta_lab/aric/EA/SeqId_2891_1.PHENO1.glm.linear	19	35319261	ARIC
SeqId_2900_53	CCL14	Q16627	/data/Dutta_lab/aric/EA/SeqId_2900_53.PHENO1.glm.linear	17	35986649	ARIC
SeqId_2906_55	IL4	P05112	/data/Dutta_lab/aric/EA/SeqId_2906_55.PHENO1.glm.linear	5	132673986	ARIC
SeqId_2911_27	MDK	P21741	/data/Dutta_lab/aric/EA/SeqId_2911_27.PHENO1.glm.linear	11	46380756	ARIC
SeqId_2913_1	CCL23	P55773	/data/Dutta_lab/aric/EA/SeqId_2913_1.PHENO1.glm.linear	17	36013781	ARIC
SeqId_2925_9	SERPINE1	P05121	/data/Dutta_lab/aric/EA/SeqId_2925_9.PHENO1.glm.linear	7	101127104	ARIC
SeqId_2938_55	APOE	P02649	/data/Dutta_lab/aric/EA/SeqId_2938_55.PHENO1.glm.linear	19	44905791	ARIC
SeqId_2939_10	ARTN	Q5T4W7	/data/Dutta_lab/aric/EA/SeqId_2939_10.PHENO1.glm.linear	1	43933320	ARIC
SeqId_2942_50	CYCS	P99999	/data/Dutta_lab/aric/EA/SeqId_2942_50.PHENO1.glm.linear	7	25125249	ARIC
SeqId_2943_5	CYP3A4	P08684	/data/Dutta_lab/aric/EA/SeqId_2943_5.PHENO1.glm.linear	7	99767822	ARIC
SeqId_2944_66	NBL1	P41271	/data/Dutta_lab/aric/EA/SeqId_2944_66.PHENO1.glm.linear	1	19596979	ARIC
SeqId_2946_52	CFD	P00746	/data/Dutta_lab/aric/EA/SeqId_2946_52.PHENO1.glm.linear	19	859664	ARIC
SeqId_2948_58	GHR	P10912	/data/Dutta_lab/aric/EA/SeqId_2948_58.PHENO1.glm.linear	5	42423439	ARIC
SeqId_2949_6	PLA2G10	O15496	/data/Dutta_lab/aric/EA/SeqId_2949_6.PHENO1.glm.linear	16	14694276	ARIC
SeqId_2950_57	IGFBP4	P22692	/data/Dutta_lab/aric/EA/SeqId_2950_57.PHENO1.glm.linear	17	40443450	ARIC
SeqId_2952_75	IGF1	P05019	/data/Dutta_lab/aric/EA/SeqId_2952_75.PHENO1.glm.linear	12	102415746	ARIC
SeqId_2961_1	PROC	P04070	/data/Dutta_lab/aric/EA/SeqId_2961_1.PHENO1.glm.linear	2	127418427	ARIC
SeqId_2962_50	PTHLH	P12272	/data/Dutta_lab/aric/EA/SeqId_2962_50.PHENO1.glm.linear	12	27969494	ARIC
SeqId_2966_65	CLEC11A	Q9Y240	/data/Dutta_lab/aric/EA/SeqId_2966_65.PHENO1.glm.linear	19	50723364	ARIC
SeqId_2967_8	VCAM1	P19320	/data/Dutta_lab/aric/EA/SeqId_2967_8.PHENO1.glm.linear	1	100719742	ARIC
SeqId_2968_61	TNFSF15	O95150	/data/Dutta_lab/aric/EA/SeqId_2968_61.PHENO1.glm.linear	9	114792108	ARIC
SeqId_2970_60	AREG	P15514	/data/Dutta_lab/aric/EA/SeqId_2970_60.PHENO1.glm.linear	4	74445136	ARIC
SeqId_2972_57	BMP7	P18075	/data/Dutta_lab/aric/EA/SeqId_2972_57.PHENO1.glm.linear	20	57173589	ARIC
SeqId_2973_15	CD36	P16671	/data/Dutta_lab/aric/EA/SeqId_2973_15.PHENO1.glm.linear	7	80369575	ARIC
SeqId_2974_61	CNTN1	Q12860	/data/Dutta_lab/aric/EA/SeqId_2974_61.PHENO1.glm.linear	12	40692439	ARIC
SeqId_2975_19	CTGF	P29279	/data/Dutta_lab/aric/EA/SeqId_2975_19.PHENO1.glm.linear	6	131951372	ARIC
SeqId_2976_58	DSG1	Q02413	/data/Dutta_lab/aric/EA/SeqId_2976_58.PHENO1.glm.linear	18	31318160	ARIC
SeqId_2977_7	EDAR	Q9UNE0	/data/Dutta_lab/aric/EA/SeqId_2977_7.PHENO1.glm.linear	2	108989220	ARIC
SeqId_2979_8	CXCL5	P42830	/data/Dutta_lab/aric/EA/SeqId_2979_8.PHENO1.glm.linear	4	73998677	ARIC
SeqId_2982_82	LGALS4	P56470	/data/Dutta_lab/aric/EA/SeqId_2982_82.PHENO1.glm.linear	19	38803651	ARIC
SeqId_2985_35	CXCL1	P09341	/data/Dutta_lab/aric/EA/SeqId_2985_35.PHENO1.glm.linear	4	73869393	ARIC
SeqId_2987_37	HIST1H1C	P16403	/data/Dutta_lab/aric/EA/SeqId_2987_37.PHENO1.glm.linear	6	26056428	ARIC
SeqId_2991_9	IL1R1	P14778	/data/Dutta_lab/aric/EA/SeqId_2991_9.PHENO1.glm.linear	2	102064544	ARIC
SeqId_2992_59	IL17RA	Q96F46	/data/Dutta_lab/aric/EA/SeqId_2992_59.PHENO1.glm.linear	22	17084954	ARIC
SeqId_2993_1	IL18RAP	O95256	/data/Dutta_lab/aric/EA/SeqId_2993_1.PHENO1.glm.linear	2	102418689	ARIC
SeqId_2994_71	IL1RL2	Q9HB29	/data/Dutta_lab/aric/EA/SeqId_2994_71.PHENO1.glm.linear	2	102187006	ARIC
SeqId_2997_8	JAM2	P57087	/data/Dutta_lab/aric/EA/SeqId_2997_8.PHENO1.glm.linear	21	25639258	ARIC
SeqId_2998_53	JAM3	Q9BX67	/data/Dutta_lab/aric/EA/SeqId_2998_53.PHENO1.glm.linear	11	134069071	ARIC
SeqId_2999_6	LSAMP	Q13449	/data/Dutta_lab/aric/EA/SeqId_2999_6.PHENO1.glm.linear	3	115842497	ARIC
SeqId_3000_66	MBL2	P11226	/data/Dutta_lab/aric/EA/SeqId_3000_66.PHENO1.glm.linear	10	52771700	ARIC
SeqId_3003_29	NCR3	O14931	/data/Dutta_lab/aric/EA/SeqId_3003_29.PHENO1.glm.linear	6	31592749	ARIC
SeqId_3004_67	PDCD1LG2	Q9BQ51	/data/Dutta_lab/aric/EA/SeqId_3004_67.PHENO1.glm.linear	9	5510531	ARIC
SeqId_3005_5	PTPN1	P18031	/data/Dutta_lab/aric/EA/SeqId_3005_5.PHENO1.glm.linear	20	50510321	ARIC
SeqId_3007_7	SIGLEC9	Q9Y336	/data/Dutta_lab/aric/EA/SeqId_3007_7.PHENO1.glm.linear	19	51124908	ARIC
SeqId_3009_3	TGFBR3	Q03167	/data/Dutta_lab/aric/EA/SeqId_3009_3.PHENO1.glm.linear	1	91712363	ARIC
SeqId_3010_53	TSLP	Q969D9	/data/Dutta_lab/aric/EA/SeqId_3010_53.PHENO1.glm.linear	5	111070062	ARIC
SeqId_3022_4	CTLA4	P16410	/data/Dutta_lab/aric/EA/SeqId_3022_4.PHENO1.glm.linear	2	203867771	ARIC
SeqId_3024_18	SERPINF2	P08697	/data/Dutta_lab/aric/EA/SeqId_3024_18.PHENO1.glm.linear	17	1742836	ARIC
SeqId_3025_50	FGF2	P09038	/data/Dutta_lab/aric/EA/SeqId_3025_50.PHENO1.glm.linear	4	122826708	ARIC
SeqId_3026_5	CAST	P20810	/data/Dutta_lab/aric/EA/SeqId_3026_5.PHENO1.glm.linear	5	96525267	ARIC
SeqId_3028_36	CCL23	P55773	/data/Dutta_lab/aric/EA/SeqId_3028_36.PHENO1.glm.linear	17	36013781	ARIC
SeqId_3029_52	CD209	Q9NNX6	/data/Dutta_lab/aric/EA/SeqId_3029_52.PHENO1.glm.linear	19	7747511	ARIC
SeqId_3030_3	CLEC4M	Q9H2X3	/data/Dutta_lab/aric/EA/SeqId_3030_3.PHENO1.glm.linear	19	7763149	ARIC
SeqId_3033_57	LGALS2	P05162	/data/Dutta_lab/aric/EA/SeqId_3033_57.PHENO1.glm.linear	22	37580087	ARIC
SeqId_3034_1	GFAP	P14136	/data/Dutta_lab/aric/EA/SeqId_3034_1.PHENO1.glm.linear	17	44908076	ARIC
SeqId_3035_80	IL19	Q9UHD0	/data/Dutta_lab/aric/EA/SeqId_3035_80.PHENO1.glm.linear	1	206770764	ARIC
SeqId_3037_62	IL1B	P01584	/data/Dutta_lab/aric/EA/SeqId_3037_62.PHENO1.glm.linear	2	112833575	ARIC
SeqId_3038_9	CXCL11	O14625	/data/Dutta_lab/aric/EA/SeqId_3038_9.PHENO1.glm.linear	4	76036070	ARIC
SeqId_3040_59	CCL3	P10147	/data/Dutta_lab/aric/EA/SeqId_3040_59.PHENO1.glm.linear	17	36090134	ARIC
SeqId_3041_55	MRC2	Q9UBG0	/data/Dutta_lab/aric/EA/SeqId_3041_55.PHENO1.glm.linear	17	62627670	ARIC
SeqId_3042_7	MB	P02144	/data/Dutta_lab/aric/EA/SeqId_3042_7.PHENO1.glm.linear	22	35615713	ARIC
SeqId_3043_49	SPARC	P09486	/data/Dutta_lab/aric/EA/SeqId_3043_49.PHENO1.glm.linear	5	151667584	ARIC
SeqId_3044_3	CCL18	P55774	/data/Dutta_lab/aric/EA/SeqId_3044_3.PHENO1.glm.linear	17	36064272	ARIC
SeqId_3045_72	PTN	P21246	/data/Dutta_lab/aric/EA/SeqId_3045_72.PHENO1.glm.linear	7	137343733	ARIC
SeqId_3046_31	RETN	Q9HD89	/data/Dutta_lab/aric/EA/SeqId_3046_31.PHENO1.glm.linear	19	7669049	ARIC
SeqId_3049_61	PRSS1	P07477	/data/Dutta_lab/aric/EA/SeqId_3049_61.PHENO1.glm.linear	7	142749468	ARIC
SeqId_3052_8	FASLG	P48023	/data/Dutta_lab/aric/EA/SeqId_3052_8.PHENO1.glm.linear	1	172659103	ARIC
SeqId_3054_3	HP	P00738	/data/Dutta_lab/aric/EA/SeqId_3054_3.PHENO1.glm.linear	16	72054505	ARIC
SeqId_3055_54	IL4R	P24394	/data/Dutta_lab/aric/EA/SeqId_3055_54.PHENO1.glm.linear	16	27313668	ARIC
SeqId_3057_55	WISP1	O95388	/data/Dutta_lab/aric/EA/SeqId_3057_55.PHENO1.glm.linear	8	133191039	ARIC
SeqId_3059_50	TNFSF13B	Q9Y275	/data/Dutta_lab/aric/EA/SeqId_3059_50.PHENO1.glm.linear	13	108251240	ARIC
SeqId_3060_43	C9	P02748	/data/Dutta_lab/aric/EA/SeqId_3060_43.PHENO1.glm.linear	5	39364495	ARIC
SeqId_3065_65	FGF5	P12034	/data/Dutta_lab/aric/EA/SeqId_3065_65.PHENO1.glm.linear	4	80266599	ARIC
SeqId_3066_12	LGALS3	P17931	/data/Dutta_lab/aric/EA/SeqId_3066_12.PHENO1.glm.linear	14	55124110	ARIC
SeqId_3067_67	GDF9	O60383	/data/Dutta_lab/aric/EA/SeqId_3067_67.PHENO1.glm.linear	5	132866330	ARIC
SeqId_3069_52	IGHM IGJ IGK@ IGL@	P01871	/data/Dutta_lab/aric/EA/SeqId_3069_52.PHENO1.glm.linear	14	105856218	ARIC
SeqId_3070_1	IL2	P60568	/data/Dutta_lab/aric/EA/SeqId_3070_1.PHENO1.glm.linear	4	122456440	ARIC
SeqId_3072_4	IL13	P35225	/data/Dutta_lab/aric/EA/SeqId_3072_4.PHENO1.glm.linear	5	132656263	ARIC
SeqId_3073_51	IL18BP	O95998	/data/Dutta_lab/aric/EA/SeqId_3073_51.PHENO1.glm.linear	11	71998613	ARIC
SeqId_3074_6	LBP	P18428	/data/Dutta_lab/aric/EA/SeqId_3074_6.PHENO1.glm.linear	20	38346482	ARIC
SeqId_3077_66	F10	P00742	/data/Dutta_lab/aric/EA/SeqId_3077_66.PHENO1.glm.linear	13	113122799	ARIC
SeqId_3078_1	PGF	P49763	/data/Dutta_lab/aric/EA/SeqId_3078_1.PHENO1.glm.linear	14	74948215	ARIC
SeqId_3079_62	RARRES2	Q99969	/data/Dutta_lab/aric/EA/SeqId_3079_62.PHENO1.glm.linear	7	150341629	ARIC
SeqId_3081_70	ULBP1	Q9BZM6	/data/Dutta_lab/aric/EA/SeqId_3081_70.PHENO1.glm.linear	6	149963943	ARIC
SeqId_3082_9	ULBP2	Q9BZM5	/data/Dutta_lab/aric/EA/SeqId_3082_9.PHENO1.glm.linear	6	149942014	ARIC
SeqId_3091_70	AURKA	O14965	/data/Dutta_lab/aric/EA/SeqId_3091_70.PHENO1.glm.linear	20	56392131	ARIC
SeqId_3115_64	MAPK1	P28482	/data/Dutta_lab/aric/EA/SeqId_3115_64.PHENO1.glm.linear	22	21769428	ARIC
SeqId_3122_6	DIABLO	Q9NR28	/data/Dutta_lab/aric/EA/SeqId_3122_6.PHENO1.glm.linear	12	122217789	ARIC
SeqId_3132_1	VEGFC	P49767	/data/Dutta_lab/aric/EA/SeqId_3132_1.PHENO1.glm.linear	4	176729592	ARIC
SeqId_3143_3	CD4	P01730	/data/Dutta_lab/aric/EA/SeqId_3143_3.PHENO1.glm.linear	12	6786858	ARIC
SeqId_3148_49	CXCL2	P19875	/data/Dutta_lab/aric/EA/SeqId_3148_49.PHENO1.glm.linear	4	74099195	ARIC
SeqId_3151_6	IL2RA	P01589	/data/Dutta_lab/aric/EA/SeqId_3151_6.PHENO1.glm.linear	10	6020339	ARIC
SeqId_3152_57	TNFRSF1B	P20333	/data/Dutta_lab/aric/EA/SeqId_3152_57.PHENO1.glm.linear	1	12166991	ARIC
SeqId_3166_92	CD33	P20138	/data/Dutta_lab/aric/EA/SeqId_3166_92.PHENO1.glm.linear	19	51225064	ARIC
SeqId_3168_8	ADAMTS5	Q9UNA0	/data/Dutta_lab/aric/EA/SeqId_3168_8.PHENO1.glm.linear	21	26965573	ARIC
SeqId_3169_70	IDUA	P35475	/data/Dutta_lab/aric/EA/SeqId_3169_70.PHENO1.glm.linear	4	986997	ARIC
SeqId_3170_6	METAP2	P50579	/data/Dutta_lab/aric/EA/SeqId_3170_6.PHENO1.glm.linear	12	95473520	ARIC
SeqId_3171_57	APP	P05067	/data/Dutta_lab/aric/EA/SeqId_3171_57.PHENO1.glm.linear	21	25897983	ARIC
SeqId_3172_28	ARSB	P15848	/data/Dutta_lab/aric/EA/SeqId_3172_28.PHENO1.glm.linear	5	78783494	ARIC
SeqId_3173_49	NAAA	Q02083	/data/Dutta_lab/aric/EA/SeqId_3173_49.PHENO1.glm.linear	4	75921027	ARIC
SeqId_3174_2	ADAMTS1	Q9UHI8	/data/Dutta_lab/aric/EA/SeqId_3174_2.PHENO1.glm.linear	21	26840489	ARIC
SeqId_3175_51	ADAMTS13	Q76LX8	/data/Dutta_lab/aric/EA/SeqId_3175_51.PHENO1.glm.linear	9	133414358	ARIC
SeqId_3178_5	CTSC	P53634	/data/Dutta_lab/aric/EA/SeqId_3178_5.PHENO1.glm.linear	11	88299755	ARIC
SeqId_3179_51	CTSA	P10619	/data/Dutta_lab/aric/EA/SeqId_3179_51.PHENO1.glm.linear	20	45890144	ARIC
SeqId_3181_50	CTSS	P25774	/data/Dutta_lab/aric/EA/SeqId_3181_50.PHENO1.glm.linear	1	150733062	ARIC
SeqId_3182_38	ENTPD1	P49961	/data/Dutta_lab/aric/EA/SeqId_3182_38.PHENO1.glm.linear	10	95711779	ARIC
SeqId_3184_25	F7	P08709	/data/Dutta_lab/aric/EA/SeqId_3184_25.PHENO1.glm.linear	13	113105788	ARIC
SeqId_3186_2	C2	P06681	/data/Dutta_lab/aric/EA/SeqId_3186_2.PHENO1.glm.linear	6	31897785	ARIC
SeqId_3187_52	CRISP3	P54108	/data/Dutta_lab/aric/EA/SeqId_3187_52.PHENO1.glm.linear	6	49744386	ARIC
SeqId_3189_61	TMPRSS15	P98073	/data/Dutta_lab/aric/EA/SeqId_3189_61.PHENO1.glm.linear	21	18403785	ARIC
SeqId_3191_50	WFIKKN1	Q96NZ8	/data/Dutta_lab/aric/EA/SeqId_3191_50.PHENO1.glm.linear	16	629239	ARIC
SeqId_3192_3	CNDP2	Q96KP4	/data/Dutta_lab/aric/EA/SeqId_3192_3.PHENO1.glm.linear	18	74495816	ARIC
SeqId_3194_36	GP6	Q9HCN6	/data/Dutta_lab/aric/EA/SeqId_3194_36.PHENO1.glm.linear	19	55018819	ARIC
SeqId_3195_50	GNLY	P22749	/data/Dutta_lab/aric/EA/SeqId_3195_50.PHENO1.glm.linear	2	85685175	ARIC
SeqId_3196_6	HAPLN1	P10915	/data/Dutta_lab/aric/EA/SeqId_3196_6.PHENO1.glm.linear	5	83673544	ARIC
SeqId_3197_70	IDE	P14735	/data/Dutta_lab/aric/EA/SeqId_3197_70.PHENO1.glm.linear	10	92479587	ARIC
SeqId_3201_49	KLK5	Q9Y337	/data/Dutta_lab/aric/EA/SeqId_3201_49.PHENO1.glm.linear	19	50952668	ARIC
SeqId_3202_28	KREMEN2	Q8NCW0	/data/Dutta_lab/aric/EA/SeqId_3202_28.PHENO1.glm.linear	16	2964216	ARIC
SeqId_3204_2	LTA4H	P09960	/data/Dutta_lab/aric/EA/SeqId_3204_2.PHENO1.glm.linear	12	96011258	ARIC
SeqId_3206_4	LYVE1	Q9Y5Y7	/data/Dutta_lab/aric/EA/SeqId_3206_4.PHENO1.glm.linear	11	10568577	ARIC
SeqId_3209_69	MEPE	Q9NQ76	/data/Dutta_lab/aric/EA/SeqId_3209_69.PHENO1.glm.linear	4	87821411	ARIC
SeqId_3210_1	METAP1	P53582	/data/Dutta_lab/aric/EA/SeqId_3210_1.PHENO1.glm.linear	4	98995659	ARIC
SeqId_3212_30	ASAH2	Q9NR71	/data/Dutta_lab/aric/EA/SeqId_3212_30.PHENO1.glm.linear	10	50199146	ARIC
SeqId_3213_65	NID1	P14543	/data/Dutta_lab/aric/EA/SeqId_3213_65.PHENO1.glm.linear	1	236065090	ARIC
SeqId_3216_2	PIGR	P01833	/data/Dutta_lab/aric/EA/SeqId_3216_2.PHENO1.glm.linear	1	206931833	ARIC
SeqId_3220_40	RET	P07949	/data/Dutta_lab/aric/EA/SeqId_3220_40.PHENO1.glm.linear	10	43077064	ARIC
SeqId_3221_54	SFRP1	Q8N474	/data/Dutta_lab/aric/EA/SeqId_3221_54.PHENO1.glm.linear	8	41306990	ARIC
SeqId_3222_11	SEMA3A	Q14563	/data/Dutta_lab/aric/EA/SeqId_3222_11.PHENO1.glm.linear	7	84194789	ARIC
SeqId_3232_28	ACP5	P13686	/data/Dutta_lab/aric/EA/SeqId_3232_28.PHENO1.glm.linear	19	11576943	ARIC
SeqId_3234_23	CCDC80	Q76M96	/data/Dutta_lab/aric/EA/SeqId_3234_23.PHENO1.glm.linear	3	112610280	ARIC
SeqId_3235_50	WFIKKN2	Q8TEU8	/data/Dutta_lab/aric/EA/SeqId_3235_50.PHENO1.glm.linear	17	50834650	ARIC
SeqId_3280_49	ACAN	P16112	/data/Dutta_lab/aric/EA/SeqId_3280_49.PHENO1.glm.linear	15	88803436	ARIC
SeqId_3283_21	TGFBI	Q15582	/data/Dutta_lab/aric/EA/SeqId_3283_21.PHENO1.glm.linear	5	136028988	ARIC
SeqId_3285_23	C1R	P00736	/data/Dutta_lab/aric/EA/SeqId_3285_23.PHENO1.glm.linear	12	7087844	ARIC
SeqId_3290_50	CD109	Q6YHK3	/data/Dutta_lab/aric/EA/SeqId_3290_50.PHENO1.glm.linear	6	73695785	ARIC
SeqId_3291_30	FCER2	P06734	/data/Dutta_lab/aric/EA/SeqId_3291_30.PHENO1.glm.linear	19	7699479	ARIC
SeqId_3292_75	CD48	P09326	/data/Dutta_lab/aric/EA/SeqId_3292_75.PHENO1.glm.linear	1	160711803	ARIC
SeqId_3293_2	CD5L	O43866	/data/Dutta_lab/aric/EA/SeqId_3293_2.PHENO1.glm.linear	1	157841808	ARIC
SeqId_3294_55	CFC1	P0CG37	/data/Dutta_lab/aric/EA/SeqId_3294_55.PHENO1.glm.linear	2	130599575	ARIC
SeqId_3296_92	CNTN2	Q02246	/data/Dutta_lab/aric/EA/SeqId_3296_92.PHENO1.glm.linear	1	205042937	ARIC
SeqId_3298_52	CNTN4	Q8IWV2	/data/Dutta_lab/aric/EA/SeqId_3298_52.PHENO1.glm.linear	3	2098813	ARIC
SeqId_3299_29	CNTN5	O94779	/data/Dutta_lab/aric/EA/SeqId_3299_29.PHENO1.glm.linear	11	99020949	ARIC
SeqId_3302_58	CST7	O76096	/data/Dutta_lab/aric/EA/SeqId_3302_58.PHENO1.glm.linear	20	24949269	ARIC
SeqId_3305_6	DLL4	Q9NR61	/data/Dutta_lab/aric/EA/SeqId_3305_6.PHENO1.glm.linear	15	40929340	ARIC
SeqId_3309_2	FCGR2A	P12318	/data/Dutta_lab/aric/EA/SeqId_3309_2.PHENO1.glm.linear	1	161505430	ARIC
SeqId_3310_62	FCGR2B	P31994	/data/Dutta_lab/aric/EA/SeqId_3310_62.PHENO1.glm.linear	1	161663147	ARIC
SeqId_3311_27	FCGR3B	O75015	/data/Dutta_lab/aric/EA/SeqId_3311_27.PHENO1.glm.linear	1	161630250	ARIC
SeqId_3312_64	FCGR1A	P12314	/data/Dutta_lab/aric/EA/SeqId_3312_64.PHENO1.glm.linear	1	149782671	ARIC
SeqId_3313_21	FCN2	Q15485	/data/Dutta_lab/aric/EA/SeqId_3313_21.PHENO1.glm.linear	9	134880810	ARIC
SeqId_3314_74	GFRA1	P56159	/data/Dutta_lab/aric/EA/SeqId_3314_74.PHENO1.glm.linear	10	116272282	ARIC
SeqId_3315_15	GPC2	Q8N158	/data/Dutta_lab/aric/EA/SeqId_3315_15.PHENO1.glm.linear	7	100172218	ARIC
SeqId_3316_58	SERPIND1	P05546	/data/Dutta_lab/aric/EA/SeqId_3316_58.PHENO1.glm.linear	22	20774113	ARIC
SeqId_3317_33	HTRA2	O43464	/data/Dutta_lab/aric/EA/SeqId_3317_33.PHENO1.glm.linear	2	74529377	ARIC
SeqId_3320_49	IGFBP7	Q16270	/data/Dutta_lab/aric/EA/SeqId_3320_49.PHENO1.glm.linear	4	57065603	ARIC
SeqId_3321_2	IL24	Q13007	/data/Dutta_lab/aric/EA/SeqId_3321_2.PHENO1.glm.linear	1	206897443	ARIC
SeqId_3322_52	LRIG3	Q6UXM1	/data/Dutta_lab/aric/EA/SeqId_3322_52.PHENO1.glm.linear	12	58874572	ARIC
SeqId_3323_37	LRP8	Q14114	/data/Dutta_lab/aric/EA/SeqId_3323_37.PHENO1.glm.linear	1	53257291	ARIC
SeqId_3324_51	LY9	Q9HBG7	/data/Dutta_lab/aric/EA/SeqId_3324_51.PHENO1.glm.linear	1	160796074	ARIC
SeqId_3325_2	MATN2	O00339	/data/Dutta_lab/aric/EA/SeqId_3325_2.PHENO1.glm.linear	8	97868840	ARIC
SeqId_3326_58	CADM1	Q9BY67	/data/Dutta_lab/aric/EA/SeqId_3326_58.PHENO1.glm.linear	11	115179111	ARIC
SeqId_3327_27	NTN4	Q9HB63	/data/Dutta_lab/aric/EA/SeqId_3327_27.PHENO1.glm.linear	12	95665859	ARIC
SeqId_3329_14	PGLYRP1	O75594	/data/Dutta_lab/aric/EA/SeqId_3329_14.PHENO1.glm.linear	19	46023053	ARIC
SeqId_3331_8	RGMB	Q6NW40	/data/Dutta_lab/aric/EA/SeqId_3331_8.PHENO1.glm.linear	5	98768650	ARIC
SeqId_3336_50	TFPI	P10646	/data/Dutta_lab/aric/EA/SeqId_3336_50.PHENO1.glm.linear	2	187496976	ARIC
SeqId_3339_33	THBS2	P35442	/data/Dutta_lab/aric/EA/SeqId_3339_33.PHENO1.glm.linear	6	169223440	ARIC
SeqId_3340_53	THBS4	P35443	/data/Dutta_lab/aric/EA/SeqId_3340_53.PHENO1.glm.linear	5	79991311	ARIC
SeqId_3341_33	ABL1	P00519	/data/Dutta_lab/aric/EA/SeqId_3341_33.PHENO1.glm.linear	9	130713016	ARIC
SeqId_3342_76	ABL2	P42684	/data/Dutta_lab/aric/EA/SeqId_3342_76.PHENO1.glm.linear	1	179119484	ARIC
SeqId_3343_1	ACY1	Q03154	/data/Dutta_lab/aric/EA/SeqId_3343_1.PHENO1.glm.linear	3	51983340	ARIC
SeqId_3344_60	SERPINC1	P01008	/data/Dutta_lab/aric/EA/SeqId_3344_60.PHENO1.glm.linear	1	173914665	ARIC
SeqId_3346_72	AURKB	Q96GD4	/data/Dutta_lab/aric/EA/SeqId_3346_72.PHENO1.glm.linear	17	8206698	ARIC
SeqId_3347_9	ADRBK1	P25098	/data/Dutta_lab/aric/EA/SeqId_3347_9.PHENO1.glm.linear	11	67266473	ARIC
SeqId_3348_49	BMP1	P13497	/data/Dutta_lab/aric/EA/SeqId_3348_49.PHENO1.glm.linear	8	22165140	ARIC
SeqId_3350_53	CAMK2A	Q9UQM7	/data/Dutta_lab/aric/EA/SeqId_3350_53.PHENO1.glm.linear	5	150245328	ARIC
SeqId_3351_1	CAMK2B	Q13554	/data/Dutta_lab/aric/EA/SeqId_3351_1.PHENO1.glm.linear	7	44220953	ARIC
SeqId_3352_80	CA6	P23280	/data/Dutta_lab/aric/EA/SeqId_3352_80.PHENO1.glm.linear	1	8945867	ARIC
SeqId_3356_50	CA7	P43166	/data/Dutta_lab/aric/EA/SeqId_3356_50.PHENO1.glm.linear	16	66844414	ARIC
SeqId_3361_26	CD207	Q9UJ71	/data/Dutta_lab/aric/EA/SeqId_3361_26.PHENO1.glm.linear	2	70835816	ARIC
SeqId_3363_31	CSK	P41240	/data/Dutta_lab/aric/EA/SeqId_3363_31.PHENO1.glm.linear	15	74782057	ARIC
SeqId_3364_76	CTSV	O60911	/data/Dutta_lab/aric/EA/SeqId_3364_76.PHENO1.glm.linear	9	97039142	ARIC
SeqId_3365_7	DKK4	Q9UBT3	/data/Dutta_lab/aric/EA/SeqId_3365_7.PHENO1.glm.linear	8	42377229	ARIC
SeqId_3366_51	ECM1	Q16610	/data/Dutta_lab/aric/EA/SeqId_3366_51.PHENO1.glm.linear	1	150508062	ARIC
SeqId_3367_8	FETUB	Q9UGM5	/data/Dutta_lab/aric/EA/SeqId_3367_8.PHENO1.glm.linear	3	186635969	ARIC
SeqId_3373_5	GZMH	P20718	/data/Dutta_lab/aric/EA/SeqId_3373_5.PHENO1.glm.linear	14	24609667	ARIC
SeqId_3374_49	HCK	P08631	/data/Dutta_lab/aric/EA/SeqId_3374_49.PHENO1.glm.linear	20	32052188	ARIC
SeqId_3376_49	IL17RD	Q8NFM7	/data/Dutta_lab/aric/EA/SeqId_3376_49.PHENO1.glm.linear	3	57142491	ARIC
SeqId_3378_49	KLK7	P49862	/data/Dutta_lab/aric/EA/SeqId_3378_49.PHENO1.glm.linear	19	50983815	ARIC
SeqId_3379_29	PRKCI	P41743	/data/Dutta_lab/aric/EA/SeqId_3379_29.PHENO1.glm.linear	3	170222424	ARIC
SeqId_3381_24	LYN	P07948	/data/Dutta_lab/aric/EA/SeqId_3381_24.PHENO1.glm.linear	8	55879835	ARIC
SeqId_3388_58	PAK7	Q9P286	/data/Dutta_lab/aric/EA/SeqId_3388_58.PHENO1.glm.linear	20	9838831	ARIC
SeqId_3389_7	SERPINA5	P05154	/data/Dutta_lab/aric/EA/SeqId_3389_7.PHENO1.glm.linear	14	94561442	ARIC
SeqId_3391_10	PIK3CG	P48736	/data/Dutta_lab/aric/EA/SeqId_3391_10.PHENO1.glm.linear	7	106865278	ARIC
SeqId_3392_68	AKT3	Q9Y243	/data/Dutta_lab/aric/EA/SeqId_3392_68.PHENO1.glm.linear	1	243615146	ARIC
SeqId_3394_81	PLK1	P53350	/data/Dutta_lab/aric/EA/SeqId_3394_81.PHENO1.glm.linear	16	23677656	ARIC
SeqId_3396_54	REN	P00797	/data/Dutta_lab/aric/EA/SeqId_3396_54.PHENO1.glm.linear	1	204166337	ARIC
SeqId_3397_7	PTPN11	Q06124	/data/Dutta_lab/aric/EA/SeqId_3397_7.PHENO1.glm.linear	12	112418351	ARIC
SeqId_3399_31	STAB2	Q8WWQ8	/data/Dutta_lab/aric/EA/SeqId_3399_31.PHENO1.glm.linear	12	103587273	ARIC
SeqId_3400_49	TBK1	Q9UHD2	/data/Dutta_lab/aric/EA/SeqId_3400_49.PHENO1.glm.linear	12	64452092	ARIC
SeqId_3401_8	PTPN2	P17706	/data/Dutta_lab/aric/EA/SeqId_3401_8.PHENO1.glm.linear	18	12787741	ARIC
SeqId_3403_1	TPSB2	P20231	/data/Dutta_lab/aric/EA/SeqId_3403_1.PHENO1.glm.linear	16	1230162	ARIC
SeqId_3404_51	TPSG1	Q9NRR2	/data/Dutta_lab/aric/EA/SeqId_3404_51.PHENO1.glm.linear	16	1224775	ARIC
SeqId_3405_6	UFC1	Q9Y3C8	/data/Dutta_lab/aric/EA/SeqId_3405_6.PHENO1.glm.linear	1	161152776	ARIC
SeqId_3412_7	BCL2	P10415	/data/Dutta_lab/aric/EA/SeqId_3412_7.PHENO1.glm.linear	18	63161869	ARIC
SeqId_3413_50	BCL2A1	Q16548	/data/Dutta_lab/aric/EA/SeqId_3413_50.PHENO1.glm.linear	15	79971169	ARIC
SeqId_3415_61	IBSP	P21815	/data/Dutta_lab/aric/EA/SeqId_3415_61.PHENO1.glm.linear	4	87799554	ARIC
SeqId_3418_12	CAMK1D	Q8IU85	/data/Dutta_lab/aric/EA/SeqId_3418_12.PHENO1.glm.linear	10	12349482	ARIC
SeqId_3419_49	CAMK2D	Q13557	/data/Dutta_lab/aric/EA/SeqId_3419_49.PHENO1.glm.linear	4	113513842	ARIC
SeqId_3420_21	CA13	Q8N1Q1	/data/Dutta_lab/aric/EA/SeqId_3420_21.PHENO1.glm.linear	8	85220587	ARIC
SeqId_3421_54	TNFSF8	P32971	/data/Dutta_lab/aric/EA/SeqId_3421_54.PHENO1.glm.linear	9	114904308	ARIC
SeqId_3423_59	CMA1	P23946	/data/Dutta_lab/aric/EA/SeqId_3423_59.PHENO1.glm.linear	14	24508265	ARIC
SeqId_3427_63	CSNK2A1	P68400	/data/Dutta_lab/aric/EA/SeqId_3427_63.PHENO1.glm.linear	20	488736	ARIC
SeqId_3431_54	EPHA1	P21709	/data/Dutta_lab/aric/EA/SeqId_3431_54.PHENO1.glm.linear	7	143391391	ARIC
SeqId_3432_21	EPHA3	P29320	/data/Dutta_lab/aric/EA/SeqId_3432_21.PHENO1.glm.linear	3	89107621	ARIC
SeqId_3435_53	FN1	P02751	/data/Dutta_lab/aric/EA/SeqId_3435_53.PHENO1.glm.linear	2	215363640	ARIC
SeqId_3437_80	FLT3	P36888	/data/Dutta_lab/aric/EA/SeqId_3437_80.PHENO1.glm.linear	13	28014512	ARIC
SeqId_3438_10	FSTL3	O95633	/data/Dutta_lab/aric/EA/SeqId_3438_10.PHENO1.glm.linear	19	676392	ARIC
SeqId_3440_7	GZMA	P12544	/data/Dutta_lab/aric/EA/SeqId_3440_7.PHENO1.glm.linear	5	55102646	ARIC
SeqId_3441_64	GSK3A	P49840	/data/Dutta_lab/aric/EA/SeqId_3441_64.PHENO1.glm.linear	19	42232837	ARIC
SeqId_3445_53	IL15RA	Q13261	/data/Dutta_lab/aric/EA/SeqId_3445_53.PHENO1.glm.linear	10	5960567	ARIC
SeqId_3447_64	CXCL8	P10145	/data/Dutta_lab/aric/EA/SeqId_3447_64.PHENO1.glm.linear	4	73740541	ARIC
SeqId_3448_13	INSR	P06213	/data/Dutta_lab/aric/EA/SeqId_3448_13.PHENO1.glm.linear	19	7123158	ARIC
SeqId_3449_58	SERPINA4	P29622	/data/Dutta_lab/aric/EA/SeqId_3449_58.PHENO1.glm.linear	14	94561442	ARIC
SeqId_3450_4	KLK6	Q92876	/data/Dutta_lab/aric/EA/SeqId_3450_4.PHENO1.glm.linear	19	50968196	ARIC
SeqId_3452_17	LCK	P06239	/data/Dutta_lab/aric/EA/SeqId_3452_17.PHENO1.glm.linear	1	32251239	ARIC
SeqId_3453_87	LYN	P07948	/data/Dutta_lab/aric/EA/SeqId_3453_87.PHENO1.glm.linear	8	55879835	ARIC
SeqId_3457_57	POSTN	Q15063	/data/Dutta_lab/aric/EA/SeqId_3457_57.PHENO1.glm.linear	13	37565003	ARIC
SeqId_3459_49	PDGFRB	P09619	/data/Dutta_lab/aric/EA/SeqId_3459_49.PHENO1.glm.linear	5	150114958	ARIC
SeqId_3461_58	BCAN	Q96GW7	/data/Dutta_lab/aric/EA/SeqId_3461_58.PHENO1.glm.linear	1	156641390	ARIC
SeqId_3466_8	PRKACA	P17612	/data/Dutta_lab/aric/EA/SeqId_3466_8.PHENO1.glm.linear	19	14098465	ARIC
SeqId_3470_1	SELE	P16581	/data/Dutta_lab/aric/EA/SeqId_3470_1.PHENO1.glm.linear	1	169732718	ARIC
SeqId_3471_49	STK16	O75716	/data/Dutta_lab/aric/EA/SeqId_3471_49.PHENO1.glm.linear	2	219245455	ARIC
SeqId_3472_40	BIRC5	O15392	/data/Dutta_lab/aric/EA/SeqId_3472_40.PHENO1.glm.linear	17	78214186	ARIC
SeqId_3473_78	MPL	P40238	/data/Dutta_lab/aric/EA/SeqId_3473_78.PHENO1.glm.linear	1	43337818	ARIC
SeqId_3474_19	THBS1	P07996	/data/Dutta_lab/aric/EA/SeqId_3474_19.PHENO1.glm.linear	15	39581079	ARIC
SeqId_3477_63	NTRK1	P04629	/data/Dutta_lab/aric/EA/SeqId_3477_63.PHENO1.glm.linear	1	156815640	ARIC
SeqId_3480_7	DUSP3	P51452	/data/Dutta_lab/aric/EA/SeqId_3480_7.PHENO1.glm.linear	17	43774768	ARIC
SeqId_3481_87	XPNPEP1	Q9NQW7	/data/Dutta_lab/aric/EA/SeqId_3481_87.PHENO1.glm.linear	10	109871032	ARIC
SeqId_3484_60	AGT	P01019	/data/Dutta_lab/aric/EA/SeqId_3484_60.PHENO1.glm.linear	1	230714122	ARIC
SeqId_3485_28	B2M	P61769	/data/Dutta_lab/aric/EA/SeqId_3485_28.PHENO1.glm.linear	15	44711487	ARIC
SeqId_3486_58	FGF1	P05230	/data/Dutta_lab/aric/EA/SeqId_3486_58.PHENO1.glm.linear	5	142621342	ARIC
SeqId_3487_32	CXCL13	O43927	/data/Dutta_lab/aric/EA/SeqId_3487_32.PHENO1.glm.linear	4	77511753	ARIC
SeqId_3488_64	CAT	P04040	/data/Dutta_lab/aric/EA/SeqId_3488_64.PHENO1.glm.linear	11	34438934	ARIC
SeqId_3489_9	CNTF	P26441	/data/Dutta_lab/aric/EA/SeqId_3489_9.PHENO1.glm.linear	11	58622665	ARIC
SeqId_3494_71	FGF17	O60258	/data/Dutta_lab/aric/EA/SeqId_3494_71.PHENO1.glm.linear	8	22042398	ARIC
SeqId_3495_15	CXCL6	P80162	/data/Dutta_lab/aric/EA/SeqId_3495_15.PHENO1.glm.linear	4	73836640	ARIC
SeqId_3497_13	IFNA2	P01563	/data/Dutta_lab/aric/EA/SeqId_3497_13.PHENO1.glm.linear	9	21385398	ARIC
SeqId_3499_77	IL17B	Q9UHF5	/data/Dutta_lab/aric/EA/SeqId_3499_77.PHENO1.glm.linear	5	149374342	ARIC
SeqId_3504_58	HAMP	P81172	/data/Dutta_lab/aric/EA/SeqId_3504_58.PHENO1.glm.linear	19	35280716	ARIC
SeqId_3508_78	CCL22	O00626	/data/Dutta_lab/aric/EA/SeqId_3508_78.PHENO1.glm.linear	16	57358783	ARIC
SeqId_3516_60	CXCL12	P48061	/data/Dutta_lab/aric/EA/SeqId_3516_60.PHENO1.glm.linear	10	44385043	ARIC
SeqId_3518_54	CPB2	Q96IY4	/data/Dutta_lab/aric/EA/SeqId_3518_54.PHENO1.glm.linear	13	46105028	ARIC
SeqId_3519_3	CCL17	Q92583	/data/Dutta_lab/aric/EA/SeqId_3519_3.PHENO1.glm.linear	16	57404767	ARIC
SeqId_3520_58	TGFB3	P10600	/data/Dutta_lab/aric/EA/SeqId_3520_58.PHENO1.glm.linear	14	75960957	ARIC
SeqId_3522_57	VIP	P01282	/data/Dutta_lab/aric/EA/SeqId_3522_57.PHENO1.glm.linear	6	152750797	ARIC
SeqId_3535_84	DKK1	O94907	/data/Dutta_lab/aric/EA/SeqId_3535_84.PHENO1.glm.linear	10	52314281	ARIC
SeqId_3538_26	DDC	P20711	/data/Dutta_lab/aric/EA/SeqId_3538_26.PHENO1.glm.linear	7	50459684	ARIC
SeqId_3554_24	ADIPOQ	Q15848	/data/Dutta_lab/aric/EA/SeqId_3554_24.PHENO1.glm.linear	3	186842704	ARIC
SeqId_3580_25	SERPINA1	P01009	/data/Dutta_lab/aric/EA/SeqId_3580_25.PHENO1.glm.linear	14	94383246	ARIC
SeqId_3581_53	AHSG	P02765	/data/Dutta_lab/aric/EA/SeqId_3581_53.PHENO1.glm.linear	3	186613060	ARIC
SeqId_3585_54	BSG	P35613	/data/Dutta_lab/aric/EA/SeqId_3585_54.PHENO1.glm.linear	19	571277	ARIC
SeqId_3587_53	BMP10	O95393	/data/Dutta_lab/aric/EA/SeqId_3587_53.PHENO1.glm.linear	2	68871397	ARIC
SeqId_3592_4	CAMK1	Q14012	/data/Dutta_lab/aric/EA/SeqId_3592_4.PHENO1.glm.linear	3	9758047	ARIC
SeqId_3593_72	CASP3	P42574	/data/Dutta_lab/aric/EA/SeqId_3593_72.PHENO1.glm.linear	4	184648592	ARIC
SeqId_3600_2	CHIT1	Q13231	/data/Dutta_lab/aric/EA/SeqId_3600_2.PHENO1.glm.linear	1	203218021	ARIC
SeqId_3603_60	CLEC7A	Q9BXN2	/data/Dutta_lab/aric/EA/SeqId_3603_60.PHENO1.glm.linear	12	10130082	ARIC
SeqId_3605_77	MASP1	P48740	/data/Dutta_lab/aric/EA/SeqId_3605_77.PHENO1.glm.linear	3	187243585	ARIC
SeqId_3607_71	DKK3	Q9UBP4	/data/Dutta_lab/aric/EA/SeqId_3607_71.PHENO1.glm.linear	11	11968746	ARIC
SeqId_3616_3	GNS	P15586	/data/Dutta_lab/aric/EA/SeqId_3616_3.PHENO1.glm.linear	12	64729154	ARIC
SeqId_3617_80	HGFAC	Q04756	/data/Dutta_lab/aric/EA/SeqId_3617_80.PHENO1.glm.linear	4	3441887	ARIC
SeqId_3620_67	IL22RA1	Q8N6P7	/data/Dutta_lab/aric/EA/SeqId_3620_67.PHENO1.glm.linear	1	24143140	ARIC
SeqId_3622_33	LGMN	Q99538	/data/Dutta_lab/aric/EA/SeqId_3622_33.PHENO1.glm.linear	14	92704905	ARIC
SeqId_3623_84	LY86	O95711	/data/Dutta_lab/aric/EA/SeqId_3623_84.PHENO1.glm.linear	6	6588108	ARIC
SeqId_3627_71	MMEL1	Q495T6	/data/Dutta_lab/aric/EA/SeqId_3627_71.PHENO1.glm.linear	1	2592678	ARIC
SeqId_3628_3	MAP2K2	P36507	/data/Dutta_lab/aric/EA/SeqId_3628_3.PHENO1.glm.linear	19	4100072	ARIC
SeqId_3629_60	CDC42BPB	Q9Y5S2	/data/Dutta_lab/aric/EA/SeqId_3629_60.PHENO1.glm.linear	14	102940726	ARIC
SeqId_3640_14	LRPAP1	P30533	/data/Dutta_lab/aric/EA/SeqId_3640_14.PHENO1.glm.linear	4	3532149	ARIC
SeqId_3651_50	KDR	P35968	/data/Dutta_lab/aric/EA/SeqId_3651_50.PHENO1.glm.linear	4	55096720	ARIC
SeqId_3685_53	MFRP	Q9BY79	/data/Dutta_lab/aric/EA/SeqId_3685_53.PHENO1.glm.linear	11	119342980	ARIC
SeqId_3708_62	A2M	P01023	/data/Dutta_lab/aric/EA/SeqId_3708_62.PHENO1.glm.linear	12	9068955	ARIC
SeqId_3710_49	PLG	P00747	/data/Dutta_lab/aric/EA/SeqId_3710_49.PHENO1.glm.linear	6	160702238	ARIC
SeqId_3719_2	CDKN1B	P46527	/data/Dutta_lab/aric/EA/SeqId_3719_2.PHENO1.glm.linear	12	12715058	ARIC
SeqId_3723_1	NPPB	P16860	/data/Dutta_lab/aric/EA/SeqId_3723_1.PHENO1.glm.linear	1	11858945	ARIC
SeqId_3727_35	PYY	P10082	/data/Dutta_lab/aric/EA/SeqId_3727_35.PHENO1.glm.linear	17	43953940	ARIC
SeqId_3728_52	SCT	P09683	/data/Dutta_lab/aric/EA/SeqId_3728_52.PHENO1.glm.linear	11	627181	ARIC
SeqId_3730_81	TNFRSF4	P43489	/data/Dutta_lab/aric/EA/SeqId_3730_81.PHENO1.glm.linear	1	1213498	ARIC
SeqId_3738_54	CSF1	P09603	/data/Dutta_lab/aric/EA/SeqId_3738_54.PHENO1.glm.linear	1	109910242	ARIC
SeqId_3758_68	PROC	P04070	/data/Dutta_lab/aric/EA/SeqId_3758_68.PHENO1.glm.linear	2	127418427	ARIC
SeqId_3761_4	PTGS2	P35354	/data/Dutta_lab/aric/EA/SeqId_3761_4.PHENO1.glm.linear	1	186675869	ARIC
SeqId_3773_15	TEK	Q02763	/data/Dutta_lab/aric/EA/SeqId_3773_15.PHENO1.glm.linear	9	27109141	ARIC
SeqId_3795_6	ADAM9	Q13443	/data/Dutta_lab/aric/EA/SeqId_3795_6.PHENO1.glm.linear	8	38996869	ARIC
SeqId_3796_79	ANGPTL4	Q9BY76	/data/Dutta_lab/aric/EA/SeqId_3796_79.PHENO1.glm.linear	19	8363289	ARIC
SeqId_3797_1	CDH2	P19022	/data/Dutta_lab/aric/EA/SeqId_3797_1.PHENO1.glm.linear	18	28036585	ARIC
SeqId_3798_71	CA9	Q16790	/data/Dutta_lab/aric/EA/SeqId_3798_71.PHENO1.glm.linear	9	35673918	ARIC
SeqId_3799_11	CA3	P07451	/data/Dutta_lab/aric/EA/SeqId_3799_11.PHENO1.glm.linear	8	85373436	ARIC
SeqId_3800_71	CKB	P12277	/data/Dutta_lab/aric/EA/SeqId_3800_71.PHENO1.glm.linear	14	103520728	ARIC
SeqId_3803_10	CST5	P28325	/data/Dutta_lab/aric/EA/SeqId_3803_10.PHENO1.glm.linear	20	23879748	ARIC
SeqId_3805_16	ESM1	Q9NQ30	/data/Dutta_lab/aric/EA/SeqId_3805_16.PHENO1.glm.linear	5	54985593	ARIC
SeqId_3806_55	EPHA5	P54756	/data/Dutta_lab/aric/EA/SeqId_3806_55.PHENO1.glm.linear	4	65669935	ARIC
SeqId_3807_1	FGF23	Q9GZV9	/data/Dutta_lab/aric/EA/SeqId_3807_1.PHENO1.glm.linear	12	4374408	ARIC
SeqId_3808_76	FGFR2	P21802	/data/Dutta_lab/aric/EA/SeqId_3808_76.PHENO1.glm.linear	10	121480485	ARIC
SeqId_3809_1	FGFR3	P22607	/data/Dutta_lab/aric/EA/SeqId_3809_1.PHENO1.glm.linear	4	1793293	ARIC
SeqId_3810_50	FGR	P09769	/data/Dutta_lab/aric/EA/SeqId_3810_50.PHENO1.glm.linear	1	27624062	ARIC
SeqId_3813_3	FYN	P06241	/data/Dutta_lab/aric/EA/SeqId_3813_3.PHENO1.glm.linear	6	111676544	ARIC
SeqId_3815_14	IL12RB2	Q99665	/data/Dutta_lab/aric/EA/SeqId_3815_14.PHENO1.glm.linear	1	67307364	ARIC
SeqId_3817_18	PRKCQ	Q04759	/data/Dutta_lab/aric/EA/SeqId_3817_18.PHENO1.glm.linear	10	6512172	ARIC
SeqId_3820_68	MAPKAPK2	P49137	/data/Dutta_lab/aric/EA/SeqId_3820_68.PHENO1.glm.linear	1	206684944	ARIC
SeqId_3821_28	MAPKAPK5	Q8IW41	/data/Dutta_lab/aric/EA/SeqId_3821_28.PHENO1.glm.linear	12	111842228	ARIC
SeqId_3822_54	MAPKAPK3	Q16644	/data/Dutta_lab/aric/EA/SeqId_3822_54.PHENO1.glm.linear	3	50611520	ARIC
SeqId_3823_9	MATK	P42679	/data/Dutta_lab/aric/EA/SeqId_3823_9.PHENO1.glm.linear	19	3783918	ARIC
SeqId_3825_18	MAPK8	P45983	/data/Dutta_lab/aric/EA/SeqId_3825_18.PHENO1.glm.linear	10	48306639	ARIC
SeqId_3827_22	PAK6	Q9NQU5	/data/Dutta_lab/aric/EA/SeqId_3827_22.PHENO1.glm.linear	15	40217428	ARIC
SeqId_3831_21	PTEN	P60484	/data/Dutta_lab/aric/EA/SeqId_3831_21.PHENO1.glm.linear	10	87863625	ARIC
SeqId_3832_51	PTK6	Q13882	/data/Dutta_lab/aric/EA/SeqId_3832_51.PHENO1.glm.linear	20	63537370	ARIC
SeqId_3835_11	TLR2	O60603	/data/Dutta_lab/aric/EA/SeqId_3835_11.PHENO1.glm.linear	4	153684070	ARIC
SeqId_3836_51	UFM1	P61960	/data/Dutta_lab/aric/EA/SeqId_3836_51.PHENO1.glm.linear	13	38349849	ARIC
SeqId_3837_6	ZAP70	P43403	/data/Dutta_lab/aric/EA/SeqId_3837_6.PHENO1.glm.linear	2	97713560	ARIC
SeqId_3839_60	AIP	O00170	/data/Dutta_lab/aric/EA/SeqId_3839_60.PHENO1.glm.linear	11	67483026	ARIC
SeqId_3844_2	PPIA	P62937	/data/Dutta_lab/aric/EA/SeqId_3844_2.PHENO1.glm.linear	7	44796680	ARIC
SeqId_3845_51	DYNLRB1	Q9NP97	/data/Dutta_lab/aric/EA/SeqId_3845_51.PHENO1.glm.linear	20	34516409	ARIC
SeqId_3847_56	ETHE1	O95571	/data/Dutta_lab/aric/EA/SeqId_3847_56.PHENO1.glm.linear	19	43527192	ARIC
SeqId_3852_19	DNAJB1	P25685	/data/Dutta_lab/aric/EA/SeqId_3852_19.PHENO1.glm.linear	19	14517569	ARIC
SeqId_3853_56	MDH1	P40925	/data/Dutta_lab/aric/EA/SeqId_3853_56.PHENO1.glm.linear	2	63588609	ARIC
SeqId_3854_24	NACA	Q13765	/data/Dutta_lab/aric/EA/SeqId_3854_24.PHENO1.glm.linear	12	56713396	ARIC
SeqId_3855_56	PRDX1	Q06830	/data/Dutta_lab/aric/EA/SeqId_3855_56.PHENO1.glm.linear	1	45521854	ARIC
SeqId_3858_5	ACP1	P24666	/data/Dutta_lab/aric/EA/SeqId_3858_5.PHENO1.glm.linear	2	264140	ARIC
SeqId_3859_50	PSMA1	P25786	/data/Dutta_lab/aric/EA/SeqId_3859_50.PHENO1.glm.linear	11	14511031	ARIC
SeqId_3860_7	PSMA6	P60900	/data/Dutta_lab/aric/EA/SeqId_3860_7.PHENO1.glm.linear	14	35278633	ARIC
SeqId_3864_5	RPS7	P62081	/data/Dutta_lab/aric/EA/SeqId_3864_5.PHENO1.glm.linear	2	3575260	ARIC
SeqId_3866_7	SBDS	Q9Y3A5	/data/Dutta_lab/aric/EA/SeqId_3866_7.PHENO1.glm.linear	7	66994366	ARIC
SeqId_3867_49	SEZ6L2	Q6UXD5	/data/Dutta_lab/aric/EA/SeqId_3867_49.PHENO1.glm.linear	16	29886019	ARIC
SeqId_3868_8	SGTA	O43765	/data/Dutta_lab/aric/EA/SeqId_3868_8.PHENO1.glm.linear	19	2759542	ARIC
SeqId_3872_2	TPT1	P13693	/data/Dutta_lab/aric/EA/SeqId_3872_2.PHENO1.glm.linear	13	45339533	ARIC
SeqId_3873_51	TPO	P07202	/data/Dutta_lab/aric/EA/SeqId_3873_51.PHENO1.glm.linear	2	1374066	ARIC
SeqId_3874_8	UBE2L3	P68036	/data/Dutta_lab/aric/EA/SeqId_3874_8.PHENO1.glm.linear	22	21549447	ARIC
SeqId_3875_62	ARID3A	Q99856	/data/Dutta_lab/aric/EA/SeqId_3875_62.PHENO1.glm.linear	19	925781	ARIC
SeqId_3879_50	CDC37	Q16543	/data/Dutta_lab/aric/EA/SeqId_3879_50.PHENO1.glm.linear	19	10393413	ARIC
SeqId_3881_49	DYNLL1	P63167	/data/Dutta_lab/aric/EA/SeqId_3881_49.PHENO1.glm.linear	12	120469850	ARIC
SeqId_3887_90	KPNB1	Q14974	/data/Dutta_lab/aric/EA/SeqId_3887_90.PHENO1.glm.linear	17	47649476	ARIC
SeqId_3888_8	ING1	Q9UK53	/data/Dutta_lab/aric/EA/SeqId_3888_8.PHENO1.glm.linear	13	110712736	ARIC
SeqId_3889_64	LMNB1	P20700	/data/Dutta_lab/aric/EA/SeqId_3889_64.PHENO1.glm.linear	5	126776623	ARIC
SeqId_3890_8	LDHB	P07195	/data/Dutta_lab/aric/EA/SeqId_3890_8.PHENO1.glm.linear	12	21637374	ARIC
SeqId_3891_56	MBD4	O95243	/data/Dutta_lab/aric/EA/SeqId_3891_56.PHENO1.glm.linear	3	129433553	ARIC
SeqId_3892_21	MED1	Q15648	/data/Dutta_lab/aric/EA/SeqId_3892_21.PHENO1.glm.linear	17	39431236	ARIC
SeqId_3893_64	MSLN	Q13421	/data/Dutta_lab/aric/EA/SeqId_3893_64.PHENO1.glm.linear	16	760734	ARIC
SeqId_3894_15	NAGK	Q9UJ70	/data/Dutta_lab/aric/EA/SeqId_3894_15.PHENO1.glm.linear	2	71064344	ARIC
SeqId_3896_5	PGAM1	P18669	/data/Dutta_lab/aric/EA/SeqId_3896_5.PHENO1.glm.linear	10	97426191	ARIC
SeqId_3897_61	PDXP	Q96GD0	/data/Dutta_lab/aric/EA/SeqId_3897_61.PHENO1.glm.linear	22	37658723	ARIC
SeqId_3898_5	PSMD7	P51665	/data/Dutta_lab/aric/EA/SeqId_3898_5.PHENO1.glm.linear	16	74296814	ARIC
SeqId_3902_21	SKP1	P63208	/data/Dutta_lab/aric/EA/SeqId_3902_21.PHENO1.glm.linear	5	134161897	ARIC
SeqId_3903_49	SNX4	O95219	/data/Dutta_lab/aric/EA/SeqId_3903_49.PHENO1.glm.linear	3	125460801	ARIC
SeqId_3905_62	UBE2N	P61088	/data/Dutta_lab/aric/EA/SeqId_3905_62.PHENO1.glm.linear	12	93407323	ARIC
SeqId_4122_12	DDR1	Q08345	/data/Dutta_lab/aric/EA/SeqId_4122_12.PHENO1.glm.linear	6	30876421	ARIC
SeqId_4123_60	FGF4	P08620	/data/Dutta_lab/aric/EA/SeqId_4123_60.PHENO1.glm.linear	11	69775164	ARIC
SeqId_4124_24	HSPA1A	P0DMV8	/data/Dutta_lab/aric/EA/SeqId_4124_24.PHENO1.glm.linear	6	31815543	ARIC
SeqId_4125_52	AGER	Q15109	/data/Dutta_lab/aric/EA/SeqId_4125_52.PHENO1.glm.linear	6	32181635	ARIC
SeqId_4126_22	BPI	P17213	/data/Dutta_lab/aric/EA/SeqId_4126_22.PHENO1.glm.linear	20	38304150	ARIC
SeqId_4127_75	C6	P13671	/data/Dutta_lab/aric/EA/SeqId_4127_75.PHENO1.glm.linear	5	41155104	ARIC
SeqId_4128_27	CCL24	O00175	/data/Dutta_lab/aric/EA/SeqId_4128_27.PHENO1.glm.linear	7	75813806	ARIC
SeqId_4129_72	CFB	P00751	/data/Dutta_lab/aric/EA/SeqId_4129_72.PHENO1.glm.linear	6	31945650	ARIC
SeqId_4130_71	FGF6	P10767	/data/Dutta_lab/aric/EA/SeqId_4130_71.PHENO1.glm.linear	12	4428715	ARIC
SeqId_4132_27	FST	P19883	/data/Dutta_lab/aric/EA/SeqId_4132_27.PHENO1.glm.linear	5	53480626	ARIC
SeqId_4133_54	GZMB	P10144	/data/Dutta_lab/aric/EA/SeqId_4133_54.PHENO1.glm.linear	14	24634160	ARIC
SeqId_4135_84	IGHE IGK@ IGL@	P01854	/data/Dutta_lab/aric/EA/SeqId_4135_84.PHENO1.glm.linear	14	105601728	ARIC
SeqId_4136_40	IL17D	Q8TAD2	/data/Dutta_lab/aric/EA/SeqId_4136_40.PHENO1.glm.linear	13	20702127	ARIC
SeqId_4137_57	IL25	Q9H293	/data/Dutta_lab/aric/EA/SeqId_4137_57.PHENO1.glm.linear	14	23372809	ARIC
SeqId_4138_25	IL20	Q9NYY1	/data/Dutta_lab/aric/EA/SeqId_4138_25.PHENO1.glm.linear	1	206865354	ARIC
SeqId_4140_3	IL7	P13232	/data/Dutta_lab/aric/EA/SeqId_4140_3.PHENO1.glm.linear	8	78738570	ARIC
SeqId_4141_79	CXCL10	P02778	/data/Dutta_lab/aric/EA/SeqId_4141_79.PHENO1.glm.linear	4	76023497	ARIC
SeqId_4143_74	XCL1	P47992	/data/Dutta_lab/aric/EA/SeqId_4143_74.PHENO1.glm.linear	1	168576605	ARIC
SeqId_4144_13	CCL13	Q99616	/data/Dutta_lab/aric/EA/SeqId_4144_13.PHENO1.glm.linear	17	34356480	ARIC
SeqId_4145_58	NTF3	P20783	/data/Dutta_lab/aric/EA/SeqId_4145_58.PHENO1.glm.linear	12	5432108	ARIC
SeqId_4146_58	NTF4	P34130	/data/Dutta_lab/aric/EA/SeqId_4146_58.PHENO1.glm.linear	19	49061997	ARIC
SeqId_4148_49	PAPPA	Q13219	/data/Dutta_lab/aric/EA/SeqId_4148_49.PHENO1.glm.linear	9	116153791	ARIC
SeqId_4149_8	PDGFB	P01127	/data/Dutta_lab/aric/EA/SeqId_4149_8.PHENO1.glm.linear	22	39240909	ARIC
SeqId_4150_75	PLG	P00747	/data/Dutta_lab/aric/EA/SeqId_4150_75.PHENO1.glm.linear	6	160702238	ARIC
SeqId_4151_6	PLG	P00747	/data/Dutta_lab/aric/EA/SeqId_4151_6.PHENO1.glm.linear	6	160702238	ARIC
SeqId_4152_58	KLKB1	P03952	/data/Dutta_lab/aric/EA/SeqId_4152_58.PHENO1.glm.linear	4	186208979	ARIC
SeqId_4153_11	SERPINA3	P01011	/data/Dutta_lab/aric/EA/SeqId_4153_11.PHENO1.glm.linear	14	94612384	ARIC
SeqId_4154_57	SELP	P16109	/data/Dutta_lab/aric/EA/SeqId_4154_57.PHENO1.glm.linear	1	169591570	ARIC
SeqId_4155_3	TNC	P24821	/data/Dutta_lab/aric/EA/SeqId_4155_3.PHENO1.glm.linear	9	115035896	ARIC
SeqId_4156_74	TGFB2	P61812	/data/Dutta_lab/aric/EA/SeqId_4156_74.PHENO1.glm.linear	1	218345336	ARIC
SeqId_4157_2	F2	P00734	/data/Dutta_lab/aric/EA/SeqId_4157_2.PHENO1.glm.linear	11	46719196	ARIC
SeqId_4158_54	PLAU	P00749	/data/Dutta_lab/aric/EA/SeqId_4158_54.PHENO1.glm.linear	10	73909177	ARIC
SeqId_4159_130	CFH	P08603	/data/Dutta_lab/aric/EA/SeqId_4159_130.PHENO1.glm.linear	1	196652043	ARIC
SeqId_4160_49	MMP2	P08253	/data/Dutta_lab/aric/EA/SeqId_4160_49.PHENO1.glm.linear	16	55389700	ARIC
SeqId_4162_54	TF	P02787	/data/Dutta_lab/aric/EA/SeqId_4162_54.PHENO1.glm.linear	3	133746040	ARIC
SeqId_4163_5	H2AFZ	P0C0S5	/data/Dutta_lab/aric/EA/SeqId_4163_5.PHENO1.glm.linear	4	99950254	ARIC
SeqId_4179_57	YWHAG	P61981	/data/Dutta_lab/aric/EA/SeqId_4179_57.PHENO1.glm.linear	7	76358991	ARIC
SeqId_4184_43	EIF4EBP2	Q13542	/data/Dutta_lab/aric/EA/SeqId_4184_43.PHENO1.glm.linear	10	70404145	ARIC
SeqId_4187_49	PGD	P52209	/data/Dutta_lab/aric/EA/SeqId_4187_49.PHENO1.glm.linear	1	10398592	ARIC
SeqId_4188_1	AKR7A2	O43488	/data/Dutta_lab/aric/EA/SeqId_4188_1.PHENO1.glm.linear	1	19308505	ARIC
SeqId_4192_10	AKR1A1	P14550	/data/Dutta_lab/aric/EA/SeqId_4192_10.PHENO1.glm.linear	1	45550543	ARIC
SeqId_4194_26	ANP32B	Q92688	/data/Dutta_lab/aric/EA/SeqId_4194_26.PHENO1.glm.linear	9	97983341	ARIC
SeqId_4203_50	CFL1	P23528	/data/Dutta_lab/aric/EA/SeqId_4203_50.PHENO1.glm.linear	11	65824103	ARIC
SeqId_4209_60	VTA1	Q9NP79	/data/Dutta_lab/aric/EA/SeqId_4209_60.PHENO1.glm.linear	6	142147162	ARIC
SeqId_4212_5	EPS15L1	Q9UBC2	/data/Dutta_lab/aric/EA/SeqId_4212_5.PHENO1.glm.linear	19	16361953	ARIC
SeqId_4220_39	FER	P16591	/data/Dutta_lab/aric/EA/SeqId_4220_39.PHENO1.glm.linear	5	108747841	ARIC
SeqId_4224_7	SYNCRIP	O60506	/data/Dutta_lab/aric/EA/SeqId_4224_7.PHENO1.glm.linear	6	85642886	ARIC
SeqId_4230_1	EIF4G2	P78344	/data/Dutta_lab/aric/EA/SeqId_4230_1.PHENO1.glm.linear	11	10799361	ARIC
SeqId_4232_19	IGF1R	P08069	/data/Dutta_lab/aric/EA/SeqId_4232_19.PHENO1.glm.linear	15	98648539	ARIC
SeqId_4234_8	IL1RL1	Q01638	/data/Dutta_lab/aric/EA/SeqId_4234_8.PHENO1.glm.linear	2	102311502	ARIC
SeqId_4237_70	LCMT1	Q9UIC8	/data/Dutta_lab/aric/EA/SeqId_4237_70.PHENO1.glm.linear	16	25111731	ARIC
SeqId_4240_31	PKM2	P14618	/data/Dutta_lab/aric/EA/SeqId_4240_31.PHENO1.glm.linear	15	72202053	ARIC
SeqId_4249_64	NME2	P22392	/data/Dutta_lab/aric/EA/SeqId_4249_64.PHENO1.glm.linear	17	51165435	ARIC
SeqId_4250_23	NSFL1C	Q9UNZ2	/data/Dutta_lab/aric/EA/SeqId_4250_23.PHENO1.glm.linear	20	1457090	ARIC
SeqId_4254_6	NUDCD3	Q8IVD9	/data/Dutta_lab/aric/EA/SeqId_4254_6.PHENO1.glm.linear	7	44392508	ARIC
SeqId_4258_15	PA2G4	Q9UQ80	/data/Dutta_lab/aric/EA/SeqId_4258_15.PHENO1.glm.linear	12	56104537	ARIC
SeqId_4261_55	PON1	P27169	/data/Dutta_lab/aric/EA/SeqId_4261_55.PHENO1.glm.linear	7	95302403	ARIC
SeqId_4267_81	PES1	O00541	/data/Dutta_lab/aric/EA/SeqId_4267_81.PHENO1.glm.linear	22	30579923	ARIC
SeqId_4271_75	PFDN5	Q99471	/data/Dutta_lab/aric/EA/SeqId_4271_75.PHENO1.glm.linear	12	53295291	ARIC
SeqId_4272_46	GPI	P06744	/data/Dutta_lab/aric/EA/SeqId_4272_46.PHENO1.glm.linear	19	34359480	ARIC
SeqId_4276_10	PEBP1	P30086	/data/Dutta_lab/aric/EA/SeqId_4276_10.PHENO1.glm.linear	12	118136124	ARIC
SeqId_4278_14	P4HB	P07237	/data/Dutta_lab/aric/EA/SeqId_4278_14.PHENO1.glm.linear	17	81845456	ARIC
SeqId_4280_47	PSMA2	P25787	/data/Dutta_lab/aric/EA/SeqId_4280_47.PHENO1.glm.linear	7	42927464	ARIC
SeqId_4282_3	RAN	P62826	/data/Dutta_lab/aric/EA/SeqId_4282_3.PHENO1.glm.linear	12	130872037	ARIC
SeqId_4284_18	RBM39	Q14498	/data/Dutta_lab/aric/EA/SeqId_4284_18.PHENO1.glm.linear	20	35705399	ARIC
SeqId_4292_5	NAPA	P54920	/data/Dutta_lab/aric/EA/SeqId_4292_5.PHENO1.glm.linear	19	47491475	ARIC
SeqId_4294_16	SPHK1	Q9NYA1	/data/Dutta_lab/aric/EA/SeqId_4294_16.PHENO1.glm.linear	17	76376584	ARIC
SeqId_4297_62	SPON1	Q9HCB6	/data/Dutta_lab/aric/EA/SeqId_4297_62.PHENO1.glm.linear	11	13962723	ARIC
SeqId_4301_58	TK1	P04183	/data/Dutta_lab/aric/EA/SeqId_4301_58.PHENO1.glm.linear	17	78187021	ARIC
SeqId_4304_18	LCORL	Q8N3X6	/data/Dutta_lab/aric/EA/SeqId_4304_18.PHENO1.glm.linear	4	17962032	ARIC
SeqId_4306_4	TKT	P29401	/data/Dutta_lab/aric/EA/SeqId_4306_4.PHENO1.glm.linear	3	53229437	ARIC
SeqId_4309_59	TPI1	P60174	/data/Dutta_lab/aric/EA/SeqId_4309_59.PHENO1.glm.linear	12	6867119	ARIC
SeqId_4314_12	DCTPP1	Q9H773	/data/Dutta_lab/aric/EA/SeqId_4314_12.PHENO1.glm.linear	16	30429289	ARIC
SeqId_4318_12	PTPN6	P29350	/data/Dutta_lab/aric/EA/SeqId_4318_12.PHENO1.glm.linear	12	6946468	ARIC
SeqId_4322_28	AMN	Q9BXJ7	/data/Dutta_lab/aric/EA/SeqId_4322_28.PHENO1.glm.linear	14	102922656	ARIC
SeqId_4324_33	CST2	P09228	/data/Dutta_lab/aric/EA/SeqId_4324_33.PHENO1.glm.linear	20	23826729	ARIC
SeqId_4328_2	BOC	Q9BWV1	/data/Dutta_lab/aric/EA/SeqId_4328_2.PHENO1.glm.linear	3	113211003	ARIC
SeqId_4332_6	CLEC1B	Q9P126	/data/Dutta_lab/aric/EA/SeqId_4332_6.PHENO1.glm.linear	12	9997163	ARIC
SeqId_4337_49	CRP	P02741	/data/Dutta_lab/aric/EA/SeqId_4337_49.PHENO1.glm.linear	1	159713767	ARIC
SeqId_4342_10	ICAM1	P05362	/data/Dutta_lab/aric/EA/SeqId_4342_10.PHENO1.glm.linear	19	10271093	ARIC
SeqId_4355_13	DAPK2	Q9UIK4	/data/Dutta_lab/aric/EA/SeqId_4355_13.PHENO1.glm.linear	15	63911943	ARIC
SeqId_4359_87	DYRK3	O43781	/data/Dutta_lab/aric/EA/SeqId_4359_87.PHENO1.glm.linear	1	206635536	ARIC
SeqId_4374_45	GDF15	Q99988	/data/Dutta_lab/aric/EA/SeqId_4374_45.PHENO1.glm.linear	19	18374731	ARIC
SeqId_4389_2	DHH	O43323	/data/Dutta_lab/aric/EA/SeqId_4389_2.PHENO1.glm.linear	12	49094801	ARIC
SeqId_4392_54	FGF12	P61328	/data/Dutta_lab/aric/EA/SeqId_4392_54.PHENO1.glm.linear	3	192268749	ARIC
SeqId_4394_71	FGF8	P55075	/data/Dutta_lab/aric/EA/SeqId_4394_71.PHENO1.glm.linear	10	101775900	ARIC
SeqId_4396_54	IFNL1	Q8IU54	/data/Dutta_lab/aric/EA/SeqId_4396_54.PHENO1.glm.linear	19	39296407	ARIC
SeqId_4397_26	IFNL2	Q8IZJ0	/data/Dutta_lab/aric/EA/SeqId_4397_26.PHENO1.glm.linear	19	39268514	ARIC
SeqId_4407_10	MST1	P26927	/data/Dutta_lab/aric/EA/SeqId_4407_10.PHENO1.glm.linear	3	49685090	ARIC
SeqId_4413_3	SLPI	P03973	/data/Dutta_lab/aric/EA/SeqId_4413_3.PHENO1.glm.linear	20	45254564	ARIC
SeqId_4420_7	ADAM12	O43184	/data/Dutta_lab/aric/EA/SeqId_4420_7.PHENO1.glm.linear	10	126067006	ARIC
SeqId_4423_77	BCL2L1	Q07817	/data/Dutta_lab/aric/EA/SeqId_4423_77.PHENO1.glm.linear	20	31722548	ARIC
SeqId_4429_51	CHST6	Q9GZX3	/data/Dutta_lab/aric/EA/SeqId_4429_51.PHENO1.glm.linear	16	75495308	ARIC
SeqId_4430_44	COLEC11	Q9BWP8	/data/Dutta_lab/aric/EA/SeqId_4430_44.PHENO1.glm.linear	2	3594832	ARIC
SeqId_4435_66	ENPP7	Q6UWV6	/data/Dutta_lab/aric/EA/SeqId_4435_66.PHENO1.glm.linear	17	79730943	ARIC
SeqId_4436_1	ENTPD3	O75355	/data/Dutta_lab/aric/EA/SeqId_4436_1.PHENO1.glm.linear	3	40387184	ARIC
SeqId_4437_56	ENTPD5	O75356	/data/Dutta_lab/aric/EA/SeqId_4437_56.PHENO1.glm.linear	14	73972934	ARIC
SeqId_4440_15	FCRL3	Q96P31	/data/Dutta_lab/aric/EA/SeqId_4440_15.PHENO1.glm.linear	1	157676732	ARIC
SeqId_4453_83	LRRTM3	Q86VH5	/data/Dutta_lab/aric/EA/SeqId_4453_83.PHENO1.glm.linear	10	66926036	ARIC
SeqId_4455_89	MFGE8	Q08431	/data/Dutta_lab/aric/EA/SeqId_4455_89.PHENO1.glm.linear	15	88901960	ARIC
SeqId_4459_68	PCSK7	Q16549	/data/Dutta_lab/aric/EA/SeqId_4459_68.PHENO1.glm.linear	11	117208136	ARIC
SeqId_4460_8	PDPK1	O15530	/data/Dutta_lab/aric/EA/SeqId_4460_8.PHENO1.glm.linear	16	2537979	ARIC
SeqId_4467_49	SPARCL1	Q14515	/data/Dutta_lab/aric/EA/SeqId_4467_49.PHENO1.glm.linear	4	87528619	ARIC
SeqId_4468_21	SPHK2	Q9NRA0	/data/Dutta_lab/aric/EA/SeqId_4468_21.PHENO1.glm.linear	19	48619291	ARIC
SeqId_4469_78	CHST15	Q7LFX5	/data/Dutta_lab/aric/EA/SeqId_4469_78.PHENO1.glm.linear	10	124038619	ARIC
SeqId_4479_14	SERPING1	P05155	/data/Dutta_lab/aric/EA/SeqId_4479_14.PHENO1.glm.linear	11	57597387	ARIC
SeqId_4480_59	C3	P01024	/data/Dutta_lab/aric/EA/SeqId_4480_59.PHENO1.glm.linear	19	6678330	ARIC
SeqId_4487_1	FGF7	P21781	/data/Dutta_lab/aric/EA/SeqId_4487_1.PHENO1.glm.linear	15	49423178	ARIC
SeqId_4493_92	IL11	P20809	/data/Dutta_lab/aric/EA/SeqId_4493_92.PHENO1.glm.linear	19	55369241	ARIC
SeqId_4496_60	MMP12	P39900	/data/Dutta_lab/aric/EA/SeqId_4496_60.PHENO1.glm.linear	11	102874982	ARIC
SeqId_4498_62	NCAM1	P13591	/data/Dutta_lab/aric/EA/SeqId_4498_62.PHENO1.glm.linear	11	112961247	ARIC
SeqId_4499_21	PDGFA	P04085	/data/Dutta_lab/aric/EA/SeqId_4499_21.PHENO1.glm.linear	7	513467	ARIC
SeqId_4500_50	CLEC11A	Q9Y240	/data/Dutta_lab/aric/EA/SeqId_4500_50.PHENO1.glm.linear	19	50723364	ARIC
SeqId_4533_76	ADAMTS15	Q8TE58	/data/Dutta_lab/aric/EA/SeqId_4533_76.PHENO1.glm.linear	11	130448974	ARIC
SeqId_4534_10	PRSS22	Q9GZN4	/data/Dutta_lab/aric/EA/SeqId_4534_10.PHENO1.glm.linear	16	2855933	ARIC
SeqId_4535_50	BST1	Q10588	/data/Dutta_lab/aric/EA/SeqId_4535_50.PHENO1.glm.linear	4	15703065	ARIC
SeqId_4540_11	CBX5	P45973	/data/Dutta_lab/aric/EA/SeqId_4540_11.PHENO1.glm.linear	12	54252525	ARIC
SeqId_4541_49	CDON	Q4KMG0	/data/Dutta_lab/aric/EA/SeqId_4541_49.PHENO1.glm.linear	11	126004445	ARIC
SeqId_4542_24	CLU	P10909	/data/Dutta_lab/aric/EA/SeqId_4542_24.PHENO1.glm.linear	8	27600015	ARIC
SeqId_4543_65	COL23A1	Q86Y22	/data/Dutta_lab/aric/EA/SeqId_4543_65.PHENO1.glm.linear	5	178265834	ARIC
SeqId_4544_4	PPBP	P02775	/data/Dutta_lab/aric/EA/SeqId_4544_4.PHENO1.glm.linear	4	73988190	ARIC
SeqId_4545_53	DNAJC19	Q96DA6	/data/Dutta_lab/aric/EA/SeqId_4545_53.PHENO1.glm.linear	3	180989518	ARIC
SeqId_4546_27	ADGRE2	Q9UHX3	/data/Dutta_lab/aric/EA/SeqId_4546_27.PHENO1.glm.linear	19	14772374	ARIC
SeqId_4547_59	FLRT1	Q9NZU1	/data/Dutta_lab/aric/EA/SeqId_4547_59.PHENO1.glm.linear	11	64035970	ARIC
SeqId_4548_4	FUT3	P21217	/data/Dutta_lab/aric/EA/SeqId_4548_4.PHENO1.glm.linear	19	5847034	ARIC
SeqId_4549_78	FUT5	Q11128	/data/Dutta_lab/aric/EA/SeqId_4549_78.PHENO1.glm.linear	19	5867741	ARIC
SeqId_4551_72	ADGRG5	Q8IZF4	/data/Dutta_lab/aric/EA/SeqId_4551_72.PHENO1.glm.linear	16	57542643	ARIC
SeqId_4553_65	HDGFRP2	Q7Z4V5	/data/Dutta_lab/aric/EA/SeqId_4553_65.PHENO1.glm.linear	19	4472297	ARIC
SeqId_4556_10	IL34	Q6ZMJ4	/data/Dutta_lab/aric/EA/SeqId_4556_10.PHENO1.glm.linear	16	70579895	ARIC
SeqId_4557_61	KIRREL3	Q8IZU9	/data/Dutta_lab/aric/EA/SeqId_4557_61.PHENO1.glm.linear	11	126440818	ARIC
SeqId_4559_64	KYNU	Q16719	/data/Dutta_lab/aric/EA/SeqId_4559_64.PHENO1.glm.linear	2	142877657	ARIC
SeqId_4560_34	LCK	P06239	/data/Dutta_lab/aric/EA/SeqId_4560_34.PHENO1.glm.linear	1	32251239	ARIC
SeqId_4562_1	NXPH1	P58417	/data/Dutta_lab/aric/EA/SeqId_4562_1.PHENO1.glm.linear	7	8433609	ARIC
SeqId_4563_61	PLCG1	P19174	/data/Dutta_lab/aric/EA/SeqId_4563_61.PHENO1.glm.linear	20	41136960	ARIC
SeqId_4564_2	PLXNC1	O60486	/data/Dutta_lab/aric/EA/SeqId_4564_2.PHENO1.glm.linear	12	94148577	ARIC
SeqId_4566_24	RSPO2	Q6UXX9	/data/Dutta_lab/aric/EA/SeqId_4566_24.PHENO1.glm.linear	8	107989555	ARIC
SeqId_4568_17	SLITRK5	O94991	/data/Dutta_lab/aric/EA/SeqId_4568_17.PHENO1.glm.linear	13	87672615	ARIC
SeqId_4569_52	SORCS2	Q96PQ0	/data/Dutta_lab/aric/EA/SeqId_4569_52.PHENO1.glm.linear	4	7192538	ARIC
SeqId_4588_1	PPY	P01298	/data/Dutta_lab/aric/EA/SeqId_4588_1.PHENO1.glm.linear	17	43941299	ARIC
SeqId_4673_13	IL6	P05231	/data/Dutta_lab/aric/EA/SeqId_4673_13.PHENO1.glm.linear	7	22725884	ARIC
SeqId_4693_72	HIBADH	P31937	/data/Dutta_lab/aric/EA/SeqId_4693_72.PHENO1.glm.linear	7	27647756	ARIC
SeqId_4697_59	CSF2	P04141	/data/Dutta_lab/aric/EA/SeqId_4697_59.PHENO1.glm.linear	5	132073789	ARIC
SeqId_4703_87	LTA	P01374	/data/Dutta_lab/aric/EA/SeqId_4703_87.PHENO1.glm.linear	6	31572054	ARIC
SeqId_4706_17	EPB41	P11171	/data/Dutta_lab/aric/EA/SeqId_4706_17.PHENO1.glm.linear	1	28887091	ARIC
SeqId_4707_50	YWHAH	Q04917	/data/Dutta_lab/aric/EA/SeqId_4707_50.PHENO1.glm.linear	22	31944522	ARIC
SeqId_4708_3	HSD17B1	P14061	/data/Dutta_lab/aric/EA/SeqId_4708_3.PHENO1.glm.linear	17	42549214	ARIC
SeqId_4712_28	APOD	P05090	/data/Dutta_lab/aric/EA/SeqId_4712_28.PHENO1.glm.linear	3	195583940	ARIC
SeqId_4717_55	IL3	P08700	/data/Dutta_lab/aric/EA/SeqId_4717_55.PHENO1.glm.linear	5	132060655	ARIC
SeqId_4718_5	PPIB	P23284	/data/Dutta_lab/aric/EA/SeqId_4718_5.PHENO1.glm.linear	15	64163006	ARIC
SeqId_4719_58	PDIA3	P30101	/data/Dutta_lab/aric/EA/SeqId_4719_58.PHENO1.glm.linear	15	43746410	ARIC
SeqId_4721_54	TFF3	Q07654	/data/Dutta_lab/aric/EA/SeqId_4721_54.PHENO1.glm.linear	21	42313686	ARIC
SeqId_4763_31	AFM	P43652	/data/Dutta_lab/aric/EA/SeqId_4763_31.PHENO1.glm.linear	4	73481745	ARIC
SeqId_4769_10	OLFM4	Q6UX06	/data/Dutta_lab/aric/EA/SeqId_4769_10.PHENO1.glm.linear	13	53028813	ARIC
SeqId_4771_10	SMPDL3A	Q92484	/data/Dutta_lab/aric/EA/SeqId_4771_10.PHENO1.glm.linear	6	122789049	ARIC
SeqId_4775_34	GSN	P06396	/data/Dutta_lab/aric/EA/SeqId_4775_34.PHENO1.glm.linear	9	121207794	ARIC
SeqId_4785_30	SERPINA6	P08185	/data/Dutta_lab/aric/EA/SeqId_4785_30.PHENO1.glm.linear	14	94323319	ARIC
SeqId_4801_13	LPO	P22079	/data/Dutta_lab/aric/EA/SeqId_4801_13.PHENO1.glm.linear	17	58218548	ARIC
SeqId_4807_13	COL8A1	P27658	/data/Dutta_lab/aric/EA/SeqId_4807_13.PHENO1.glm.linear	3	99638475	ARIC
SeqId_4811_33	ITIH4	Q14624	/data/Dutta_lab/aric/EA/SeqId_4811_33.PHENO1.glm.linear	3	52814212	ARIC
SeqId_4829_43	SFN	P31947	/data/Dutta_lab/aric/EA/SeqId_4829_43.PHENO1.glm.linear	1	26863149	ARIC
SeqId_4831_4	SELL	P14151	/data/Dutta_lab/aric/EA/SeqId_4831_4.PHENO1.glm.linear	1	169703329	ARIC
SeqId_4832_75	TNFRSF10A	O00220	/data/Dutta_lab/aric/EA/SeqId_4832_75.PHENO1.glm.linear	8	23197273	ARIC
SeqId_4834_61	EPHA2	P29317	/data/Dutta_lab/aric/EA/SeqId_4834_61.PHENO1.glm.linear	1	16133562	ARIC
SeqId_4840_73	CSF3	P09919	/data/Dutta_lab/aric/EA/SeqId_4840_73.PHENO1.glm.linear	17	40015361	ARIC
SeqId_4851_25	IL1A	P01583	/data/Dutta_lab/aric/EA/SeqId_4851_25.PHENO1.glm.linear	2	112784493	ARIC
SeqId_4862_63	BMPR2	Q13873	/data/Dutta_lab/aric/EA/SeqId_4862_63.PHENO1.glm.linear	2	202376327	ARIC
SeqId_4866_59	NTRK2	Q16620	/data/Dutta_lab/aric/EA/SeqId_4866_59.PHENO1.glm.linear	9	84668551	ARIC
SeqId_4867_15	VEGFA	P15692	/data/Dutta_lab/aric/EA/SeqId_4867_15.PHENO1.glm.linear	6	43770184	ARIC
SeqId_4874_3	ANG	P03950	/data/Dutta_lab/aric/EA/SeqId_4874_3.PHENO1.glm.linear	14	20684177	ARIC
SeqId_4878_3	F10	P00742	/data/Dutta_lab/aric/EA/SeqId_4878_3.PHENO1.glm.linear	13	113122799	ARIC
SeqId_4880_21	GDF2	Q9UK05	/data/Dutta_lab/aric/EA/SeqId_4880_21.PHENO1.glm.linear	10	47322454	ARIC
SeqId_4883_56	INS	P01308	/data/Dutta_lab/aric/EA/SeqId_4883_56.PHENO1.glm.linear	11	2160971	ARIC
SeqId_4886_3	CCL7	P80098	/data/Dutta_lab/aric/EA/SeqId_4886_3.PHENO1.glm.linear	17	34270221	ARIC
SeqId_4889_82	WNT7A	O00755	/data/Dutta_lab/aric/EA/SeqId_4889_82.PHENO1.glm.linear	3	13875113	ARIC
SeqId_4890_10	POMC	P01189	/data/Dutta_lab/aric/EA/SeqId_4890_10.PHENO1.glm.linear	2	25168571	ARIC
SeqId_4891_50	GCG	P01275	/data/Dutta_lab/aric/EA/SeqId_4891_50.PHENO1.glm.linear	2	162144415	ARIC
SeqId_4900_8	C3	P01024	/data/Dutta_lab/aric/EA/SeqId_4900_8.PHENO1.glm.linear	19	6678330	ARIC
SeqId_4904_7	CASP2	P42575	/data/Dutta_lab/aric/EA/SeqId_4904_7.PHENO1.glm.linear	7	143288215	ARIC
SeqId_4905_63	COTL1	Q14019	/data/Dutta_lab/aric/EA/SeqId_4905_63.PHENO1.glm.linear	16	84577096	ARIC
SeqId_4906_35	F5	P12259	/data/Dutta_lab/aric/EA/SeqId_4906_35.PHENO1.glm.linear	1	169515745	ARIC
SeqId_4908_6	ENG	P17813	/data/Dutta_lab/aric/EA/SeqId_4908_6.PHENO1.glm.linear	9	127824405	ARIC
SeqId_4909_68	LGALS8	O00214	/data/Dutta_lab/aric/EA/SeqId_4909_68.PHENO1.glm.linear	1	236518000	ARIC
SeqId_4910_21	PLA2G1B	P04054	/data/Dutta_lab/aric/EA/SeqId_4910_21.PHENO1.glm.linear	12	120326093	ARIC
SeqId_4911_49	GSTP1	P09211	/data/Dutta_lab/aric/EA/SeqId_4911_49.PHENO1.glm.linear	11	67583742	ARIC
SeqId_4912_17	GOT1	P17174	/data/Dutta_lab/aric/EA/SeqId_4912_17.PHENO1.glm.linear	10	99403749	ARIC
SeqId_4913_78	CCL16	O15467	/data/Dutta_lab/aric/EA/SeqId_4913_78.PHENO1.glm.linear	17	35978263	ARIC
SeqId_4916_2	IGHD  IGK@ IGL@	P01880	/data/Dutta_lab/aric/EA/SeqId_4916_2.PHENO1.glm.linear	14	105845677	ARIC
SeqId_4922_13	CCL19	Q99731	/data/Dutta_lab/aric/EA/SeqId_4922_13.PHENO1.glm.linear	9	34690238	ARIC
SeqId_4923_79	AMH	P03971	/data/Dutta_lab/aric/EA/SeqId_4923_79.PHENO1.glm.linear	19	2249309	ARIC
SeqId_4924_32	MMP1	P03956	/data/Dutta_lab/aric/EA/SeqId_4924_32.PHENO1.glm.linear	11	102798160	ARIC
SeqId_4925_54	MMP13	P45452	/data/Dutta_lab/aric/EA/SeqId_4925_54.PHENO1.glm.linear	11	102955705	ARIC
SeqId_4929_55	SHBG	P04278	/data/Dutta_lab/aric/EA/SeqId_4929_55.PHENO1.glm.linear	17	7613946	ARIC
SeqId_4930_21	STC1	P52823	/data/Dutta_lab/aric/EA/SeqId_4930_21.PHENO1.glm.linear	8	23854311	ARIC
SeqId_4931_59	F3	P13726	/data/Dutta_lab/aric/EA/SeqId_4931_59.PHENO1.glm.linear	1	94536164	ARIC
SeqId_4956_2	EREG	O14944	/data/Dutta_lab/aric/EA/SeqId_4956_2.PHENO1.glm.linear	4	74365145	ARIC
SeqId_4959_2	AGR2	O95994	/data/Dutta_lab/aric/EA/SeqId_4959_2.PHENO1.glm.linear	7	16801196	ARIC
SeqId_4960_72	ANXA1	P04083	/data/Dutta_lab/aric/EA/SeqId_4960_72.PHENO1.glm.linear	9	73151865	ARIC
SeqId_4961_17	ANXA2	P07355	/data/Dutta_lab/aric/EA/SeqId_4961_17.PHENO1.glm.linear	15	60351553	ARIC
SeqId_4962_52	CDNF	Q49AH0	/data/Dutta_lab/aric/EA/SeqId_4962_52.PHENO1.glm.linear	10	14828205	ARIC
SeqId_4963_19	ARPP19	P56211	/data/Dutta_lab/aric/EA/SeqId_4963_19.PHENO1.glm.linear	15	52557053	ARIC
SeqId_4964_67	ERAP1	Q9NZ08	/data/Dutta_lab/aric/EA/SeqId_4964_67.PHENO1.glm.linear	5	96781181	ARIC
SeqId_4965_27	ATP5B	P06576	/data/Dutta_lab/aric/EA/SeqId_4965_27.PHENO1.glm.linear	12	56639418	ARIC
SeqId_4967_1	C1QBP	Q07021	/data/Dutta_lab/aric/EA/SeqId_4967_1.PHENO1.glm.linear	17	5433853	ARIC
SeqId_4968_50	CAPG	P40121	/data/Dutta_lab/aric/EA/SeqId_4968_50.PHENO1.glm.linear	2	85398352	ARIC
SeqId_4969_2	CA1	P00915	/data/Dutta_lab/aric/EA/SeqId_4969_2.PHENO1.glm.linear	8	85337212	ARIC
SeqId_4970_55	CA2	P00918	/data/Dutta_lab/aric/EA/SeqId_4970_55.PHENO1.glm.linear	8	85463968	ARIC
SeqId_4971_1	CTSZ	Q9UBR2	/data/Dutta_lab/aric/EA/SeqId_4971_1.PHENO1.glm.linear	20	59006426	ARIC
SeqId_4973_18	BIRC3	Q13489	/data/Dutta_lab/aric/EA/SeqId_4973_18.PHENO1.glm.linear	11	102317450	ARIC
SeqId_4976_57	CRK	P46108	/data/Dutta_lab/aric/EA/SeqId_4976_57.PHENO1.glm.linear	17	1456149	ARIC
SeqId_4978_54	DBNL	Q9UJU6	/data/Dutta_lab/aric/EA/SeqId_4978_54.PHENO1.glm.linear	7	44044640	ARIC
SeqId_4979_34	DPT	Q07507	/data/Dutta_lab/aric/EA/SeqId_4979_34.PHENO1.glm.linear	1	168729206	ARIC
SeqId_4981_6	DSC3	Q14574	/data/Dutta_lab/aric/EA/SeqId_4981_6.PHENO1.glm.linear	18	31006918	ARIC
SeqId_4982_54	PI3	P19957	/data/Dutta_lab/aric/EA/SeqId_4982_54.PHENO1.glm.linear	20	45174902	ARIC
SeqId_4984_83	ESD	P10768	/data/Dutta_lab/aric/EA/SeqId_4984_83.PHENO1.glm.linear	13	46784350	ARIC
SeqId_4985_11	FABP5	Q01469	/data/Dutta_lab/aric/EA/SeqId_4985_11.PHENO1.glm.linear	8	81280536	ARIC
SeqId_4986_59	PTK2	Q05397	/data/Dutta_lab/aric/EA/SeqId_4986_59.PHENO1.glm.linear	8	140663084	ARIC
SeqId_4987_17	FCAR	P24071	/data/Dutta_lab/aric/EA/SeqId_4987_17.PHENO1.glm.linear	19	54874235	ARIC
SeqId_4988_49	FGFR4	P22455	/data/Dutta_lab/aric/EA/SeqId_4988_49.PHENO1.glm.linear	5	177086905	ARIC
SeqId_4989_7	FGG	P02679	/data/Dutta_lab/aric/EA/SeqId_4989_7.PHENO1.glm.linear	4	154609843	ARIC
SeqId_4990_87	GP1BA	P07359	/data/Dutta_lab/aric/EA/SeqId_4990_87.PHENO1.glm.linear	17	4932277	ARIC
SeqId_4991_12	GPC5	P78333	/data/Dutta_lab/aric/EA/SeqId_4991_12.PHENO1.glm.linear	13	91398621	ARIC
SeqId_4992_49	GRN	P28799	/data/Dutta_lab/aric/EA/SeqId_4992_49.PHENO1.glm.linear	17	44345246	ARIC
SeqId_4993_16	GSTA3	Q16772	/data/Dutta_lab/aric/EA/SeqId_4993_16.PHENO1.glm.linear	6	52905822	ARIC
SeqId_4995_16	HPGD	P15428	/data/Dutta_lab/aric/EA/SeqId_4995_16.PHENO1.glm.linear	4	174493461	ARIC
SeqId_4996_66	HRG	P04196	/data/Dutta_lab/aric/EA/SeqId_4996_66.PHENO1.glm.linear	3	186660216	ARIC
SeqId_4997_19	EIF4A3	P38919	/data/Dutta_lab/aric/EA/SeqId_4997_19.PHENO1.glm.linear	17	80136322	ARIC
SeqId_5000_52	LGALS3BP	Q08380	/data/Dutta_lab/aric/EA/SeqId_5000_52.PHENO1.glm.linear	17	78974796	ARIC
SeqId_5001_6	SCGB2A1	O75556	/data/Dutta_lab/aric/EA/SeqId_5001_6.PHENO1.glm.linear	11	62208673	ARIC
SeqId_5002_76	MMP14	P50281	/data/Dutta_lab/aric/EA/SeqId_5002_76.PHENO1.glm.linear	14	22836560	ARIC
SeqId_5004_69	MAPK11	Q15759	/data/Dutta_lab/aric/EA/SeqId_5004_69.PHENO1.glm.linear	22	50270380	ARIC
SeqId_5005_4	MAPK12	P53778	/data/Dutta_lab/aric/EA/SeqId_5005_4.PHENO1.glm.linear	22	50256153	ARIC
SeqId_5006_71	MAPK13	O15264	/data/Dutta_lab/aric/EA/SeqId_5006_71.PHENO1.glm.linear	6	36127809	ARIC
SeqId_5007_1	MAPK14	Q16539	/data/Dutta_lab/aric/EA/SeqId_5007_1.PHENO1.glm.linear	6	36027677	ARIC
SeqId_5008_51	SOD2	P04179	/data/Dutta_lab/aric/EA/SeqId_5008_51.PHENO1.glm.linear	6	159688348	ARIC
SeqId_5011_11	NAMPT	P43490	/data/Dutta_lab/aric/EA/SeqId_5011_11.PHENO1.glm.linear	7	106253618	ARIC
SeqId_5012_67	AK1	P00568	/data/Dutta_lab/aric/EA/SeqId_5012_67.PHENO1.glm.linear	9	127872713	ARIC
SeqId_5013_2	CLIC1	O00299	/data/Dutta_lab/aric/EA/SeqId_5013_2.PHENO1.glm.linear	6	31736545	ARIC
SeqId_5014_49	NCK1	P16333	/data/Dutta_lab/aric/EA/SeqId_5014_49.PHENO1.glm.linear	3	136862208	ARIC
SeqId_5015_15	PLA2G7	Q13093	/data/Dutta_lab/aric/EA/SeqId_5015_15.PHENO1.glm.linear	6	46735375	ARIC
SeqId_5017_19	PRDX5	P30044	/data/Dutta_lab/aric/EA/SeqId_5017_19.PHENO1.glm.linear	11	64318121	ARIC
SeqId_5018_68	PRDX6	P30041	/data/Dutta_lab/aric/EA/SeqId_5018_68.PHENO1.glm.linear	1	173477330	ARIC
SeqId_5019_16	UCHL1	P09936	/data/Dutta_lab/aric/EA/SeqId_5019_16.PHENO1.glm.linear	4	41256413	ARIC
SeqId_5021_13	PPA1	Q15181	/data/Dutta_lab/aric/EA/SeqId_5021_13.PHENO1.glm.linear	10	70210250	ARIC
SeqId_5023_23	ADSL	P30566	/data/Dutta_lab/aric/EA/SeqId_5023_23.PHENO1.glm.linear	22	40346500	ARIC
SeqId_5024_67	RB1	P06400	/data/Dutta_lab/aric/EA/SeqId_5024_67.PHENO1.glm.linear	13	48303726	ARIC
SeqId_5026_66	RPS3	P23396	/data/Dutta_lab/aric/EA/SeqId_5026_66.PHENO1.glm.linear	11	75399515	ARIC
SeqId_5028_59	CD163	Q86VB7	/data/Dutta_lab/aric/EA/SeqId_5028_59.PHENO1.glm.linear	12	7471936	ARIC
SeqId_5029_3	FAP	Q12884	/data/Dutta_lab/aric/EA/SeqId_5029_3.PHENO1.glm.linear	2	162173781	ARIC
SeqId_5030_52	SIRT2	Q8IXJ6	/data/Dutta_lab/aric/EA/SeqId_5030_52.PHENO1.glm.linear	19	38880153	ARIC
SeqId_5031_10	SPTAN1	Q13813	/data/Dutta_lab/aric/EA/SeqId_5031_10.PHENO1.glm.linear	9	128552558	ARIC
SeqId_5032_64	SSRP1	Q08945	/data/Dutta_lab/aric/EA/SeqId_5032_64.PHENO1.glm.linear	11	57330927	ARIC
SeqId_5033_27	TPM1	P09493	/data/Dutta_lab/aric/EA/SeqId_5033_27.PHENO1.glm.linear	15	63042632	ARIC
SeqId_5034_79	PRSS2	P07478	/data/Dutta_lab/aric/EA/SeqId_5034_79.PHENO1.glm.linear	7	142760398	ARIC
SeqId_5035_7	TYMS	P04818	/data/Dutta_lab/aric/EA/SeqId_5035_7.PHENO1.glm.linear	18	657653	ARIC
SeqId_5036_50	TNFAIP6	P98066	/data/Dutta_lab/aric/EA/SeqId_5036_50.PHENO1.glm.linear	2	151357592	ARIC
SeqId_5060_62	CD274	Q9NZQ7	/data/Dutta_lab/aric/EA/SeqId_5060_62.PHENO1.glm.linear	9	5450503	ARIC
SeqId_5061_27	ICOSLG	O75144	/data/Dutta_lab/aric/EA/SeqId_5061_27.PHENO1.glm.linear	21	44230089	ARIC
SeqId_5062_60	CD226	Q15762	/data/Dutta_lab/aric/EA/SeqId_5062_60.PHENO1.glm.linear	18	69895809	ARIC
SeqId_5063_12	CD244	Q9BZW8	/data/Dutta_lab/aric/EA/SeqId_5063_12.PHENO1.glm.linear	1	160839165	ARIC
SeqId_5065_8	CD83	Q01151	/data/Dutta_lab/aric/EA/SeqId_5065_8.PHENO1.glm.linear	6	14117256	ARIC
SeqId_5066_134	CD300C	Q08708	/data/Dutta_lab/aric/EA/SeqId_5066_134.PHENO1.glm.linear	17	74546115	ARIC
SeqId_5069_9	CD55	P08174	/data/Dutta_lab/aric/EA/SeqId_5069_9.PHENO1.glm.linear	1	207321376	ARIC
SeqId_5070_76	TNFRSF6B	O95407	/data/Dutta_lab/aric/EA/SeqId_5070_76.PHENO1.glm.linear	20	63696652	ARIC
SeqId_5076_53	EPHA10	Q5JZY3	/data/Dutta_lab/aric/EA/SeqId_5076_53.PHENO1.glm.linear	1	37715020	ARIC
SeqId_5078_82	EPHB6	O15197	/data/Dutta_lab/aric/EA/SeqId_5078_82.PHENO1.glm.linear	7	142855061	ARIC
SeqId_5085_18	IL20RA	Q9UHF4	/data/Dutta_lab/aric/EA/SeqId_5085_18.PHENO1.glm.linear	6	137044248	ARIC
SeqId_5087_5	IL22RA2	Q969J5	/data/Dutta_lab/aric/EA/SeqId_5087_5.PHENO1.glm.linear	6	137173644	ARIC
SeqId_5088_175	IL23R	Q5VWK5	/data/Dutta_lab/aric/EA/SeqId_5088_175.PHENO1.glm.linear	1	67138907	ARIC
SeqId_5089_11	IL7R	P16871	/data/Dutta_lab/aric/EA/SeqId_5089_11.PHENO1.glm.linear	5	35852695	ARIC
SeqId_5090_49	LILRB1	Q8NHL6	/data/Dutta_lab/aric/EA/SeqId_5090_49.PHENO1.glm.linear	19	54617158	ARIC
SeqId_5091_28	LILRB2	Q8N423	/data/Dutta_lab/aric/EA/SeqId_5091_28.PHENO1.glm.linear	19	54278544	ARIC
SeqId_5092_51	JAG1	P78504	/data/Dutta_lab/aric/EA/SeqId_5092_51.PHENO1.glm.linear	20	10641276	ARIC
SeqId_5093_47	JAG2	Q9Y219	/data/Dutta_lab/aric/EA/SeqId_5093_47.PHENO1.glm.linear	14	105147358	ARIC
SeqId_5094_62	AMICA1	Q86YT9	/data/Dutta_lab/aric/EA/SeqId_5094_62.PHENO1.glm.linear	11	118205390	ARIC
SeqId_5095_21	KIR2DL4	Q99706	/data/Dutta_lab/aric/EA/SeqId_5095_21.PHENO1.glm.linear	19	54803535	ARIC
SeqId_5096_51	KIR3DL2	P43630	/data/Dutta_lab/aric/EA/SeqId_5096_51.PHENO1.glm.linear	19	54850443	ARIC
SeqId_5098_79	KLRF1	Q9NZS2	/data/Dutta_lab/aric/EA/SeqId_5098_79.PHENO1.glm.linear	12	9827481	ARIC
SeqId_5100_53	SCARB2	Q14108	/data/Dutta_lab/aric/EA/SeqId_5100_53.PHENO1.glm.linear	4	76163457	ARIC
SeqId_5102_55	MICB	Q29980	/data/Dutta_lab/aric/EA/SeqId_5102_55.PHENO1.glm.linear	6	31494881	ARIC
SeqId_5103_30	CD200R1	Q8TD46	/data/Dutta_lab/aric/EA/SeqId_5103_30.PHENO1.glm.linear	3	112974912	ARIC
SeqId_5105_2	RTN4R	Q9BZR6	/data/Dutta_lab/aric/EA/SeqId_5105_2.PHENO1.glm.linear	22	20243684	ARIC
SeqId_5106_52	NOTCH2	Q04721	/data/Dutta_lab/aric/EA/SeqId_5106_52.PHENO1.glm.linear	1	119923905	ARIC
SeqId_5107_7	NOTCH1	P46531	/data/Dutta_lab/aric/EA/SeqId_5107_7.PHENO1.glm.linear	9	136504845	ARIC
SeqId_5108_72	NOTCH3	Q9UM47	/data/Dutta_lab/aric/EA/SeqId_5108_72.PHENO1.glm.linear	19	15165967	ARIC
SeqId_5109_24	NRCAM	Q92823	/data/Dutta_lab/aric/EA/SeqId_5109_24.PHENO1.glm.linear	7	108156637	ARIC
SeqId_5110_84	NRXN1	P58400	/data/Dutta_lab/aric/EA/SeqId_5110_84.PHENO1.glm.linear	2	49973939	ARIC
SeqId_5111_15	NRXN3	Q9HDB5	/data/Dutta_lab/aric/EA/SeqId_5111_15.PHENO1.glm.linear	14	78170373	ARIC
SeqId_5112_73	CD200	P41217	/data/Dutta_lab/aric/EA/SeqId_5112_73.PHENO1.glm.linear	3	112332347	ARIC
SeqId_5114_65	PRLR	P16471	/data/Dutta_lab/aric/EA/SeqId_5114_65.PHENO1.glm.linear	5	35086338	ARIC
SeqId_5116_62	ROBO2	Q9HCK4	/data/Dutta_lab/aric/EA/SeqId_5116_62.PHENO1.glm.linear	3	75906695	ARIC
SeqId_5117_14	ROBO3	Q96MS0	/data/Dutta_lab/aric/EA/SeqId_5117_14.PHENO1.glm.linear	11	124865432	ARIC
SeqId_5121_3	SEMA6B	Q9H3T3	/data/Dutta_lab/aric/EA/SeqId_5121_3.PHENO1.glm.linear	19	4546469	ARIC
SeqId_5124_69	ICAM5	Q9UMF0	/data/Dutta_lab/aric/EA/SeqId_5124_69.PHENO1.glm.linear	19	10289952	ARIC
SeqId_5128_53	SLAMF6	Q96DU3	/data/Dutta_lab/aric/EA/SeqId_5128_53.PHENO1.glm.linear	1	160523242	ARIC
SeqId_5129_12	SCARF1	Q14162	/data/Dutta_lab/aric/EA/SeqId_5129_12.PHENO1.glm.linear	17	1640557	ARIC
SeqId_5131_15	TNFRSF19	Q9NS68	/data/Dutta_lab/aric/EA/SeqId_5131_15.PHENO1.glm.linear	13	23570370	ARIC
SeqId_5132_71	IL27RA	Q6UWB1	/data/Dutta_lab/aric/EA/SeqId_5132_71.PHENO1.glm.linear	19	14031762	ARIC
SeqId_5133_17	TGFBR2	P37173	/data/Dutta_lab/aric/EA/SeqId_5133_17.PHENO1.glm.linear	3	30606601	ARIC
SeqId_5134_52	HAVCR2	Q8TDQ0	/data/Dutta_lab/aric/EA/SeqId_5134_52.PHENO1.glm.linear	5	157107283	ARIC
SeqId_5138_50	TNFRSF12A	Q9NP84	/data/Dutta_lab/aric/EA/SeqId_5138_50.PHENO1.glm.linear	16	3018445	ARIC
SeqId_5139_32	UNC5C	O95185	/data/Dutta_lab/aric/EA/SeqId_5139_32.PHENO1.glm.linear	4	95335632	ARIC
SeqId_5178_5	PDE7A	Q13946	/data/Dutta_lab/aric/EA/SeqId_5178_5.PHENO1.glm.linear	8	65728157	ARIC
SeqId_5196_7	NMT1	P30419	/data/Dutta_lab/aric/EA/SeqId_5196_7.PHENO1.glm.linear	17	45051610	ARIC
SeqId_5201_50	PDE9A	O76083	/data/Dutta_lab/aric/EA/SeqId_5201_50.PHENO1.glm.linear	21	42653621	ARIC
SeqId_5202_4	PPID	Q08752	/data/Dutta_lab/aric/EA/SeqId_5202_4.PHENO1.glm.linear	4	158710821	ARIC
SeqId_5204_13	PSME3	P61289	/data/Dutta_lab/aric/EA/SeqId_5204_13.PHENO1.glm.linear	17	42824385	ARIC
SeqId_5223_59	GCKR	Q14397	/data/Dutta_lab/aric/EA/SeqId_5223_59.PHENO1.glm.linear	2	27496839	ARIC
SeqId_5224_20	CSNK2A1	P68400	/data/Dutta_lab/aric/EA/SeqId_5224_20.PHENO1.glm.linear	20	488736	ARIC
SeqId_5227_60	PDK1	Q15118	/data/Dutta_lab/aric/EA/SeqId_5227_60.PHENO1.glm.linear	2	172555373	ARIC
SeqId_5228_25	KIF23	Q02241	/data/Dutta_lab/aric/EA/SeqId_5228_25.PHENO1.glm.linear	15	69414246	ARIC
SeqId_5229_90	IMPDH1	P20839	/data/Dutta_lab/aric/EA/SeqId_5229_90.PHENO1.glm.linear	7	128395171	ARIC
SeqId_5230_99	HMGCR	P04035	/data/Dutta_lab/aric/EA/SeqId_5230_99.PHENO1.glm.linear	5	75336329	ARIC
SeqId_5231_79	PCSK9	Q8NBP7	/data/Dutta_lab/aric/EA/SeqId_5231_79.PHENO1.glm.linear	1	55039447	ARIC
SeqId_5236_2	NR1D1	P20393	/data/Dutta_lab/aric/EA/SeqId_5236_2.PHENO1.glm.linear	17	40100589	ARIC
SeqId_5238_26	PPIE	Q9UNP9	/data/Dutta_lab/aric/EA/SeqId_5238_26.PHENO1.glm.linear	1	39692182	ARIC
SeqId_5242_37	MAP2K4	P45985	/data/Dutta_lab/aric/EA/SeqId_5242_37.PHENO1.glm.linear	17	12020829	ARIC
SeqId_5248_68	PPIF	P30405	/data/Dutta_lab/aric/EA/SeqId_5248_68.PHENO1.glm.linear	10	79347469	ARIC
SeqId_5250_53	IMPDH2	P12268	/data/Dutta_lab/aric/EA/SeqId_5250_53.PHENO1.glm.linear	3	49024838	ARIC
SeqId_5252_33	PDE11A	Q9HCR9	/data/Dutta_lab/aric/EA/SeqId_5252_33.PHENO1.glm.linear	2	177675552	ARIC
SeqId_5253_1	PDE1A	P54750	/data/Dutta_lab/aric/EA/SeqId_5253_1.PHENO1.glm.linear	2	182241986	ARIC
SeqId_5254_69	PDE3A	Q14432	/data/Dutta_lab/aric/EA/SeqId_5254_69.PHENO1.glm.linear	12	20369245	ARIC
SeqId_5255_22	PDE4D	Q08499	/data/Dutta_lab/aric/EA/SeqId_5255_22.PHENO1.glm.linear	5	58999932	ARIC
SeqId_5256_86	PDE5A	O76074	/data/Dutta_lab/aric/EA/SeqId_5256_86.PHENO1.glm.linear	4	119505935	ARIC
SeqId_5260_80	TYK2	P29597	/data/Dutta_lab/aric/EA/SeqId_5260_80.PHENO1.glm.linear	19	10351285	ARIC
SeqId_5261_13	ABL2	P42684	/data/Dutta_lab/aric/EA/SeqId_5261_13.PHENO1.glm.linear	1	179119484	ARIC
SeqId_5262_57	BCAR3	O75815	/data/Dutta_lab/aric/EA/SeqId_5262_57.PHENO1.glm.linear	1	93568127	ARIC
SeqId_5264_65	CALR	P27797	/data/Dutta_lab/aric/EA/SeqId_5264_65.PHENO1.glm.linear	19	12938578	ARIC
SeqId_5265_12	GRAP2	O75791	/data/Dutta_lab/aric/EA/SeqId_5265_12.PHENO1.glm.linear	22	39901084	ARIC
SeqId_5268_49	MMP16	P51512	/data/Dutta_lab/aric/EA/SeqId_5268_49.PHENO1.glm.linear	8	88327206	ARIC
SeqId_5272_55	SHC1	P29353	/data/Dutta_lab/aric/EA/SeqId_5272_55.PHENO1.glm.linear	1	154965762	ARIC
SeqId_5275_28	VAV1	P15498	/data/Dutta_lab/aric/EA/SeqId_5275_28.PHENO1.glm.linear	19	6772708	ARIC
SeqId_5280_68	SLC25A18	Q9H1K4	/data/Dutta_lab/aric/EA/SeqId_5280_68.PHENO1.glm.linear	22	17563450	ARIC
SeqId_5301_7	CCL11	P51671	/data/Dutta_lab/aric/EA/SeqId_5301_7.PHENO1.glm.linear	17	34285742	ARIC
SeqId_5312_49	APOE	P02649	/data/Dutta_lab/aric/EA/SeqId_5312_49.PHENO1.glm.linear	19	44905791	ARIC
SeqId_5315_22	TNNT2	P45379	/data/Dutta_lab/aric/EA/SeqId_5315_22.PHENO1.glm.linear	1	201361357	ARIC
SeqId_5316_54	F2	P00734	/data/Dutta_lab/aric/EA/SeqId_5316_54.PHENO1.glm.linear	11	46719196	ARIC
SeqId_5335_73	ANXA6	P08133	/data/Dutta_lab/aric/EA/SeqId_5335_73.PHENO1.glm.linear	5	151105272	ARIC
SeqId_5337_64	CD86	P42081	/data/Dutta_lab/aric/EA/SeqId_5337_64.PHENO1.glm.linear	3	122055362	ARIC
SeqId_5339_49	S100A9	P06702	/data/Dutta_lab/aric/EA/SeqId_5339_49.PHENO1.glm.linear	1	153357854	ARIC
SeqId_5340_24	CASP10	Q92851	/data/Dutta_lab/aric/EA/SeqId_5340_24.PHENO1.glm.linear	2	201182898	ARIC
SeqId_5343_74	CPE	P16870	/data/Dutta_lab/aric/EA/SeqId_5343_74.PHENO1.glm.linear	4	165361194	ARIC
SeqId_5345_51	CKAP2	Q8WWK9	/data/Dutta_lab/aric/EA/SeqId_5345_51.PHENO1.glm.linear	13	52455429	ARIC
SeqId_5346_24	CPNE1	Q99829	/data/Dutta_lab/aric/EA/SeqId_5346_24.PHENO1.glm.linear	20	35626853	ARIC
SeqId_5347_59	CCNB1	P14635	/data/Dutta_lab/aric/EA/SeqId_5347_59.PHENO1.glm.linear	5	69167135	ARIC
SeqId_5349_69	DLL1	O00548	/data/Dutta_lab/aric/EA/SeqId_5349_69.PHENO1.glm.linear	6	170291078	ARIC
SeqId_5350_14	GPC6	Q9Y625	/data/Dutta_lab/aric/EA/SeqId_5350_14.PHENO1.glm.linear	13	93226807	ARIC
SeqId_5351_52	HNRNPA2B1	P22626	/data/Dutta_lab/aric/EA/SeqId_5351_52.PHENO1.glm.linear	7	26191678	ARIC
SeqId_5352_11	TNFRSF14	Q92956	/data/Dutta_lab/aric/EA/SeqId_5352_11.PHENO1.glm.linear	1	2555639	ARIC
SeqId_5353_89	IL1RN	P18510	/data/Dutta_lab/aric/EA/SeqId_5353_89.PHENO1.glm.linear	2	113107214	ARIC
SeqId_5354_11	KRT18	P05783	/data/Dutta_lab/aric/EA/SeqId_5354_11.PHENO1.glm.linear	12	52948871	ARIC
SeqId_5355_69	TNFSF14	O43557	/data/Dutta_lab/aric/EA/SeqId_5355_69.PHENO1.glm.linear	19	6670117	ARIC
SeqId_5358_3	OMD	Q99983	/data/Dutta_lab/aric/EA/SeqId_5358_3.PHENO1.glm.linear	9	92424461	ARIC
SeqId_5359_65	PIM1	P11309	/data/Dutta_lab/aric/EA/SeqId_5359_65.PHENO1.glm.linear	6	37170152	ARIC
SeqId_5360_9	AKT2	P31751	/data/Dutta_lab/aric/EA/SeqId_5360_9.PHENO1.glm.linear	19	40235958	ARIC
SeqId_5363_51	SEMA3E	O15041	/data/Dutta_lab/aric/EA/SeqId_5363_51.PHENO1.glm.linear	7	83462160	ARIC
SeqId_5364_7	SET	Q01105	/data/Dutta_lab/aric/EA/SeqId_5364_7.PHENO1.glm.linear	9	128683424	ARIC
SeqId_5383_14	TNFRSF13C	Q96RJ3	/data/Dutta_lab/aric/EA/SeqId_5383_14.PHENO1.glm.linear	22	41926818	ARIC
SeqId_5392_73	FAS	P25445	/data/Dutta_lab/aric/EA/SeqId_5392_73.PHENO1.glm.linear	10	88990531	ARIC
SeqId_5400_52	LEPR	P48357	/data/Dutta_lab/aric/EA/SeqId_5400_52.PHENO1.glm.linear	1	65420652	ARIC
SeqId_5404_53	TNFRSF21	O75509	/data/Dutta_lab/aric/EA/SeqId_5404_53.PHENO1.glm.linear	6	47309905	ARIC
SeqId_5410_53	CDH15	P55291	/data/Dutta_lab/aric/EA/SeqId_5410_53.PHENO1.glm.linear	16	89171748	ARIC
SeqId_5412_53	CD27	P26842	/data/Dutta_lab/aric/EA/SeqId_5412_53.PHENO1.glm.linear	12	6444867	ARIC
SeqId_5430_66	SIRPA	P78324	/data/Dutta_lab/aric/EA/SeqId_5430_66.PHENO1.glm.linear	20	1894167	ARIC
SeqId_5437_63	FABP3	P05413	/data/Dutta_lab/aric/EA/SeqId_5437_63.PHENO1.glm.linear	1	31369590	ARIC
SeqId_5440_26	TNNI2	P48788	/data/Dutta_lab/aric/EA/SeqId_5440_26.PHENO1.glm.linear	11	1838981	ARIC
SeqId_5441_67	TNNI3	P19429	/data/Dutta_lab/aric/EA/SeqId_5441_67.PHENO1.glm.linear	19	55154406	ARIC
SeqId_5443_62	NPPA	P01160	/data/Dutta_lab/aric/EA/SeqId_5443_62.PHENO1.glm.linear	1	11847783	ARIC
SeqId_5451_1	ALCAM	Q13740	/data/Dutta_lab/aric/EA/SeqId_5451_1.PHENO1.glm.linear	3	105366909	ARIC
SeqId_5452_71	ASGR1	P07306	/data/Dutta_lab/aric/EA/SeqId_5452_71.PHENO1.glm.linear	17	7177046	ARIC
SeqId_5456_59	CNDP1	Q96KN2	/data/Dutta_lab/aric/EA/SeqId_5456_59.PHENO1.glm.linear	18	74534500	ARIC
SeqId_5457_5	COLEC12	Q5KU26	/data/Dutta_lab/aric/EA/SeqId_5457_5.PHENO1.glm.linear	18	317366	ARIC
SeqId_5459_33	CST1	P01037	/data/Dutta_lab/aric/EA/SeqId_5459_33.PHENO1.glm.linear	20	23750937	ARIC
SeqId_5460_60	DDX19B	Q9UMR2	/data/Dutta_lab/aric/EA/SeqId_5460_60.PHENO1.glm.linear	16	70289663	ARIC
SeqId_5462_62	FCN3	O75636	/data/Dutta_lab/aric/EA/SeqId_5462_62.PHENO1.glm.linear	1	27373678	ARIC
SeqId_5463_22	GAS1	P54826	/data/Dutta_lab/aric/EA/SeqId_5463_22.PHENO1.glm.linear	9	86947506	ARIC
SeqId_5464_52	GRB2	P62993	/data/Dutta_lab/aric/EA/SeqId_5464_52.PHENO1.glm.linear	17	75321753	ARIC
SeqId_5465_32	HS6ST1	O60243	/data/Dutta_lab/aric/EA/SeqId_5465_32.PHENO1.glm.linear	2	128290196	ARIC
SeqId_5467_15	HSP90AB1	P08238	/data/Dutta_lab/aric/EA/SeqId_5467_15.PHENO1.glm.linear	6	44246166	ARIC
SeqId_5468_67	IL17RC	Q8NAC3	/data/Dutta_lab/aric/EA/SeqId_5468_67.PHENO1.glm.linear	3	9917074	ARIC
SeqId_5475_10	PRKCB	P05771	/data/Dutta_lab/aric/EA/SeqId_5475_10.PHENO1.glm.linear	16	23835983	ARIC
SeqId_5476_66	PRKCG	P05129	/data/Dutta_lab/aric/EA/SeqId_5476_66.PHENO1.glm.linear	19	53879190	ARIC
SeqId_5478_50	FOLH1	Q04609	/data/Dutta_lab/aric/EA/SeqId_5478_50.PHENO1.glm.linear	11	49156753	ARIC
SeqId_5480_49	CCL5	P13501	/data/Dutta_lab/aric/EA/SeqId_5480_49.PHENO1.glm.linear	17	35880360	ARIC
SeqId_5481_16	RASA1	P20936	/data/Dutta_lab/aric/EA/SeqId_5481_16.PHENO1.glm.linear	5	87267883	ARIC
SeqId_5483_1	RGMA	Q96B86	/data/Dutta_lab/aric/EA/SeqId_5483_1.PHENO1.glm.linear	15	93058841	ARIC
SeqId_5484_63	RPS3A	P61247	/data/Dutta_lab/aric/EA/SeqId_5484_63.PHENO1.glm.linear	4	151099624	ARIC
SeqId_5486_73	ICAM2	P13598	/data/Dutta_lab/aric/EA/SeqId_5486_73.PHENO1.glm.linear	17	64006746	ARIC
SeqId_5487_7	SLAMF7	Q9NQ25	/data/Dutta_lab/aric/EA/SeqId_5487_7.PHENO1.glm.linear	1	160739057	ARIC
SeqId_5488_74	SRC	P12931	/data/Dutta_lab/aric/EA/SeqId_5488_74.PHENO1.glm.linear	20	37344685	ARIC
SeqId_5489_18	STIP1	P31948	/data/Dutta_lab/aric/EA/SeqId_5489_18.PHENO1.glm.linear	11	64185272	ARIC
SeqId_5490_53	SPOCK1	Q08629	/data/Dutta_lab/aric/EA/SeqId_5490_53.PHENO1.glm.linear	5	136979500	ARIC
SeqId_5491_12	SPOCK2	Q92563	/data/Dutta_lab/aric/EA/SeqId_5491_12.PHENO1.glm.linear	10	72068865	ARIC
SeqId_5494_52	SNRPF	P62306	/data/Dutta_lab/aric/EA/SeqId_5494_52.PHENO1.glm.linear	12	95858928	ARIC
SeqId_5509_7	EGF	P01133	/data/Dutta_lab/aric/EA/SeqId_5509_7.PHENO1.glm.linear	4	109912883	ARIC
SeqId_5526_53	TNFRSF18	Q9Y5U5	/data/Dutta_lab/aric/EA/SeqId_5526_53.PHENO1.glm.linear	1	1205680	ARIC
SeqId_5532_53	FGFR1	P11362	/data/Dutta_lab/aric/EA/SeqId_5532_53.PHENO1.glm.linear	8	38401683	ARIC
SeqId_5534_49	TNFRSF10B	O14763	/data/Dutta_lab/aric/EA/SeqId_5534_49.PHENO1.glm.linear	8	23027634	ARIC
SeqId_5542_22	NRP1	O14786	/data/Dutta_lab/aric/EA/SeqId_5542_22.PHENO1.glm.linear	10	33185655	ARIC
SeqId_5581_28	FGL1	Q08830	/data/Dutta_lab/aric/EA/SeqId_5581_28.PHENO1.glm.linear	8	17874665	ARIC
SeqId_5583_62	RYK	P34925	/data/Dutta_lab/aric/EA/SeqId_5583_62.PHENO1.glm.linear	3	134181672	ARIC
SeqId_5584_21	TCN2	P20062	/data/Dutta_lab/aric/EA/SeqId_5584_21.PHENO1.glm.linear	22	30607003	ARIC
SeqId_5586_66	MINPP1	Q9UNW1	/data/Dutta_lab/aric/EA/SeqId_5586_66.PHENO1.glm.linear	10	87504875	ARIC
SeqId_5590_11	ZPLD1	Q8TCW7	/data/Dutta_lab/aric/EA/SeqId_5590_11.PHENO1.glm.linear	3	102099244	ARIC
SeqId_5593_11	PDIA5	Q14554	/data/Dutta_lab/aric/EA/SeqId_5593_11.PHENO1.glm.linear	3	123067025	ARIC
SeqId_5596_75	CD5	P06127	/data/Dutta_lab/aric/EA/SeqId_5596_75.PHENO1.glm.linear	11	61102489	ARIC
SeqId_5598_3	GREM2	Q9H772	/data/Dutta_lab/aric/EA/SeqId_5598_3.PHENO1.glm.linear	1	240612155	ARIC
SeqId_5599_88	PCYOX1L	Q8NBM8	/data/Dutta_lab/aric/EA/SeqId_5599_88.PHENO1.glm.linear	5	149358037	ARIC
SeqId_5601_2	PGLYRP2	Q96PD5	/data/Dutta_lab/aric/EA/SeqId_5601_2.PHENO1.glm.linear	19	15479501	ARIC
SeqId_5602_62	RNASE10	Q5GAN6	/data/Dutta_lab/aric/EA/SeqId_5602_62.PHENO1.glm.linear	14	20505537	ARIC
SeqId_5604_30	HPSE	Q9Y251	/data/Dutta_lab/aric/EA/SeqId_5604_30.PHENO1.glm.linear	4	83334782	ARIC
SeqId_5605_77	MFNG	O00587	/data/Dutta_lab/aric/EA/SeqId_5605_77.PHENO1.glm.linear	22	37472724	ARIC
SeqId_5606_24	MFAP1	P55081	/data/Dutta_lab/aric/EA/SeqId_5606_24.PHENO1.glm.linear	15	43810132	ARIC
SeqId_5609_92	FAM19A5	Q7Z5A7	/data/Dutta_lab/aric/EA/SeqId_5609_92.PHENO1.glm.linear	22	48489460	ARIC
SeqId_5610_32	FAM171A1	Q5VUB5	/data/Dutta_lab/aric/EA/SeqId_5610_32.PHENO1.glm.linear	10	15248707	ARIC
SeqId_5611_56	DEFB108B	Q8NET1	/data/Dutta_lab/aric/EA/SeqId_5611_56.PHENO1.glm.linear	11	71833200	ARIC
SeqId_5612_16	HINT2	Q9BX68	/data/Dutta_lab/aric/EA/SeqId_5612_16.PHENO1.glm.linear	9	35813694	ARIC
SeqId_5613_75	LAT2	Q9GZY6	/data/Dutta_lab/aric/EA/SeqId_5613_75.PHENO1.glm.linear	7	74199652	ARIC
SeqId_5614_44	CRH	P06850	/data/Dutta_lab/aric/EA/SeqId_5614_44.PHENO1.glm.linear	8	66178464	ARIC
SeqId_5615_62	FAM172A	Q8WUF8	/data/Dutta_lab/aric/EA/SeqId_5615_62.PHENO1.glm.linear	5	93824254	ARIC
SeqId_5617_41	NPFF	O15130	/data/Dutta_lab/aric/EA/SeqId_5617_41.PHENO1.glm.linear	12	53507638	ARIC
SeqId_5618_50	FAM3B	P58499	/data/Dutta_lab/aric/EA/SeqId_5618_50.PHENO1.glm.linear	21	41304212	ARIC
SeqId_5620_13	PAM	P19021	/data/Dutta_lab/aric/EA/SeqId_5620_13.PHENO1.glm.linear	5	102753981	ARIC
SeqId_5621_64	THSD1	Q9NS62	/data/Dutta_lab/aric/EA/SeqId_5621_64.PHENO1.glm.linear	13	52406172	ARIC
SeqId_5623_11	CD300LF	Q8TDQ1	/data/Dutta_lab/aric/EA/SeqId_5623_11.PHENO1.glm.linear	17	74705255	ARIC
SeqId_5626_20	CTRC	Q99895	/data/Dutta_lab/aric/EA/SeqId_5626_20.PHENO1.glm.linear	1	15438442	ARIC
SeqId_5627_53	GNRH1	P01148	/data/Dutta_lab/aric/EA/SeqId_5627_53.PHENO1.glm.linear	8	25424261	ARIC
SeqId_5628_21	SEMA3G	Q9NS98	/data/Dutta_lab/aric/EA/SeqId_5628_21.PHENO1.glm.linear	3	52444969	ARIC
SeqId_5629_58	KLRC1	P26715	/data/Dutta_lab/aric/EA/SeqId_5629_58.PHENO1.glm.linear	12	10449364	ARIC
SeqId_5630_48	CD300A	Q9UGN4	/data/Dutta_lab/aric/EA/SeqId_5630_48.PHENO1.glm.linear	17	74466399	ARIC
SeqId_5631_83	MLN	P12872	/data/Dutta_lab/aric/EA/SeqId_5631_83.PHENO1.glm.linear	6	33803980	ARIC
SeqId_5632_6	CRTAC1	Q9NQ79	/data/Dutta_lab/aric/EA/SeqId_5632_6.PHENO1.glm.linear	10	97884242	ARIC
SeqId_5634_39	POFUT1	Q9H488	/data/Dutta_lab/aric/EA/SeqId_5634_39.PHENO1.glm.linear	20	32207880	ARIC
SeqId_5636_10	MFAP4	P55083	/data/Dutta_lab/aric/EA/SeqId_5636_10.PHENO1.glm.linear	17	19384229	ARIC
SeqId_5637_81	NTNG1	Q9Y2I2	/data/Dutta_lab/aric/EA/SeqId_5637_81.PHENO1.glm.linear	1	107140007	ARIC
SeqId_5638_23	COLGALT1	Q8NBJ5	/data/Dutta_lab/aric/EA/SeqId_5638_23.PHENO1.glm.linear	19	17555649	ARIC
SeqId_5639_49	NETO1	Q8TDF5	/data/Dutta_lab/aric/EA/SeqId_5639_49.PHENO1.glm.linear	18	72749038	ARIC
SeqId_5643_2	LCN8	Q6JVE9	/data/Dutta_lab/aric/EA/SeqId_5643_2.PHENO1.glm.linear	9	136757055	ARIC
SeqId_5644_60	RNASE4	P34096	/data/Dutta_lab/aric/EA/SeqId_5644_60.PHENO1.glm.linear	14	20684560	ARIC
SeqId_5646_20	RNASE6	Q93091	/data/Dutta_lab/aric/EA/SeqId_5646_20.PHENO1.glm.linear	14	20781268	ARIC
SeqId_5648_28	CTRB2	Q6GPI1	/data/Dutta_lab/aric/EA/SeqId_5648_28.PHENO1.glm.linear	16	75205795	ARIC
SeqId_5649_83	PSG4	Q00888	/data/Dutta_lab/aric/EA/SeqId_5649_83.PHENO1.glm.linear	19	43194886	ARIC
SeqId_5650_9	PDIA6	Q15084	/data/Dutta_lab/aric/EA/SeqId_5650_9.PHENO1.glm.linear	2	10812754	ARIC
SeqId_5651_50	PSG7	Q13046	/data/Dutta_lab/aric/EA/SeqId_5651_50.PHENO1.glm.linear	19	42927577	ARIC
SeqId_5653_23	PRSS37	A4D1T9	/data/Dutta_lab/aric/EA/SeqId_5653_23.PHENO1.glm.linear	7	141841211	ARIC
SeqId_5654_70	TMX3	Q96JJ7	/data/Dutta_lab/aric/EA/SeqId_5654_70.PHENO1.glm.linear	18	68679577	ARIC
SeqId_5656_53	ENDOU	P21128	/data/Dutta_lab/aric/EA/SeqId_5656_53.PHENO1.glm.linear	12	47717879	ARIC
SeqId_5657_28	ST3GAL1	Q11201	/data/Dutta_lab/aric/EA/SeqId_5657_28.PHENO1.glm.linear	8	133475934	ARIC
SeqId_5658_64	F13B	P05160	/data/Dutta_lab/aric/EA/SeqId_5658_64.PHENO1.glm.linear	1	197050845	ARIC
SeqId_5659_11	TRH	P20396	/data/Dutta_lab/aric/EA/SeqId_5659_11.PHENO1.glm.linear	3	129974688	ARIC
SeqId_5660_51	SOD3	P08294	/data/Dutta_lab/aric/EA/SeqId_5660_51.PHENO1.glm.linear	4	24789912	ARIC
SeqId_5661_15	IL18	Q14116	/data/Dutta_lab/aric/EA/SeqId_5661_15.PHENO1.glm.linear	11	112151073	ARIC
SeqId_5663_18	PF4V1	P10720	/data/Dutta_lab/aric/EA/SeqId_5663_18.PHENO1.glm.linear	4	73853296	ARIC
SeqId_5664_57	DEFB106A	Q8N104	/data/Dutta_lab/aric/EA/SeqId_5664_57.PHENO1.glm.linear	8	7486400	ARIC
SeqId_5667_3	SEMA3B	Q13214	/data/Dutta_lab/aric/EA/SeqId_5667_3.PHENO1.glm.linear	3	50267558	ARIC
SeqId_5669_26	SIRPB2	Q5JXA9	/data/Dutta_lab/aric/EA/SeqId_5669_26.PHENO1.glm.linear	20	1480436	ARIC
SeqId_5671_1	CTRB1	P17538	/data/Dutta_lab/aric/EA/SeqId_5671_1.PHENO1.glm.linear	16	75218988	ARIC
SeqId_5676_54	ASIP	P42127	/data/Dutta_lab/aric/EA/SeqId_5676_54.PHENO1.glm.linear	20	34194569	ARIC
SeqId_5677_15	C2orf66	Q6UXQ4	/data/Dutta_lab/aric/EA/SeqId_5677_15.PHENO1.glm.linear	2	196810276	ARIC
SeqId_5679_16	DEFB103A	P81534	/data/Dutta_lab/aric/EA/SeqId_5679_16.PHENO1.glm.linear	8	7430348	ARIC
SeqId_5680_54	OBP2B	Q9NPH6	/data/Dutta_lab/aric/EA/SeqId_5680_54.PHENO1.glm.linear	9	133209227	ARIC
SeqId_5682_13	VASN	Q6EMK4	/data/Dutta_lab/aric/EA/SeqId_5682_13.PHENO1.glm.linear	16	4371848	ARIC
SeqId_5687_5	PRKCSH	P14314	/data/Dutta_lab/aric/EA/SeqId_5687_5.PHENO1.glm.linear	19	11435288	ARIC
SeqId_5688_65	CBLN4	Q9NTU7	/data/Dutta_lab/aric/EA/SeqId_5688_65.PHENO1.glm.linear	20	56005519	ARIC
SeqId_5690_49	TUFT1	Q9NNX1	/data/Dutta_lab/aric/EA/SeqId_5690_49.PHENO1.glm.linear	1	151540305	ARIC
SeqId_5691_2	CRISPLD2	Q9H0B8	/data/Dutta_lab/aric/EA/SeqId_5691_2.PHENO1.glm.linear	16	84819985	ARIC
SeqId_5698_60	TNXB	P22105	/data/Dutta_lab/aric/EA/SeqId_5698_60.PHENO1.glm.linear	6	32043452	ARIC
SeqId_5701_81	CLEC3B	P05452	/data/Dutta_lab/aric/EA/SeqId_5701_81.PHENO1.glm.linear	3	45001548	ARIC
SeqId_5703_26	OLFM1	Q99784	/data/Dutta_lab/aric/EA/SeqId_5703_26.PHENO1.glm.linear	9	135075422	ARIC
SeqId_5704_74	GZMM	P51124	/data/Dutta_lab/aric/EA/SeqId_5704_74.PHENO1.glm.linear	19	544034	ARIC
SeqId_5707_55	ELK3	P41970	/data/Dutta_lab/aric/EA/SeqId_5707_55.PHENO1.glm.linear	12	96194375	ARIC
SeqId_5708_1	LEAP2	Q969E1	/data/Dutta_lab/aric/EA/SeqId_5708_1.PHENO1.glm.linear	5	132873444	ARIC
SeqId_5713_9	IFNL3	Q8IZI9	/data/Dutta_lab/aric/EA/SeqId_5713_9.PHENO1.glm.linear	19	39245006	ARIC
SeqId_5714_88	IFNA6	P05013	/data/Dutta_lab/aric/EA/SeqId_5714_88.PHENO1.glm.linear	9	21350956	ARIC
SeqId_5715_4	ABHD14A	Q9BUJ0	/data/Dutta_lab/aric/EA/SeqId_5715_4.PHENO1.glm.linear	3	51971426	ARIC
SeqId_5717_2	CILP	O75339	/data/Dutta_lab/aric/EA/SeqId_5717_2.PHENO1.glm.linear	15	65211473	ARIC
SeqId_5719_66	FAM189A2	Q15884	/data/Dutta_lab/aric/EA/SeqId_5719_66.PHENO1.glm.linear	9	69324567	ARIC
SeqId_5722_78	PRCP	P42785	/data/Dutta_lab/aric/EA/SeqId_5722_78.PHENO1.glm.linear	11	82831438	ARIC
SeqId_5723_4	INSL3	P51460	/data/Dutta_lab/aric/EA/SeqId_5723_4.PHENO1.glm.linear	19	17821505	ARIC
SeqId_5724_58	SBSN	Q6UWP8	/data/Dutta_lab/aric/EA/SeqId_5724_58.PHENO1.glm.linear	19	35528221	ARIC
SeqId_5726_49	SPAG11A	Q6PDA7	/data/Dutta_lab/aric/EA/SeqId_5726_49.PHENO1.glm.linear	8	7847876	ARIC
SeqId_5727_35	B3GALTL	Q6Y288	/data/Dutta_lab/aric/EA/SeqId_5727_35.PHENO1.glm.linear	13	31199975	ARIC
SeqId_5728_60	FCRL1	Q96LA6	/data/Dutta_lab/aric/EA/SeqId_5728_60.PHENO1.glm.linear	1	157797820	ARIC
SeqId_5730_60	CXCL14	O95715	/data/Dutta_lab/aric/EA/SeqId_5730_60.PHENO1.glm.linear	5	135578991	ARIC
SeqId_5731_1	SPINK6	Q6UWN8	/data/Dutta_lab/aric/EA/SeqId_5731_1.PHENO1.glm.linear	5	148202794	ARIC
SeqId_5734_13	PVRL4	Q96NY8	/data/Dutta_lab/aric/EA/SeqId_5734_13.PHENO1.glm.linear	1	161074258	ARIC
SeqId_5736_1	TREML2	Q5T2D2	/data/Dutta_lab/aric/EA/SeqId_5736_1.PHENO1.glm.linear	6	41201149	ARIC
SeqId_5737_61	SEMA4D	Q92854	/data/Dutta_lab/aric/EA/SeqId_5737_61.PHENO1.glm.linear	9	89364651	ARIC
SeqId_5739_75	KRTDAP	P60985	/data/Dutta_lab/aric/EA/SeqId_5739_75.PHENO1.glm.linear	19	35490464	ARIC
SeqId_5740_17	ROBO1	Q9Y6N7	/data/Dutta_lab/aric/EA/SeqId_5740_17.PHENO1.glm.linear	3	78607289	ARIC
SeqId_5742_14	ACP6	Q9NPH0	/data/Dutta_lab/aric/EA/SeqId_5742_14.PHENO1.glm.linear	1	147650682	ARIC
SeqId_5743_82	CARTPT	Q16568	/data/Dutta_lab/aric/EA/SeqId_5743_82.PHENO1.glm.linear	5	71719275	ARIC
SeqId_5744_12	MENT	Q9BUN1	/data/Dutta_lab/aric/EA/SeqId_5744_12.PHENO1.glm.linear	1	151047751	ARIC
SeqId_5745_64	PI15	O43692	/data/Dutta_lab/aric/EA/SeqId_5745_64.PHENO1.glm.linear	8	74824534	ARIC
SeqId_5748_20	ASAH1	Q13510	/data/Dutta_lab/aric/EA/SeqId_5748_20.PHENO1.glm.linear	8	18059163	ARIC
SeqId_5749_53	CLPS	P04118	/data/Dutta_lab/aric/EA/SeqId_5749_53.PHENO1.glm.linear	6	35796850	ARIC
SeqId_5751_14	LETMD1	Q6P1Q0	/data/Dutta_lab/aric/EA/SeqId_5751_14.PHENO1.glm.linear	12	51047962	ARIC
SeqId_5752_63	SUSD3	Q96L08	/data/Dutta_lab/aric/EA/SeqId_5752_63.PHENO1.glm.linear	9	93058688	ARIC
SeqId_5753_21	FAM19A1	Q7Z5A9	/data/Dutta_lab/aric/EA/SeqId_5753_21.PHENO1.glm.linear	3	68004247	ARIC
SeqId_5754_76	INSL6	Q9Y581	/data/Dutta_lab/aric/EA/SeqId_5754_76.PHENO1.glm.linear	9	5164251	ARIC
SeqId_5755_29	GIP	P09681	/data/Dutta_lab/aric/EA/SeqId_5755_29.PHENO1.glm.linear	17	48968596	ARIC
SeqId_5756_66	PAPPA2	Q9BXP8	/data/Dutta_lab/aric/EA/SeqId_5756_66.PHENO1.glm.linear	1	176463171	ARIC
SeqId_5757_45	GNAS	O95467	/data/Dutta_lab/aric/EA/SeqId_5757_45.PHENO1.glm.linear	20	58839718	ARIC
SeqId_5758_49	KLK9	Q9UKQ9	/data/Dutta_lab/aric/EA/SeqId_5758_49.PHENO1.glm.linear	19	51009592	ARIC
SeqId_5762_35	SPAG11B	Q08648	/data/Dutta_lab/aric/EA/SeqId_5762_35.PHENO1.glm.linear	8	7452365	ARIC
SeqId_5763_67	DEFB104A	Q8WTQ1	/data/Dutta_lab/aric/EA/SeqId_5763_67.PHENO1.glm.linear	8	7475082	ARIC
SeqId_5764_4	GALNT2	Q10471	/data/Dutta_lab/aric/EA/SeqId_5764_4.PHENO1.glm.linear	1	230057990	ARIC
SeqId_5765_53	DEFB121	Q5J5C9	/data/Dutta_lab/aric/EA/SeqId_5765_53.PHENO1.glm.linear	20	31406215	ARIC
SeqId_5792_8	AFP	P02771	/data/Dutta_lab/aric/EA/SeqId_5792_8.PHENO1.glm.linear	4	73431138	ARIC
SeqId_5798_3	BID	P55957	/data/Dutta_lab/aric/EA/SeqId_5798_3.PHENO1.glm.linear	22	17741194	ARIC
SeqId_5801_72	NGF	P01138	/data/Dutta_lab/aric/EA/SeqId_5801_72.PHENO1.glm.linear	1	115338249	ARIC
SeqId_5803_24	C3	P01024	/data/Dutta_lab/aric/EA/SeqId_5803_24.PHENO1.glm.linear	19	6678330	ARIC
SeqId_5807_77	CD70	P32970	/data/Dutta_lab/aric/EA/SeqId_5807_77.PHENO1.glm.linear	19	6591139	ARIC
SeqId_5810_25	TDGF1	P13385	/data/Dutta_lab/aric/EA/SeqId_5810_25.PHENO1.glm.linear	3	46574534	ARIC
SeqId_5813_58	EPO	P01588	/data/Dutta_lab/aric/EA/SeqId_5813_58.PHENO1.glm.linear	7	100720468	ARIC
SeqId_5822_22	GDNF	P39905	/data/Dutta_lab/aric/EA/SeqId_5822_22.PHENO1.glm.linear	5	37834822	ARIC
SeqId_5825_49	IFNGR1	P15260	/data/Dutta_lab/aric/EA/SeqId_5825_49.PHENO1.glm.linear	6	137219028	ARIC
SeqId_5834_18	IL9	P15248	/data/Dutta_lab/aric/EA/SeqId_5834_18.PHENO1.glm.linear	5	135895841	ARIC
SeqId_5837_49	LIFR	P42702	/data/Dutta_lab/aric/EA/SeqId_5837_49.PHENO1.glm.linear	5	38489245	ARIC
SeqId_5843_60	EHMT2	Q96KQ7	/data/Dutta_lab/aric/EA/SeqId_5843_60.PHENO1.glm.linear	6	31884806	ARIC
SeqId_5852_6	S100A12	P80511	/data/Dutta_lab/aric/EA/SeqId_5852_6.PHENO1.glm.linear	1	153375621	ARIC
SeqId_5854_60	MAPT	P10636	/data/Dutta_lab/aric/EA/SeqId_5854_60.PHENO1.glm.linear	17	45894382	ARIC
SeqId_5858_6	YWHAZ	P63104	/data/Dutta_lab/aric/EA/SeqId_5858_6.PHENO1.glm.linear	8	100924988	ARIC
SeqId_5861_78	HAAO	P46952	/data/Dutta_lab/aric/EA/SeqId_5861_78.PHENO1.glm.linear	2	42769893	ARIC
SeqId_5864_10	ALDOA	P04075	/data/Dutta_lab/aric/EA/SeqId_5864_10.PHENO1.glm.linear	16	30064164	ARIC
SeqId_5867_60	ARG1	P05089	/data/Dutta_lab/aric/EA/SeqId_5867_60.PHENO1.glm.linear	6	131470832	ARIC
SeqId_5870_23	BAD	Q92934	/data/Dutta_lab/aric/EA/SeqId_5870_23.PHENO1.glm.linear	11	64271868	ARIC
SeqId_5879_51	DCTN2	Q13561	/data/Dutta_lab/aric/EA/SeqId_5879_51.PHENO1.glm.linear	12	57533972	ARIC
SeqId_5882_34	EEF1B2	P24534	/data/Dutta_lab/aric/EA/SeqId_5882_34.PHENO1.glm.linear	2	206159585	ARIC
SeqId_5885_55	EIF4H	Q15056	/data/Dutta_lab/aric/EA/SeqId_5885_55.PHENO1.glm.linear	7	74174245	ARIC
SeqId_5888_29	EIF5A	P63241	/data/Dutta_lab/aric/EA/SeqId_5888_29.PHENO1.glm.linear	17	7306999	ARIC
SeqId_5897_58	GRP	P07492	/data/Dutta_lab/aric/EA/SeqId_5897_58.PHENO1.glm.linear	18	59220158	ARIC
SeqId_5900_11	HINT1	P49773	/data/Dutta_lab/aric/EA/SeqId_5900_11.PHENO1.glm.linear	5	131162627	ARIC
SeqId_5903_91	HSPA8	P11142	/data/Dutta_lab/aric/EA/SeqId_5903_91.PHENO1.glm.linear	11	123059097	ARIC
SeqId_5909_51	NME1	P15531	/data/Dutta_lab/aric/EA/SeqId_5909_51.PHENO1.glm.linear	17	51153536	ARIC
SeqId_5915_58	PEX5	P50542	/data/Dutta_lab/aric/EA/SeqId_5915_58.PHENO1.glm.linear	12	7188685	ARIC
SeqId_5918_5	PSME1	Q06323	/data/Dutta_lab/aric/EA/SeqId_5918_5.PHENO1.glm.linear	14	24136163	ARIC
SeqId_5927_4	WISP3	O95389	/data/Dutta_lab/aric/EA/SeqId_5927_4.PHENO1.glm.linear	6	112054072	ARIC
SeqId_5936_53	TNF	P01375	/data/Dutta_lab/aric/EA/SeqId_5936_53.PHENO1.glm.linear	6	31575565	ARIC
SeqId_5939_42	TNFSF12	O43508	/data/Dutta_lab/aric/EA/SeqId_5939_42.PHENO1.glm.linear	17	7549058	ARIC
SeqId_5947_90	THPO	P40225	/data/Dutta_lab/aric/EA/SeqId_5947_90.PHENO1.glm.linear	3	184373437	ARIC
SeqId_5954_62	PTH	P01270	/data/Dutta_lab/aric/EA/SeqId_5954_62.PHENO1.glm.linear	11	13495997	ARIC
SeqId_5957_30	SST	P61278	/data/Dutta_lab/aric/EA/SeqId_5957_30.PHENO1.glm.linear	3	187670394	ARIC
SeqId_5963_9	DMKN	Q6E0U4	/data/Dutta_lab/aric/EA/SeqId_5963_9.PHENO1.glm.linear	19	35497933	ARIC
SeqId_5980_55	BOLA3	Q53S33	/data/Dutta_lab/aric/EA/SeqId_5980_55.PHENO1.glm.linear	2	74145508	ARIC
SeqId_5988_49	TNFSF14	O43557	/data/Dutta_lab/aric/EA/SeqId_5988_49.PHENO1.glm.linear	19	6670117	ARIC
SeqId_6020_52	UTS2	O95399	/data/Dutta_lab/aric/EA/SeqId_6020_52.PHENO1.glm.linear	1	7853035	ARIC
SeqId_6022_57	NELL2	Q99435	/data/Dutta_lab/aric/EA/SeqId_6022_57.PHENO1.glm.linear	12	44523635	ARIC
SeqId_6027_31	RLN3	Q8WXF3	/data/Dutta_lab/aric/EA/SeqId_6027_31.PHENO1.glm.linear	19	14028148	ARIC
SeqId_6035_2	ST6GAL1	P15907	/data/Dutta_lab/aric/EA/SeqId_6035_2.PHENO1.glm.linear	3	186930502	ARIC
SeqId_6036_78	NA	Q5JZY3	/data/Dutta_lab/aric/EA/SeqId_6036_78.PHENO1.glm.linear	1	37715020	ARIC
SeqId_6039_24	CRHBP	P24387	/data/Dutta_lab/aric/EA/SeqId_6039_24.PHENO1.glm.linear	5	76953045	ARIC
SeqId_6049_64	PTPRS	Q13332	/data/Dutta_lab/aric/EA/SeqId_6049_64.PHENO1.glm.linear	19	5220016	ARIC
SeqId_6054_6	NXPH3	O95157	/data/Dutta_lab/aric/EA/SeqId_6054_6.PHENO1.glm.linear	17	49575858	ARIC
SeqId_6060_2	PIP	P12273	/data/Dutta_lab/aric/EA/SeqId_6060_2.PHENO1.glm.linear	7	143132077	ARIC
SeqId_6064_4	ERP44	Q9BS26	/data/Dutta_lab/aric/EA/SeqId_6064_4.PHENO1.glm.linear	9	100099000	ARIC
SeqId_6069_71	SUMF2	Q8NBJ7	/data/Dutta_lab/aric/EA/SeqId_6069_71.PHENO1.glm.linear	7	56064002	ARIC
SeqId_6077_63	CECR1	Q9NZK5	/data/Dutta_lab/aric/EA/SeqId_6077_63.PHENO1.glm.linear	22	17188727	ARIC
SeqId_6079_59	ACPL2	Q8TE99	/data/Dutta_lab/aric/EA/SeqId_6079_59.PHENO1.glm.linear	3	141228726	ARIC
SeqId_6081_52	PCOLCE2	Q9UKZ9	/data/Dutta_lab/aric/EA/SeqId_6081_52.PHENO1.glm.linear	3	142829731	ARIC
SeqId_6086_15	CHRDL2	Q6WN34	/data/Dutta_lab/aric/EA/SeqId_6086_15.PHENO1.glm.linear	11	74697694	ARIC
SeqId_6103_70	FCRL5	Q96RD9	/data/Dutta_lab/aric/EA/SeqId_6103_70.PHENO1.glm.linear	1	157516073	ARIC
SeqId_6107_3	CELA1	Q9UNI1	/data/Dutta_lab/aric/EA/SeqId_6107_3.PHENO1.glm.linear	12	51346679	ARIC
SeqId_6117_4	PCSK2	P16519	/data/Dutta_lab/aric/EA/SeqId_6117_4.PHENO1.glm.linear	20	17226107	ARIC
SeqId_6119_14	MAMDC2	Q7Z304	/data/Dutta_lab/aric/EA/SeqId_6119_14.PHENO1.glm.linear	9	70043848	ARIC
SeqId_6123_69	TP53	P04637	/data/Dutta_lab/aric/EA/SeqId_6123_69.PHENO1.glm.linear	17	7673587	ARIC
SeqId_6151_18	MAP2K3	P46734	/data/Dutta_lab/aric/EA/SeqId_6151_18.PHENO1.glm.linear	17	21284672	ARIC
SeqId_6168_11	TP53	P04637	/data/Dutta_lab/aric/EA/SeqId_6168_11.PHENO1.glm.linear	17	7673587	ARIC
SeqId_6207_10	PSAP	P07602	/data/Dutta_lab/aric/EA/SeqId_6207_10.PHENO1.glm.linear	10	71819271	ARIC
SeqId_6210_100	IFNA5	P01569	/data/Dutta_lab/aric/EA/SeqId_6210_100.PHENO1.glm.linear	9	21305312	ARIC
SeqId_6213_10	CGB2	Q6NT52	/data/Dutta_lab/aric/EA/SeqId_6213_10.PHENO1.glm.linear	19	49031912	ARIC
SeqId_6214_84	IFNA8	P32881	/data/Dutta_lab/aric/EA/SeqId_6214_84.PHENO1.glm.linear	9	21409117	ARIC
SeqId_6221_1	ADPGK	Q9BRR6	/data/Dutta_lab/aric/EA/SeqId_6221_1.PHENO1.glm.linear	15	72755999	ARIC
SeqId_6223_5	GUCA2B	Q16661	/data/Dutta_lab/aric/EA/SeqId_6223_5.PHENO1.glm.linear	1	42153410	ARIC
SeqId_6226_69	EFHA1	Q8IYU8	/data/Dutta_lab/aric/EA/SeqId_6226_69.PHENO1.glm.linear	13	21496652	ARIC
SeqId_6227_1	KLK10	O43240	/data/Dutta_lab/aric/EA/SeqId_6227_1.PHENO1.glm.linear	19	51017322	ARIC
SeqId_6228_58	SPACA1	Q9HBV2	/data/Dutta_lab/aric/EA/SeqId_6228_58.PHENO1.glm.linear	6	88047841	ARIC
SeqId_6230_56	CER1	O95813	/data/Dutta_lab/aric/EA/SeqId_6230_56.PHENO1.glm.linear	9	14722733	ARIC
SeqId_6231_46	STC2	O76061	/data/Dutta_lab/aric/EA/SeqId_6231_46.PHENO1.glm.linear	5	173324286	ARIC
SeqId_6234_74	VIT	Q6UXI7	/data/Dutta_lab/aric/EA/SeqId_6234_74.PHENO1.glm.linear	2	36696690	ARIC
SeqId_6237_11	FGFRL1	Q8N441	/data/Dutta_lab/aric/EA/SeqId_6237_11.PHENO1.glm.linear	4	1009936	ARIC
SeqId_6238_55	PSG8	Q9UQ74	/data/Dutta_lab/aric/EA/SeqId_6238_55.PHENO1.glm.linear	19	42756124	ARIC
SeqId_6240_70	RSPO1	Q2MKA7	/data/Dutta_lab/aric/EA/SeqId_6240_70.PHENO1.glm.linear	1	37634616	ARIC
SeqId_6245_4	PVRL2	Q92692	/data/Dutta_lab/aric/EA/SeqId_6245_4.PHENO1.glm.linear	19	44846175	ARIC
SeqId_6247_9	SIRPB1	O00241	/data/Dutta_lab/aric/EA/SeqId_6247_9.PHENO1.glm.linear	20	1571912	ARIC
SeqId_6252_62	SCGB3A1	Q96QR1	/data/Dutta_lab/aric/EA/SeqId_6252_62.PHENO1.glm.linear	5	180591163	ARIC
SeqId_6255_74	CPXM1	Q96SM3	/data/Dutta_lab/aric/EA/SeqId_6255_74.PHENO1.glm.linear	20	2800627	ARIC
SeqId_6256_9	LY6G6C	O95867	/data/Dutta_lab/aric/EA/SeqId_6256_9.PHENO1.glm.linear	6	31721679	ARIC
SeqId_6257_56	CGREF1	Q99674	/data/Dutta_lab/aric/EA/SeqId_6257_56.PHENO1.glm.linear	2	27102150	ARIC
SeqId_6262_14	IL17RB	Q9NRM6	/data/Dutta_lab/aric/EA/SeqId_6262_14.PHENO1.glm.linear	3	53846568	ARIC
SeqId_6264_9	CYR61	O00622	/data/Dutta_lab/aric/EA/SeqId_6264_9.PHENO1.glm.linear	1	85580761	ARIC
SeqId_6267_51	STMN4	Q9H169	/data/Dutta_lab/aric/EA/SeqId_6267_51.PHENO1.glm.linear	8	27258386	ARIC
SeqId_6273_58	LEPRE1	Q32P28	/data/Dutta_lab/aric/EA/SeqId_6273_58.PHENO1.glm.linear	1	42747576	ARIC
SeqId_6274_15	WSCD2	Q2TBF2	/data/Dutta_lab/aric/EA/SeqId_6274_15.PHENO1.glm.linear	12	108129288	ARIC
SeqId_6276_16	FURIN	P09958	/data/Dutta_lab/aric/EA/SeqId_6276_16.PHENO1.glm.linear	15	90868588	ARIC
SeqId_6280_11	PCDH8	O95206	/data/Dutta_lab/aric/EA/SeqId_6280_11.PHENO1.glm.linear	13	52845693	ARIC
SeqId_6281_51	ST3GAL2	Q16842	/data/Dutta_lab/aric/EA/SeqId_6281_51.PHENO1.glm.linear	16	70393759	ARIC
SeqId_6283_60	MCEMP1	Q8IX19	/data/Dutta_lab/aric/EA/SeqId_6283_60.PHENO1.glm.linear	19	7676628	ARIC
SeqId_6284_7	FAM150B	Q6UX46	/data/Dutta_lab/aric/EA/SeqId_6284_7.PHENO1.glm.linear	2	286919	ARIC
SeqId_6285_71	MLEC	Q14165	/data/Dutta_lab/aric/EA/SeqId_6285_71.PHENO1.glm.linear	12	120687149	ARIC
SeqId_6290_3	UTS2B	Q765I0	/data/Dutta_lab/aric/EA/SeqId_6290_3.PHENO1.glm.linear	3	191282261	ARIC
SeqId_6291_55	CLSTN3	Q9BQT9	/data/Dutta_lab/aric/EA/SeqId_6291_55.PHENO1.glm.linear	12	7129698	ARIC
SeqId_6296_36	OIT3	Q8WWZ8	/data/Dutta_lab/aric/EA/SeqId_6296_36.PHENO1.glm.linear	10	72893584	ARIC
SeqId_6304_8	C1QTNF1	Q9BXJ1	/data/Dutta_lab/aric/EA/SeqId_6304_8.PHENO1.glm.linear	17	79022814	ARIC
SeqId_6315_58	PLBD1	Q6P4A8	/data/Dutta_lab/aric/EA/SeqId_6315_58.PHENO1.glm.linear	12	14536125	ARIC
SeqId_6321_65	PCDHGA10	Q9Y5H3	/data/Dutta_lab/aric/EA/SeqId_6321_65.PHENO1.glm.linear	5	141412987	ARIC
SeqId_6324_11	DNASE1L2	Q92874	/data/Dutta_lab/aric/EA/SeqId_6324_11.PHENO1.glm.linear	16	2235816	ARIC
SeqId_6326_20	BMP4	P12644	/data/Dutta_lab/aric/EA/SeqId_6326_20.PHENO1.glm.linear	14	53951880	ARIC
SeqId_6334_9	GGT2	P36268	/data/Dutta_lab/aric/EA/SeqId_6334_9.PHENO1.glm.linear	22	21225554	ARIC
SeqId_6342_10	NPNT	Q6UXI9	/data/Dutta_lab/aric/EA/SeqId_6342_10.PHENO1.glm.linear	4	105894775	ARIC
SeqId_6350_43	APOC2	P02655	/data/Dutta_lab/aric/EA/SeqId_6350_43.PHENO1.glm.linear	19	44945971	ARIC
SeqId_6351_55	CD79B	P40259	/data/Dutta_lab/aric/EA/SeqId_6351_55.PHENO1.glm.linear	17	63930514	ARIC
SeqId_6352_8	INSRR	P14616	/data/Dutta_lab/aric/EA/SeqId_6352_8.PHENO1.glm.linear	1	156859117	ARIC
SeqId_6354_13	HEPHL1	Q6MZM0	/data/Dutta_lab/aric/EA/SeqId_6354_13.PHENO1.glm.linear	11	94021354	ARIC
SeqId_6357_83	CELA3B	P08861	/data/Dutta_lab/aric/EA/SeqId_6357_83.PHENO1.glm.linear	1	21977022	ARIC
SeqId_6359_50	POMGNT2	Q8NAT1	/data/Dutta_lab/aric/EA/SeqId_6359_50.PHENO1.glm.linear	3	43105939	ARIC
SeqId_6360_7	DEFB128	Q7Z7B8	/data/Dutta_lab/aric/EA/SeqId_6360_7.PHENO1.glm.linear	20	189711	ARIC
SeqId_6361_49	PTPRR	Q15256	/data/Dutta_lab/aric/EA/SeqId_6361_49.PHENO1.glm.linear	12	70664372	ARIC
SeqId_6362_6	C2orf40	Q9H1Z8	/data/Dutta_lab/aric/EA/SeqId_6362_6.PHENO1.glm.linear	2	106063246	ARIC
SeqId_6364_7	TAPBPL	Q9BX59	/data/Dutta_lab/aric/EA/SeqId_6364_7.PHENO1.glm.linear	12	6451690	ARIC
SeqId_6366_38	TXNDC15	Q96J42	/data/Dutta_lab/aric/EA/SeqId_6366_38.PHENO1.glm.linear	5	134873803	ARIC
SeqId_6367_66	FMOD	Q06828	/data/Dutta_lab/aric/EA/SeqId_6367_66.PHENO1.glm.linear	1	203351086	ARIC
SeqId_6368_9	CSTL1	Q9H114	/data/Dutta_lab/aric/EA/SeqId_6368_9.PHENO1.glm.linear	20	23439685	ARIC
SeqId_6369_82	DEAF1	O75398	/data/Dutta_lab/aric/EA/SeqId_6369_82.PHENO1.glm.linear	11	646596	ARIC
SeqId_6371_50	ANGPTL7	O43827	/data/Dutta_lab/aric/EA/SeqId_6371_50.PHENO1.glm.linear	1	11189355	ARIC
SeqId_6372_7	YBX2	Q9Y2T7	/data/Dutta_lab/aric/EA/SeqId_6372_7.PHENO1.glm.linear	17	7290392	ARIC
SeqId_6373_54	DLK1	P80370	/data/Dutta_lab/aric/EA/SeqId_6373_54.PHENO1.glm.linear	14	100725705	ARIC
SeqId_6375_75	XXYLT1	Q8NBI6	/data/Dutta_lab/aric/EA/SeqId_6375_75.PHENO1.glm.linear	3	195087372	ARIC
SeqId_6377_54	LYZL2	Q7Z4W2	/data/Dutta_lab/aric/EA/SeqId_6377_54.PHENO1.glm.linear	10	30629753	ARIC
SeqId_6378_2	C5orf38	Q86SI9	/data/Dutta_lab/aric/EA/SeqId_6378_2.PHENO1.glm.linear	5	2752131	ARIC
SeqId_6379_62	ADAMTSL2	Q86TH1	/data/Dutta_lab/aric/EA/SeqId_6379_62.PHENO1.glm.linear	9	133532164	ARIC
SeqId_6380_23	ICT1	Q14197	/data/Dutta_lab/aric/EA/SeqId_6380_23.PHENO1.glm.linear	17	75012670	ARIC
SeqId_6382_17	MANBA	O00462	/data/Dutta_lab/aric/EA/SeqId_6382_17.PHENO1.glm.linear	4	102650838	ARIC
SeqId_6383_90	TLL1	O43897	/data/Dutta_lab/aric/EA/SeqId_6383_90.PHENO1.glm.linear	4	165873237	ARIC
SeqId_6384_19	WFDC3	Q8IUB2	/data/Dutta_lab/aric/EA/SeqId_6384_19.PHENO1.glm.linear	20	45779893	ARIC
SeqId_6385_63	VWA1	Q6PCB0	/data/Dutta_lab/aric/EA/SeqId_6385_63.PHENO1.glm.linear	1	1434861	ARIC
SeqId_6388_21	CCDC126	Q96EE4	/data/Dutta_lab/aric/EA/SeqId_6388_21.PHENO1.glm.linear	7	23597382	ARIC
SeqId_6390_18	NPS	P0C0P6	/data/Dutta_lab/aric/EA/SeqId_6390_18.PHENO1.glm.linear	10	127549369	ARIC
SeqId_6392_7	WISP2	O76076	/data/Dutta_lab/aric/EA/SeqId_6392_7.PHENO1.glm.linear	20	44714844	ARIC
SeqId_6393_63	HSP90B1	P14625	/data/Dutta_lab/aric/EA/SeqId_6393_63.PHENO1.glm.linear	12	103930107	ARIC
SeqId_6395_58	GPHA2	Q96T91	/data/Dutta_lab/aric/EA/SeqId_6395_58.PHENO1.glm.linear	11	64935523	ARIC
SeqId_6398_12	LONP1	P36776	/data/Dutta_lab/aric/EA/SeqId_6398_12.PHENO1.glm.linear	19	5694546	ARIC
SeqId_6399_52	DEFB107A	Q8IZN7	/data/Dutta_lab/aric/EA/SeqId_6399_52.PHENO1.glm.linear	8	7495911	ARIC
SeqId_6400_33	TP53I13	Q8NBR0	/data/Dutta_lab/aric/EA/SeqId_6400_33.PHENO1.glm.linear	17	29566052	ARIC
SeqId_6402_8	PILRA	Q9UKJ1	/data/Dutta_lab/aric/EA/SeqId_6402_8.PHENO1.glm.linear	7	100367530	ARIC
SeqId_6404_20	C1QL1	O75973	/data/Dutta_lab/aric/EA/SeqId_6404_20.PHENO1.glm.linear	17	44968303	ARIC
SeqId_6405_74	PSG2	P11465	/data/Dutta_lab/aric/EA/SeqId_6405_74.PHENO1.glm.linear	19	43075407	ARIC
SeqId_6406_3	NMES1	Q9C002	/data/Dutta_lab/aric/EA/SeqId_6406_3.PHENO1.glm.linear	15	45430529	ARIC
SeqId_6407_63	LAD1	O00515	/data/Dutta_lab/aric/EA/SeqId_6407_63.PHENO1.glm.linear	1	201383208	ARIC
SeqId_6408_2	INHBC	P55103	/data/Dutta_lab/aric/EA/SeqId_6408_2.PHENO1.glm.linear	12	57434784	ARIC
SeqId_6409_57	ADGRF5	Q8IZF2	/data/Dutta_lab/aric/EA/SeqId_6409_57.PHENO1.glm.linear	6	46863304	ARIC
SeqId_6410_26	INSL4	Q14641	/data/Dutta_lab/aric/EA/SeqId_6410_26.PHENO1.glm.linear	9	5231419	ARIC
SeqId_6411_58	DEFB135	Q30KP9	/data/Dutta_lab/aric/EA/SeqId_6411_58.PHENO1.glm.linear	8	11982321	ARIC
SeqId_6413_79	LIPK	Q5VXJ0	/data/Dutta_lab/aric/EA/SeqId_6413_79.PHENO1.glm.linear	10	88724544	ARIC
SeqId_6414_8	OAF	Q86UD1	/data/Dutta_lab/aric/EA/SeqId_6414_8.PHENO1.glm.linear	11	120211032	ARIC
SeqId_6415_90	CPN2	P22792	/data/Dutta_lab/aric/EA/SeqId_6415_90.PHENO1.glm.linear	3	194351318	ARIC
SeqId_6416_8	GKN2	Q86XP6	/data/Dutta_lab/aric/EA/SeqId_6416_8.PHENO1.glm.linear	2	68952880	ARIC
SeqId_6420_4	SDHAF2	Q9NX18	/data/Dutta_lab/aric/EA/SeqId_6420_4.PHENO1.glm.linear	11	61430042	ARIC
SeqId_6421_52	IFNA16	P05015	/data/Dutta_lab/aric/EA/SeqId_6421_52.PHENO1.glm.linear	9	21217311	ARIC
SeqId_6424_2	RNASE13	Q5GAN3	/data/Dutta_lab/aric/EA/SeqId_6424_2.PHENO1.glm.linear	14	21034807	ARIC
SeqId_6425_87	MMP19	Q99542	/data/Dutta_lab/aric/EA/SeqId_6425_87.PHENO1.glm.linear	12	55840034	ARIC
SeqId_6430_36	FAM19A2	Q8N3H0	/data/Dutta_lab/aric/EA/SeqId_6430_36.PHENO1.glm.linear	12	61827233	ARIC
SeqId_6431_68	PCYOX1	Q9UHG3	/data/Dutta_lab/aric/EA/SeqId_6431_68.PHENO1.glm.linear	2	70257386	ARIC
SeqId_6433_57	FAM20A	Q96MK3	/data/Dutta_lab/aric/EA/SeqId_6433_57.PHENO1.glm.linear	17	68540577	ARIC
SeqId_6434_18	AOC2	O75106	/data/Dutta_lab/aric/EA/SeqId_6434_18.PHENO1.glm.linear	17	42844580	ARIC
SeqId_6439_59	C14orf93	Q9H972	/data/Dutta_lab/aric/EA/SeqId_6439_59.PHENO1.glm.linear	14	23002769	ARIC
SeqId_6440_31	MFAP5	Q13361	/data/Dutta_lab/aric/EA/SeqId_6440_31.PHENO1.glm.linear	12	8650554	ARIC
SeqId_6441_62	ADAMTS6	Q9UKP5	/data/Dutta_lab/aric/EA/SeqId_6441_62.PHENO1.glm.linear	5	65198765	ARIC
SeqId_6444_15	PSG3	Q16557	/data/Dutta_lab/aric/EA/SeqId_6444_15.PHENO1.glm.linear	19	42739372	ARIC
SeqId_6447_73	PTX3	P26022	/data/Dutta_lab/aric/EA/SeqId_6447_73.PHENO1.glm.linear	3	157436850	ARIC
SeqId_6448_36	SEMA3C	Q99985	/data/Dutta_lab/aric/EA/SeqId_6448_36.PHENO1.glm.linear	7	80798238	ARIC
SeqId_6450_8	FABP6	P51161	/data/Dutta_lab/aric/EA/SeqId_6450_8.PHENO1.glm.linear	5	160187367	ARIC
SeqId_6451_64	ASPN	Q9BXN1	/data/Dutta_lab/aric/EA/SeqId_6451_64.PHENO1.glm.linear	9	92482353	ARIC
SeqId_6453_70	LILRB4	Q8NHJ6	/data/Dutta_lab/aric/EA/SeqId_6453_70.PHENO1.glm.linear	19	54643889	ARIC
SeqId_6454_38	ARHGDIA	P52565	/data/Dutta_lab/aric/EA/SeqId_6454_38.PHENO1.glm.linear	17	81868630	ARIC
SeqId_6455_52	HAPLN4	Q86UW8	/data/Dutta_lab/aric/EA/SeqId_6455_52.PHENO1.glm.linear	19	19261683	ARIC
SeqId_6456_17	PSG6	Q00889	/data/Dutta_lab/aric/EA/SeqId_6456_17.PHENO1.glm.linear	19	42910804	ARIC
SeqId_6457_50	PCDHGA1	Q9Y5H4	/data/Dutta_lab/aric/EA/SeqId_6457_50.PHENO1.glm.linear	5	141330571	ARIC
SeqId_6458_6	RPN1	P04843	/data/Dutta_lab/aric/EA/SeqId_6458_6.PHENO1.glm.linear	3	128627266	ARIC
SeqId_6461_54	APOC3	P02656	/data/Dutta_lab/aric/EA/SeqId_6461_54.PHENO1.glm.linear	11	116829706	ARIC
SeqId_6462_12	TIMP4	Q99727	/data/Dutta_lab/aric/EA/SeqId_6462_12.PHENO1.glm.linear	3	12158912	ARIC
SeqId_6463_59	QRFP	P83859	/data/Dutta_lab/aric/EA/SeqId_6463_59.PHENO1.glm.linear	9	130893838	ARIC
SeqId_6464_40	PVRIG	Q6DKI7	/data/Dutta_lab/aric/EA/SeqId_6464_40.PHENO1.glm.linear	7	100218241	ARIC
SeqId_6467_65	POGLUT1	Q8NBL1	/data/Dutta_lab/aric/EA/SeqId_6467_65.PHENO1.glm.linear	3	119468963	ARIC
SeqId_6468_37	TAC4	Q86UU9	/data/Dutta_lab/aric/EA/SeqId_6468_37.PHENO1.glm.linear	17	49848017	ARIC
SeqId_6469_62	LY6G6D	O95868	/data/Dutta_lab/aric/EA/SeqId_6469_62.PHENO1.glm.linear	6	31715356	ARIC
SeqId_6470_19	FBLN1	P23142	/data/Dutta_lab/aric/EA/SeqId_6470_19.PHENO1.glm.linear	22	45502238	ARIC
SeqId_6471_53	CFHR4	Q92496	/data/Dutta_lab/aric/EA/SeqId_6471_53.PHENO1.glm.linear	1	196888014	ARIC
SeqId_6472_40	PMEL	P40967	/data/Dutta_lab/aric/EA/SeqId_6472_40.PHENO1.glm.linear	12	55956539	ARIC
SeqId_6473_55	BPIFA1	Q9NP55	/data/Dutta_lab/aric/EA/SeqId_6473_55.PHENO1.glm.linear	20	33235995	ARIC
SeqId_6478_2	IGLON5	A6NGN9	/data/Dutta_lab/aric/EA/SeqId_6478_2.PHENO1.glm.linear	19	51311848	ARIC
SeqId_6480_1	CANT1	Q8WVQ1	/data/Dutta_lab/aric/EA/SeqId_6480_1.PHENO1.glm.linear	17	78995249	ARIC
SeqId_6485_59	IGLL1	P15814	/data/Dutta_lab/aric/EA/SeqId_6485_59.PHENO1.glm.linear	22	23580239	ARIC
SeqId_6491_59	KLK15	Q9H2R5	/data/Dutta_lab/aric/EA/SeqId_6491_59.PHENO1.glm.linear	19	50827151	ARIC
SeqId_6493_9	CPZ	Q66K79	/data/Dutta_lab/aric/EA/SeqId_6493_9.PHENO1.glm.linear	4	8592660	ARIC
SeqId_6495_14	EDN1	P05305	/data/Dutta_lab/aric/EA/SeqId_6495_14.PHENO1.glm.linear	6	12290361	ARIC
SeqId_6496_60	DLK1	P80370	/data/Dutta_lab/aric/EA/SeqId_6496_60.PHENO1.glm.linear	14	100725705	ARIC
SeqId_6504_65	LOXL2	Q9Y4K0	/data/Dutta_lab/aric/EA/SeqId_6504_65.PHENO1.glm.linear	8	23320005	ARIC
SeqId_6506_54	TMED10	P49755	/data/Dutta_lab/aric/EA/SeqId_6506_54.PHENO1.glm.linear	14	75147760	ARIC
SeqId_6507_16	NCAM2	O15394	/data/Dutta_lab/aric/EA/SeqId_6507_16.PHENO1.glm.linear	21	20998409	ARIC
SeqId_6508_68	SCGB1D2	O95969	/data/Dutta_lab/aric/EA/SeqId_6508_68.PHENO1.glm.linear	11	62242239	ARIC
SeqId_6511_17	FAM19A4	Q96LR4	/data/Dutta_lab/aric/EA/SeqId_6511_17.PHENO1.glm.linear	3	68932547	ARIC
SeqId_6517_14	GDF10	P55107	/data/Dutta_lab/aric/EA/SeqId_6517_14.PHENO1.glm.linear	10	47300197	ARIC
SeqId_6518_85	GHRL	Q9UBU3	/data/Dutta_lab/aric/EA/SeqId_6518_85.PHENO1.glm.linear	3	10289807	ARIC
SeqId_6520_87	MGP	P08493	/data/Dutta_lab/aric/EA/SeqId_6520_87.PHENO1.glm.linear	12	14884245	ARIC
SeqId_6521_35	NPTX2	P47972	/data/Dutta_lab/aric/EA/SeqId_6521_35.PHENO1.glm.linear	7	98617285	ARIC
SeqId_6525_17	DUSP13	Q6B8I1	/data/Dutta_lab/aric/EA/SeqId_6525_17.PHENO1.glm.linear	10	75097884	ARIC
SeqId_6526_77	OBP2A	Q9NY56	/data/Dutta_lab/aric/EA/SeqId_6526_77.PHENO1.glm.linear	9	135546139	ARIC
SeqId_6527_1	TRIL	Q7L0X0	/data/Dutta_lab/aric/EA/SeqId_6527_1.PHENO1.glm.linear	7	28958330	ARIC
SeqId_6528_95	EXTL2	Q9UBQ6	/data/Dutta_lab/aric/EA/SeqId_6528_95.PHENO1.glm.linear	1	100894664	ARIC
SeqId_6530_63	PROL1	Q99935	/data/Dutta_lab/aric/EA/SeqId_6530_63.PHENO1.glm.linear	4	70397931	ARIC
SeqId_6531_29	FAM162A	Q96A26	/data/Dutta_lab/aric/EA/SeqId_6531_29.PHENO1.glm.linear	3	122384176	ARIC
SeqId_6533_20	DNASE2B	Q8WZ79	/data/Dutta_lab/aric/EA/SeqId_6533_20.PHENO1.glm.linear	1	84398532	ARIC
SeqId_6536_54	PLBD2	Q8NHP8	/data/Dutta_lab/aric/EA/SeqId_6536_54.PHENO1.glm.linear	12	113358566	ARIC
SeqId_6538_90	KIAA2013	Q8IYS2	/data/Dutta_lab/aric/EA/SeqId_6538_90.PHENO1.glm.linear	1	11926403	ARIC
SeqId_6543_182	PRLH	P81277	/data/Dutta_lab/aric/EA/SeqId_6543_182.PHENO1.glm.linear	2	237566574	ARIC
SeqId_6544_33	NELL1	Q92832	/data/Dutta_lab/aric/EA/SeqId_6544_33.PHENO1.glm.linear	11	20669551	ARIC
SeqId_6545_58	PRNP	P04156	/data/Dutta_lab/aric/EA/SeqId_6545_58.PHENO1.glm.linear	20	4686350	ARIC
SeqId_6547_83	TMPRSS11D	O60235	/data/Dutta_lab/aric/EA/SeqId_6547_83.PHENO1.glm.linear	4	67833627	ARIC
SeqId_6549_60	VSTM2L	Q96N03	/data/Dutta_lab/aric/EA/SeqId_6549_60.PHENO1.glm.linear	20	37903111	ARIC
SeqId_6550_4	ICAM4	Q14773	/data/Dutta_lab/aric/EA/SeqId_6550_4.PHENO1.glm.linear	19	10286955	ARIC
SeqId_6551_94	SERPINA12	Q8IW75	/data/Dutta_lab/aric/EA/SeqId_6551_94.PHENO1.glm.linear	14	94504222	ARIC
SeqId_6553_68	CFAP45	Q9UL16	/data/Dutta_lab/aric/EA/SeqId_6553_68.PHENO1.glm.linear	1	159873414	ARIC
SeqId_6555_58	STOML2	Q9UJZ1	/data/Dutta_lab/aric/EA/SeqId_6555_58.PHENO1.glm.linear	9	35101493	ARIC
SeqId_6556_5	ENPP5	Q9UJA9	/data/Dutta_lab/aric/EA/SeqId_6556_5.PHENO1.glm.linear	6	46167551	ARIC
SeqId_6557_50	LRRC15	Q8TF66	/data/Dutta_lab/aric/EA/SeqId_6557_50.PHENO1.glm.linear	3	194369731	ARIC
SeqId_6558_5	COLEC10	Q9Y6Z7	/data/Dutta_lab/aric/EA/SeqId_6558_5.PHENO1.glm.linear	8	118995452	ARIC
SeqId_6570_1	COL13A1	Q5TAT6	/data/Dutta_lab/aric/EA/SeqId_6570_1.PHENO1.glm.linear	10	69801867	ARIC
SeqId_6571_75	C17orf78	Q8N4C9	/data/Dutta_lab/aric/EA/SeqId_6571_75.PHENO1.glm.linear	17	37375985	ARIC
SeqId_6572_10	LRRTM4	Q86VH4	/data/Dutta_lab/aric/EA/SeqId_6572_10.PHENO1.glm.linear	2	77522210	ARIC
SeqId_6574_11	FAIM3	O60667	/data/Dutta_lab/aric/EA/SeqId_6574_11.PHENO1.glm.linear	1	206909945	ARIC
SeqId_6576_1	ART4	Q93070	/data/Dutta_lab/aric/EA/SeqId_6576_1.PHENO1.glm.linear	12	14843062	ARIC
SeqId_6577_64	LAMA4	Q16363	/data/Dutta_lab/aric/EA/SeqId_6577_64.PHENO1.glm.linear	6	112129988	ARIC
SeqId_6580_29	PZP	P20742	/data/Dutta_lab/aric/EA/SeqId_6580_29.PHENO1.glm.linear	12	9167497	ARIC
SeqId_6584_1	HRC	P23327	/data/Dutta_lab/aric/EA/SeqId_6584_1.PHENO1.glm.linear	19	49153307	ARIC
SeqId_6586_19	ADAM11	O75078	/data/Dutta_lab/aric/EA/SeqId_6586_19.PHENO1.glm.linear	17	44758988	ARIC
SeqId_6587_6	LRFN5	Q96NI6	/data/Dutta_lab/aric/EA/SeqId_6587_6.PHENO1.glm.linear	14	41607570	ARIC
SeqId_6593_5	GALNT3	Q14435	/data/Dutta_lab/aric/EA/SeqId_6593_5.PHENO1.glm.linear	2	165761907	ARIC
SeqId_6594_64	SAYSD1	Q9NPB0	/data/Dutta_lab/aric/EA/SeqId_6594_64.PHENO1.glm.linear	6	39109572	ARIC
SeqId_6597_24	FAM174A	Q8TBP5	/data/Dutta_lab/aric/EA/SeqId_6597_24.PHENO1.glm.linear	5	100535374	ARIC
SeqId_6599_5	APCDD1	Q8J025	/data/Dutta_lab/aric/EA/SeqId_6599_5.PHENO1.glm.linear	18	10454635	ARIC
SeqId_6600_70	RELL2	Q8NC24	/data/Dutta_lab/aric/EA/SeqId_6600_70.PHENO1.glm.linear	5	141636950	ARIC
SeqId_6604_59	NDNF	Q8TB73	/data/Dutta_lab/aric/EA/SeqId_6604_59.PHENO1.glm.linear	4	121038984	ARIC
SeqId_6605_17	IGFALS	P35858	/data/Dutta_lab/aric/EA/SeqId_6605_17.PHENO1.glm.linear	16	1793732	ARIC
SeqId_6606_61	KISS1	Q15726	/data/Dutta_lab/aric/EA/SeqId_6606_61.PHENO1.glm.linear	1	204192876	ARIC
SeqId_6609_22	CNP	P09543	/data/Dutta_lab/aric/EA/SeqId_6609_22.PHENO1.glm.linear	17	41966763	ARIC
SeqId_6611_8	KDELC1	Q6UW63	/data/Dutta_lab/aric/EA/SeqId_6611_8.PHENO1.glm.linear	13	102791278	ARIC
SeqId_6612_90	BRICD5	Q6PL45	/data/Dutta_lab/aric/EA/SeqId_6612_90.PHENO1.glm.linear	16	2210145	ARIC
SeqId_6617_12	FCRL6	Q6DN72	/data/Dutta_lab/aric/EA/SeqId_6617_12.PHENO1.glm.linear	1	159800511	ARIC
SeqId_6620_82	LINGO1	Q96FE5	/data/Dutta_lab/aric/EA/SeqId_6620_82.PHENO1.glm.linear	15	77632490	ARIC
SeqId_6621_10	RLN2	P04090	/data/Dutta_lab/aric/EA/SeqId_6621_10.PHENO1.glm.linear	9	5304432	ARIC
SeqId_6624_94	WNT11	O96014	/data/Dutta_lab/aric/EA/SeqId_6624_94.PHENO1.glm.linear	11	76206407	ARIC
SeqId_6625_31	ATAD1	Q8NBU5	/data/Dutta_lab/aric/EA/SeqId_6625_31.PHENO1.glm.linear	10	87814882	ARIC
SeqId_6626_81	CHST12	Q9NRB3	/data/Dutta_lab/aric/EA/SeqId_6626_81.PHENO1.glm.linear	7	2403588	ARIC
SeqId_6627_25	PNLIPRP1	P54315	/data/Dutta_lab/aric/EA/SeqId_6627_25.PHENO1.glm.linear	10	116590385	ARIC
SeqId_6629_3	DEFB1	P60022	/data/Dutta_lab/aric/EA/SeqId_6629_3.PHENO1.glm.linear	8	6877936	ARIC
SeqId_6631_17	COL9A1	P20849	/data/Dutta_lab/aric/EA/SeqId_6631_17.PHENO1.glm.linear	6	70246303	ARIC
SeqId_6633_43	UPK3BL	B0FP48	/data/Dutta_lab/aric/EA/SeqId_6633_43.PHENO1.glm.linear	7	102642791	ARIC
SeqId_6641_60	UBB	P0CG47	/data/Dutta_lab/aric/EA/SeqId_6641_60.PHENO1.glm.linear	17	16380798	ARIC
SeqId_6647_55	UBC	P0CG48	/data/Dutta_lab/aric/EA/SeqId_6647_55.PHENO1.glm.linear	12	124914065	ARIC
SeqId_6649_51	NTN1	O95631	/data/Dutta_lab/aric/EA/SeqId_6649_51.PHENO1.glm.linear	17	9021510	ARIC
SeqId_6651_74	UBB	P0CG47	/data/Dutta_lab/aric/EA/SeqId_6651_74.PHENO1.glm.linear	17	16380798	ARIC
SeqId_6653_58	CD47	Q08722	/data/Dutta_lab/aric/EA/SeqId_6653_58.PHENO1.glm.linear	3	108054739	ARIC
SeqId_6706_18	ALPPL2	P10696	/data/Dutta_lab/aric/EA/SeqId_6706_18.PHENO1.glm.linear	2	232406844	ARIC
SeqId_6713_4	LRP11	Q86VZ4	/data/Dutta_lab/aric/EA/SeqId_6713_4.PHENO1.glm.linear	6	149836199	ARIC
SeqId_6715_63	ALPPL2	P10696	/data/Dutta_lab/aric/EA/SeqId_6715_63.PHENO1.glm.linear	2	232406844	ARIC
SeqId_6895_1	TFRC	P02786	/data/Dutta_lab/aric/EA/SeqId_6895_1.PHENO1.glm.linear	3	196055214	ARIC
SeqId_6896_3	C1orf162	Q8NEQ5	/data/Dutta_lab/aric/EA/SeqId_6896_3.PHENO1.glm.linear	1	111473792	ARIC
SeqId_6897_38	B3GAT3	O94766	/data/Dutta_lab/aric/EA/SeqId_6897_38.PHENO1.glm.linear	11	62617454	ARIC
SeqId_6899_37	PCBD2	Q9H0N5	/data/Dutta_lab/aric/EA/SeqId_6899_37.PHENO1.glm.linear	5	134905120	ARIC
SeqId_6900_30	UBE2J1	Q9Y385	/data/Dutta_lab/aric/EA/SeqId_6900_30.PHENO1.glm.linear	6	89352722	ARIC
SeqId_6904_14	LRRTM2	O43300	/data/Dutta_lab/aric/EA/SeqId_6904_14.PHENO1.glm.linear	5	138875304	ARIC
SeqId_6907_17	TMCO5A	Q8N6Q1	/data/Dutta_lab/aric/EA/SeqId_6907_17.PHENO1.glm.linear	15	37921939	ARIC
SeqId_6909_40	MGAT2	Q10469	/data/Dutta_lab/aric/EA/SeqId_6909_40.PHENO1.glm.linear	14	49620799	ARIC
SeqId_6911_103	CLEC6A	Q6EIG7	/data/Dutta_lab/aric/EA/SeqId_6911_103.PHENO1.glm.linear	12	8455962	ARIC
SeqId_6912_6	EFHA2	Q86XE3	/data/Dutta_lab/aric/EA/SeqId_6912_6.PHENO1.glm.linear	8	17027238	ARIC
SeqId_6913_189	HMGB2	P26583	/data/Dutta_lab/aric/EA/SeqId_6913_189.PHENO1.glm.linear	4	173333672	ARIC
SeqId_6915_2	CD164L2	Q6UWJ8	/data/Dutta_lab/aric/EA/SeqId_6915_2.PHENO1.glm.linear	1	27383303	ARIC
SeqId_6917_49	LRRC3	Q9BY71	/data/Dutta_lab/aric/EA/SeqId_6917_49.PHENO1.glm.linear	21	44455510	ARIC
SeqId_6918_183	CCK	P06307	/data/Dutta_lab/aric/EA/SeqId_6918_183.PHENO1.glm.linear	3	42263947	ARIC
SeqId_6919_3	HBZ	P02008	/data/Dutta_lab/aric/EA/SeqId_6919_3.PHENO1.glm.linear	16	142728	ARIC
SeqId_6920_1	GFRAL	Q6UXV0	/data/Dutta_lab/aric/EA/SeqId_6920_1.PHENO1.glm.linear	6	55327469	ARIC
SeqId_6921_24	B4GALT3	O60512	/data/Dutta_lab/aric/EA/SeqId_6921_24.PHENO1.glm.linear	1	161172410	ARIC
SeqId_6923_1	PLOD2	O00469	/data/Dutta_lab/aric/EA/SeqId_6923_1.PHENO1.glm.linear	3	146071170	ARIC
SeqId_6925_26	SNX8	Q9Y5X2	/data/Dutta_lab/aric/EA/SeqId_6925_26.PHENO1.glm.linear	7	2257618	ARIC
SeqId_6927_7	NDST1	P52848	/data/Dutta_lab/aric/EA/SeqId_6927_7.PHENO1.glm.linear	5	150485818	ARIC
SeqId_6929_10	ST8SIA3	O43173	/data/Dutta_lab/aric/EA/SeqId_6929_10.PHENO1.glm.linear	18	57352557	ARIC
SeqId_6930_95	ST8SIA6	P61647	/data/Dutta_lab/aric/EA/SeqId_6930_95.PHENO1.glm.linear	10	17327109	ARIC
SeqId_6932_42	ITGA5	P08648	/data/Dutta_lab/aric/EA/SeqId_6932_42.PHENO1.glm.linear	12	54398823	ARIC
SeqId_6933_20	MRPL34	Q9BQ48	/data/Dutta_lab/aric/EA/SeqId_6933_20.PHENO1.glm.linear	19	17292609	ARIC
SeqId_6936_7	PMEPA1	Q969W9	/data/Dutta_lab/aric/EA/SeqId_6936_7.PHENO1.glm.linear	20	57690624	ARIC
SeqId_6937_251	C1orf43	Q9BWL3	/data/Dutta_lab/aric/EA/SeqId_6937_251.PHENO1.glm.linear	1	154208517	ARIC
SeqId_6938_21	PCDHGA12	O60330	/data/Dutta_lab/aric/EA/SeqId_6938_21.PHENO1.glm.linear	5	141430507	ARIC
SeqId_6940_18	JPH1	Q9HDC5	/data/Dutta_lab/aric/EA/SeqId_6940_18.PHENO1.glm.linear	8	74244788	ARIC
SeqId_6941_11	SUMF1	Q8NBK3	/data/Dutta_lab/aric/EA/SeqId_6941_11.PHENO1.glm.linear	3	3798214	ARIC
SeqId_6947_4	ST3GAL6	Q9Y274	/data/Dutta_lab/aric/EA/SeqId_6947_4.PHENO1.glm.linear	3	98732236	ARIC
SeqId_6948_82	FIG4	Q92562	/data/Dutta_lab/aric/EA/SeqId_6948_82.PHENO1.glm.linear	6	109691312	ARIC
SeqId_6951_26	ASIC4	Q96FT7	/data/Dutta_lab/aric/EA/SeqId_6951_26.PHENO1.glm.linear	2	219514170	ARIC
SeqId_6955_68	SNX1	Q13596	/data/Dutta_lab/aric/EA/SeqId_6955_68.PHENO1.glm.linear	15	64094123	ARIC
SeqId_6961_14	IGFL3	Q6UXB1	/data/Dutta_lab/aric/EA/SeqId_6961_14.PHENO1.glm.linear	19	46124688	ARIC
SeqId_6965_19	CNTNAP2	Q9UHC6	/data/Dutta_lab/aric/EA/SeqId_6965_19.PHENO1.glm.linear	7	146116002	ARIC
SeqId_6966_144	STX1B	P61266	/data/Dutta_lab/aric/EA/SeqId_6966_144.PHENO1.glm.linear	16	30997044	ARIC
SeqId_6969_14	WFDC5	Q8TCV5	/data/Dutta_lab/aric/EA/SeqId_6969_14.PHENO1.glm.linear	20	45115162	ARIC
SeqId_6974_6	CD74	P04233	/data/Dutta_lab/aric/EA/SeqId_6974_6.PHENO1.glm.linear	5	150412732	ARIC
SeqId_6975_52	SNAPIN	O95295	/data/Dutta_lab/aric/EA/SeqId_6975_52.PHENO1.glm.linear	1	153658703	ARIC
SeqId_6984_6	IGSF8	Q969P0	/data/Dutta_lab/aric/EA/SeqId_6984_6.PHENO1.glm.linear	1	160095332	ARIC
SeqId_6986_17	HS3ST3B1	Q9Y662	/data/Dutta_lab/aric/EA/SeqId_6986_17.PHENO1.glm.linear	17	14301081	ARIC
SeqId_6990_44	SDF2L1	Q9HCN8	/data/Dutta_lab/aric/EA/SeqId_6990_44.PHENO1.glm.linear	22	21642302	ARIC
SeqId_6991_24	FUT9	Q9Y231	/data/Dutta_lab/aric/EA/SeqId_6991_24.PHENO1.glm.linear	6	96015974	ARIC
SeqId_6992_67	HBD	P02042	/data/Dutta_lab/aric/EA/SeqId_6992_67.PHENO1.glm.linear	11	5234483	ARIC
SeqId_6994_19	C3orf18	Q9UK00	/data/Dutta_lab/aric/EA/SeqId_6994_19.PHENO1.glm.linear	3	50561911	ARIC
SeqId_6997_32	RAB26	Q9ULW5	/data/Dutta_lab/aric/EA/SeqId_6997_32.PHENO1.glm.linear	16	2140803	ARIC
SeqId_6998_106	ASPH	Q12797	/data/Dutta_lab/aric/EA/SeqId_6998_106.PHENO1.glm.linear	8	61526086	ARIC
SeqId_7003_4	GALNT10	Q86SR1	/data/Dutta_lab/aric/EA/SeqId_7003_4.PHENO1.glm.linear	5	154190730	ARIC
SeqId_7006_4	COL25A1	Q9BXS0	/data/Dutta_lab/aric/EA/SeqId_7006_4.PHENO1.glm.linear	4	108824219	ARIC
SeqId_7007_24	TRAPPC4	Q9Y296	/data/Dutta_lab/aric/EA/SeqId_7007_24.PHENO1.glm.linear	11	119018763	ARIC
SeqId_7009_8	CD72	P21854	/data/Dutta_lab/aric/EA/SeqId_7009_8.PHENO1.glm.linear	9	35618353	ARIC
SeqId_7015_8	LILRB5	O75023	/data/Dutta_lab/aric/EA/SeqId_7015_8.PHENO1.glm.linear	19	54257245	ARIC
SeqId_7016_12	GCNT1	Q02742	/data/Dutta_lab/aric/EA/SeqId_7016_12.PHENO1.glm.linear	9	76419850	ARIC
SeqId_7018_10	TSR3	Q9UJK0	/data/Dutta_lab/aric/EA/SeqId_7018_10.PHENO1.glm.linear	16	1351473	ARIC
SeqId_7019_13	SEMA7A	O75326	/data/Dutta_lab/aric/EA/SeqId_7019_13.PHENO1.glm.linear	15	74411639	ARIC
SeqId_7020_13	CHST5	Q9GZS9	/data/Dutta_lab/aric/EA/SeqId_7020_13.PHENO1.glm.linear	16	75535170	ARIC
SeqId_7038_45	ST8SIA4	Q92187	/data/Dutta_lab/aric/EA/SeqId_7038_45.PHENO1.glm.linear	5	100890882	ARIC
SeqId_7045_4	BNIP3	Q12983	/data/Dutta_lab/aric/EA/SeqId_7045_4.PHENO1.glm.linear	10	131981923	ARIC
SeqId_7046_6	C20orf173	Q96LM9	/data/Dutta_lab/aric/EA/SeqId_7046_6.PHENO1.glm.linear	20	35529619	ARIC
SeqId_7048_4	CEACAM19	Q7Z692	/data/Dutta_lab/aric/EA/SeqId_7048_4.PHENO1.glm.linear	19	44662278	ARIC
SeqId_7049_2	ADAM23	O75077	/data/Dutta_lab/aric/EA/SeqId_7049_2.PHENO1.glm.linear	2	206443532	ARIC
SeqId_7050_5	NEGR1	Q7Z3B1	/data/Dutta_lab/aric/EA/SeqId_7050_5.PHENO1.glm.linear	1	71439838	ARIC
SeqId_7054_87	CLEC2D	Q9UHP7	/data/Dutta_lab/aric/EA/SeqId_7054_87.PHENO1.glm.linear	12	9664969	ARIC
SeqId_7059_14	LILRA6	Q6PI73	/data/Dutta_lab/aric/EA/SeqId_7059_14.PHENO1.glm.linear	19	54242751	ARIC
SeqId_7060_2	ERO1L	Q96HE7	/data/Dutta_lab/aric/EA/SeqId_7060_2.PHENO1.glm.linear	14	52646410	ARIC
SeqId_7064_2	VAMP8	Q9BV40	/data/Dutta_lab/aric/EA/SeqId_7064_2.PHENO1.glm.linear	2	85561562	ARIC
SeqId_7065_1	G6B	O95866	/data/Dutta_lab/aric/EA/SeqId_7065_1.PHENO1.glm.linear	6	31718594	ARIC
SeqId_7066_199	FAM209B	Q5JX69	/data/Dutta_lab/aric/EA/SeqId_7066_199.PHENO1.glm.linear	20	56533246	ARIC
SeqId_7069_9	TSNARE1	Q96NA8	/data/Dutta_lab/aric/EA/SeqId_7069_9.PHENO1.glm.linear	8	142279997	ARIC
SeqId_7070_25	KEL	P23276	/data/Dutta_lab/aric/EA/SeqId_7070_25.PHENO1.glm.linear	7	142943154	ARIC
SeqId_7071_23	MAN1B1	Q9UKM7	/data/Dutta_lab/aric/EA/SeqId_7071_23.PHENO1.glm.linear	9	137086985	ARIC
SeqId_7073_69	C22orf15	Q8WYQ4	/data/Dutta_lab/aric/EA/SeqId_7073_69.PHENO1.glm.linear	22	23763021	ARIC
SeqId_7076_17	ECEL1	O95672	/data/Dutta_lab/aric/EA/SeqId_7076_17.PHENO1.glm.linear	2	232482458	ARIC
SeqId_7081_2	BTN3A1	O00481	/data/Dutta_lab/aric/EA/SeqId_7081_2.PHENO1.glm.linear	6	26402237	ARIC
SeqId_7082_2	B3GNT6	Q6ZMB0	/data/Dutta_lab/aric/EA/SeqId_7082_2.PHENO1.glm.linear	11	77034398	ARIC
SeqId_7083_74	MATN4	O95460	/data/Dutta_lab/aric/EA/SeqId_7083_74.PHENO1.glm.linear	20	45305591	ARIC
SeqId_7084_1	DRAXIN	Q8NBI3	/data/Dutta_lab/aric/EA/SeqId_7084_1.PHENO1.glm.linear	1	11691710	ARIC
SeqId_7085_81	CDSN	Q15517	/data/Dutta_lab/aric/EA/SeqId_7085_81.PHENO1.glm.linear	6	31120446	ARIC
SeqId_7089_42	SYT11	Q9BT88	/data/Dutta_lab/aric/EA/SeqId_7089_42.PHENO1.glm.linear	1	155859567	ARIC
SeqId_7090_17	GALNT1	Q10472	/data/Dutta_lab/aric/EA/SeqId_7090_17.PHENO1.glm.linear	18	35581117	ARIC
SeqId_7092_7	PDILT	Q8N807	/data/Dutta_lab/aric/EA/SeqId_7092_7.PHENO1.glm.linear	16	20404556	ARIC
SeqId_7096_30	RMDN1	Q96DB5	/data/Dutta_lab/aric/EA/SeqId_7096_30.PHENO1.glm.linear	8	86474914	ARIC
SeqId_7099_33	FSTL5	Q8N475	/data/Dutta_lab/aric/EA/SeqId_7099_33.PHENO1.glm.linear	4	161500074	ARIC
SeqId_7100_31	CD2	P06729	/data/Dutta_lab/aric/EA/SeqId_7100_31.PHENO1.glm.linear	1	116754430	ARIC
SeqId_7104_71	CABP7	Q86V35	/data/Dutta_lab/aric/EA/SeqId_7104_71.PHENO1.glm.linear	22	29720003	ARIC
SeqId_7105_7	CABLES2	Q9BTV7	/data/Dutta_lab/aric/EA/SeqId_7105_7.PHENO1.glm.linear	20	62396331	ARIC
SeqId_7106_37	OOSP2	Q86WS3	/data/Dutta_lab/aric/EA/SeqId_7106_37.PHENO1.glm.linear	11	60040409	ARIC
SeqId_7108_7	SMIM24	O75264	/data/Dutta_lab/aric/EA/SeqId_7108_7.PHENO1.glm.linear	19	3478488	ARIC
SeqId_7110_2	DNAJB11	Q9UBS4	/data/Dutta_lab/aric/EA/SeqId_7110_2.PHENO1.glm.linear	3	186567403	ARIC
SeqId_7113_1	GRPEL1	Q9HAV7	/data/Dutta_lab/aric/EA/SeqId_7113_1.PHENO1.glm.linear	4	7064341	ARIC
SeqId_7115_5	SEMG1	P04279	/data/Dutta_lab/aric/EA/SeqId_7115_5.PHENO1.glm.linear	20	45207033	ARIC
SeqId_7116_31	OSCAR	Q8IYS5	/data/Dutta_lab/aric/EA/SeqId_7116_31.PHENO1.glm.linear	19	54100792	ARIC
SeqId_7117_21	SERPINI2	O75830	/data/Dutta_lab/aric/EA/SeqId_7117_21.PHENO1.glm.linear	3	167447005	ARIC
SeqId_7118_24	IGDCC3	Q8IVU1	/data/Dutta_lab/aric/EA/SeqId_7118_24.PHENO1.glm.linear	15	65334641	ARIC
SeqId_7121_2	SYT7	O43581	/data/Dutta_lab/aric/EA/SeqId_7121_2.PHENO1.glm.linear	11	61533103	ARIC
SeqId_7123_25	MRPL52	Q86TS9	/data/Dutta_lab/aric/EA/SeqId_7123_25.PHENO1.glm.linear	14	22829879	ARIC
SeqId_7124_18	IL21	Q9HBE4	/data/Dutta_lab/aric/EA/SeqId_7124_18.PHENO1.glm.linear	4	122618894	ARIC
SeqId_7127_3	APOA2	P02652	/data/Dutta_lab/aric/EA/SeqId_7127_3.PHENO1.glm.linear	1	161223408	ARIC
SeqId_7128_9	VWA2	Q5GFL6	/data/Dutta_lab/aric/EA/SeqId_7128_9.PHENO1.glm.linear	10	114239254	ARIC
SeqId_7130_4	LAIR2	Q6ISS4	/data/Dutta_lab/aric/EA/SeqId_7130_4.PHENO1.glm.linear	19	54497879	ARIC
SeqId_7132_55	C1QL4	Q86Z23	/data/Dutta_lab/aric/EA/SeqId_7132_55.PHENO1.glm.linear	12	49337188	ARIC
SeqId_7137_8	MSRA	Q9UJ68	/data/Dutta_lab/aric/EA/SeqId_7137_8.PHENO1.glm.linear	8	10054292	ARIC
SeqId_7140_1	CELA2A	P08217	/data/Dutta_lab/aric/EA/SeqId_7140_1.PHENO1.glm.linear	1	15456728	ARIC
SeqId_7141_21	MGAT4B	Q9UQ53	/data/Dutta_lab/aric/EA/SeqId_7141_21.PHENO1.glm.linear	5	179798835	ARIC
SeqId_7142_5	CPN1	P15169	/data/Dutta_lab/aric/EA/SeqId_7142_5.PHENO1.glm.linear	10	100065394	ARIC
SeqId_7143_9	GCNT2	Q8N0V5	/data/Dutta_lab/aric/EA/SeqId_7143_9.PHENO1.glm.linear	6	10492223	ARIC
SeqId_7144_234	KAZALD1	Q96I82	/data/Dutta_lab/aric/EA/SeqId_7144_234.PHENO1.glm.linear	10	101061841	ARIC
SeqId_7145_1	ITIH3	Q06033	/data/Dutta_lab/aric/EA/SeqId_7145_1.PHENO1.glm.linear	3	52794768	ARIC
SeqId_7146_16	PDIA4	P13667	/data/Dutta_lab/aric/EA/SeqId_7146_16.PHENO1.glm.linear	7	149006283	ARIC
SeqId_7147_35	WFDC8	Q8IUA0	/data/Dutta_lab/aric/EA/SeqId_7147_35.PHENO1.glm.linear	20	45579326	ARIC
SeqId_7148_42	FAM173A	Q9BQD7	/data/Dutta_lab/aric/EA/SeqId_7148_42.PHENO1.glm.linear	16	720581	ARIC
SeqId_7153_66	NGRN	Q9NPE2	/data/Dutta_lab/aric/EA/SeqId_7153_66.PHENO1.glm.linear	15	90265659	ARIC
SeqId_7154_92	LEG1	Q6P5S2	/data/Dutta_lab/aric/EA/SeqId_7154_92.PHENO1.glm.linear	6	127519455	ARIC
SeqId_7155_46	C4BPB	P20851	/data/Dutta_lab/aric/EA/SeqId_7155_46.PHENO1.glm.linear	1	207088860	ARIC
SeqId_7156_2	FUT10	Q6P4F1	/data/Dutta_lab/aric/EA/SeqId_7156_2.PHENO1.glm.linear	8	33377556	ARIC
SeqId_7157_22	PCDHA4	Q9UN74	/data/Dutta_lab/aric/EA/SeqId_7157_22.PHENO1.glm.linear	5	140806929	ARIC
SeqId_7161_25	H6PD	O95479	/data/Dutta_lab/aric/EA/SeqId_7161_25.PHENO1.glm.linear	1	9234775	ARIC
SeqId_7163_26	LACRT	Q9GZZ8	/data/Dutta_lab/aric/EA/SeqId_7163_26.PHENO1.glm.linear	12	54633201	ARIC
SeqId_7167_102	VAPA	Q9P0L0	/data/Dutta_lab/aric/EA/SeqId_7167_102.PHENO1.glm.linear	18	9914002	ARIC
SeqId_7173_141	TMEM132C	Q8N3T6	/data/Dutta_lab/aric/EA/SeqId_7173_141.PHENO1.glm.linear	12	128267403	ARIC
SeqId_7178_59	DEPP	Q9NTK1	/data/Dutta_lab/aric/EA/SeqId_7178_59.PHENO1.glm.linear	10	44978789	ARIC
SeqId_7179_69	NFASC	O94856	/data/Dutta_lab/aric/EA/SeqId_7179_69.PHENO1.glm.linear	1	204828651	ARIC
SeqId_7180_114	IFNA14	P01570	/data/Dutta_lab/aric/EA/SeqId_7180_114.PHENO1.glm.linear	9	21240005	ARIC
SeqId_7181_17	VAPB	O95292	/data/Dutta_lab/aric/EA/SeqId_7181_17.PHENO1.glm.linear	20	58389229	ARIC
SeqId_7183_102	C19orf80	Q6UXH0	/data/Dutta_lab/aric/EA/SeqId_7183_102.PHENO1.glm.linear	19	11237450	ARIC
SeqId_7184_13	CEACAM7	Q14002	/data/Dutta_lab/aric/EA/SeqId_7184_13.PHENO1.glm.linear	19	41688167	ARIC
SeqId_7185_29	GP5	P40197	/data/Dutta_lab/aric/EA/SeqId_7185_29.PHENO1.glm.linear	3	194398354	ARIC
SeqId_7186_111	STX3	Q13277	/data/Dutta_lab/aric/EA/SeqId_7186_111.PHENO1.glm.linear	11	59713456	ARIC
SeqId_7187_3	PPM1L	Q5SGD2	/data/Dutta_lab/aric/EA/SeqId_7187_3.PHENO1.glm.linear	3	160755602	ARIC
SeqId_7189_55	CHST3	Q7LGC8	/data/Dutta_lab/aric/EA/SeqId_7189_55.PHENO1.glm.linear	10	71964395	ARIC
SeqId_7191_32	SLMAP	Q14BN4	/data/Dutta_lab/aric/EA/SeqId_7191_32.PHENO1.glm.linear	3	57755450	ARIC
SeqId_7192_37	IFNLR1	Q8IU57	/data/Dutta_lab/aric/EA/SeqId_7192_37.PHENO1.glm.linear	1	24187248	ARIC
SeqId_7193_98	PCDHAC1	Q9H158	/data/Dutta_lab/aric/EA/SeqId_7193_98.PHENO1.glm.linear	5	140926369	ARIC
SeqId_7194_36	NPTN	Q9Y639	/data/Dutta_lab/aric/EA/SeqId_7194_36.PHENO1.glm.linear	15	73563492	ARIC
SeqId_7197_2	DNAJC15	Q9Y5T4	/data/Dutta_lab/aric/EA/SeqId_7197_2.PHENO1.glm.linear	13	43023203	ARIC
SeqId_7198_197	FAM20B	O75063	/data/Dutta_lab/aric/EA/SeqId_7198_197.PHENO1.glm.linear	1	179025804	ARIC
SeqId_7199_3	SYN3	O14994	/data/Dutta_lab/aric/EA/SeqId_7199_3.PHENO1.glm.linear	22	32519686	ARIC
SeqId_7200_4	LRFN2	Q9ULH4	/data/Dutta_lab/aric/EA/SeqId_7200_4.PHENO1.glm.linear	6	40587364	ARIC
SeqId_7201_5	ISCU	Q9H1K1	/data/Dutta_lab/aric/EA/SeqId_7201_5.PHENO1.glm.linear	12	108562582	ARIC
SeqId_7202_107	SEMA6C	Q9H3T2	/data/Dutta_lab/aric/EA/SeqId_7202_107.PHENO1.glm.linear	1	151132868	ARIC
SeqId_7203_125	RFNG	Q9Y644	/data/Dutta_lab/aric/EA/SeqId_7203_125.PHENO1.glm.linear	17	82050514	ARIC
SeqId_7204_1	CEACAM21	Q3KPI0	/data/Dutta_lab/aric/EA/SeqId_7204_1.PHENO1.glm.linear	19	41549518	ARIC
SeqId_7206_20	FBP1	P09467	/data/Dutta_lab/aric/EA/SeqId_7206_20.PHENO1.glm.linear	9	94638413	ARIC
SeqId_7207_4	IK	Q13123	/data/Dutta_lab/aric/EA/SeqId_7207_4.PHENO1.glm.linear	5	140647058	ARIC
SeqId_7208_60	MGAT4C	Q9UBM8	/data/Dutta_lab/aric/EA/SeqId_7208_60.PHENO1.glm.linear	12	86049723	ARIC
SeqId_7210_25	APLP1	P51693	/data/Dutta_lab/aric/EA/SeqId_7210_25.PHENO1.glm.linear	19	35867899	ARIC
SeqId_7211_2	RNASE1	P07998	/data/Dutta_lab/aric/EA/SeqId_7211_2.PHENO1.glm.linear	14	20802406	ARIC
SeqId_7215_18	CYB5R3	P00387	/data/Dutta_lab/aric/EA/SeqId_7215_18.PHENO1.glm.linear	22	42633348	ARIC
SeqId_7218_87	ATP1B2	P14415	/data/Dutta_lab/aric/EA/SeqId_7218_87.PHENO1.glm.linear	17	7646627	ARIC
SeqId_7221_56	CKAP4	Q07065	/data/Dutta_lab/aric/EA/SeqId_7221_56.PHENO1.glm.linear	12	106248020	ARIC
SeqId_7223_60	S100A13	Q99584	/data/Dutta_lab/aric/EA/SeqId_7223_60.PHENO1.glm.linear	1	153627048	ARIC
SeqId_7224_11	TRAT1	Q6PIZ9	/data/Dutta_lab/aric/EA/SeqId_7224_11.PHENO1.glm.linear	3	108822770	ARIC
SeqId_7227_75	COCH	O43405	/data/Dutta_lab/aric/EA/SeqId_7227_75.PHENO1.glm.linear	14	30874514	ARIC
SeqId_7228_2	ST6GALNAC6	Q969X2	/data/Dutta_lab/aric/EA/SeqId_7228_2.PHENO1.glm.linear	9	127897408	ARIC
SeqId_7231_37	TMPRSS11A	Q6ZMR5	/data/Dutta_lab/aric/EA/SeqId_7231_37.PHENO1.glm.linear	4	67946564	ARIC
SeqId_7233_73	P2RX6	O15547	/data/Dutta_lab/aric/EA/SeqId_7233_73.PHENO1.glm.linear	22	21009808	ARIC
SeqId_7234_12	COLGALT2	Q8IYK4	/data/Dutta_lab/aric/EA/SeqId_7234_12.PHENO1.glm.linear	1	183936924	ARIC
SeqId_7240_2	MBTPS1	Q14703	/data/Dutta_lab/aric/EA/SeqId_7240_2.PHENO1.glm.linear	16	84058044	ARIC
SeqId_7242_14	VSTM4	Q8IW00	/data/Dutta_lab/aric/EA/SeqId_7242_14.PHENO1.glm.linear	10	49077291	ARIC
SeqId_7244_16	IGFLR1	Q9H665	/data/Dutta_lab/aric/EA/SeqId_7244_16.PHENO1.glm.linear	19	35740549	ARIC
SeqId_7245_2	CELF2	O95319	/data/Dutta_lab/aric/EA/SeqId_7245_2.PHENO1.glm.linear	10	10798397	ARIC
SeqId_7246_4	FREM2	Q5SZK8	/data/Dutta_lab/aric/EA/SeqId_7246_4.PHENO1.glm.linear	13	38687077	ARIC
SeqId_7247_1	GORAB	Q5T7V8	/data/Dutta_lab/aric/EA/SeqId_7247_1.PHENO1.glm.linear	1	170532129	ARIC
SeqId_7249_307	BCL2L10	Q9HD36	/data/Dutta_lab/aric/EA/SeqId_7249_307.PHENO1.glm.linear	15	52112768	ARIC
SeqId_7251_64	C1QTNF3	Q9BXJ4	/data/Dutta_lab/aric/EA/SeqId_7251_64.PHENO1.glm.linear	5	34024418	ARIC
SeqId_7253_6	QKI	Q96PU8	/data/Dutta_lab/aric/EA/SeqId_7253_6.PHENO1.glm.linear	6	163414000	ARIC
SeqId_7257_18	PTH2	Q96A98	/data/Dutta_lab/aric/EA/SeqId_7257_18.PHENO1.glm.linear	19	49423441	ARIC
SeqId_7258_5	PRG2	P13727	/data/Dutta_lab/aric/EA/SeqId_7258_5.PHENO1.glm.linear	11	57390629	ARIC
SeqId_7262_191	CHST14	Q8NCH0	/data/Dutta_lab/aric/EA/SeqId_7262_191.PHENO1.glm.linear	15	40470998	ARIC
SeqId_7265_32	OSTN	P61366	/data/Dutta_lab/aric/EA/SeqId_7265_32.PHENO1.glm.linear	3	191199241	ARIC
SeqId_7266_4	SERPINA9	Q86WD7	/data/Dutta_lab/aric/EA/SeqId_7266_4.PHENO1.glm.linear	14	94475985	ARIC
SeqId_7267_2	SPTLC2	O15270	/data/Dutta_lab/aric/EA/SeqId_7267_2.PHENO1.glm.linear	14	77552192	ARIC
SeqId_7551_33	LRRC32	Q14392	/data/Dutta_lab/aric/EA/SeqId_7551_33.PHENO1.glm.linear	11	76665971	ARIC
SeqId_7624_19	ANK2	Q01484	/data/Dutta_lab/aric/EA/SeqId_7624_19.PHENO1.glm.linear	4	112818032	ARIC
SeqId_7625_27	YWHAQ	P27348	/data/Dutta_lab/aric/EA/SeqId_7625_27.PHENO1.glm.linear	2	9620701	ARIC
SeqId_7628_40	CRELD1	Q96HD1	/data/Dutta_lab/aric/EA/SeqId_7628_40.PHENO1.glm.linear	3	9933816	ARIC
SeqId_7638_30	LMAN2	Q12907	/data/Dutta_lab/aric/EA/SeqId_7638_30.PHENO1.glm.linear	5	177334552	ARIC
SeqId_7648_9	MYBPC1	Q00872	/data/Dutta_lab/aric/EA/SeqId_7648_9.PHENO1.glm.linear	12	101568353	ARIC
SeqId_7655_11	NPPB	P16860	/data/Dutta_lab/aric/EA/SeqId_7655_11.PHENO1.glm.linear	1	11858945	ARIC
SeqId_7696_3	NBR1	Q14596	/data/Dutta_lab/aric/EA/SeqId_7696_3.PHENO1.glm.linear	17	43170481	ARIC
SeqId_7717_95	CFTR	P13569	/data/Dutta_lab/aric/EA/SeqId_7717_95.PHENO1.glm.linear	7	117287120	ARIC
SeqId_7732_45	VAMP4	O75379	/data/Dutta_lab/aric/EA/SeqId_7732_45.PHENO1.glm.linear	1	171742060	ARIC
SeqId_7736_28	OPALIN	Q96PE5	/data/Dutta_lab/aric/EA/SeqId_7736_28.PHENO1.glm.linear	10	96353455	ARIC
SeqId_7737_76	ITGB6	P18564	/data/Dutta_lab/aric/EA/SeqId_7737_76.PHENO1.glm.linear	2	160112110	ARIC
SeqId_7738_299	STX2	P32856	/data/Dutta_lab/aric/EA/SeqId_7738_299.PHENO1.glm.linear	12	130801460	ARIC
SeqId_7741_111	RTF1	Q92541	/data/Dutta_lab/aric/EA/SeqId_7741_111.PHENO1.glm.linear	15	41408408	ARIC
SeqId_7742_11	RNF148	Q8N7C7	/data/Dutta_lab/aric/EA/SeqId_7742_11.PHENO1.glm.linear	7	122702912	ARIC
SeqId_7743_5	TIMM50	Q3ZCQ8	/data/Dutta_lab/aric/EA/SeqId_7743_5.PHENO1.glm.linear	19	39480412	ARIC
SeqId_7745_3	CISD1	Q9NZ45	/data/Dutta_lab/aric/EA/SeqId_7745_3.PHENO1.glm.linear	10	58269162	ARIC
SeqId_7748_11	NDUFV2	P19404	/data/Dutta_lab/aric/EA/SeqId_7748_11.PHENO1.glm.linear	18	9102630	ARIC
SeqId_7751_121	SFRP2	Q96HF1	/data/Dutta_lab/aric/EA/SeqId_7751_121.PHENO1.glm.linear	4	153789083	ARIC
SeqId_7752_31	CLEC4D	Q8WXI8	/data/Dutta_lab/aric/EA/SeqId_7752_31.PHENO1.glm.linear	12	8509475	ARIC
SeqId_7753_21	HTATIP2	Q9BUP3	/data/Dutta_lab/aric/EA/SeqId_7753_21.PHENO1.glm.linear	11	20363685	ARIC
SeqId_7754_11	JAG1	P78504	/data/Dutta_lab/aric/EA/SeqId_7754_11.PHENO1.glm.linear	20	10641276	ARIC
SeqId_7755_37	ITGB5	P18084	/data/Dutta_lab/aric/EA/SeqId_7755_37.PHENO1.glm.linear	3	124770182	ARIC
SeqId_7757_5	HLA-DQA2	P01906	/data/Dutta_lab/aric/EA/SeqId_7757_5.PHENO1.glm.linear	6	32741391	ARIC
SeqId_7758_217	RNF215	Q9Y6U7	/data/Dutta_lab/aric/EA/SeqId_7758_217.PHENO1.glm.linear	22	30374878	ARIC
SeqId_7761_125	CHKB	Q9Y259	/data/Dutta_lab/aric/EA/SeqId_7761_125.PHENO1.glm.linear	22	50580253	ARIC
SeqId_7763_25	CDH11	P55287	/data/Dutta_lab/aric/EA/SeqId_7763_25.PHENO1.glm.linear	16	64972949	ARIC
SeqId_7766_25	ZP4	Q12836	/data/Dutta_lab/aric/EA/SeqId_7766_25.PHENO1.glm.linear	1	237890794	ARIC
SeqId_7767_1	CLPSL2	Q6UWE3	/data/Dutta_lab/aric/EA/SeqId_7767_1.PHENO1.glm.linear	6	35776594	ARIC
SeqId_7769_29	SH3BP2	P78314	/data/Dutta_lab/aric/EA/SeqId_7769_29.PHENO1.glm.linear	4	2793071	ARIC
SeqId_7770_25	NFU1	Q9UMS0	/data/Dutta_lab/aric/EA/SeqId_7770_25.PHENO1.glm.linear	2	69415299	ARIC
SeqId_7776_20	UNC5B	Q8IZJ1	/data/Dutta_lab/aric/EA/SeqId_7776_20.PHENO1.glm.linear	10	71212570	ARIC
SeqId_7778_104	C9orf89	Q96LW7	/data/Dutta_lab/aric/EA/SeqId_7778_104.PHENO1.glm.linear	9	93096217	ARIC
SeqId_7779_86	CHST11	Q9NPF2	/data/Dutta_lab/aric/EA/SeqId_7779_86.PHENO1.glm.linear	12	104455295	ARIC
SeqId_7782_34	EDDM3B	P56851	/data/Dutta_lab/aric/EA/SeqId_7782_34.PHENO1.glm.linear	14	20768404	ARIC
SeqId_7784_1	KNG1	P01042	/data/Dutta_lab/aric/EA/SeqId_7784_1.PHENO1.glm.linear	3	186717348	ARIC
SeqId_7785_1	EFNB3	Q15768	/data/Dutta_lab/aric/EA/SeqId_7785_1.PHENO1.glm.linear	17	7705202	ARIC
SeqId_7786_83	CLEC2B	Q92478	/data/Dutta_lab/aric/EA/SeqId_7786_83.PHENO1.glm.linear	12	9854849	ARIC
SeqId_7787_25	LILRA5	A6NI73	/data/Dutta_lab/aric/EA/SeqId_7787_25.PHENO1.glm.linear	19	54311663	ARIC
SeqId_7788_1	ATP5J	P18859	/data/Dutta_lab/aric/EA/SeqId_7788_1.PHENO1.glm.linear	21	25734904	ARIC
SeqId_7790_21	LIF	P15018	/data/Dutta_lab/aric/EA/SeqId_7790_21.PHENO1.glm.linear	22	30246739	ARIC
SeqId_7792_58	CCDC90B	Q9GZT6	/data/Dutta_lab/aric/EA/SeqId_7792_58.PHENO1.glm.linear	11	83267472	ARIC
SeqId_7795_14	KLRC3	Q07444	/data/Dutta_lab/aric/EA/SeqId_7795_14.PHENO1.glm.linear	12	10420550	ARIC
SeqId_7796_10	CD79A	P11912	/data/Dutta_lab/aric/EA/SeqId_7796_10.PHENO1.glm.linear	19	41877279	ARIC
SeqId_7797_11	CCDC167	Q9P0B6	/data/Dutta_lab/aric/EA/SeqId_7797_11.PHENO1.glm.linear	6	37499893	ARIC
SeqId_7803_4	CHST1	O43916	/data/Dutta_lab/aric/EA/SeqId_7803_4.PHENO1.glm.linear	11	45649634	ARIC
SeqId_7805_52	GOSR1	O95249	/data/Dutta_lab/aric/EA/SeqId_7805_52.PHENO1.glm.linear	17	30477362	ARIC
SeqId_7806_33	B4GALT7	Q9UBV7	/data/Dutta_lab/aric/EA/SeqId_7806_33.PHENO1.glm.linear	5	177600132	ARIC
SeqId_7808_5	GLCE	O94923	/data/Dutta_lab/aric/EA/SeqId_7808_5.PHENO1.glm.linear	15	69160584	ARIC
SeqId_7809_22	SPATA9	Q9BWV2	/data/Dutta_lab/aric/EA/SeqId_7809_22.PHENO1.glm.linear	5	95682991	ARIC
SeqId_7810_20	C1QTNF5	Q9BXJ0	/data/Dutta_lab/aric/EA/SeqId_7810_20.PHENO1.glm.linear	11	119340567	ARIC
SeqId_7813_6	ALPP	P05187	/data/Dutta_lab/aric/EA/SeqId_7813_6.PHENO1.glm.linear	2	232378724	ARIC
SeqId_7815_49	IGFBPL1	Q8WX77	/data/Dutta_lab/aric/EA/SeqId_7815_49.PHENO1.glm.linear	9	38424454	ARIC
SeqId_7818_101	GBP6	Q6ZN66	/data/Dutta_lab/aric/EA/SeqId_7818_101.PHENO1.glm.linear	1	89364058	ARIC
SeqId_7821_6	C1D	Q13901	/data/Dutta_lab/aric/EA/SeqId_7821_6.PHENO1.glm.linear	2	68046568	ARIC
SeqId_7822_11	HRASLS2	Q9NWW9	/data/Dutta_lab/aric/EA/SeqId_7822_11.PHENO1.glm.linear	11	63563379	ARIC
SeqId_7823_22	ST6GALNAC2	Q9UJ37	/data/Dutta_lab/aric/EA/SeqId_7823_22.PHENO1.glm.linear	17	76570633	ARIC
SeqId_7824_88	MSRB3	Q8IXL7	/data/Dutta_lab/aric/EA/SeqId_7824_88.PHENO1.glm.linear	12	65278643	ARIC
SeqId_7825_7	ABHD12	Q8N2K0	/data/Dutta_lab/aric/EA/SeqId_7825_7.PHENO1.glm.linear	20	25309498	ARIC
SeqId_7826_1	DCLK3	Q9C098	/data/Dutta_lab/aric/EA/SeqId_7826_1.PHENO1.glm.linear	3	36729795	ARIC
SeqId_7827_20	ADAM32	Q8TC27	/data/Dutta_lab/aric/EA/SeqId_7827_20.PHENO1.glm.linear	8	39106990	ARIC
SeqId_7835_2	BNIP3L	O60238	/data/Dutta_lab/aric/EA/SeqId_7835_2.PHENO1.glm.linear	8	26383054	ARIC
SeqId_7838_27	SMR3A	Q99954	/data/Dutta_lab/aric/EA/SeqId_7838_27.PHENO1.glm.linear	4	70360760	ARIC
SeqId_7839_99	FAM19A3	Q7Z5A8	/data/Dutta_lab/aric/EA/SeqId_7839_99.PHENO1.glm.linear	1	112720419	ARIC
SeqId_7841_84	ESAM	Q96AP7	/data/Dutta_lab/aric/EA/SeqId_7841_84.PHENO1.glm.linear	11	124757529	ARIC
SeqId_7842_52	SERF1A	O75920	/data/Dutta_lab/aric/EA/SeqId_7842_52.PHENO1.glm.linear	5	70025247	ARIC
SeqId_7846_44	PSG11	Q9UQ72	/data/Dutta_lab/aric/EA/SeqId_7846_44.PHENO1.glm.linear	19	43010706	ARIC
SeqId_7849_3	QPCT	Q16769	/data/Dutta_lab/aric/EA/SeqId_7849_3.PHENO1.glm.linear	2	37342827	ARIC
SeqId_7850_1	COX4I2	Q96KJ9	/data/Dutta_lab/aric/EA/SeqId_7850_1.PHENO1.glm.linear	20	31637912	ARIC
SeqId_7851_30	ANKRD46	Q86W74	/data/Dutta_lab/aric/EA/SeqId_7851_30.PHENO1.glm.linear	8	100533325	ARIC
SeqId_7852_9	MTIF3	Q9H2K0	/data/Dutta_lab/aric/EA/SeqId_7852_9.PHENO1.glm.linear	13	27440475	ARIC
SeqId_7853_19	SCO1	O75880	/data/Dutta_lab/aric/EA/SeqId_7853_19.PHENO1.glm.linear	17	10697527	ARIC
SeqId_7854_38	NCR3LG1	Q68D85	/data/Dutta_lab/aric/EA/SeqId_7854_38.PHENO1.glm.linear	11	17351800	ARIC
SeqId_7856_51	FAM151A	Q8WW52	/data/Dutta_lab/aric/EA/SeqId_7856_51.PHENO1.glm.linear	1	54623525	ARIC
SeqId_7857_22	NTS	P30990	/data/Dutta_lab/aric/EA/SeqId_7857_22.PHENO1.glm.linear	12	85874295	ARIC
SeqId_7859_21	PCDHGC3	Q9UN70	/data/Dutta_lab/aric/EA/SeqId_7859_21.PHENO1.glm.linear	5	141475947	ARIC
SeqId_7860_9	HERC4	Q5GLZ8	/data/Dutta_lab/aric/EA/SeqId_7860_9.PHENO1.glm.linear	10	67956861	ARIC
SeqId_7861_9	ROR2	Q01974	/data/Dutta_lab/aric/EA/SeqId_7861_9.PHENO1.glm.linear	9	91775781	ARIC
SeqId_7864_3	SIGLEC8	Q9NYZ4	/data/Dutta_lab/aric/EA/SeqId_7864_3.PHENO1.glm.linear	19	51457809	ARIC
SeqId_7865_126	PLA2G16	P53816	/data/Dutta_lab/aric/EA/SeqId_7865_126.PHENO1.glm.linear	11	63598715	ARIC
SeqId_7866_11	DNAJC30	Q96LL9	/data/Dutta_lab/aric/EA/SeqId_7866_11.PHENO1.glm.linear	7	73683453	ARIC
SeqId_7867_154	ST6GALNAC1	Q9NSC7	/data/Dutta_lab/aric/EA/SeqId_7867_154.PHENO1.glm.linear	17	76626391	ARIC
SeqId_7871_16	TMEM132A	Q24JP5	/data/Dutta_lab/aric/EA/SeqId_7871_16.PHENO1.glm.linear	11	60924463	ARIC
SeqId_7873_32	TSSK2	Q96PF2	/data/Dutta_lab/aric/EA/SeqId_7873_32.PHENO1.glm.linear	22	19131308	ARIC
SeqId_7875_86	PLEK	P08567	/data/Dutta_lab/aric/EA/SeqId_7875_86.PHENO1.glm.linear	2	68365282	ARIC
SeqId_7878_2	SEC61B	P60468	/data/Dutta_lab/aric/EA/SeqId_7878_2.PHENO1.glm.linear	9	99222064	ARIC
SeqId_7879_12	CYP3A4	P08684	/data/Dutta_lab/aric/EA/SeqId_7879_12.PHENO1.glm.linear	7	99767822	ARIC
SeqId_7880_9	PSMA1	P25786	/data/Dutta_lab/aric/EA/SeqId_7880_9.PHENO1.glm.linear	11	14511031	ARIC
SeqId_7881_244	PARP16	Q8N5Y8	/data/Dutta_lab/aric/EA/SeqId_7881_244.PHENO1.glm.linear	15	65261007	ARIC
SeqId_7886_26	SPTLC1	O15269	/data/Dutta_lab/aric/EA/SeqId_7886_26.PHENO1.glm.linear	9	92038458	ARIC
SeqId_7887_57	COX5B	P10606	/data/Dutta_lab/aric/EA/SeqId_7887_57.PHENO1.glm.linear	2	97646062	ARIC
SeqId_7888_58	COA3	Q9Y2R0	/data/Dutta_lab/aric/EA/SeqId_7888_58.PHENO1.glm.linear	17	42798690	ARIC
SeqId_7890_68	DPP10	Q8N608	/data/Dutta_lab/aric/EA/SeqId_7890_68.PHENO1.glm.linear	2	114442299	ARIC
SeqId_7891_45	UGT1A6	P19224	/data/Dutta_lab/aric/EA/SeqId_7891_45.PHENO1.glm.linear	2	233691607	ARIC
SeqId_7892_132	KIAA1467	A2RU67	/data/Dutta_lab/aric/EA/SeqId_7892_132.PHENO1.glm.linear	12	13044381	ARIC
SeqId_7894_155	FGF3	P11487	/data/Dutta_lab/aric/EA/SeqId_7894_155.PHENO1.glm.linear	11	69817550	ARIC
SeqId_7895_108	MRAP	Q8TCY5	/data/Dutta_lab/aric/EA/SeqId_7895_108.PHENO1.glm.linear	21	32291813	ARIC
SeqId_7898_29	MDM1	Q8TC05	/data/Dutta_lab/aric/EA/SeqId_7898_29.PHENO1.glm.linear	12	68295323	ARIC
SeqId_7903_18	VAMP3	Q15836	/data/Dutta_lab/aric/EA/SeqId_7903_18.PHENO1.glm.linear	1	7771296	ARIC
SeqId_7905_30	HP	P00738	/data/Dutta_lab/aric/EA/SeqId_7905_30.PHENO1.glm.linear	16	72054505	ARIC
SeqId_7910_41	LRFN1	Q9P244	/data/Dutta_lab/aric/EA/SeqId_7910_41.PHENO1.glm.linear	19	39315336	ARIC
SeqId_7911_29	SCN4B	Q8IWT1	/data/Dutta_lab/aric/EA/SeqId_7911_29.PHENO1.glm.linear	11	118141864	ARIC
SeqId_7916_10	S100A7	P31151	/data/Dutta_lab/aric/EA/SeqId_7916_10.PHENO1.glm.linear	1	153459874	ARIC
SeqId_7917_17	CPD	O75976	/data/Dutta_lab/aric/EA/SeqId_7917_17.PHENO1.glm.linear	17	30378927	ARIC
SeqId_7918_114	AMY1A	P04745	/data/Dutta_lab/aric/EA/SeqId_7918_114.PHENO1.glm.linear	1	103655290	ARIC
SeqId_7920_30	ST8SIA2	Q92186	/data/Dutta_lab/aric/EA/SeqId_7920_30.PHENO1.glm.linear	15	92393881	ARIC
SeqId_7921_65	FJX1	Q86VR8	/data/Dutta_lab/aric/EA/SeqId_7921_65.PHENO1.glm.linear	11	35618460	ARIC
SeqId_7922_5	ADM	P35318	/data/Dutta_lab/aric/EA/SeqId_7922_5.PHENO1.glm.linear	11	10305073	ARIC
SeqId_7923_41	SEMA4C	Q9C0C4	/data/Dutta_lab/aric/EA/SeqId_7923_41.PHENO1.glm.linear	2	96862447	ARIC
SeqId_7924_7	CD3G	P09693	/data/Dutta_lab/aric/EA/SeqId_7924_7.PHENO1.glm.linear	11	118344344	ARIC
SeqId_7925_18	SMCO2	A6NFE2	/data/Dutta_lab/aric/EA/SeqId_7925_18.PHENO1.glm.linear	12	27466810	ARIC
SeqId_7926_13	SPINT3	P49223	/data/Dutta_lab/aric/EA/SeqId_7926_13.PHENO1.glm.linear	20	45515622	ARIC
SeqId_7927_16	ST6GALNAC5	Q9BVH7	/data/Dutta_lab/aric/EA/SeqId_7927_16.PHENO1.glm.linear	1	76867480	ARIC
SeqId_7928_183	TPST1	O60507	/data/Dutta_lab/aric/EA/SeqId_7928_183.PHENO1.glm.linear	7	66205317	ARIC
SeqId_7930_3	EXOSC1	Q9Y3B2	/data/Dutta_lab/aric/EA/SeqId_7930_3.PHENO1.glm.linear	10	97445833	ARIC
SeqId_7932_23	SYT8	Q8NBV8	/data/Dutta_lab/aric/EA/SeqId_7932_23.PHENO1.glm.linear	11	1828307	ARIC
SeqId_7933_75	ADAM22	Q9P0K1	/data/Dutta_lab/aric/EA/SeqId_7933_75.PHENO1.glm.linear	7	87934143	ARIC
SeqId_7934_11	NDRG4	Q9ULP0	/data/Dutta_lab/aric/EA/SeqId_7934_11.PHENO1.glm.linear	16	58462846	ARIC
SeqId_7935_26	LARGE	O95461	/data/Dutta_lab/aric/EA/SeqId_7935_26.PHENO1.glm.linear	22	33221751	ARIC
SeqId_7939_1	PQLC2L	A1A4F0	/data/Dutta_lab/aric/EA/SeqId_7939_1.PHENO1.glm.linear	3	157543246	ARIC
SeqId_7943_16	CUZD1	Q86UP6	/data/Dutta_lab/aric/EA/SeqId_7943_16.PHENO1.glm.linear	10	122838098	ARIC
SeqId_7944_1	KIR3DL3	Q8N743	/data/Dutta_lab/aric/EA/SeqId_7944_1.PHENO1.glm.linear	19	54724479	ARIC
SeqId_7945_10	SEMA6A	Q9H2E6	/data/Dutta_lab/aric/EA/SeqId_7945_10.PHENO1.glm.linear	5	116449646	ARIC
SeqId_7947_19	ENTHD2	Q96N21	/data/Dutta_lab/aric/EA/SeqId_7947_19.PHENO1.glm.linear	17	81231677	ARIC
SeqId_7948_129	GLTPD2	A6NH11	/data/Dutta_lab/aric/EA/SeqId_7948_129.PHENO1.glm.linear	17	4788964	ARIC
SeqId_7950_142	BTNL9	Q6UXG8	/data/Dutta_lab/aric/EA/SeqId_7950_142.PHENO1.glm.linear	5	181040225	ARIC
SeqId_7952_2	VTI1A	Q96AJ9	/data/Dutta_lab/aric/EA/SeqId_7952_2.PHENO1.glm.linear	10	112446998	ARIC
SeqId_7953_20	SLAMF1	Q13291	/data/Dutta_lab/aric/EA/SeqId_7953_20.PHENO1.glm.linear	1	160646958	ARIC
SeqId_7955_195	ITIH1	P19827	/data/Dutta_lab/aric/EA/SeqId_7955_195.PHENO1.glm.linear	3	52777595	ARIC
SeqId_7956_11	MINOS1	Q5TGZ0	/data/Dutta_lab/aric/EA/SeqId_7956_11.PHENO1.glm.linear	1	19484403	ARIC
SeqId_7957_2	SCG3	Q8WXD2	/data/Dutta_lab/aric/EA/SeqId_7957_2.PHENO1.glm.linear	15	51681492	ARIC
SeqId_7959_34	CDH7	Q9ULB5	/data/Dutta_lab/aric/EA/SeqId_7959_34.PHENO1.glm.linear	18	65750252	ARIC
SeqId_7962_11	SPINK8	P0C7L1	/data/Dutta_lab/aric/EA/SeqId_7962_11.PHENO1.glm.linear	3	48328341	ARIC
SeqId_7968_15	CRTAM	O95727	/data/Dutta_lab/aric/EA/SeqId_7968_15.PHENO1.glm.linear	11	122838500	ARIC
SeqId_7969_163	WFDC11	Q8NEX6	/data/Dutta_lab/aric/EA/SeqId_7969_163.PHENO1.glm.linear	20	45667177	ARIC
SeqId_7970_315	ART3	Q13508	/data/Dutta_lab/aric/EA/SeqId_7970_315.PHENO1.glm.linear	4	76011184	ARIC
SeqId_7975_97	UNC5A	Q6ZN44	/data/Dutta_lab/aric/EA/SeqId_7975_97.PHENO1.glm.linear	5	176810519	ARIC
SeqId_7976_19	FRRS1L	Q9P0K9	/data/Dutta_lab/aric/EA/SeqId_7976_19.PHENO1.glm.linear	9	109148263	ARIC
SeqId_7980_72	B3GNT2	Q9NY97	/data/Dutta_lab/aric/EA/SeqId_7980_72.PHENO1.glm.linear	2	62196115	ARIC
SeqId_7981_230	B3GALT6	Q96L58	/data/Dutta_lab/aric/EA/SeqId_7981_230.PHENO1.glm.linear	1	1232237	ARIC
SeqId_7982_10	MRPL32	Q9BYC8	/data/Dutta_lab/aric/EA/SeqId_7982_10.PHENO1.glm.linear	7	42932376	ARIC
SeqId_7983_1	PCDHGC5	Q9Y5F6	/data/Dutta_lab/aric/EA/SeqId_7983_1.PHENO1.glm.linear	5	141489121	ARIC
SeqId_7986_98	NAALAD2	Q9Y3Q0	/data/Dutta_lab/aric/EA/SeqId_7986_98.PHENO1.glm.linear	11	90131515	ARIC
SeqId_7989_5	C1orf226	A1L170	/data/Dutta_lab/aric/EA/SeqId_7989_5.PHENO1.glm.linear	1	162378841	ARIC
SeqId_7991_54	IQCF1	Q8N6M8	/data/Dutta_lab/aric/EA/SeqId_7991_54.PHENO1.glm.linear	3	51903335	ARIC
SeqId_7993_23	ASTL	Q6HA08	/data/Dutta_lab/aric/EA/SeqId_7993_23.PHENO1.glm.linear	2	96137777	ARIC
SeqId_7994_41	ERO1LB	Q86YB8	/data/Dutta_lab/aric/EA/SeqId_7994_41.PHENO1.glm.linear	1	236226495	ARIC
SeqId_7995_16	VWC2L	B2RUY7	/data/Dutta_lab/aric/EA/SeqId_7995_16.PHENO1.glm.linear	2	214411054	ARIC
SeqId_7997_118	DOC2B	Q14184	/data/Dutta_lab/aric/EA/SeqId_7997_118.PHENO1.glm.linear	17	162172	ARIC
SeqId_7999_23	ENTPD1	P49961	/data/Dutta_lab/aric/EA/SeqId_7999_23.PHENO1.glm.linear	10	95711779	ARIC
SeqId_8002_27	TMPRSS5	Q9H3S3	/data/Dutta_lab/aric/EA/SeqId_8002_27.PHENO1.glm.linear	11	113693737	ARIC
SeqId_8003_57	LGI3	Q8N145	/data/Dutta_lab/aric/EA/SeqId_8003_57.PHENO1.glm.linear	8	22156677	ARIC
SeqId_8004_15	GAPDHS	O14556	/data/Dutta_lab/aric/EA/SeqId_8004_15.PHENO1.glm.linear	19	35533455	ARIC
SeqId_8005_1	MXRA7	P84157	/data/Dutta_lab/aric/EA/SeqId_8005_1.PHENO1.glm.linear	17	76688705	ARIC
SeqId_8006_12	DNAJB12	Q9NXW2	/data/Dutta_lab/aric/EA/SeqId_8006_12.PHENO1.glm.linear	10	72336865	ARIC
SeqId_8007_19	CTSB	P07858	/data/Dutta_lab/aric/EA/SeqId_8007_19.PHENO1.glm.linear	8	11845793	ARIC
SeqId_8008_28	HRK	O00198	/data/Dutta_lab/aric/EA/SeqId_8008_28.PHENO1.glm.linear	12	116878497	ARIC
SeqId_8009_121	SURF1	Q15526	/data/Dutta_lab/aric/EA/SeqId_8009_121.PHENO1.glm.linear	9	133354253	ARIC
SeqId_8011_96	PAPL	Q6ZNF0	/data/Dutta_lab/aric/EA/SeqId_8011_96.PHENO1.glm.linear	19	39083913	ARIC
SeqId_8013_9	LMAN2L	Q9H0V9	/data/Dutta_lab/aric/EA/SeqId_8013_9.PHENO1.glm.linear	2	96711914	ARIC
SeqId_8014_359	MANEA	Q5SRI9	/data/Dutta_lab/aric/EA/SeqId_8014_359.PHENO1.glm.linear	6	95577535	ARIC
SeqId_8016_19	DNAJC4	Q9NNZ3	/data/Dutta_lab/aric/EA/SeqId_8016_19.PHENO1.glm.linear	11	64230278	ARIC
SeqId_8017_23	FOXRED1	Q96CU9	/data/Dutta_lab/aric/EA/SeqId_8017_23.PHENO1.glm.linear	11	126269055	ARIC
SeqId_8018_43	VSIG2	Q96IQ7	/data/Dutta_lab/aric/EA/SeqId_8018_43.PHENO1.glm.linear	11	124752193	ARIC
SeqId_8019_73	STMN3	Q9NZ72	/data/Dutta_lab/aric/EA/SeqId_8019_73.PHENO1.glm.linear	20	63652394	ARIC
SeqId_8021_59	MRPL14	Q6P1L8	/data/Dutta_lab/aric/EA/SeqId_8021_59.PHENO1.glm.linear	6	44127452	ARIC
SeqId_8024_64	TPST2	O60704	/data/Dutta_lab/aric/EA/SeqId_8024_64.PHENO1.glm.linear	22	26540871	ARIC
SeqId_8028_22	SPINK5	Q9NQ38	/data/Dutta_lab/aric/EA/SeqId_8028_22.PHENO1.glm.linear	5	148025683	ARIC
SeqId_8032_23	MCCD1	P59942	/data/Dutta_lab/aric/EA/SeqId_8032_23.PHENO1.glm.linear	6	31528962	ARIC
SeqId_8033_1	DNAJC18	Q9H819	/data/Dutta_lab/aric/EA/SeqId_8033_1.PHENO1.glm.linear	5	139414239	ARIC
SeqId_8034_6	DRGX	A6NNA5	/data/Dutta_lab/aric/EA/SeqId_8034_6.PHENO1.glm.linear	10	49395451	ARIC
SeqId_8035_6	C1orf198	Q9H425	/data/Dutta_lab/aric/EA/SeqId_8035_6.PHENO1.glm.linear	1	230856036	ARIC
SeqId_8036_75	FSHB	P01225	/data/Dutta_lab/aric/EA/SeqId_8036_75.PHENO1.glm.linear	11	30231016	ARIC
SeqId_8039_41	FAM177A1	Q8N128	/data/Dutta_lab/aric/EA/SeqId_8039_41.PHENO1.glm.linear	14	35044907	ARIC
SeqId_8040_9	LEMD1	Q68G75	/data/Dutta_lab/aric/EA/SeqId_8040_9.PHENO1.glm.linear	1	205420574	ARIC
SeqId_8042_88	SPINK9	Q5DT21	/data/Dutta_lab/aric/EA/SeqId_8042_88.PHENO1.glm.linear	5	148321203	ARIC
SeqId_8043_153	COMP	P49747	/data/Dutta_lab/aric/EA/SeqId_8043_153.PHENO1.glm.linear	19	18787035	ARIC
SeqId_8045_3	KIR3DL3	Q8N743	/data/Dutta_lab/aric/EA/SeqId_8045_3.PHENO1.glm.linear	19	54724479	ARIC
SeqId_8046_9	LGALS1	P09382	/data/Dutta_lab/aric/EA/SeqId_8046_9.PHENO1.glm.linear	22	37675636	ARIC
SeqId_8048_9	FTMT	Q8N4E7	/data/Dutta_lab/aric/EA/SeqId_8048_9.PHENO1.glm.linear	5	121851882	ARIC
SeqId_8051_10	AGGF1	Q8N302	/data/Dutta_lab/aric/EA/SeqId_8051_10.PHENO1.glm.linear	5	77029251	ARIC
SeqId_8053_16	DNAJB14	Q8TBM8	/data/Dutta_lab/aric/EA/SeqId_8053_16.PHENO1.glm.linear	4	99906597	ARIC
SeqId_8055_33	DGCR2	P98153	/data/Dutta_lab/aric/EA/SeqId_8055_33.PHENO1.glm.linear	22	19057053	ARIC
SeqId_8059_1	THPO	P40225	/data/Dutta_lab/aric/EA/SeqId_8059_1.PHENO1.glm.linear	3	184373437	ARIC
SeqId_8060_7	NRG2	O14511	/data/Dutta_lab/aric/EA/SeqId_8060_7.PHENO1.glm.linear	5	139871803	ARIC
SeqId_8061_102	FAM171B	Q6P995	/data/Dutta_lab/aric/EA/SeqId_8061_102.PHENO1.glm.linear	2	186694060	ARIC
SeqId_8062_15	EVA1B	Q9NVM1	/data/Dutta_lab/aric/EA/SeqId_8062_15.PHENO1.glm.linear	1	36323615	ARIC
SeqId_8064_125	PVR	P15151	/data/Dutta_lab/aric/EA/SeqId_8064_125.PHENO1.glm.linear	19	44643798	ARIC
SeqId_8065_245	PATE4	P0C8F1	/data/Dutta_lab/aric/EA/SeqId_8065_245.PHENO1.glm.linear	11	125833316	ARIC
SeqId_8066_38	SYT9	Q86SS6	/data/Dutta_lab/aric/EA/SeqId_8066_38.PHENO1.glm.linear	11	7238778	ARIC
SeqId_8067_21	KCNE3	Q9Y6H6	/data/Dutta_lab/aric/EA/SeqId_8067_21.PHENO1.glm.linear	11	74462367	ARIC
SeqId_8068_43	KIAA1161	Q6NSJ0	/data/Dutta_lab/aric/EA/SeqId_8068_43.PHENO1.glm.linear	9	34372832	ARIC
SeqId_8069_85	CD3E	P07766	/data/Dutta_lab/aric/EA/SeqId_8069_85.PHENO1.glm.linear	11	118304730	ARIC
SeqId_8070_88	DLG4	P78352	/data/Dutta_lab/aric/EA/SeqId_8070_88.PHENO1.glm.linear	17	7192210	ARIC
SeqId_8071_114	PCDHB7	Q9Y5E2	/data/Dutta_lab/aric/EA/SeqId_8071_114.PHENO1.glm.linear	5	141172644	ARIC
SeqId_8074_32	TMEM70	Q9BUB7	/data/Dutta_lab/aric/EA/SeqId_8074_32.PHENO1.glm.linear	8	73972437	ARIC
SeqId_8076_4	SPACA3	Q8IXA5	/data/Dutta_lab/aric/EA/SeqId_8076_4.PHENO1.glm.linear	17	32970376	ARIC
SeqId_8079_39	EID3	Q8N140	/data/Dutta_lab/aric/EA/SeqId_8079_39.PHENO1.glm.linear	12	104303739	ARIC
SeqId_8080_24	MSMP	Q1L6U9	/data/Dutta_lab/aric/EA/SeqId_8080_24.PHENO1.glm.linear	9	35754276	ARIC
SeqId_8081_55	PLD5	Q8N7P1	/data/Dutta_lab/aric/EA/SeqId_8081_55.PHENO1.glm.linear	1	242265433	ARIC
SeqId_8086_49	ITM2B	Q9Y287	/data/Dutta_lab/aric/EA/SeqId_8086_49.PHENO1.glm.linear	13	48232612	ARIC
SeqId_8087_250	RNF13	O43567	/data/Dutta_lab/aric/EA/SeqId_8087_250.PHENO1.glm.linear	3	149812708	ARIC
SeqId_8088_56	C1orf210	Q8IVY1	/data/Dutta_lab/aric/EA/SeqId_8088_56.PHENO1.glm.linear	1	43285581	ARIC
SeqId_8089_173	NR4A1	P22736	/data/Dutta_lab/aric/EA/SeqId_8089_173.PHENO1.glm.linear	12	52022832	ARIC
SeqId_8093_13	KIAA1161	Q6NSJ0	/data/Dutta_lab/aric/EA/SeqId_8093_13.PHENO1.glm.linear	9	34372832	ARIC
SeqId_8094_20	CISD2	Q8N5K1	/data/Dutta_lab/aric/EA/SeqId_8094_20.PHENO1.glm.linear	4	102868974	ARIC
SeqId_8097_77	LIPN	Q5VXI9	/data/Dutta_lab/aric/EA/SeqId_8097_77.PHENO1.glm.linear	10	88761406	ARIC
SeqId_8098_37	TBXAS1	P24557	/data/Dutta_lab/aric/EA/SeqId_8098_37.PHENO1.glm.linear	7	139777051	ARIC
SeqId_8099_42	SPON2	Q9BUD6	/data/Dutta_lab/aric/EA/SeqId_8099_42.PHENO1.glm.linear	4	1171070	ARIC
SeqId_8100_15	ADM2	Q7Z4H4	/data/Dutta_lab/aric/EA/SeqId_8100_15.PHENO1.glm.linear	22	50481543	ARIC
SeqId_8102_239	C1orf186	Q6ZWK4	/data/Dutta_lab/aric/EA/SeqId_8102_239.PHENO1.glm.linear	1	206053173	ARIC
SeqId_8104_21	IL10RA	Q13651	/data/Dutta_lab/aric/EA/SeqId_8104_21.PHENO1.glm.linear	11	117986348	ARIC
SeqId_8106_15	SSR1	P43307	/data/Dutta_lab/aric/EA/SeqId_8106_15.PHENO1.glm.linear	6	7289850	ARIC
SeqId_8107_12	TMEM234	Q8WY98	/data/Dutta_lab/aric/EA/SeqId_8107_12.PHENO1.glm.linear	1	32215795	ARIC
SeqId_8219_14	ZG16	O60844	/data/Dutta_lab/aric/EA/SeqId_8219_14.PHENO1.glm.linear	16	29778256	ARIC
SeqId_8220_15	C10orf35	Q96D05	/data/Dutta_lab/aric/EA/SeqId_8220_15.PHENO1.glm.linear	10	69630247	ARIC
SeqId_8221_19	MIF	P14174	/data/Dutta_lab/aric/EA/SeqId_8221_19.PHENO1.glm.linear	22	23894383	ARIC
SeqId_8222_49	CDHR3	Q6ZTQ4	/data/Dutta_lab/aric/EA/SeqId_8222_49.PHENO1.glm.linear	7	105876796	ARIC
SeqId_8225_86	EPHB2	P29323	/data/Dutta_lab/aric/EA/SeqId_8225_86.PHENO1.glm.linear	1	22710839	ARIC
SeqId_8229_1	GXYLT1	Q4G148	/data/Dutta_lab/aric/EA/SeqId_8229_1.PHENO1.glm.linear	12	42144712	ARIC
SeqId_8231_122	FLT1	P17948	/data/Dutta_lab/aric/EA/SeqId_8231_122.PHENO1.glm.linear	13	28308434	ARIC
SeqId_8233_2	ITIH5	Q86UX2	/data/Dutta_lab/aric/EA/SeqId_8233_2.PHENO1.glm.linear	10	7570400	ARIC
SeqId_8235_48	CHGB	P05060	/data/Dutta_lab/aric/EA/SeqId_8235_48.PHENO1.glm.linear	20	5911510	ARIC
SeqId_8236_8	C18orf32	Q8TCD1	/data/Dutta_lab/aric/EA/SeqId_8236_8.PHENO1.glm.linear	18	49486613	ARIC
SeqId_8237_56	SOSTDC1	Q6X4U4	/data/Dutta_lab/aric/EA/SeqId_8237_56.PHENO1.glm.linear	7	16465738	ARIC
SeqId_8242_9	CLEC2L	P0C7M8	/data/Dutta_lab/aric/EA/SeqId_8242_9.PHENO1.glm.linear	7	139523685	ARIC
SeqId_8243_55	SPINK1	P00995	/data/Dutta_lab/aric/EA/SeqId_8243_55.PHENO1.glm.linear	5	147828130	ARIC
SeqId_8244_16	FUT8	Q9BYC5	/data/Dutta_lab/aric/EA/SeqId_8244_16.PHENO1.glm.linear	14	65410592	ARIC
SeqId_8245_27	ICAM5	Q9UMF0	/data/Dutta_lab/aric/EA/SeqId_8245_27.PHENO1.glm.linear	19	10289952	ARIC
SeqId_8248_222	SIGLEC14	Q08ET2	/data/Dutta_lab/aric/EA/SeqId_8248_222.PHENO1.glm.linear	19	51645577	ARIC
SeqId_8249_124	ALK	Q9UM73	/data/Dutta_lab/aric/EA/SeqId_8249_124.PHENO1.glm.linear	2	29223394	ARIC
SeqId_8250_2	PTPRJ	Q12913	/data/Dutta_lab/aric/EA/SeqId_8250_2.PHENO1.glm.linear	11	47980558	ARIC
SeqId_8252_2	NOTUM	Q6P988	/data/Dutta_lab/aric/EA/SeqId_8252_2.PHENO1.glm.linear	17	81959810	ARIC
SeqId_8253_2	POMGNT1	Q8WZA1	/data/Dutta_lab/aric/EA/SeqId_8253_2.PHENO1.glm.linear	1	46189567	ARIC
SeqId_8255_34	MRVI1	Q9Y6F6	/data/Dutta_lab/aric/EA/SeqId_8255_34.PHENO1.glm.linear	11	10594023	ARIC
SeqId_8258_22	UXS1	Q8NBZ7	/data/Dutta_lab/aric/EA/SeqId_8258_22.PHENO1.glm.linear	2	106097710	ARIC
SeqId_8261_51	STOM	P27105	/data/Dutta_lab/aric/EA/SeqId_8261_51.PHENO1.glm.linear	9	121370250	ARIC
SeqId_8263_64	TYMSOS	Q8TAI1	/data/Dutta_lab/aric/EA/SeqId_8263_64.PHENO1.glm.linear	18	642518	ARIC
SeqId_8265_225	TMPO	P42167	/data/Dutta_lab/aric/EA/SeqId_8265_225.PHENO1.glm.linear	12	98515512	ARIC
SeqId_8268_98	HS3ST3A1	Q9Y663	/data/Dutta_lab/aric/EA/SeqId_8268_98.PHENO1.glm.linear	17	13556043	ARIC
SeqId_8269_327	ARSK	Q6UWY0	/data/Dutta_lab/aric/EA/SeqId_8269_327.PHENO1.glm.linear	5	95555101	ARIC
SeqId_8272_22	HSD17B7	P56937	/data/Dutta_lab/aric/EA/SeqId_8272_22.PHENO1.glm.linear	1	162790702	ARIC
SeqId_8273_84	IL31RA	Q8NI17	/data/Dutta_lab/aric/EA/SeqId_8273_84.PHENO1.glm.linear	5	55851357	ARIC
SeqId_8274_64	STX7	O15400	/data/Dutta_lab/aric/EA/SeqId_8274_64.PHENO1.glm.linear	6	132513065	ARIC
SeqId_8275_31	PEAR1	Q5VY43	/data/Dutta_lab/aric/EA/SeqId_8275_31.PHENO1.glm.linear	1	156893698	ARIC
SeqId_8285_64	ADCYAP1	P18509	/data/Dutta_lab/aric/EA/SeqId_8285_64.PHENO1.glm.linear	18	904871	ARIC
SeqId_8288_27	APOH	P02749	/data/Dutta_lab/aric/EA/SeqId_8288_27.PHENO1.glm.linear	17	66220630	ARIC
SeqId_8289_8	GPNMB	Q14956	/data/Dutta_lab/aric/EA/SeqId_8289_8.PHENO1.glm.linear	7	23235967	ARIC
SeqId_8296_117	KDELC2	Q7Z4H8	/data/Dutta_lab/aric/EA/SeqId_8296_117.PHENO1.glm.linear	11	108482058	ARIC
SeqId_8297_8	DNAJC10	Q8IXB1	/data/Dutta_lab/aric/EA/SeqId_8297_8.PHENO1.glm.linear	2	182716041	ARIC
SeqId_8298_8	SSMEM1	Q8WWF3	/data/Dutta_lab/aric/EA/SeqId_8298_8.PHENO1.glm.linear	7	130206344	ARIC
SeqId_8299_66	LILRA4	P59901	/data/Dutta_lab/aric/EA/SeqId_8299_66.PHENO1.glm.linear	19	54337448	ARIC
SeqId_8300_82	PEX14	O75381	/data/Dutta_lab/aric/EA/SeqId_8300_82.PHENO1.glm.linear	1	10472288	ARIC
SeqId_8303_102	C12orf10	Q9HB07	/data/Dutta_lab/aric/EA/SeqId_8303_102.PHENO1.glm.linear	12	53299695	ARIC
SeqId_8304_50	TNFRSF11B	O00300	/data/Dutta_lab/aric/EA/SeqId_8304_50.PHENO1.glm.linear	8	118929073	ARIC
SeqId_8305_18	SULF2	Q8IWU5	/data/Dutta_lab/aric/EA/SeqId_8305_18.PHENO1.glm.linear	20	47657567	ARIC
SeqId_8307_47	C11orf68	Q9H3H3	/data/Dutta_lab/aric/EA/SeqId_8307_47.PHENO1.glm.linear	11	65918360	ARIC
SeqId_8309_12	HYAL1	Q12794	/data/Dutta_lab/aric/EA/SeqId_8309_12.PHENO1.glm.linear	3	50303572	ARIC
SeqId_8315_5	DEFB119	Q8N690	/data/Dutta_lab/aric/EA/SeqId_8315_5.PHENO1.glm.linear	20	31390483	ARIC
SeqId_8318_13	SPRED1	Q7Z699	/data/Dutta_lab/aric/EA/SeqId_8318_13.PHENO1.glm.linear	15	38252836	ARIC
SeqId_8320_5	SLTM	Q9NWH9	/data/Dutta_lab/aric/EA/SeqId_8320_5.PHENO1.glm.linear	15	58887007	ARIC
SeqId_8321_27	ZNF843	Q8N446	/data/Dutta_lab/aric/EA/SeqId_8321_27.PHENO1.glm.linear	16	31442789	ARIC
SeqId_8323_163	TFF3	Q07654	/data/Dutta_lab/aric/EA/SeqId_8323_163.PHENO1.glm.linear	21	42313686	ARIC
SeqId_8325_37	ADH4	P08319	/data/Dutta_lab/aric/EA/SeqId_8325_37.PHENO1.glm.linear	4	99136537	ARIC
SeqId_8326_63	SIGIRR	Q6IA17	/data/Dutta_lab/aric/EA/SeqId_8326_63.PHENO1.glm.linear	11	406370	ARIC
SeqId_8327_26	DPEP2	Q9H4A9	/data/Dutta_lab/aric/EA/SeqId_8327_26.PHENO1.glm.linear	16	67993863	ARIC
SeqId_8328_9	ETNK1	Q9HBU6	/data/Dutta_lab/aric/EA/SeqId_8328_9.PHENO1.glm.linear	12	22625075	ARIC
SeqId_8334_65	TCP11	Q8WWU5	/data/Dutta_lab/aric/EA/SeqId_8334_65.PHENO1.glm.linear	6	35121045	ARIC
SeqId_8336_267	GRAMD1C	Q8IYS0	/data/Dutta_lab/aric/EA/SeqId_8336_267.PHENO1.glm.linear	3	113828182	ARIC
SeqId_8337_65	PTPRU	Q92729	/data/Dutta_lab/aric/EA/SeqId_8337_65.PHENO1.glm.linear	1	29236516	ARIC
SeqId_8340_9	DEFB110	Q30KQ9	/data/Dutta_lab/aric/EA/SeqId_8340_9.PHENO1.glm.linear	6	50021935	ARIC
SeqId_8343_224	PAPOLG	Q9BWT3	/data/Dutta_lab/aric/EA/SeqId_8343_224.PHENO1.glm.linear	2	60756253	ARIC
SeqId_8345_27	GPX7	Q96SL4	/data/Dutta_lab/aric/EA/SeqId_8345_27.PHENO1.glm.linear	1	52602371	ARIC
SeqId_8346_9	DPP7	Q9UHL4	/data/Dutta_lab/aric/EA/SeqId_8346_9.PHENO1.glm.linear	9	137112215	ARIC
SeqId_8347_222	DEFB129	Q9H1M3	/data/Dutta_lab/aric/EA/SeqId_8347_222.PHENO1.glm.linear	20	227258	ARIC
SeqId_8351_17	PRSS57	Q6UWY2	/data/Dutta_lab/aric/EA/SeqId_8351_17.PHENO1.glm.linear	19	695461	ARIC
SeqId_8352_26	SIGLEC12	Q96PQ1	/data/Dutta_lab/aric/EA/SeqId_8352_26.PHENO1.glm.linear	19	51500373	ARIC
SeqId_8353_15	SCN2B	O60939	/data/Dutta_lab/aric/EA/SeqId_8353_15.PHENO1.glm.linear	11	118162518	ARIC
SeqId_8355_80	ISM1	B1AKI9	/data/Dutta_lab/aric/EA/SeqId_8355_80.PHENO1.glm.linear	20	13221274	ARIC
SeqId_8356_88	OXT	P01178	/data/Dutta_lab/aric/EA/SeqId_8356_88.PHENO1.glm.linear	20	3071620	ARIC
SeqId_8357_43	SULT4A1	Q9BR01	/data/Dutta_lab/aric/EA/SeqId_8357_43.PHENO1.glm.linear	22	43838913	ARIC
SeqId_8358_30	PRDX3	P30048	/data/Dutta_lab/aric/EA/SeqId_8358_30.PHENO1.glm.linear	10	119170988	ARIC
SeqId_8360_169	NCR1	O76036	/data/Dutta_lab/aric/EA/SeqId_8360_169.PHENO1.glm.linear	19	54906148	ARIC
SeqId_8363_18	KIAA1324L	A8MWY0	/data/Dutta_lab/aric/EA/SeqId_8363_18.PHENO1.glm.linear	7	86892935	ARIC
SeqId_8364_74	UST	Q9Y2C2	/data/Dutta_lab/aric/EA/SeqId_8364_74.PHENO1.glm.linear	6	148747030	ARIC
SeqId_8366_19	C1orf115	Q9H7X2	/data/Dutta_lab/aric/EA/SeqId_8366_19.PHENO1.glm.linear	1	220690363	ARIC
SeqId_8368_102	TNFRSF1B	P20333	/data/Dutta_lab/aric/EA/SeqId_8368_102.PHENO1.glm.linear	1	12166991	ARIC
SeqId_8369_102	DAG1	Q14118	/data/Dutta_lab/aric/EA/SeqId_8369_102.PHENO1.glm.linear	3	49468703	ARIC
SeqId_8372_29	CDHR1	Q96JP9	/data/Dutta_lab/aric/EA/SeqId_8372_29.PHENO1.glm.linear	10	84194537	ARIC
SeqId_8374_5	NGFR	P08138	/data/Dutta_lab/aric/EA/SeqId_8374_5.PHENO1.glm.linear	17	49495293	ARIC
SeqId_8376_25	LHB	P01229	/data/Dutta_lab/aric/EA/SeqId_8376_25.PHENO1.glm.linear	19	49016820	ARIC
SeqId_8380_244	DLK1	P80370	/data/Dutta_lab/aric/EA/SeqId_8380_244.PHENO1.glm.linear	14	100725705	ARIC
SeqId_8382_47	MAPKAPK5	Q8IW41	/data/Dutta_lab/aric/EA/SeqId_8382_47.PHENO1.glm.linear	12	111842228	ARIC
SeqId_8383_20	C11orf94	C9JXX5	/data/Dutta_lab/aric/EA/SeqId_8383_20.PHENO1.glm.linear	11	45907271	ARIC
SeqId_8386_11	PATE1	Q8WXA2	/data/Dutta_lab/aric/EA/SeqId_8386_11.PHENO1.glm.linear	11	125746279	ARIC
SeqId_8388_24	SPAST	Q9UBP0	/data/Dutta_lab/aric/EA/SeqId_8388_24.PHENO1.glm.linear	2	32063547	ARIC
SeqId_8389_8	LRRC74A	Q0VAA2	/data/Dutta_lab/aric/EA/SeqId_8389_8.PHENO1.glm.linear	14	76826372	ARIC
SeqId_8390_25	COX7A1	P24310	/data/Dutta_lab/aric/EA/SeqId_8390_25.PHENO1.glm.linear	19	36152025	ARIC
SeqId_8391_12	DEFB115	Q30KQ5	/data/Dutta_lab/aric/EA/SeqId_8391_12.PHENO1.glm.linear	20	31257664	ARIC
SeqId_8394_56	RNASE2	P10153	/data/Dutta_lab/aric/EA/SeqId_8394_56.PHENO1.glm.linear	14	20955487	ARIC
SeqId_8397_147	QSOX2	Q6ZRP7	/data/Dutta_lab/aric/EA/SeqId_8397_147.PHENO1.glm.linear	9	136224877	ARIC
SeqId_8398_277	RARRES1	P49788	/data/Dutta_lab/aric/EA/SeqId_8398_277.PHENO1.glm.linear	3	158705708	ARIC
SeqId_8399_6	STK17B	O94768	/data/Dutta_lab/aric/EA/SeqId_8399_6.PHENO1.glm.linear	2	196156647	ARIC
SeqId_8400_74	GRP	P07492	/data/Dutta_lab/aric/EA/SeqId_8400_74.PHENO1.glm.linear	18	59220158	ARIC
SeqId_8403_18	FASN	P49327	/data/Dutta_lab/aric/EA/SeqId_8403_18.PHENO1.glm.linear	17	82079378	ARIC
SeqId_8404_102	BOLA2	Q9H3K6	/data/Dutta_lab/aric/EA/SeqId_8404_102.PHENO1.glm.linear	16	29454562	ARIC
SeqId_8405_108	ADAM10	O14672	/data/Dutta_lab/aric/EA/SeqId_8405_108.PHENO1.glm.linear	15	58621504	ARIC
SeqId_8406_17	IGF1	P05019	/data/Dutta_lab/aric/EA/SeqId_8406_17.PHENO1.glm.linear	12	102415746	ARIC
SeqId_8409_3	RSPO2	Q6UXX9	/data/Dutta_lab/aric/EA/SeqId_8409_3.PHENO1.glm.linear	8	107989555	ARIC
SeqId_8424_269	CTNNB1	P35222	/data/Dutta_lab/aric/EA/SeqId_8424_269.PHENO1.glm.linear	3	41194741	ARIC
SeqId_8427_118	RSPO3	Q9BXY4	/data/Dutta_lab/aric/EA/SeqId_8427_118.PHENO1.glm.linear	6	127118671	ARIC
SeqId_8428_102	NTM	Q9P121	/data/Dutta_lab/aric/EA/SeqId_8428_102.PHENO1.glm.linear	11	131370478	ARIC
SeqId_8429_16	AXIN2	Q9Y2T1	/data/Dutta_lab/aric/EA/SeqId_8429_16.PHENO1.glm.linear	17	65536682	ARIC
SeqId_8446_4	ADCYAP1	P18509	/data/Dutta_lab/aric/EA/SeqId_8446_4.PHENO1.glm.linear	18	904871	ARIC
SeqId_8447_11	GHRL	Q9UBU3	/data/Dutta_lab/aric/EA/SeqId_8447_11.PHENO1.glm.linear	3	10289807	ARIC
SeqId_8450_36	ADCYAP1	P18509	/data/Dutta_lab/aric/EA/SeqId_8450_36.PHENO1.glm.linear	18	904871	ARIC
SeqId_8458_111	SNCA	P37840	/data/Dutta_lab/aric/EA/SeqId_8458_111.PHENO1.glm.linear	4	89771957	ARIC
SeqId_8459_10	BMP6	P22004	/data/Dutta_lab/aric/EA/SeqId_8459_10.PHENO1.glm.linear	6	7726099	ARIC
SeqId_8462_18	GH1	P01241	/data/Dutta_lab/aric/EA/SeqId_8462_18.PHENO1.glm.linear	17	63918668	ARIC
SeqId_8464_31	RSPO4	Q2I0M5	/data/Dutta_lab/aric/EA/SeqId_8464_31.PHENO1.glm.linear	20	1002264	ARIC
SeqId_8465_52	CTSH	P09668	/data/Dutta_lab/aric/EA/SeqId_8465_52.PHENO1.glm.linear	15	78926904	ARIC
SeqId_8468_19	KLK3	P07288	/data/Dutta_lab/aric/EA/SeqId_8468_19.PHENO1.glm.linear	19	50854915	ARIC
SeqId_8469_41	IGFBP2	P18065	/data/Dutta_lab/aric/EA/SeqId_8469_41.PHENO1.glm.linear	2	216632828	ARIC
SeqId_8470_213	RNASEH1	O60930	/data/Dutta_lab/aric/EA/SeqId_8470_213.PHENO1.glm.linear	2	3552308	ARIC
SeqId_8476_11	CHGA	P10645	/data/Dutta_lab/aric/EA/SeqId_8476_11.PHENO1.glm.linear	14	92923150	ARIC
SeqId_8479_4	MMP10	P09238	/data/Dutta_lab/aric/EA/SeqId_8479_4.PHENO1.glm.linear	11	102780628	ARIC
SeqId_8480_29	EFEMP1	Q12805	/data/Dutta_lab/aric/EA/SeqId_8480_29.PHENO1.glm.linear	2	55917780	ARIC
SeqId_8484_24	LEP	P41159	/data/Dutta_lab/aric/EA/SeqId_8484_24.PHENO1.glm.linear	7	128241278	ARIC
SeqId_8485_7	KEAP1	Q14145	/data/Dutta_lab/aric/EA/SeqId_8485_7.PHENO1.glm.linear	19	10489435	ARIC
SeqId_8520_8	ADAM30	Q9UKF2	/data/Dutta_lab/aric/EA/SeqId_8520_8.PHENO1.glm.linear	1	119896515	ARIC
SeqId_8529_1	TNFRSF10B	O14763	/data/Dutta_lab/aric/EA/SeqId_8529_1.PHENO1.glm.linear	8	23027634	ARIC
SeqId_8535_102	DMKN	Q6E0U4	/data/Dutta_lab/aric/EA/SeqId_8535_102.PHENO1.glm.linear	19	35497933	ARIC
SeqId_8556_5	FAM134B	Q9H6L5	/data/Dutta_lab/aric/EA/SeqId_8556_5.PHENO1.glm.linear	5	16478065	ARIC
SeqId_8565_160	PLVAP	Q9BX97	/data/Dutta_lab/aric/EA/SeqId_8565_160.PHENO1.glm.linear	19	17366151	ARIC
SeqId_8569_147	ARL8B	Q9NVJ2	/data/Dutta_lab/aric/EA/SeqId_8569_147.PHENO1.glm.linear	3	5122245	ARIC
SeqId_8587_21	SPINK14	Q6IE38	/data/Dutta_lab/aric/EA/SeqId_8587_21.PHENO1.glm.linear	5	148169733	ARIC
SeqId_8589_13	CDCP1	Q9H5V8	/data/Dutta_lab/aric/EA/SeqId_8589_13.PHENO1.glm.linear	3	45139595	ARIC
SeqId_8597_1	TMEM9	Q9P0T7	/data/Dutta_lab/aric/EA/SeqId_8597_1.PHENO1.glm.linear	1	201145668	ARIC
SeqId_8601_167	LRP1	Q07954	/data/Dutta_lab/aric/EA/SeqId_8601_167.PHENO1.glm.linear	12	57128483	ARIC
SeqId_8606_39	GPNMB	Q14956	/data/Dutta_lab/aric/EA/SeqId_8606_39.PHENO1.glm.linear	7	23235967	ARIC
SeqId_8631_13	ERMAP	Q96PL5	/data/Dutta_lab/aric/EA/SeqId_8631_13.PHENO1.glm.linear	1	42817122	ARIC
SeqId_8635_283	ZPBP	Q9BS86	/data/Dutta_lab/aric/EA/SeqId_8635_283.PHENO1.glm.linear	7	49936161	ARIC
SeqId_8646_61	LRRTM4	Q86VH4	/data/Dutta_lab/aric/EA/SeqId_8646_61.PHENO1.glm.linear	2	77522210	ARIC
SeqId_8653_132	DNAJC4	Q9NNZ3	/data/Dutta_lab/aric/EA/SeqId_8653_132.PHENO1.glm.linear	11	64230278	ARIC
SeqId_8654_13	ADAM10	O14672	/data/Dutta_lab/aric/EA/SeqId_8654_13.PHENO1.glm.linear	15	58621504	ARIC
SeqId_8659_68	G6B	O95866	/data/Dutta_lab/aric/EA/SeqId_8659_68.PHENO1.glm.linear	6	31718594	ARIC
SeqId_8660_5	OLFML3	Q9NRN5	/data/Dutta_lab/aric/EA/SeqId_8660_5.PHENO1.glm.linear	1	113979391	ARIC
SeqId_8664_36	PKDCC	Q504Y2	/data/Dutta_lab/aric/EA/SeqId_8664_36.PHENO1.glm.linear	2	42048021	ARIC
SeqId_8671_378	TRAPPC5	Q8IUR0	/data/Dutta_lab/aric/EA/SeqId_8671_378.PHENO1.glm.linear	19	7680833	ARIC
SeqId_8681_93	PGRMC2	O15173	/data/Dutta_lab/aric/EA/SeqId_8681_93.PHENO1.glm.linear	4	128273061	ARIC
SeqId_8686_342	C11orf73	Q53FT3	/data/Dutta_lab/aric/EA/SeqId_8686_342.PHENO1.glm.linear	11	86302211	ARIC
SeqId_8687_26	TMEM106B	Q9NUM4	/data/Dutta_lab/aric/EA/SeqId_8687_26.PHENO1.glm.linear	7	12211270	ARIC
SeqId_8690_25	CAV3	P56539	/data/Dutta_lab/aric/EA/SeqId_8690_25.PHENO1.glm.linear	3	8733802	ARIC
SeqId_8696_15	GAL3ST1	Q99999	/data/Dutta_lab/aric/EA/SeqId_8696_15.PHENO1.glm.linear	22	30557586	ARIC
SeqId_8697_38	GPC1	P35052	/data/Dutta_lab/aric/EA/SeqId_8697_38.PHENO1.glm.linear	2	240435663	ARIC
SeqId_8699_43	CRIM1	Q9NZV1	/data/Dutta_lab/aric/EA/SeqId_8699_43.PHENO1.glm.linear	2	36355778	ARIC
SeqId_8700_325	GALNT11	Q8NCW6	/data/Dutta_lab/aric/EA/SeqId_8700_325.PHENO1.glm.linear	7	152025674	ARIC
SeqId_8748_45	CD74	P04233	/data/Dutta_lab/aric/EA/SeqId_8748_45.PHENO1.glm.linear	5	150412732	ARIC
SeqId_8749_194	CD1D	P15813	/data/Dutta_lab/aric/EA/SeqId_8749_194.PHENO1.glm.linear	1	158178030	ARIC
SeqId_8750_46	VCL	P18206	/data/Dutta_lab/aric/EA/SeqId_8750_46.PHENO1.glm.linear	10	73995193	ARIC
SeqId_8754_5	NMU	P48645	/data/Dutta_lab/aric/EA/SeqId_8754_5.PHENO1.glm.linear	4	55630462	ARIC
SeqId_8758_2	PCDHA7	Q9UN72	/data/Dutta_lab/aric/EA/SeqId_8758_2.PHENO1.glm.linear	5	140834248	ARIC
SeqId_8759_29	A4GALT	Q9NPC4	/data/Dutta_lab/aric/EA/SeqId_8759_29.PHENO1.glm.linear	22	42694986	ARIC
SeqId_8760_10	DCUN1D5	Q9BTE7	/data/Dutta_lab/aric/EA/SeqId_8760_10.PHENO1.glm.linear	11	103082839	ARIC
SeqId_8766_29	LILRA5	A6NI73	/data/Dutta_lab/aric/EA/SeqId_8766_29.PHENO1.glm.linear	19	54311663	ARIC
SeqId_8767_44	ECE1	P42892	/data/Dutta_lab/aric/EA/SeqId_8767_44.PHENO1.glm.linear	1	21222081	ARIC
SeqId_8768_4	BCL10	O95999	/data/Dutta_lab/aric/EA/SeqId_8768_4.PHENO1.glm.linear	1	85275750	ARIC
SeqId_8772_5	EFNB2	P52799	/data/Dutta_lab/aric/EA/SeqId_8772_5.PHENO1.glm.linear	13	106516447	ARIC
SeqId_8773_172	EMILIN3	Q9NT22	/data/Dutta_lab/aric/EA/SeqId_8773_172.PHENO1.glm.linear	20	41366818	ARIC
SeqId_8775_61	FAM24B	Q8N5W8	/data/Dutta_lab/aric/EA/SeqId_8775_61.PHENO1.glm.linear	10	122879581	ARIC
SeqId_8776_10	ERLIN1	O75477	/data/Dutta_lab/aric/EA/SeqId_8776_10.PHENO1.glm.linear	10	100186029	ARIC
SeqId_8778_3	NOG	Q13253	/data/Dutta_lab/aric/EA/SeqId_8778_3.PHENO1.glm.linear	17	56593699	ARIC
SeqId_8780_2	PCDH10	Q9P2E7	/data/Dutta_lab/aric/EA/SeqId_8780_2.PHENO1.glm.linear	4	133149294	ARIC
SeqId_8784_7	FAM175A	Q6UWZ7	/data/Dutta_lab/aric/EA/SeqId_8784_7.PHENO1.glm.linear	4	83469901	ARIC
SeqId_8785_1	ARMC5	Q96C12	/data/Dutta_lab/aric/EA/SeqId_8785_1.PHENO1.glm.linear	16	31458080	ARIC
SeqId_8786_6	FAM171B	Q6P995	/data/Dutta_lab/aric/EA/SeqId_8786_6.PHENO1.glm.linear	2	186694060	ARIC
SeqId_8791_151	CA5A	P35218	/data/Dutta_lab/aric/EA/SeqId_8791_151.PHENO1.glm.linear	16	87892268	ARIC
SeqId_8794_13	DPEP1	P16444	/data/Dutta_lab/aric/EA/SeqId_8794_13.PHENO1.glm.linear	16	89613308	ARIC
SeqId_8795_48	TFRC	P02786	/data/Dutta_lab/aric/EA/SeqId_8795_48.PHENO1.glm.linear	3	196055214	ARIC
SeqId_8800_14	TTC17	Q96AE7	/data/Dutta_lab/aric/EA/SeqId_8800_14.PHENO1.glm.linear	11	43358920	ARIC
SeqId_8803_61	PVRL1	Q15223	/data/Dutta_lab/aric/EA/SeqId_8803_61.PHENO1.glm.linear	11	119638200	ARIC
SeqId_8804_39	COL20A1	Q9P218	/data/Dutta_lab/aric/EA/SeqId_8804_39.PHENO1.glm.linear	20	63293186	ARIC
SeqId_8807_13	SNX1	Q13596	/data/Dutta_lab/aric/EA/SeqId_8807_13.PHENO1.glm.linear	15	64094123	ARIC
SeqId_8810_26	HEPACAM	Q14CZ8	/data/Dutta_lab/aric/EA/SeqId_8810_26.PHENO1.glm.linear	11	124924926	ARIC
SeqId_8811_24	BAMBI	Q13145	/data/Dutta_lab/aric/EA/SeqId_8811_24.PHENO1.glm.linear	10	28677510	ARIC
SeqId_8813_160	TXN	P10599	/data/Dutta_lab/aric/EA/SeqId_8813_160.PHENO1.glm.linear	9	110245116	ARIC
SeqId_8814_33	PSAPL1	Q6NUJ1	/data/Dutta_lab/aric/EA/SeqId_8814_33.PHENO1.glm.linear	4	7434930	ARIC
SeqId_8815_1	OLFML1	Q6UWY5	/data/Dutta_lab/aric/EA/SeqId_8815_1.PHENO1.glm.linear	11	7485388	ARIC
SeqId_8817_29	CENPV	Q7Z7K6	/data/Dutta_lab/aric/EA/SeqId_8817_29.PHENO1.glm.linear	17	16344742	ARIC
SeqId_8818_13	IFNGR2	P38484	/data/Dutta_lab/aric/EA/SeqId_8818_13.PHENO1.glm.linear	21	33402896	ARIC
SeqId_8825_4	PILRA	Q9UKJ1	/data/Dutta_lab/aric/EA/SeqId_8825_4.PHENO1.glm.linear	7	100367530	ARIC
SeqId_8828_21	ESRP1	Q6NXG1	/data/Dutta_lab/aric/EA/SeqId_8828_21.PHENO1.glm.linear	8	94641074	ARIC
SeqId_8832_55	BST2	Q10589	/data/Dutta_lab/aric/EA/SeqId_8832_55.PHENO1.glm.linear	19	17404537	ARIC
SeqId_8833_20	TNFSF10	P50591	/data/Dutta_lab/aric/EA/SeqId_8833_20.PHENO1.glm.linear	3	172523310	ARIC
SeqId_8834_58	CANX	P27824	/data/Dutta_lab/aric/EA/SeqId_8834_58.PHENO1.glm.linear	5	179678628	ARIC
SeqId_8837_8	MFAP3L	O75121	/data/Dutta_lab/aric/EA/SeqId_8837_8.PHENO1.glm.linear	4	170003756	ARIC
SeqId_8838_10	CASC4	Q6P4E1	/data/Dutta_lab/aric/EA/SeqId_8838_10.PHENO1.glm.linear	15	44288719	ARIC
SeqId_8839_4	MTX2	O75431	/data/Dutta_lab/aric/EA/SeqId_8839_4.PHENO1.glm.linear	2	176269395	ARIC
SeqId_8840_61	C1S	P09871	/data/Dutta_lab/aric/EA/SeqId_8840_61.PHENO1.glm.linear	12	6988259	ARIC
SeqId_8841_65	CILP2	Q8IUL8	/data/Dutta_lab/aric/EA/SeqId_8841_65.PHENO1.glm.linear	19	19538248	ARIC
SeqId_8842_16	GRAMD1C	Q8IYS0	/data/Dutta_lab/aric/EA/SeqId_8842_16.PHENO1.glm.linear	3	113828182	ARIC
SeqId_8843_34	MYRF	Q9Y2G1	/data/Dutta_lab/aric/EA/SeqId_8843_34.PHENO1.glm.linear	11	61752642	ARIC
SeqId_8845_2	ADAMTS3	O15072	/data/Dutta_lab/aric/EA/SeqId_8845_2.PHENO1.glm.linear	4	72312255	ARIC
SeqId_8850_5	PLA2G2C	Q5R387	/data/Dutta_lab/aric/EA/SeqId_8850_5.PHENO1.glm.linear	1	20175169	ARIC
SeqId_8852_10	SUN3	Q8TAQ9	/data/Dutta_lab/aric/EA/SeqId_8852_10.PHENO1.glm.linear	7	47988963	ARIC
SeqId_8853_2	CLEC4A	Q9UMR7	/data/Dutta_lab/aric/EA/SeqId_8853_2.PHENO1.glm.linear	12	8123632	ARIC
SeqId_8858_21	BATF3	Q9NR55	/data/Dutta_lab/aric/EA/SeqId_8858_21.PHENO1.glm.linear	1	212687509	ARIC
SeqId_8859_51	CA11	O75493	/data/Dutta_lab/aric/EA/SeqId_8859_51.PHENO1.glm.linear	19	48638385	ARIC
SeqId_8863_3	PIK3R1	P27986	/data/Dutta_lab/aric/EA/SeqId_8863_3.PHENO1.glm.linear	5	68215756	ARIC
SeqId_8864_59	CENPW	Q5EE01	/data/Dutta_lab/aric/EA/SeqId_8864_59.PHENO1.glm.linear	6	126340174	ARIC
SeqId_8866_53	QPCTL	Q9NXS2	/data/Dutta_lab/aric/EA/SeqId_8866_53.PHENO1.glm.linear	19	45692666	ARIC
SeqId_8867_18	PAEP	P09466	/data/Dutta_lab/aric/EA/SeqId_8867_18.PHENO1.glm.linear	9	135561756	ARIC
SeqId_8869_5	BTN2A1	Q7KYR7	/data/Dutta_lab/aric/EA/SeqId_8869_5.PHENO1.glm.linear	6	26457904	ARIC
SeqId_8870_38	NPM1	P06748	/data/Dutta_lab/aric/EA/SeqId_8870_38.PHENO1.glm.linear	5	171387116	ARIC
SeqId_8872_1	SEC61G	P60059	/data/Dutta_lab/aric/EA/SeqId_8872_1.PHENO1.glm.linear	7	54759182	ARIC
SeqId_8874_53	CLN5	O75503	/data/Dutta_lab/aric/EA/SeqId_8874_53.PHENO1.glm.linear	13	76990660	ARIC
SeqId_8876_51	NRXN2	P58401	/data/Dutta_lab/aric/EA/SeqId_8876_51.PHENO1.glm.linear	11	64622796	ARIC
SeqId_8877_22	EVA1C	P58658	/data/Dutta_lab/aric/EA/SeqId_8877_22.PHENO1.glm.linear	21	32412006	ARIC
SeqId_8878_48	YTHDC1	Q96MU7	/data/Dutta_lab/aric/EA/SeqId_8878_48.PHENO1.glm.linear	4	68318721	ARIC
SeqId_8882_1	ADAM17	P78536	/data/Dutta_lab/aric/EA/SeqId_8882_1.PHENO1.glm.linear	2	9493153	ARIC
SeqId_8885_6	CACNA2D3	Q8IZS8	/data/Dutta_lab/aric/EA/SeqId_8885_6.PHENO1.glm.linear	3	54122547	ARIC
SeqId_8887_21	NUDC	Q9Y266	/data/Dutta_lab/aric/EA/SeqId_8887_21.PHENO1.glm.linear	1	26900238	ARIC
SeqId_8889_5	CCPG1	Q9ULG6	/data/Dutta_lab/aric/EA/SeqId_8889_5.PHENO1.glm.linear	15	55348466	ARIC
SeqId_8890_9	TMEM132B	Q14DG7	/data/Dutta_lab/aric/EA/SeqId_8890_9.PHENO1.glm.linear	12	125186836	ARIC
SeqId_8891_7	CPVL	Q9H3G5	/data/Dutta_lab/aric/EA/SeqId_8891_7.PHENO1.glm.linear	7	29071845	ARIC
SeqId_8892_14	PEAR1	Q5VY43	/data/Dutta_lab/aric/EA/SeqId_8892_14.PHENO1.glm.linear	1	156893698	ARIC
SeqId_8893_29	PARP1	P09874	/data/Dutta_lab/aric/EA/SeqId_8893_29.PHENO1.glm.linear	1	226362252	ARIC
SeqId_8894_80	HNRNPAB	Q99729	/data/Dutta_lab/aric/EA/SeqId_8894_80.PHENO1.glm.linear	5	178204533	ARIC
SeqId_8897_3	LRRC37A2	A6NM11	/data/Dutta_lab/aric/EA/SeqId_8897_3.PHENO1.glm.linear	17	46511511	ARIC
SeqId_8899_75	UGT1A8	Q9HAW9	/data/Dutta_lab/aric/EA/SeqId_8899_75.PHENO1.glm.linear	2	233617645	ARIC
SeqId_8900_28	NEO1	Q92859	/data/Dutta_lab/aric/EA/SeqId_8900_28.PHENO1.glm.linear	15	73051710	ARIC
SeqId_8901_40	YWHAG	P61981	/data/Dutta_lab/aric/EA/SeqId_8901_40.PHENO1.glm.linear	7	76358991	ARIC
SeqId_8903_1	COX6C	P09669	/data/Dutta_lab/aric/EA/SeqId_8903_1.PHENO1.glm.linear	8	99878794	ARIC
SeqId_8905_20	KCNMB3	Q9NPA1	/data/Dutta_lab/aric/EA/SeqId_8905_20.PHENO1.glm.linear	3	179243284	ARIC
SeqId_8906_60	LRTM2	Q8N967	/data/Dutta_lab/aric/EA/SeqId_8906_60.PHENO1.glm.linear	12	1820267	ARIC
SeqId_8907_11	UGT2A1	Q9Y4X1	/data/Dutta_lab/aric/EA/SeqId_8907_11.PHENO1.glm.linear	4	69599761	ARIC
SeqId_8909_77	GNPDA1	P46926	/data/Dutta_lab/aric/EA/SeqId_8909_77.PHENO1.glm.linear	5	142005441	ARIC
SeqId_8913_22	SIGLEC11	Q96RL6	/data/Dutta_lab/aric/EA/SeqId_8913_22.PHENO1.glm.linear	19	49958458	ARIC
SeqId_8916_32	STIM1	Q13586	/data/Dutta_lab/aric/EA/SeqId_8916_32.PHENO1.glm.linear	11	3854527	ARIC
SeqId_8918_64	PTK2B	Q14289	/data/Dutta_lab/aric/EA/SeqId_8918_64.PHENO1.glm.linear	8	27311482	ARIC
SeqId_8921_139	PABPN1	Q86U42	/data/Dutta_lab/aric/EA/SeqId_8921_139.PHENO1.glm.linear	14	23321289	ARIC
SeqId_8922_4	TMCC3	Q9ULS5	/data/Dutta_lab/aric/EA/SeqId_8922_4.PHENO1.glm.linear	12	94616061	ARIC
SeqId_8923_94	GALNT16	Q8N428	/data/Dutta_lab/aric/EA/SeqId_8923_94.PHENO1.glm.linear	14	69259277	ARIC
SeqId_8924_55	CALY	Q9NYX4	/data/Dutta_lab/aric/EA/SeqId_8924_55.PHENO1.glm.linear	10	133326175	ARIC
SeqId_8925_25	RRM2B	Q7LG56	/data/Dutta_lab/aric/EA/SeqId_8925_25.PHENO1.glm.linear	8	102214229	ARIC
SeqId_8927_6	C7orf73	E0CX11	/data/Dutta_lab/aric/EA/SeqId_8927_6.PHENO1.glm.linear	7	135662496	ARIC
SeqId_8929_7	BDP1	A6H8Y1	/data/Dutta_lab/aric/EA/SeqId_8929_7.PHENO1.glm.linear	5	71455651	ARIC
SeqId_8931_124	G0S2	P27469	/data/Dutta_lab/aric/EA/SeqId_8931_124.PHENO1.glm.linear	1	209675412	ARIC
SeqId_8932_1	ENTPD6	O75354	/data/Dutta_lab/aric/EA/SeqId_8932_1.PHENO1.glm.linear	20	25195693	ARIC
SeqId_8933_84	MEF2C	Q06413	/data/Dutta_lab/aric/EA/SeqId_8933_84.PHENO1.glm.linear	5	88729519	ARIC
SeqId_8935_22	ABCC6	O95255	/data/Dutta_lab/aric/EA/SeqId_8935_22.PHENO1.glm.linear	16	16155776	ARIC
SeqId_8942_2	MRPL21	Q7Z2W9	/data/Dutta_lab/aric/EA/SeqId_8942_2.PHENO1.glm.linear	11	68903778	ARIC
SeqId_8945_7	FAM175B	Q15018	/data/Dutta_lab/aric/EA/SeqId_8945_7.PHENO1.glm.linear	10	124801819	ARIC
SeqId_8946_38	NR1H4	Q96RI1	/data/Dutta_lab/aric/EA/SeqId_8946_38.PHENO1.glm.linear	12	100473708	ARIC
SeqId_8948_13	ADAM19	Q9H013	/data/Dutta_lab/aric/EA/SeqId_8948_13.PHENO1.glm.linear	5	157502822	ARIC
SeqId_8950_4	CLCA2	Q9UQC9	/data/Dutta_lab/aric/EA/SeqId_8950_4.PHENO1.glm.linear	1	86424171	ARIC
SeqId_8951_162	CSPG4	Q6UVK1	/data/Dutta_lab/aric/EA/SeqId_8951_162.PHENO1.glm.linear	15	75712848	ARIC
SeqId_8953_47	HDGF	P51858	/data/Dutta_lab/aric/EA/SeqId_8953_47.PHENO1.glm.linear	1	156744276	ARIC
SeqId_8954_30	MAP4K1	Q92918	/data/Dutta_lab/aric/EA/SeqId_8954_30.PHENO1.glm.linear	19	38593369	ARIC
SeqId_8955_60	GLT8D1	Q68CQ7	/data/Dutta_lab/aric/EA/SeqId_8955_60.PHENO1.glm.linear	3	52696580	ARIC
SeqId_8956_96	SCARF2	Q96GP6	/data/Dutta_lab/aric/EA/SeqId_8956_96.PHENO1.glm.linear	22	20429926	ARIC
SeqId_8957_72	ERLEC1	Q96DZ1	/data/Dutta_lab/aric/EA/SeqId_8957_72.PHENO1.glm.linear	2	53787044	ARIC
SeqId_8958_51	CHL1	O00533	/data/Dutta_lab/aric/EA/SeqId_8958_51.PHENO1.glm.linear	3	196763	ARIC
SeqId_8959_61	ADAM17	P78536	/data/Dutta_lab/aric/EA/SeqId_8959_61.PHENO1.glm.linear	2	9493153	ARIC
SeqId_8960_3	ERAP2	Q6P179	/data/Dutta_lab/aric/EA/SeqId_8960_3.PHENO1.glm.linear	5	96875986	ARIC
SeqId_8962_48	RPS6KB1	P23443	/data/Dutta_lab/aric/EA/SeqId_8962_48.PHENO1.glm.linear	17	59893046	ARIC
SeqId_8963_8	VTI1B	Q9UEU0	/data/Dutta_lab/aric/EA/SeqId_8963_8.PHENO1.glm.linear	14	67659791	ARIC
SeqId_8967_6	DUSP26	Q9BV47	/data/Dutta_lab/aric/EA/SeqId_8967_6.PHENO1.glm.linear	8	33597807	ARIC
SeqId_8969_49	CD14	P08571	/data/Dutta_lab/aric/EA/SeqId_8969_49.PHENO1.glm.linear	5	140633175	ARIC
SeqId_8970_9	RIPK2	O43353	/data/Dutta_lab/aric/EA/SeqId_8970_9.PHENO1.glm.linear	8	89757806	ARIC
SeqId_8971_9	NRXN1	Q9ULB1	/data/Dutta_lab/aric/EA/SeqId_8971_9.PHENO1.glm.linear	2	49973939	ARIC
SeqId_8973_23	FCRL4	Q96PJ5	/data/Dutta_lab/aric/EA/SeqId_8973_23.PHENO1.glm.linear	1	157580537	ARIC
SeqId_8974_172	COL15A1	P39059	/data/Dutta_lab/aric/EA/SeqId_8974_172.PHENO1.glm.linear	9	98943179	ARIC
SeqId_8975_26	RQCD1	Q92600	/data/Dutta_lab/aric/EA/SeqId_8975_26.PHENO1.glm.linear	2	218568580	ARIC
SeqId_8976_13	B4GALNT1	Q00973	/data/Dutta_lab/aric/EA/SeqId_8976_13.PHENO1.glm.linear	12	57628729	ARIC
SeqId_8978_30	MAP4K3	Q8IVH8	/data/Dutta_lab/aric/EA/SeqId_8978_30.PHENO1.glm.linear	2	39261117	ARIC
SeqId_8980_19	CD200R1L	Q6Q8B3	/data/Dutta_lab/aric/EA/SeqId_8980_19.PHENO1.glm.linear	3	112829367	ARIC
SeqId_8982_65	THBS3	P49746	/data/Dutta_lab/aric/EA/SeqId_8982_65.PHENO1.glm.linear	1	155196442	ARIC
SeqId_8983_7	GOLM1	Q8NBJ4	/data/Dutta_lab/aric/EA/SeqId_8983_7.PHENO1.glm.linear	9	86036813	ARIC
SeqId_8985_13	SERAC1	Q96JX3	/data/Dutta_lab/aric/EA/SeqId_8985_13.PHENO1.glm.linear	6	158130486	ARIC
SeqId_8989_40	SCUBE1	Q8IWY4	/data/Dutta_lab/aric/EA/SeqId_8989_40.PHENO1.glm.linear	22	43262799	ARIC
SeqId_8991_115	FCRL4	Q96PJ5	/data/Dutta_lab/aric/EA/SeqId_8991_115.PHENO1.glm.linear	1	157580537	ARIC
SeqId_8992_1	TMEM2	Q9UHN6	/data/Dutta_lab/aric/EA/SeqId_8992_1.PHENO1.glm.linear	9	71687428	ARIC
SeqId_8993_151	RIPK2	O43353	/data/Dutta_lab/aric/EA/SeqId_8993_151.PHENO1.glm.linear	8	89757806	ARIC
SeqId_8994_65	SLAMF8	Q9P0V8	/data/Dutta_lab/aric/EA/SeqId_8994_65.PHENO1.glm.linear	1	159826811	ARIC
SeqId_8998_15	HS3ST4	Q9Y661	/data/Dutta_lab/aric/EA/SeqId_8998_15.PHENO1.glm.linear	16	25691959	ARIC
SeqId_8999_19	CEACAM3	P40198	/data/Dutta_lab/aric/EA/SeqId_8999_19.PHENO1.glm.linear	19	41796587	ARIC
SeqId_9000_177	SLC3A1	Q07837	/data/Dutta_lab/aric/EA/SeqId_9000_177.PHENO1.glm.linear	2	44275458	ARIC
SeqId_9002_36	SERPINA11	Q86U17	/data/Dutta_lab/aric/EA/SeqId_9002_36.PHENO1.glm.linear	14	94452800	ARIC
SeqId_9003_99	MARCO	Q9UEW3	/data/Dutta_lab/aric/EA/SeqId_9003_99.PHENO1.glm.linear	2	118942166	ARIC
SeqId_9004_24	LDLRAD4	O15165	/data/Dutta_lab/aric/EA/SeqId_9004_24.PHENO1.glm.linear	18	13217498	ARIC
SeqId_9005_16	PLXNA1	Q9UIW2	/data/Dutta_lab/aric/EA/SeqId_9005_16.PHENO1.glm.linear	3	126988594	ARIC
SeqId_9012_1	PRPF6	O94906	/data/Dutta_lab/aric/EA/SeqId_9012_1.PHENO1.glm.linear	20	63981132	ARIC
SeqId_9014_18	TMEM25	Q86YD3	/data/Dutta_lab/aric/EA/SeqId_9014_18.PHENO1.glm.linear	11	118531041	ARIC
SeqId_9015_1	PRG3	Q9Y2Y8	/data/Dutta_lab/aric/EA/SeqId_9015_1.PHENO1.glm.linear	11	57381150	ARIC
SeqId_9016_12	NR1H2	P55055	/data/Dutta_lab/aric/EA/SeqId_9016_12.PHENO1.glm.linear	19	50329653	ARIC
SeqId_9017_58	LCT	P09848	/data/Dutta_lab/aric/EA/SeqId_9017_58.PHENO1.glm.linear	2	135812959	ARIC
SeqId_9018_38	PCDH10	Q9P2E7	/data/Dutta_lab/aric/EA/SeqId_9018_38.PHENO1.glm.linear	4	133149294	ARIC
SeqId_9021_1	HAVCR1	Q96D42	/data/Dutta_lab/aric/EA/SeqId_9021_1.PHENO1.glm.linear	5	157049149	ARIC
SeqId_9022_49	DEFB132	Q7Z7B7	/data/Dutta_lab/aric/EA/SeqId_9022_49.PHENO1.glm.linear	20	257724	ARIC
SeqId_9025_5	AHSP	Q9NZD4	/data/Dutta_lab/aric/EA/SeqId_9025_5.PHENO1.glm.linear	16	31527900	ARIC
SeqId_9026_40	BTNL8	Q6UX41	/data/Dutta_lab/aric/EA/SeqId_9026_40.PHENO1.glm.linear	5	180899077	ARIC
SeqId_9027_10	NLGN2	Q8NFZ4	/data/Dutta_lab/aric/EA/SeqId_9027_10.PHENO1.glm.linear	17	7404874	ARIC
SeqId_9028_5	MTPAP	Q9NVV4	/data/Dutta_lab/aric/EA/SeqId_9028_5.PHENO1.glm.linear	10	30348977	ARIC
SeqId_9030_56	C17orf89	A1L188	/data/Dutta_lab/aric/EA/SeqId_9030_56.PHENO1.glm.linear	17	81239305	ARIC
SeqId_9032_30	ROS1	P08922	/data/Dutta_lab/aric/EA/SeqId_9032_30.PHENO1.glm.linear	6	117337340	ARIC
SeqId_9035_2	MXI1	P50539	/data/Dutta_lab/aric/EA/SeqId_9035_2.PHENO1.glm.linear	10	110207605	ARIC
SeqId_9037_1	STX18	Q9P2W9	/data/Dutta_lab/aric/EA/SeqId_9037_1.PHENO1.glm.linear	4	4423688	ARIC
SeqId_9038_12	JTB	O76095	/data/Dutta_lab/aric/EA/SeqId_9038_12.PHENO1.glm.linear	1	153977394	ARIC
SeqId_9039_47	TOR1AIP1	Q5JTV8	/data/Dutta_lab/aric/EA/SeqId_9039_47.PHENO1.glm.linear	1	179882042	ARIC
SeqId_9040_144	EPDR1	Q9UM22	/data/Dutta_lab/aric/EA/SeqId_9040_144.PHENO1.glm.linear	7	37683843	ARIC
SeqId_9043_7	TFIP11	Q9UBB9	/data/Dutta_lab/aric/EA/SeqId_9043_7.PHENO1.glm.linear	22	26494619	ARIC
SeqId_9044_1	CNTNAP5	Q8WYK1	/data/Dutta_lab/aric/EA/SeqId_9044_1.PHENO1.glm.linear	2	124025287	ARIC
SeqId_9045_3	SLC27A2	O14975	/data/Dutta_lab/aric/EA/SeqId_9045_3.PHENO1.glm.linear	15	50182196	ARIC
SeqId_9049_2	SLC16A3	O15427	/data/Dutta_lab/aric/EA/SeqId_9049_2.PHENO1.glm.linear	17	82228397	ARIC
SeqId_9050_170	RSRP1	Q9BUV0	/data/Dutta_lab/aric/EA/SeqId_9050_170.PHENO1.glm.linear	1	25243654	ARIC
SeqId_9051_13	IL32	P24001	/data/Dutta_lab/aric/EA/SeqId_9051_13.PHENO1.glm.linear	16	3065297	ARIC
SeqId_9053_16	CRIP2	P52943	/data/Dutta_lab/aric/EA/SeqId_9053_16.PHENO1.glm.linear	14	105472962	ARIC
SeqId_9055_81	MYZAP	P0CAP1	/data/Dutta_lab/aric/EA/SeqId_9055_81.PHENO1.glm.linear	15	57591904	ARIC
SeqId_9057_19	ADRM1	Q16186	/data/Dutta_lab/aric/EA/SeqId_9057_19.PHENO1.glm.linear	20	62302093	ARIC
SeqId_9058_1	TIMM21	Q9BVV7	/data/Dutta_lab/aric/EA/SeqId_9058_1.PHENO1.glm.linear	18	74148523	ARIC
SeqId_9059_14	RAPGEF5	Q92565	/data/Dutta_lab/aric/EA/SeqId_9059_14.PHENO1.glm.linear	7	22136072	ARIC
SeqId_9060_27	IGSF9B	Q9UPX0	/data/Dutta_lab/aric/EA/SeqId_9060_27.PHENO1.glm.linear	11	133912118	ARIC
SeqId_9061_3	ARHGEF10	O15013	/data/Dutta_lab/aric/EA/SeqId_9061_3.PHENO1.glm.linear	8	1823926	ARIC
SeqId_9064_12	RNF215	Q9Y6U7	/data/Dutta_lab/aric/EA/SeqId_9064_12.PHENO1.glm.linear	22	30374878	ARIC
SeqId_9068_17	JAKMIP3	Q5VZ66	/data/Dutta_lab/aric/EA/SeqId_9068_17.PHENO1.glm.linear	10	132036336	ARIC
SeqId_9070_1	C17orf67	Q0P5P2	/data/Dutta_lab/aric/EA/SeqId_9070_1.PHENO1.glm.linear	17	56795292	ARIC
SeqId_9074_6	FAXDC2	Q96IV6	/data/Dutta_lab/aric/EA/SeqId_9074_6.PHENO1.glm.linear	5	154824708	ARIC
SeqId_9075_121	KIAA1024	Q9UPX6	/data/Dutta_lab/aric/EA/SeqId_9075_121.PHENO1.glm.linear	15	79432336	ARIC
SeqId_9076_25	PENK	P01210	/data/Dutta_lab/aric/EA/SeqId_9076_25.PHENO1.glm.linear	8	56438510	ARIC
SeqId_9077_10	MAN1A2	O60476	/data/Dutta_lab/aric/EA/SeqId_9077_10.PHENO1.glm.linear	1	117367449	ARIC
SeqId_9078_207	SNTB1	Q13884	/data/Dutta_lab/aric/EA/SeqId_9078_207.PHENO1.glm.linear	8	120693908	ARIC
SeqId_9081_39	SLC30A3	Q99726	/data/Dutta_lab/aric/EA/SeqId_9081_39.PHENO1.glm.linear	2	27257820	ARIC
SeqId_9082_25	SEL1L2	Q5TEA6	/data/Dutta_lab/aric/EA/SeqId_9082_25.PHENO1.glm.linear	20	13851419	ARIC
SeqId_9087_8	NHLRC3	Q5JS37	/data/Dutta_lab/aric/EA/SeqId_9087_8.PHENO1.glm.linear	13	39038306	ARIC
SeqId_9089_77	JPH3	Q8WXH2	/data/Dutta_lab/aric/EA/SeqId_9089_77.PHENO1.glm.linear	16	87601835	ARIC
SeqId_9092_33	ANGPTL1	O95841	/data/Dutta_lab/aric/EA/SeqId_9092_33.PHENO1.glm.linear	1	178869278	ARIC
SeqId_9094_5	CLEC4C	Q8WTT0	/data/Dutta_lab/aric/EA/SeqId_9094_5.PHENO1.glm.linear	12	7737575	ARIC
SeqId_9095_5	MTFR1	Q15390	/data/Dutta_lab/aric/EA/SeqId_9095_5.PHENO1.glm.linear	8	65644734	ARIC
SeqId_9097_5	KIAA1324	Q6UXG2	/data/Dutta_lab/aric/EA/SeqId_9097_5.PHENO1.glm.linear	1	109113679	ARIC
SeqId_9099_19	SYT5	O00445	/data/Dutta_lab/aric/EA/SeqId_9099_19.PHENO1.glm.linear	19	55173093	ARIC
SeqId_9100_32	C5orf46	Q6UWT4	/data/Dutta_lab/aric/EA/SeqId_9100_32.PHENO1.glm.linear	5	147906490	ARIC
SeqId_9102_28	ZFYVE27	Q5T4F4	/data/Dutta_lab/aric/EA/SeqId_9102_28.PHENO1.glm.linear	10	97737121	ARIC
SeqId_9106_87	LYSMD4	Q5XG99	/data/Dutta_lab/aric/EA/SeqId_9106_87.PHENO1.glm.linear	15	99717824	ARIC
SeqId_9107_59	ARMC10	Q8N2F6	/data/Dutta_lab/aric/EA/SeqId_9107_59.PHENO1.glm.linear	7	103074881	ARIC
SeqId_9110_2	SYT17	Q9BSW7	/data/Dutta_lab/aric/EA/SeqId_9110_2.PHENO1.glm.linear	16	19167971	ARIC
SeqId_9111_40	JPH4	Q96JJ6	/data/Dutta_lab/aric/EA/SeqId_9111_40.PHENO1.glm.linear	14	23573001	ARIC
SeqId_9114_84	UMODL1	Q5DID0	/data/Dutta_lab/aric/EA/SeqId_9114_84.PHENO1.glm.linear	21	42062959	ARIC
SeqId_9115_78	ADAMDEC1	O15204	/data/Dutta_lab/aric/EA/SeqId_9115_78.PHENO1.glm.linear	8	24384285	ARIC
SeqId_9116_28	HEPACAM2	A8MVW5	/data/Dutta_lab/aric/EA/SeqId_9116_28.PHENO1.glm.linear	7	93205647	ARIC
SeqId_9117_4	IL36G	Q9NZH8	/data/Dutta_lab/aric/EA/SeqId_9117_4.PHENO1.glm.linear	2	112973203	ARIC
SeqId_9118_7	PSD2	Q9BQI7	/data/Dutta_lab/aric/EA/SeqId_9118_7.PHENO1.glm.linear	5	139795808	ARIC
SeqId_9121_28	FUT2	Q10981	/data/Dutta_lab/aric/EA/SeqId_9121_28.PHENO1.glm.linear	19	48695971	ARIC
SeqId_9123_18	DOS	Q8N350	/data/Dutta_lab/aric/EA/SeqId_9123_18.PHENO1.glm.linear	19	1235085	ARIC
SeqId_9125_23	MASP1	P48740	/data/Dutta_lab/aric/EA/SeqId_9125_23.PHENO1.glm.linear	3	187243585	ARIC
SeqId_9126_171	NT5DC3	Q86UY8	/data/Dutta_lab/aric/EA/SeqId_9126_171.PHENO1.glm.linear	12	103785384	ARIC
SeqId_9127_4	SLC26A5	P58743	/data/Dutta_lab/aric/EA/SeqId_9127_4.PHENO1.glm.linear	7	103421522	ARIC
SeqId_9128_34	FLRT3	Q9NZU0	/data/Dutta_lab/aric/EA/SeqId_9128_34.PHENO1.glm.linear	20	14337608	ARIC
SeqId_9168_31	CCL26	Q9Y258	/data/Dutta_lab/aric/EA/SeqId_9168_31.PHENO1.glm.linear	7	75772257	ARIC
SeqId_9170_24	IL17A	Q16552	/data/Dutta_lab/aric/EA/SeqId_9170_24.PHENO1.glm.linear	6	52186375	ARIC
SeqId_9171_11	CSRP3	P50461	/data/Dutta_lab/aric/EA/SeqId_9171_11.PHENO1.glm.linear	11	19201976	ARIC
SeqId_9172_69	MMP8	P22894	/data/Dutta_lab/aric/EA/SeqId_9172_69.PHENO1.glm.linear	11	102724781	ARIC
SeqId_9173_21	PGM1	P36871	/data/Dutta_lab/aric/EA/SeqId_9173_21.PHENO1.glm.linear	1	63593411	ARIC
SeqId_9175_48	DSCAM	O60469	/data/Dutta_lab/aric/EA/SeqId_9175_48.PHENO1.glm.linear	21	40353654	ARIC
SeqId_9176_3	MUC1	P15941	/data/Dutta_lab/aric/EA/SeqId_9176_3.PHENO1.glm.linear	1	155187767	ARIC
SeqId_9177_6	FAM3B	P58499	/data/Dutta_lab/aric/EA/SeqId_9177_6.PHENO1.glm.linear	21	41304212	ARIC
SeqId_9178_30	NRG1	Q02297	/data/Dutta_lab/aric/EA/SeqId_9178_30.PHENO1.glm.linear	8	31639222	ARIC
SeqId_9182_3	LRP1	Q07954	/data/Dutta_lab/aric/EA/SeqId_9182_3.PHENO1.glm.linear	12	57128483	ARIC
SeqId_9183_7	IFNAR1	P17181	/data/Dutta_lab/aric/EA/SeqId_9183_7.PHENO1.glm.linear	21	33324429	ARIC
SeqId_9185_15	TFF1	P04155	/data/Dutta_lab/aric/EA/SeqId_9185_15.PHENO1.glm.linear	21	42366535	ARIC
SeqId_9187_2	HMGN1	P05114	/data/Dutta_lab/aric/EA/SeqId_9187_2.PHENO1.glm.linear	21	39348339	ARIC
SeqId_9188_119	CXCL9	Q07325	/data/Dutta_lab/aric/EA/SeqId_9188_119.PHENO1.glm.linear	4	76007509	ARIC
SeqId_9190_7	CD63	P08962	/data/Dutta_lab/aric/EA/SeqId_9190_7.PHENO1.glm.linear	12	55725968	ARIC
SeqId_9191_8	TFF2	Q03403	/data/Dutta_lab/aric/EA/SeqId_9191_8.PHENO1.glm.linear	21	42350994	ARIC
SeqId_9196_8	LGALS7	P47929	/data/Dutta_lab/aric/EA/SeqId_9196_8.PHENO1.glm.linear	19	38773432	ARIC
SeqId_9197_4	LGALS9	O00182	/data/Dutta_lab/aric/EA/SeqId_9197_4.PHENO1.glm.linear	17	27629798	ARIC
SeqId_9199_6	UBE2G2	P60604	/data/Dutta_lab/aric/EA/SeqId_9199_6.PHENO1.glm.linear	21	44775436	ARIC
SeqId_9201_13	TAGLN2	P37802	/data/Dutta_lab/aric/EA/SeqId_9201_13.PHENO1.glm.linear	1	159923717	ARIC
SeqId_9202_309	ATP5O	P48047	/data/Dutta_lab/aric/EA/SeqId_9202_309.PHENO1.glm.linear	21	33907412	ARIC
SeqId_9204_33	POMC	P01189	/data/Dutta_lab/aric/EA/SeqId_9204_33.PHENO1.glm.linear	2	25168571	ARIC
SeqId_9207_60	CRYZL1	O95825	/data/Dutta_lab/aric/EA/SeqId_9207_60.PHENO1.glm.linear	21	33591718	ARIC
SeqId_9211_19	SERPINF1	P36955	/data/Dutta_lab/aric/EA/SeqId_9211_19.PHENO1.glm.linear	17	1762029	ARIC
SeqId_9212_22	CTSF	Q9UBX1	/data/Dutta_lab/aric/EA/SeqId_9212_22.PHENO1.glm.linear	11	66566134	ARIC
SeqId_9215_117	USP25	Q9UHP3	/data/Dutta_lab/aric/EA/SeqId_9215_117.PHENO1.glm.linear	21	15730025	ARIC
SeqId_9216_100	PLXNB2	O15031	/data/Dutta_lab/aric/EA/SeqId_9216_100.PHENO1.glm.linear	22	50278840	ARIC
SeqId_9219_70	NENF	Q9UMX5	/data/Dutta_lab/aric/EA/SeqId_9219_70.PHENO1.glm.linear	1	212432920	ARIC
SeqId_9220_7	EPHB3	P54753	/data/Dutta_lab/aric/EA/SeqId_9220_7.PHENO1.glm.linear	3	184561785	ARIC
SeqId_9221_6	ITPRIPL1	Q6GPH6	/data/Dutta_lab/aric/EA/SeqId_9221_6.PHENO1.glm.linear	2	96325331	ARIC
SeqId_9223_11	MANF	P55145	/data/Dutta_lab/aric/EA/SeqId_9223_11.PHENO1.glm.linear	3	51385291	ARIC
SeqId_9226_6	TMUB2	Q71RG4	/data/Dutta_lab/aric/EA/SeqId_9226_6.PHENO1.glm.linear	17	44186970	ARIC
SeqId_9229_9	CTRL	P40313	/data/Dutta_lab/aric/EA/SeqId_9229_9.PHENO1.glm.linear	16	67929674	ARIC
SeqId_9231_23	IMPAD1	Q9NX62	/data/Dutta_lab/aric/EA/SeqId_9231_23.PHENO1.glm.linear	8	56980112	ARIC
SeqId_9233_71	TFPI2	P48307	/data/Dutta_lab/aric/EA/SeqId_9233_71.PHENO1.glm.linear	7	93890170	ARIC
SeqId_9234_8	TWSG1	Q9GZX9	/data/Dutta_lab/aric/EA/SeqId_9234_8.PHENO1.glm.linear	18	9334767	ARIC
SeqId_9235_3	PLXDC1	Q8IUK5	/data/Dutta_lab/aric/EA/SeqId_9235_3.PHENO1.glm.linear	17	39070471	ARIC
SeqId_9237_54	ACP2	P11117	/data/Dutta_lab/aric/EA/SeqId_9237_54.PHENO1.glm.linear	11	47244960	ARIC
SeqId_9241_40	SIRPG	Q9P1W8	/data/Dutta_lab/aric/EA/SeqId_9241_40.PHENO1.glm.linear	20	1630643	ARIC
SeqId_9243_10	LYG1	Q8N1E2	/data/Dutta_lab/aric/EA/SeqId_9243_10.PHENO1.glm.linear	2	99301176	ARIC
SeqId_9244_27	PPT1	P50897	/data/Dutta_lab/aric/EA/SeqId_9244_27.PHENO1.glm.linear	1	40078835	ARIC
SeqId_9248_36	MYDGF	Q969H8	/data/Dutta_lab/aric/EA/SeqId_9248_36.PHENO1.glm.linear	19	4664906	ARIC
SeqId_9249_17	TMEM9	Q9P0T7	/data/Dutta_lab/aric/EA/SeqId_9249_17.PHENO1.glm.linear	1	201145668	ARIC
SeqId_9251_28	MAN2B2	Q9Y2E5	/data/Dutta_lab/aric/EA/SeqId_9251_28.PHENO1.glm.linear	4	6575189	ARIC
SeqId_9253_52	ABO	P16442	/data/Dutta_lab/aric/EA/SeqId_9253_52.PHENO1.glm.linear	9	133275214	ARIC
SeqId_9255_5	IL17C	Q9P0M4	/data/Dutta_lab/aric/EA/SeqId_9255_5.PHENO1.glm.linear	16	88638572	ARIC
SeqId_9256_78	NPTX1	Q15818	/data/Dutta_lab/aric/EA/SeqId_9256_78.PHENO1.glm.linear	17	80474698	ARIC
SeqId_9257_14	TACO1	Q9BSH4	/data/Dutta_lab/aric/EA/SeqId_9257_14.PHENO1.glm.linear	17	63600882	ARIC
SeqId_9263_57	SIAE	Q9HAT2	/data/Dutta_lab/aric/EA/SeqId_9263_57.PHENO1.glm.linear	11	124669612	ARIC
SeqId_9264_11	CTSO	P43234	/data/Dutta_lab/aric/EA/SeqId_9264_11.PHENO1.glm.linear	4	155953866	ARIC
SeqId_9265_10	GLIPR1	P48060	/data/Dutta_lab/aric/EA/SeqId_9265_10.PHENO1.glm.linear	12	75480753	ARIC
SeqId_9266_1	TREM1	Q9NP99	/data/Dutta_lab/aric/EA/SeqId_9266_1.PHENO1.glm.linear	6	41281234	ARIC
SeqId_9267_2	CPA4	Q9UI42	/data/Dutta_lab/aric/EA/SeqId_9267_2.PHENO1.glm.linear	7	130293134	ARIC
SeqId_9271_101	STIM1	Q13586	/data/Dutta_lab/aric/EA/SeqId_9271_101.PHENO1.glm.linear	11	3854527	ARIC
SeqId_9276_7	CPA2	P48052	/data/Dutta_lab/aric/EA/SeqId_9276_7.PHENO1.glm.linear	7	130266863	ARIC
SeqId_9278_9	CXCL12	P48061	/data/Dutta_lab/aric/EA/SeqId_9278_9.PHENO1.glm.linear	10	44385043	ARIC
SeqId_9282_12	CRISP2	P16562	/data/Dutta_lab/aric/EA/SeqId_9282_12.PHENO1.glm.linear	6	49713543	ARIC
SeqId_9283_8	CD44	P16070	/data/Dutta_lab/aric/EA/SeqId_9283_8.PHENO1.glm.linear	11	35138870	ARIC
SeqId_9287_6	SPR	P35270	/data/Dutta_lab/aric/EA/SeqId_9287_6.PHENO1.glm.linear	2	72887382	ARIC
SeqId_9288_7	FKBP7	Q9Y680	/data/Dutta_lab/aric/EA/SeqId_9288_7.PHENO1.glm.linear	2	178478317	ARIC
SeqId_9290_8	RMDN3	Q96TC7	/data/Dutta_lab/aric/EA/SeqId_9290_8.PHENO1.glm.linear	15	40737820	ARIC
SeqId_9294_45	MFAP2	P55001	/data/Dutta_lab/aric/EA/SeqId_9294_45.PHENO1.glm.linear	1	16978276	ARIC
SeqId_9296_15	PTPRD	P23468	/data/Dutta_lab/aric/EA/SeqId_9296_15.PHENO1.glm.linear	9	8484259	ARIC
SeqId_9297_12	B3GNT8	Q7Z7M8	/data/Dutta_lab/aric/EA/SeqId_9297_12.PHENO1.glm.linear	19	41427362	ARIC
SeqId_9302_90	GADD45GIP1	Q8TAE8	/data/Dutta_lab/aric/EA/SeqId_9302_90.PHENO1.glm.linear	19	12957223	ARIC
SeqId_9306_7	DEFB118	Q96PH6	/data/Dutta_lab/aric/EA/SeqId_9306_7.PHENO1.glm.linear	20	31368601	ARIC
SeqId_9310_2	CD8B	P10966	/data/Dutta_lab/aric/EA/SeqId_9310_2.PHENO1.glm.linear	2	86861886	ARIC
SeqId_9312_8	AZGP1	P25311	/data/Dutta_lab/aric/EA/SeqId_9312_8.PHENO1.glm.linear	7	99967593	ARIC
SeqId_9313_27	CBLN1	P23435	/data/Dutta_lab/aric/EA/SeqId_9313_27.PHENO1.glm.linear	16	49281482	ARIC
SeqId_9314_9	PSG5	Q15238	/data/Dutta_lab/aric/EA/SeqId_9314_9.PHENO1.glm.linear	19	43170565	ARIC
SeqId_9315_16	MUL1	Q969V5	/data/Dutta_lab/aric/EA/SeqId_9315_16.PHENO1.glm.linear	1	20508151	ARIC
SeqId_9316_67	WFDC1	Q9HC57	/data/Dutta_lab/aric/EA/SeqId_9316_67.PHENO1.glm.linear	16	84294846	ARIC
SeqId_9317_4	LRRC25	Q8N386	/data/Dutta_lab/aric/EA/SeqId_9317_4.PHENO1.glm.linear	19	18397611	ARIC
SeqId_9319_59	TMED4	Q7Z7H5	/data/Dutta_lab/aric/EA/SeqId_9319_59.PHENO1.glm.linear	7	44582210	ARIC
SeqId_9321_400	NMB	P08949	/data/Dutta_lab/aric/EA/SeqId_9321_400.PHENO1.glm.linear	15	84658199	ARIC
SeqId_9326_33	ITIH2	P19823	/data/Dutta_lab/aric/EA/SeqId_9326_33.PHENO1.glm.linear	10	7703316	ARIC
SeqId_9327_3	LYPD1	Q8N2G4	/data/Dutta_lab/aric/EA/SeqId_9327_3.PHENO1.glm.linear	2	132670200	ARIC
SeqId_9329_28	TREML1	Q86YW5	/data/Dutta_lab/aric/EA/SeqId_9329_28.PHENO1.glm.linear	6	41151620	ARIC
SeqId_9332_6	DEFB136	Q30KP8	/data/Dutta_lab/aric/EA/SeqId_9332_6.PHENO1.glm.linear	8	11974599	ARIC
SeqId_9333_59	ERP27	Q96DN0	/data/Dutta_lab/aric/EA/SeqId_9333_59.PHENO1.glm.linear	12	14917279	ARIC
SeqId_9335_28	PSG9	Q00887	/data/Dutta_lab/aric/EA/SeqId_9335_28.PHENO1.glm.linear	19	43260746	ARIC
SeqId_9337_43	TAC1	P20366	/data/Dutta_lab/aric/EA/SeqId_9337_43.PHENO1.glm.linear	7	97732084	ARIC
SeqId_9339_204	FKBP2	P26885	/data/Dutta_lab/aric/EA/SeqId_9339_204.PHENO1.glm.linear	11	64241003	ARIC
SeqId_9340_17	FKBP14	Q9NWM8	/data/Dutta_lab/aric/EA/SeqId_9340_17.PHENO1.glm.linear	7	30026419	ARIC
SeqId_9341_1	PDGFD	Q9GZP0	/data/Dutta_lab/aric/EA/SeqId_9341_1.PHENO1.glm.linear	11	104037026	ARIC
SeqId_9343_16	IL2RB	P14784	/data/Dutta_lab/aric/EA/SeqId_9343_16.PHENO1.glm.linear	22	37136408	ARIC
SeqId_9345_436	WFDC13	Q8IUB5	/data/Dutta_lab/aric/EA/SeqId_9345_436.PHENO1.glm.linear	20	45702038	ARIC
SeqId_9348_1	C1RL	Q9NZP8	/data/Dutta_lab/aric/EA/SeqId_9348_1.PHENO1.glm.linear	12	7097258	ARIC
SeqId_9350_3	FSTL4	Q6MZW2	/data/Dutta_lab/aric/EA/SeqId_9350_3.PHENO1.glm.linear	5	133209895	ARIC
SeqId_9357_4	CREG1	O75629	/data/Dutta_lab/aric/EA/SeqId_9357_4.PHENO1.glm.linear	1	167553762	ARIC
SeqId_9359_9	DLK2	Q6UY11	/data/Dutta_lab/aric/EA/SeqId_9359_9.PHENO1.glm.linear	6	43453085	ARIC
SeqId_9360_33	EDIL3	O43854	/data/Dutta_lab/aric/EA/SeqId_9360_33.PHENO1.glm.linear	5	84078828	ARIC
SeqId_9361_7	PCDHAC2	Q9Y5I4	/data/Dutta_lab/aric/EA/SeqId_9361_7.PHENO1.glm.linear	5	140966470	ARIC
SeqId_9365_91	EYS	Q5T1H1	/data/Dutta_lab/aric/EA/SeqId_9365_91.PHENO1.glm.linear	6	63806240	ARIC
SeqId_9366_54	IL21R	Q9HBE5	/data/Dutta_lab/aric/EA/SeqId_9366_54.PHENO1.glm.linear	16	27402174	ARIC
SeqId_9368_64	LRTM1	Q9HBL6	/data/Dutta_lab/aric/EA/SeqId_9368_64.PHENO1.glm.linear	3	54928059	ARIC
SeqId_9369_174	LRRC4C	Q9HCJ2	/data/Dutta_lab/aric/EA/SeqId_9369_174.PHENO1.glm.linear	11	40241883	ARIC
SeqId_9370_69	GGH	Q92820	/data/Dutta_lab/aric/EA/SeqId_9370_69.PHENO1.glm.linear	8	63017970	ARIC
SeqId_9372_157	MPZL2	O60487	/data/Dutta_lab/aric/EA/SeqId_9372_157.PHENO1.glm.linear	11	118257660	ARIC
SeqId_9377_25	KITLG	P21583	/data/Dutta_lab/aric/EA/SeqId_9377_25.PHENO1.glm.linear	12	88534762	ARIC
SeqId_9378_6	FIBCD1	Q8N539	/data/Dutta_lab/aric/EA/SeqId_9378_6.PHENO1.glm.linear	9	130929979	ARIC
SeqId_9380_2	PLA2G12B	Q9BX93	/data/Dutta_lab/aric/EA/SeqId_9380_2.PHENO1.glm.linear	10	72954806	ARIC
SeqId_9383_24	CHI3L2	Q15782	/data/Dutta_lab/aric/EA/SeqId_9383_24.PHENO1.glm.linear	1	111200771	ARIC
SeqId_9384_17	CAMP	P49913	/data/Dutta_lab/aric/EA/SeqId_9384_17.PHENO1.glm.linear	3	48223347	ARIC
SeqId_9385_4	GAA	P10253	/data/Dutta_lab/aric/EA/SeqId_9385_4.PHENO1.glm.linear	17	80101556	ARIC
SeqId_9386_42	TTC9B	Q8N6N2	/data/Dutta_lab/aric/EA/SeqId_9386_42.PHENO1.glm.linear	19	40218382	ARIC
SeqId_9388_18	MCEE	Q96PE7	/data/Dutta_lab/aric/EA/SeqId_9388_18.PHENO1.glm.linear	2	71118384	ARIC
SeqId_9392_43	MGAT4A	Q9UM21	/data/Dutta_lab/aric/EA/SeqId_9392_43.PHENO1.glm.linear	2	98663473	ARIC
SeqId_9394_19	CPQ	Q9Y646	/data/Dutta_lab/aric/EA/SeqId_9394_19.PHENO1.glm.linear	8	96645242	ARIC
SeqId_9398_30	GALP	Q9UBC7	/data/Dutta_lab/aric/EA/SeqId_9398_30.PHENO1.glm.linear	19	56176008	ARIC
SeqId_9401_57	TRABD2A	Q86V40	/data/Dutta_lab/aric/EA/SeqId_9401_57.PHENO1.glm.linear	2	84835504	ARIC
SeqId_9402_18	DCBLD1	Q8N8Z6	/data/Dutta_lab/aric/EA/SeqId_9402_18.PHENO1.glm.linear	6	117453817	ARIC
SeqId_9409_11	TPSAB1	Q15661	/data/Dutta_lab/aric/EA/SeqId_9409_11.PHENO1.glm.linear	16	1240705	ARIC
SeqId_9412_52	ACVR2B	Q13705	/data/Dutta_lab/aric/EA/SeqId_9412_52.PHENO1.glm.linear	3	38453890	ARIC
SeqId_9416_77	CPM	P14384	/data/Dutta_lab/aric/EA/SeqId_9416_77.PHENO1.glm.linear	12	68856544	ARIC
SeqId_9443_137	CTSK	P43235	/data/Dutta_lab/aric/EA/SeqId_9443_137.PHENO1.glm.linear	1	150806768	ARIC
SeqId_9444_70	DGCR6	Q14129	/data/Dutta_lab/aric/EA/SeqId_9444_70.PHENO1.glm.linear	22	18906028	ARIC
SeqId_9445_44	C19orf18	Q8NEA5	/data/Dutta_lab/aric/EA/SeqId_9445_44.PHENO1.glm.linear	19	57974534	ARIC
SeqId_9449_150	C4BPA	P04003	/data/Dutta_lab/aric/EA/SeqId_9449_150.PHENO1.glm.linear	1	207104233	ARIC
SeqId_9450_18	CDK2AP1	O14519	/data/Dutta_lab/aric/EA/SeqId_9450_18.PHENO1.glm.linear	12	123260447	ARIC
SeqId_9451_20	UMOD	P07911	/data/Dutta_lab/aric/EA/SeqId_9451_20.PHENO1.glm.linear	16	20342509	ARIC
SeqId_9453_12	VEGFB	P49765	/data/Dutta_lab/aric/EA/SeqId_9453_12.PHENO1.glm.linear	11	64234538	ARIC
SeqId_9457_3	CAV2	P51636	/data/Dutta_lab/aric/EA/SeqId_9457_3.PHENO1.glm.linear	7	116287380	ARIC
SeqId_9459_7	FAS	P25445	/data/Dutta_lab/aric/EA/SeqId_9459_7.PHENO1.glm.linear	10	88990531	ARIC
SeqId_9468_8	LMAN2	Q12907	/data/Dutta_lab/aric/EA/SeqId_9468_8.PHENO1.glm.linear	5	177334552	ARIC
SeqId_9470_15	METTL24	Q5JXM2	/data/Dutta_lab/aric/EA/SeqId_9470_15.PHENO1.glm.linear	6	110357977	ARIC
SeqId_9474_22	ASGR2	P07307	/data/Dutta_lab/aric/EA/SeqId_9474_22.PHENO1.glm.linear	17	7114240	ARIC
SeqId_9475_22	GPX5	O75715	/data/Dutta_lab/aric/EA/SeqId_9475_22.PHENO1.glm.linear	6	28525881	ARIC
SeqId_9478_69	PRPSAP1	Q14558	/data/Dutta_lab/aric/EA/SeqId_9478_69.PHENO1.glm.linear	17	76313740	ARIC
SeqId_9482_110	NUDT9	Q9BW91	/data/Dutta_lab/aric/EA/SeqId_9482_110.PHENO1.glm.linear	4	87422573	ARIC
SeqId_9484_75	DSG2	Q14126	/data/Dutta_lab/aric/EA/SeqId_9484_75.PHENO1.glm.linear	18	31498177	ARIC
SeqId_9486_13	DEFB125	Q8N687	/data/Dutta_lab/aric/EA/SeqId_9486_13.PHENO1.glm.linear	20	87250	ARIC
SeqId_9487_60	GHRH	P01286	/data/Dutta_lab/aric/EA/SeqId_9487_60.PHENO1.glm.linear	20	37256889	ARIC
SeqId_9490_3	C4orf32	Q8N8J7	/data/Dutta_lab/aric/EA/SeqId_9490_3.PHENO1.glm.linear	4	112145454	ARIC
SeqId_9495_10	CXCL17	Q6UXB2	/data/Dutta_lab/aric/EA/SeqId_9495_10.PHENO1.glm.linear	19	42442852	ARIC
SeqId_9503_1	NMS	Q5H8A3	/data/Dutta_lab/aric/EA/SeqId_9503_1.PHENO1.glm.linear	2	100470482	ARIC
SeqId_9504_19	RAB27A	P51159	/data/Dutta_lab/aric/EA/SeqId_9504_19.PHENO1.glm.linear	15	55249035	ARIC
SeqId_9506_10	APOL1	O14791	/data/Dutta_lab/aric/EA/SeqId_9506_10.PHENO1.glm.linear	22	36253010	ARIC
SeqId_9509_4	TMEM38B	Q9NVV0	/data/Dutta_lab/aric/EA/SeqId_9509_4.PHENO1.glm.linear	9	105694541	ARIC
SeqId_9511_61	NXPH2	O95156	/data/Dutta_lab/aric/EA/SeqId_9511_61.PHENO1.glm.linear	2	138780390	ARIC
SeqId_9513_9	FGF22	Q9HCT0	/data/Dutta_lab/aric/EA/SeqId_9513_9.PHENO1.glm.linear	19	639879	ARIC
SeqId_9518_95	PLA1A	Q53H76	/data/Dutta_lab/aric/EA/SeqId_9518_95.PHENO1.glm.linear	3	119597875	ARIC
SeqId_9523_34	ITM2C	Q9NQX7	/data/Dutta_lab/aric/EA/SeqId_9523_34.PHENO1.glm.linear	2	230864639	ARIC
SeqId_9524_46	SPATA31D4	Q6ZUB0	/data/Dutta_lab/aric/EA/SeqId_9524_46.PHENO1.glm.linear	9	81928514	ARIC
SeqId_9525_1	PTK7	Q13308	/data/Dutta_lab/aric/EA/SeqId_9525_1.PHENO1.glm.linear	6	43076307	ARIC
SeqId_9526_3	CLPSL1	A2RUU4	/data/Dutta_lab/aric/EA/SeqId_9526_3.PHENO1.glm.linear	6	35781019	ARIC
SeqId_9531_24	LST1	O00453	/data/Dutta_lab/aric/EA/SeqId_9531_24.PHENO1.glm.linear	6	31586124	ARIC
SeqId_9532_5	WBP1L	Q9NX94	/data/Dutta_lab/aric/EA/SeqId_9532_5.PHENO1.glm.linear	10	102743948	ARIC
SeqId_9536_16	EDDM3A	Q14507	/data/Dutta_lab/aric/EA/SeqId_9536_16.PHENO1.glm.linear	14	20745887	ARIC
SeqId_9541_15	B3GALT1	Q9Y5Z6	/data/Dutta_lab/aric/EA/SeqId_9541_15.PHENO1.glm.linear	2	167868948	ARIC
SeqId_9543_131	COG8	Q96MW5	/data/Dutta_lab/aric/EA/SeqId_9543_131.PHENO1.glm.linear	16	69328666	ARIC
SeqId_9544_24	C7orf69	Q9H7B7	/data/Dutta_lab/aric/EA/SeqId_9544_24.PHENO1.glm.linear	7	47795291	ARIC
SeqId_9545_156	GZMK	P49863	/data/Dutta_lab/aric/EA/SeqId_9545_156.PHENO1.glm.linear	5	55024256	ARIC
SeqId_9547_29	EMID1	Q96A84	/data/Dutta_lab/aric/EA/SeqId_9547_29.PHENO1.glm.linear	22	29205896	ARIC
SeqId_9550_153	TTC17	Q96AE7	/data/Dutta_lab/aric/EA/SeqId_9550_153.PHENO1.glm.linear	11	43358920	ARIC
SeqId_9557_5	MANSC1	Q9H8J5	/data/Dutta_lab/aric/EA/SeqId_9557_5.PHENO1.glm.linear	12	12338674	ARIC
SeqId_9561_21	VCAN	P13611	/data/Dutta_lab/aric/EA/SeqId_9561_21.PHENO1.glm.linear	5	83471618	ARIC
SeqId_9565_6	PAWR	Q96IZ0	/data/Dutta_lab/aric/EA/SeqId_9565_6.PHENO1.glm.linear	12	79596534	ARIC
SeqId_9568_289	FCAMR	Q8WWV6	/data/Dutta_lab/aric/EA/SeqId_9568_289.PHENO1.glm.linear	1	206960835	ARIC
SeqId_9573_108	TXNDC11	Q6PKC3	/data/Dutta_lab/aric/EA/SeqId_9573_108.PHENO1.glm.linear	16	11688568	ARIC
SeqId_9574_11	BIN1	O00499	/data/Dutta_lab/aric/EA/SeqId_9574_11.PHENO1.glm.linear	2	127056491	ARIC
SeqId_9576_58	MNX1	P50219	/data/Dutta_lab/aric/EA/SeqId_9576_58.PHENO1.glm.linear	7	157009075	ARIC
SeqId_9577_26	SYT2	Q8N9I0	/data/Dutta_lab/aric/EA/SeqId_9577_26.PHENO1.glm.linear	1	202643453	ARIC
SeqId_9578_263	MANSC4	A6NHS7	/data/Dutta_lab/aric/EA/SeqId_9578_263.PHENO1.glm.linear	12	27771276	ARIC
SeqId_9579_59	PRRG4	Q9BZD6	/data/Dutta_lab/aric/EA/SeqId_9579_59.PHENO1.glm.linear	11	32829927	ARIC
SeqId_9580_5	LAMC2	Q13753	/data/Dutta_lab/aric/EA/SeqId_9580_5.PHENO1.glm.linear	1	183186238	ARIC
SeqId_9581_4	PRPF6	O94906	/data/Dutta_lab/aric/EA/SeqId_9581_4.PHENO1.glm.linear	20	63981132	ARIC
SeqId_9582_93	SUSD1	Q6UWL2	/data/Dutta_lab/aric/EA/SeqId_9582_93.PHENO1.glm.linear	9	112058471	ARIC
SeqId_9583_17	RNF24	Q9Y225	/data/Dutta_lab/aric/EA/SeqId_9583_17.PHENO1.glm.linear	20	3974387	ARIC
SeqId_9585_80	CLMP	Q9H6B4	/data/Dutta_lab/aric/EA/SeqId_9585_80.PHENO1.glm.linear	11	123083736	ARIC
SeqId_9590_10	COX7A2L	O14548	/data/Dutta_lab/aric/EA/SeqId_9590_10.PHENO1.glm.linear	2	42360038	ARIC
SeqId_9594_30	SLC30A5	Q8TAD4	/data/Dutta_lab/aric/EA/SeqId_9594_30.PHENO1.glm.linear	5	69093949	ARIC
SeqId_9595_11	B4GALT2	O60909	/data/Dutta_lab/aric/EA/SeqId_9595_11.PHENO1.glm.linear	1	43978943	ARIC
SeqId_9598_23	CSMD1	Q96PZ7	/data/Dutta_lab/aric/EA/SeqId_9598_23.PHENO1.glm.linear	8	3043788	ARIC
SeqId_9599_6	PIANP	Q8IYJ0	/data/Dutta_lab/aric/EA/SeqId_9599_6.PHENO1.glm.linear	12	6698306	ARIC
SeqId_9600_55	THSD7A	Q9UPZ6	/data/Dutta_lab/aric/EA/SeqId_9600_55.PHENO1.glm.linear	7	11379755	ARIC
SeqId_9606_4	NUP210L	Q5VU65	/data/Dutta_lab/aric/EA/SeqId_9606_4.PHENO1.glm.linear	1	154056866	ARIC
SeqId_9607_39	PRR27	Q6MZM9	/data/Dutta_lab/aric/EA/SeqId_9607_39.PHENO1.glm.linear	4	70133616	ARIC
SeqId_9638_2	TIGIT	Q495A1	/data/Dutta_lab/aric/EA/SeqId_9638_2.PHENO1.glm.linear	3	114276913	ARIC
SeqId_9713_67	PDGFRL	Q15198	/data/Dutta_lab/aric/EA/SeqId_9713_67.PHENO1.glm.linear	8	17576433	ARIC
SeqId_9715_15	IGSF3	O75054	/data/Dutta_lab/aric/EA/SeqId_9715_15.PHENO1.glm.linear	1	116646945	ARIC
SeqId_9719_145	MMP16	P51512	/data/Dutta_lab/aric/EA/SeqId_9719_145.PHENO1.glm.linear	8	88327206	ARIC
SeqId_9723_105	MMRN2	Q9H8L6	/data/Dutta_lab/aric/EA/SeqId_9723_105.PHENO1.glm.linear	10	86944571	ARIC
SeqId_9728_4	CCNB1IP1	Q9NPC3	/data/Dutta_lab/aric/EA/SeqId_9728_4.PHENO1.glm.linear	14	20316265	ARIC
SeqId_9730_22	GHDC	Q8N2G8	/data/Dutta_lab/aric/EA/SeqId_9730_22.PHENO1.glm.linear	17	42191070	ARIC
SeqId_9735_44	CD96	P40200	/data/Dutta_lab/aric/EA/SeqId_9735_44.PHENO1.glm.linear	3	111292719	ARIC
SeqId_9738_7	FAF2	Q96CS3	/data/Dutta_lab/aric/EA/SeqId_9738_7.PHENO1.glm.linear	5	176447628	ARIC
SeqId_9739_4	MSH2	P43246	/data/Dutta_lab/aric/EA/SeqId_9739_4.PHENO1.glm.linear	2	47403067	ARIC
SeqId_9742_59	DDX39B	Q13838	/data/Dutta_lab/aric/EA/SeqId_9742_59.PHENO1.glm.linear	6	31530935	ARIC
SeqId_9744_139	DNAJA4	Q8WW22	/data/Dutta_lab/aric/EA/SeqId_9744_139.PHENO1.glm.linear	15	78264086	ARIC
SeqId_9745_20	EIF4E2	O60573	/data/Dutta_lab/aric/EA/SeqId_9745_20.PHENO1.glm.linear	2	232550674	ARIC
SeqId_9747_48	MARK3	P27448	/data/Dutta_lab/aric/EA/SeqId_9747_48.PHENO1.glm.linear	14	103385392	ARIC
SeqId_9748_31	GSTM3	P21266	/data/Dutta_lab/aric/EA/SeqId_9748_31.PHENO1.glm.linear	1	109738143	ARIC
SeqId_9751_72	YBX1	P67809	/data/Dutta_lab/aric/EA/SeqId_9751_72.PHENO1.glm.linear	1	42682418	ARIC
SeqId_9753_17	EZR	P15311	/data/Dutta_lab/aric/EA/SeqId_9753_17.PHENO1.glm.linear	6	158789474	ARIC
SeqId_9754_33	NQO2	P16083	/data/Dutta_lab/aric/EA/SeqId_9754_33.PHENO1.glm.linear	6	2987987	ARIC
SeqId_9757_29	ENAH	Q8N8S7	/data/Dutta_lab/aric/EA/SeqId_9757_29.PHENO1.glm.linear	1	225501256	ARIC
SeqId_9759_13	IDO1	P14902	/data/Dutta_lab/aric/EA/SeqId_9759_13.PHENO1.glm.linear	8	39902275	ARIC
SeqId_9762_14	VASP	P50552	/data/Dutta_lab/aric/EA/SeqId_9762_14.PHENO1.glm.linear	19	45506579	ARIC
SeqId_9764_79	HNRNPF	P52597	/data/Dutta_lab/aric/EA/SeqId_9764_79.PHENO1.glm.linear	10	43396817	ARIC
SeqId_9765_4	NDE1	Q9NXR1	/data/Dutta_lab/aric/EA/SeqId_9765_4.PHENO1.glm.linear	16	15643267	ARIC
SeqId_9769_48	DNER	Q8NFT8	/data/Dutta_lab/aric/EA/SeqId_9769_48.PHENO1.glm.linear	2	229587177	ARIC
SeqId_9772_153	NLGN2	Q8NFZ4	/data/Dutta_lab/aric/EA/SeqId_9772_153.PHENO1.glm.linear	17	7404874	ARIC
SeqId_9773_15	RNF149	Q8NC42	/data/Dutta_lab/aric/EA/SeqId_9773_15.PHENO1.glm.linear	2	101272936	ARIC
SeqId_9774_59	RNF150	Q9ULK6	/data/Dutta_lab/aric/EA/SeqId_9774_59.PHENO1.glm.linear	4	140967870	ARIC
SeqId_9778_45	TMEM52B	Q4KMG9	/data/Dutta_lab/aric/EA/SeqId_9778_45.PHENO1.glm.linear	12	10170542	ARIC
SeqId_9779_63	HERPUD2	Q9BSE4	/data/Dutta_lab/aric/EA/SeqId_9779_63.PHENO1.glm.linear	7	35668579	ARIC
SeqId_9783_75	DNAJC11	Q9NVH1	/data/Dutta_lab/aric/EA/SeqId_9783_75.PHENO1.glm.linear	1	6645057	ARIC
SeqId_9786_310	IER3	P46695	/data/Dutta_lab/aric/EA/SeqId_9786_310.PHENO1.glm.linear	6	30744547	ARIC
SeqId_9789_52	SYNE2	Q8WXH0	/data/Dutta_lab/aric/EA/SeqId_9789_52.PHENO1.glm.linear	14	63761899	ARIC
SeqId_9790_28	BRSK2	Q8IWQ3	/data/Dutta_lab/aric/EA/SeqId_9790_28.PHENO1.glm.linear	11	1389899	ARIC
SeqId_9793_145	IGDCC4	Q8TDY8	/data/Dutta_lab/aric/EA/SeqId_9793_145.PHENO1.glm.linear	15	65385770	ARIC
SeqId_9794_17	ADCK4	Q96D53	/data/Dutta_lab/aric/EA/SeqId_9794_17.PHENO1.glm.linear	19	40701459	ARIC
SeqId_9796_4	CEL	P19835	/data/Dutta_lab/aric/EA/SeqId_9796_4.PHENO1.glm.linear	9	133061978	ARIC
SeqId_9800_20	NDUFB8	O95169	/data/Dutta_lab/aric/EA/SeqId_9800_20.PHENO1.glm.linear	10	100526598	ARIC
SeqId_9802_27	PNPLA2	Q96AD5	/data/Dutta_lab/aric/EA/SeqId_9802_27.PHENO1.glm.linear	11	818914	ARIC
SeqId_9805_51	SEMA4B	Q9NPR2	/data/Dutta_lab/aric/EA/SeqId_9805_51.PHENO1.glm.linear	15	90160604	ARIC
SeqId_9808_41	TNRC6B	Q9UPQ9	/data/Dutta_lab/aric/EA/SeqId_9808_41.PHENO1.glm.linear	22	40044817	ARIC
SeqId_9815_5	ARHGAP1	Q07960	/data/Dutta_lab/aric/EA/SeqId_9815_5.PHENO1.glm.linear	11	46681516	ARIC
SeqId_9816_37	ISOC1	Q96CN7	/data/Dutta_lab/aric/EA/SeqId_9816_37.PHENO1.glm.linear	5	129094749	ARIC
SeqId_9823_2	DHFR	P00374	/data/Dutta_lab/aric/EA/SeqId_9823_2.PHENO1.glm.linear	5	80654035	ARIC
SeqId_9826_135	FHIT	P49789	/data/Dutta_lab/aric/EA/SeqId_9826_135.PHENO1.glm.linear	3	60014150	ARIC
SeqId_9828_86	LDHC	P07864	/data/Dutta_lab/aric/EA/SeqId_9828_86.PHENO1.glm.linear	11	18412318	ARIC
SeqId_9829_91	SULT2A1	Q06520	/data/Dutta_lab/aric/EA/SeqId_9829_91.PHENO1.glm.linear	19	47886315	ARIC
SeqId_9830_109	VAV3	Q9UKW4	/data/Dutta_lab/aric/EA/SeqId_9830_109.PHENO1.glm.linear	1	107673649	ARIC
SeqId_9831_12	G3BP2	Q9UN86	/data/Dutta_lab/aric/EA/SeqId_9831_12.PHENO1.glm.linear	4	75649102	ARIC
SeqId_9832_33	HGD	Q93099	/data/Dutta_lab/aric/EA/SeqId_9832_33.PHENO1.glm.linear	3	120641807	ARIC
SeqId_9834_62	ADH1B	P00325	/data/Dutta_lab/aric/EA/SeqId_9834_62.PHENO1.glm.linear	4	99318867	ARIC
SeqId_9835_16	ALDH1A3	P47895	/data/Dutta_lab/aric/EA/SeqId_9835_16.PHENO1.glm.linear	15	100877714	ARIC
SeqId_9836_20	DCK	P27707	/data/Dutta_lab/aric/EA/SeqId_9836_20.PHENO1.glm.linear	4	70992538	ARIC
SeqId_9837_60	NQO1	P15559	/data/Dutta_lab/aric/EA/SeqId_9837_60.PHENO1.glm.linear	16	69726506	ARIC
SeqId_9838_4	SMAD1	Q15797	/data/Dutta_lab/aric/EA/SeqId_9838_4.PHENO1.glm.linear	4	145481194	ARIC
SeqId_9839_148	TIRAP	P58753	/data/Dutta_lab/aric/EA/SeqId_9839_148.PHENO1.glm.linear	11	126283065	ARIC
SeqId_9840_2	CDC42	P60953	/data/Dutta_lab/aric/EA/SeqId_9840_2.PHENO1.glm.linear	1	22025511	ARIC
SeqId_9842_2	CTNNB1	P35222	/data/Dutta_lab/aric/EA/SeqId_9842_2.PHENO1.glm.linear	3	41194741	ARIC
SeqId_9843_5	ACTN1	P12814	/data/Dutta_lab/aric/EA/SeqId_9843_5.PHENO1.glm.linear	14	68879022	ARIC
SeqId_9844_138	ACTN2	P35609	/data/Dutta_lab/aric/EA/SeqId_9844_138.PHENO1.glm.linear	1	236664141	ARIC
SeqId_9846_32	ARHGDIB	P52566	/data/Dutta_lab/aric/EA/SeqId_9846_32.PHENO1.glm.linear	12	14948896	ARIC
SeqId_9847_21	TGIF2	Q9GZN2	/data/Dutta_lab/aric/EA/SeqId_9847_21.PHENO1.glm.linear	20	36573488	ARIC
SeqId_9848_22	CCNH	P51946	/data/Dutta_lab/aric/EA/SeqId_9848_22.PHENO1.glm.linear	5	87377180	ARIC
SeqId_9849_13	APEX1	P27695	/data/Dutta_lab/aric/EA/SeqId_9849_13.PHENO1.glm.linear	14	20455191	ARIC
SeqId_9853_3	IFIT2	P09913	/data/Dutta_lab/aric/EA/SeqId_9853_3.PHENO1.glm.linear	10	89283694	ARIC
SeqId_9855_10	RHOA	P61586	/data/Dutta_lab/aric/EA/SeqId_9855_10.PHENO1.glm.linear	3	49411928	ARIC
SeqId_9863_1	TPM4	P67936	/data/Dutta_lab/aric/EA/SeqId_9863_1.PHENO1.glm.linear	19	16067021	ARIC
SeqId_9864_38	TTC1	Q99614	/data/Dutta_lab/aric/EA/SeqId_9864_38.PHENO1.glm.linear	5	160009113	ARIC
SeqId_9865_40	UBE2B	P63146	/data/Dutta_lab/aric/EA/SeqId_9865_40.PHENO1.glm.linear	5	134371469	ARIC
SeqId_9867_23	FBP2	O00757	/data/Dutta_lab/aric/EA/SeqId_9867_23.PHENO1.glm.linear	9	94593824	ARIC
SeqId_9869_28	NFKB1	P19838	/data/Dutta_lab/aric/EA/SeqId_9869_28.PHENO1.glm.linear	4	102501331	ARIC
SeqId_9870_17	WARS	P23381	/data/Dutta_lab/aric/EA/SeqId_9870_17.PHENO1.glm.linear	14	100342534	ARIC
SeqId_9872_23	CTNNA2	P26232	/data/Dutta_lab/aric/EA/SeqId_9872_23.PHENO1.glm.linear	2	79185231	ARIC
SeqId_9873_17	ESRRA	P11474	/data/Dutta_lab/aric/EA/SeqId_9873_17.PHENO1.glm.linear	11	64305497	ARIC
SeqId_9874_28	CDKN2B	P42772	/data/Dutta_lab/aric/EA/SeqId_9874_28.PHENO1.glm.linear	9	22006271	ARIC
SeqId_9875_107	THOC1	Q96FV9	/data/Dutta_lab/aric/EA/SeqId_9875_107.PHENO1.glm.linear	18	215778	ARIC
SeqId_9876_20	ALDOC	P09972	/data/Dutta_lab/aric/EA/SeqId_9876_20.PHENO1.glm.linear	17	28575914	ARIC
SeqId_9877_28	CRKL	P46109	/data/Dutta_lab/aric/EA/SeqId_9877_28.PHENO1.glm.linear	22	20917407	ARIC
SeqId_9880_33	TDO2	P48775	/data/Dutta_lab/aric/EA/SeqId_9880_33.PHENO1.glm.linear	4	155854738	ARIC
SeqId_9883_29	GLO1	Q04760	/data/Dutta_lab/aric/EA/SeqId_9883_29.PHENO1.glm.linear	6	38683215	ARIC
SeqId_9884_8	PPIL1	Q9Y3C6	/data/Dutta_lab/aric/EA/SeqId_9884_8.PHENO1.glm.linear	6	36858635	ARIC
SeqId_9885_41	RAP2A	P10114	/data/Dutta_lab/aric/EA/SeqId_9885_41.PHENO1.glm.linear	13	97434169	ARIC
SeqId_9886_28	XRCC4	Q13426	/data/Dutta_lab/aric/EA/SeqId_9886_28.PHENO1.glm.linear	5	83077498	ARIC
SeqId_9887_40	RBBP6	Q7Z6E9	/data/Dutta_lab/aric/EA/SeqId_9887_40.PHENO1.glm.linear	16	24537693	ARIC
SeqId_9889_42	AFAP1L1	Q8TED9	/data/Dutta_lab/aric/EA/SeqId_9889_42.PHENO1.glm.linear	5	149271859	ARIC
SeqId_9893_27	OAZ1	P54368	/data/Dutta_lab/aric/EA/SeqId_9893_27.PHENO1.glm.linear	19	2269509	ARIC
SeqId_9894_13	MYO6	Q9UM54	/data/Dutta_lab/aric/EA/SeqId_9894_13.PHENO1.glm.linear	6	75749192	ARIC
SeqId_9895_77	ERCC4	Q92889	/data/Dutta_lab/aric/EA/SeqId_9895_77.PHENO1.glm.linear	16	13920154	ARIC
SeqId_9897_9	MCM6	Q14566	/data/Dutta_lab/aric/EA/SeqId_9897_9.PHENO1.glm.linear	2	135851945	ARIC
SeqId_9898_161	ARID1A	O14497	/data/Dutta_lab/aric/EA/SeqId_9898_161.PHENO1.glm.linear	1	26693236	ARIC
SeqId_9899_28	KIF1C	O43896	/data/Dutta_lab/aric/EA/SeqId_9899_28.PHENO1.glm.linear	17	4997950	ARIC
SeqId_9900_36	NEFH	P12036	/data/Dutta_lab/aric/EA/SeqId_9900_36.PHENO1.glm.linear	22	29480218	ARIC
SeqId_9901_28	EGLN1	Q9GZT9	/data/Dutta_lab/aric/EA/SeqId_9901_28.PHENO1.glm.linear	1	231374090	ARIC
SeqId_9906_21	SPOCK3	Q9BQ16	/data/Dutta_lab/aric/EA/SeqId_9906_21.PHENO1.glm.linear	4	167102557	ARIC
SeqId_9907_216	TNKS	O95271	/data/Dutta_lab/aric/EA/SeqId_9907_216.PHENO1.glm.linear	8	9555912	ARIC
SeqId_9910_9	MTAP	Q13126	/data/Dutta_lab/aric/EA/SeqId_9910_9.PHENO1.glm.linear	9	21802636	ARIC
SeqId_9913_4	RRBP1	Q9P2E9	/data/Dutta_lab/aric/EA/SeqId_9913_4.PHENO1.glm.linear	20	17619817	ARIC
SeqId_9918_23	CALB1	P05937	/data/Dutta_lab/aric/EA/SeqId_9918_23.PHENO1.glm.linear	8	90061312	ARIC
SeqId_9923_6	SOS1	Q07889	/data/Dutta_lab/aric/EA/SeqId_9923_6.PHENO1.glm.linear	2	38987725	ARIC
SeqId_9925_56	SCARF2	Q96GP6	/data/Dutta_lab/aric/EA/SeqId_9925_56.PHENO1.glm.linear	22	20429926	ARIC
SeqId_9926_4	S100P	P25815	/data/Dutta_lab/aric/EA/SeqId_9926_4.PHENO1.glm.linear	4	6693878	ARIC
SeqId_9927_96	TNS4	Q8IZW8	/data/Dutta_lab/aric/EA/SeqId_9927_96.PHENO1.glm.linear	17	40478648	ARIC
SeqId_9928_125	LECT1	O75829	/data/Dutta_lab/aric/EA/SeqId_9928_125.PHENO1.glm.linear	13	52739352	ARIC
SeqId_9929_16	HSD17B7	P56937	/data/Dutta_lab/aric/EA/SeqId_9929_16.PHENO1.glm.linear	1	162790702	ARIC
SeqId_9930_48	GABBR2	O75899	/data/Dutta_lab/aric/EA/SeqId_9930_48.PHENO1.glm.linear	9	98303334	ARIC
SeqId_9931_20	KRT1	P04264	/data/Dutta_lab/aric/EA/SeqId_9931_20.PHENO1.glm.linear	12	52677517	ARIC
SeqId_9932_49	SEMA4F	O95754	/data/Dutta_lab/aric/EA/SeqId_9932_49.PHENO1.glm.linear	2	74654228	ARIC
SeqId_9934_29	PITPNA	Q00169	/data/Dutta_lab/aric/EA/SeqId_9934_29.PHENO1.glm.linear	17	1541599	ARIC
SeqId_9936_27	LNX1	Q8TBB1	/data/Dutta_lab/aric/EA/SeqId_9936_27.PHENO1.glm.linear	4	53508383	ARIC
SeqId_9937_7	GJA1	P17302	/data/Dutta_lab/aric/EA/SeqId_9937_7.PHENO1.glm.linear	6	121435595	ARIC
SeqId_9940_35	DUSP28	Q4G0W2	/data/Dutta_lab/aric/EA/SeqId_9940_35.PHENO1.glm.linear	2	240560054	ARIC
SeqId_9941_70	PCDHB1	Q9Y5F3	/data/Dutta_lab/aric/EA/SeqId_9941_70.PHENO1.glm.linear	5	141051135	ARIC
SeqId_9942_2	NXT1	Q9UKK6	/data/Dutta_lab/aric/EA/SeqId_9942_2.PHENO1.glm.linear	20	23350791	ARIC
SeqId_9947_22	TOPBP1	Q92547	/data/Dutta_lab/aric/EA/SeqId_9947_22.PHENO1.glm.linear	3	133608696	ARIC
SeqId_9950_229	LAG3	P18627	/data/Dutta_lab/aric/EA/SeqId_9950_229.PHENO1.glm.linear	12	6772512	ARIC
SeqId_9951_36	FBXL4	Q9UKA2	/data/Dutta_lab/aric/EA/SeqId_9951_36.PHENO1.glm.linear	6	98947946	ARIC
SeqId_9952_57	TFAM	Q00059	/data/Dutta_lab/aric/EA/SeqId_9952_57.PHENO1.glm.linear	10	58385345	ARIC
SeqId_9954_2	NPIPB3	Q92617	/data/Dutta_lab/aric/EA/SeqId_9954_2.PHENO1.glm.linear	16	21405319	ARIC
SeqId_9955_40	RNF148	Q8N7C7	/data/Dutta_lab/aric/EA/SeqId_9955_40.PHENO1.glm.linear	7	122702912	ARIC
SeqId_9956_7	ADAM15	Q13444	/data/Dutta_lab/aric/EA/SeqId_9956_7.PHENO1.glm.linear	1	155050566	ARIC
SeqId_9957_9	RNF114	Q9Y508	/data/Dutta_lab/aric/EA/SeqId_9957_9.PHENO1.glm.linear	20	49936336	ARIC
SeqId_9959_60	TMEM59L	Q9UK28	/data/Dutta_lab/aric/EA/SeqId_9959_60.PHENO1.glm.linear	19	18607430	ARIC
SeqId_9960_2	TBC1D5	Q92609	/data/Dutta_lab/aric/EA/SeqId_9960_2.PHENO1.glm.linear	3	17372134	ARIC
SeqId_9962_1	CDHR5	Q9HBB8	/data/Dutta_lab/aric/EA/SeqId_9962_1.PHENO1.glm.linear	11	621137	ARIC
SeqId_9963_19	PCDHB10	Q9UN67	/data/Dutta_lab/aric/EA/SeqId_9963_19.PHENO1.glm.linear	5	141192353	ARIC
SeqId_9964_10	MYZAP	P0CAP1	/data/Dutta_lab/aric/EA/SeqId_9964_10.PHENO1.glm.linear	15	57591904	ARIC
SeqId_9969_8	SLC22A16	Q86VW1	/data/Dutta_lab/aric/EA/SeqId_9969_8.PHENO1.glm.linear	6	110425382	ARIC
SeqId_9970_7	UBXN4	Q92575	/data/Dutta_lab/aric/EA/SeqId_9970_7.PHENO1.glm.linear	2	135741734	ARIC
SeqId_9971_5	CSMD2	Q7Z408	/data/Dutta_lab/aric/EA/SeqId_9971_5.PHENO1.glm.linear	1	33572590	ARIC
SeqId_9974_8	DLL3	Q9NYJ7	/data/Dutta_lab/aric/EA/SeqId_9974_8.PHENO1.glm.linear	19	39498895	ARIC
SeqId_9979_13	AMIGO1	Q86WK6	/data/Dutta_lab/aric/EA/SeqId_9979_13.PHENO1.glm.linear	1	109509727	ARIC
SeqId_9981_18	KIAA1467	A2RU67	/data/Dutta_lab/aric/EA/SeqId_9981_18.PHENO1.glm.linear	12	13044381	ARIC
SeqId_9983_97	PRSS35	Q8N3Z0	/data/Dutta_lab/aric/EA/SeqId_9983_97.PHENO1.glm.linear	6	83512534	ARIC
SeqId_9986_14	NPW	Q8N729	/data/Dutta_lab/aric/EA/SeqId_9986_14.PHENO1.glm.linear	16	2009926	ARIC
SeqId_9989_12	LRRC24	Q50LG9	/data/Dutta_lab/aric/EA/SeqId_9989_12.PHENO1.glm.linear	8	144527032	ARIC
SeqId_9993_11	ZNF264	O43296	/data/Dutta_lab/aric/EA/SeqId_9993_11.PHENO1.glm.linear	19	57191500	ARIC
SeqId_9994_217	ATP4B	P51164	/data/Dutta_lab/aric/EA/SeqId_9994_217.PHENO1.glm.linear	13	113658198	ARIC
SeqId_9995_6	DUT	P33316	/data/Dutta_lab/aric/EA/SeqId_9995_6.PHENO1.glm.linear	15	48331011	ARIC
SeqId_9997_12	UBXN4	Q92575	/data/Dutta_lab/aric/EA/SeqId_9997_12.PHENO1.glm.linear	2	135741734	ARIC
SeqId_9999_1	IRF6	O14896	/data/Dutta_lab/aric/EA/SeqId_9999_1.PHENO1.glm.linear	1	209792714	ARIC
