cell	scenario	replicate	seed	target_rho	reference_rho	analysis_samples	reference_samples	blocks	variants_per_block	binary_sha256	realized_causal_pair_ld	factor_nA	factor_nB	factor_cross_set_max_r2	factor_beta1	factor_beta2	factor_conjunction_p	factor_min_log_BF	factor_log_e_mediation	factor_log_BF_heterogeneity_MY	regional_PP_shared	regional_PP_distinct	regional_independent_shared_signals	mediation_identifiability	factor_two_stage_status	factor_mediation_status	factor_frequentist_status	factor_ebh_status
matched_high	distinct_ld	1	21360905	0.9	0.9	4000	1000	3	10	bd39c66663ca3d7b993ad4964f89344cff765be17d351df0153875c91cbbe193	0.7148255152663016	6.0	3.0	0.0	0.728673	nan	0.395561	1.057871	-0.528074	-0.30546	0.0	0.999984	0.0	LD_DISTINCT_SUPPORTED	NO_TWO_STAGE_BAYES_EVIDENCE	NO_TWO_STAGE_BAYES_EVIDENCE	NO_TWO_STAGE_FREQUENTIST_EVIDENCE	NOT_SELECTED_BY_EBH
matched_high	distinct_ld	2	21360906	0.9	0.9	4000	1000	3	10	bd39c66663ca3d7b993ad4964f89344cff765be17d351df0153875c91cbbe193	0.7091952166910724	6.0	3.0	0.0	0.777055	0.444428	0.665835	1.467138	-1.361612	-1.313869	0.0	0.999716	0.0	LD_DISTINCT_SUPPORTED	NO_TWO_STAGE_BAYES_EVIDENCE	NO_TWO_STAGE_BAYES_EVIDENCE	NO_TWO_STAGE_FREQUENTIST_EVIDENCE	NOT_SELECTED_BY_EBH
matched_high	distinct_ld	3	21360907	0.9	0.9	4000	1000	3	10	bd39c66663ca3d7b993ad4964f89344cff765be17d351df0153875c91cbbe193	0.7189956692930322	6.0	3.0	0.0	0.802987	nan	0.392399	1.140295	-0.512281	-0.411092	0.0	0.999161	0.0	LD_DISTINCT_SUPPORTED	NO_TWO_STAGE_BAYES_EVIDENCE	NO_TWO_STAGE_BAYES_EVIDENCE	NO_TWO_STAGE_FREQUENTIST_EVIDENCE	NOT_SELECTED_BY_EBH
matched_high	distinct_ld	4	21360908	0.9	0.9	4000	1000	3	10	bd39c66663ca3d7b993ad4964f89344cff765be17d351df0153875c91cbbe193	0.714262746653378	6.0	3.0	0.0	0.541455	0.315921	0.416929	1.627226	-1.206324	-1.432404	0.0	0.974247	0.0	LD_DISTINCT_SUPPORTED	NO_TWO_STAGE_BAYES_EVIDENCE	NO_TWO_STAGE_BAYES_EVIDENCE	NO_TWO_STAGE_FREQUENTIST_EVIDENCE	NOT_SELECTED_BY_EBH
matched_high	distinct_ld	5	21360909	0.9	0.9	4000	1000	3	10	bd39c66663ca3d7b993ad4964f89344cff765be17d351df0153875c91cbbe193	0.7110186589668878	6.0	3.0	0.0	0.876994	0.721674	0.376564	1.609495	-0.430355	-0.878846	0.0	1.0	0.0	LD_DISTINCT_SUPPORTED	NO_TWO_STAGE_BAYES_EVIDENCE	NO_TWO_STAGE_BAYES_EVIDENCE	NO_TWO_STAGE_FREQUENTIST_EVIDENCE	NOT_SELECTED_BY_EBH
matched_high	distinct_ld	6	21360910	0.9	0.9	4000	1000	3	10	bd39c66663ca3d7b993ad4964f89344cff765be17d351df0153875c91cbbe193	0.701700473817252	6.0	3.0	0.0	0.65658	0.564024	0.410298	1.033838	-0.599192	-0.365389	0.0	0.999509	0.0	LD_DISTINCT_SUPPORTED	NO_TWO_STAGE_BAYES_EVIDENCE	NO_TWO_STAGE_BAYES_EVIDENCE	NO_TWO_STAGE_FREQUENTIST_EVIDENCE	NOT_SELECTED_BY_EBH
matched_high	distinct_ld	7	21360911	0.9	0.9	4000	1000	3	10	bd39c66663ca3d7b993ad4964f89344cff765be17d351df0153875c91cbbe193	0.7107827519350759	6.0	3.0	0.0	0.853064	nan	0.702408	1.309232	-1.422602	-1.345837	4e-06	0.975415	0.0	LD_DISTINCT_SUPPORTED	NO_TWO_STAGE_BAYES_EVIDENCE	NO_TWO_STAGE_BAYES_EVIDENCE	NO_TWO_STAGE_FREQUENTIST_EVIDENCE	NOT_SELECTED_BY_EBH
matched_high	distinct_ld	8	21360912	0.9	0.9	4000	1000	3	10	bd39c66663ca3d7b993ad4964f89344cff765be17d351df0153875c91cbbe193	0.7071683106860371	6.0	3.0	0.0	0.747907	0.483281	0.65119	1.389582	-1.334675	-1.179695	0.0	0.997713	0.0	LD_DISTINCT_SUPPORTED	NO_TWO_STAGE_BAYES_EVIDENCE	NO_TWO_STAGE_BAYES_EVIDENCE	NO_TWO_STAGE_FREQUENTIST_EVIDENCE	NOT_SELECTED_BY_EBH
matched_high	distinct_ld	9	21360913	0.9	0.9	4000	1000	3	10	bd39c66663ca3d7b993ad4964f89344cff765be17d351df0153875c91cbbe193	0.7176291398288667	6.0	3.0	0.0	0.57782	nan	0.963868	0.986854	-1.71988	-0.457459	0.0	0.999111	0.0	LD_DISTINCT_SUPPORTED	NO_TWO_STAGE_BAYES_EVIDENCE	NO_TWO_STAGE_BAYES_EVIDENCE	NO_TWO_STAGE_FREQUENTIST_EVIDENCE	NOT_SELECTED_BY_EBH
matched_high	distinct_ld	10	21360914	0.9	0.9	4000	1000	3	10	bd39c66663ca3d7b993ad4964f89344cff765be17d351df0153875c91cbbe193	0.7086295758937111	6.0	3.0	0.0	0.7701	0.404159	0.35864	1.430181	-0.332148	-1.422503	0.0	0.997526	0.0	LD_DISTINCT_SUPPORTED	NO_TWO_STAGE_BAYES_EVIDENCE	NO_TWO_STAGE_BAYES_EVIDENCE	NO_TWO_STAGE_FREQUENTIST_EVIDENCE	NOT_SELECTED_BY_EBH
matched_high	distinct_ld	11	21360915	0.9	0.9	4000	1000	3	10	bd39c66663ca3d7b993ad4964f89344cff765be17d351df0153875c91cbbe193	0.7201413389060903	6.0	3.0	0.0	0.716749	nan	0.273788	1.299326	0.154393	-1.145927	0.0	0.999983	0.0	LD_DISTINCT_SUPPORTED	NO_TWO_STAGE_BAYES_EVIDENCE	NO_TWO_STAGE_BAYES_EVIDENCE	NO_TWO_STAGE_FREQUENTIST_EVIDENCE	NOT_SELECTED_BY_EBH
matched_high	distinct_ld	12	21360916	0.9	0.9	4000	1000	3	10	bd39c66663ca3d7b993ad4964f89344cff765be17d351df0153875c91cbbe193	0.7106158640870447	6.0	3.0	0.0	0.698541	0.391125	0.867757	1.377532	-1.600707	-1.124116	0.0	0.999145	0.0	LD_DISTINCT_SUPPORTED	NO_TWO_STAGE_BAYES_EVIDENCE	NO_TWO_STAGE_BAYES_EVIDENCE	NO_TWO_STAGE_FREQUENTIST_EVIDENCE	NOT_SELECTED_BY_EBH
matched_high	distinct_ld	13	21360917	0.9	0.9	4000	1000	3	10	bd39c66663ca3d7b993ad4964f89344cff765be17d351df0153875c91cbbe193	0.7078087539559362	6.0	3.0	0.0	0.727868	0.372593	0.338364	1.647992	-0.215187	-1.389617	3.5e-05	0.994849	0.0	LD_DISTINCT_SUPPORTED	NO_TWO_STAGE_BAYES_EVIDENCE	NO_TWO_STAGE_BAYES_EVIDENCE	NO_TWO_STAGE_FREQUENTIST_EVIDENCE	NOT_SELECTED_BY_EBH
matched_high	distinct_ld	14	21360918	0.9	0.9	4000	1000	3	10	bd39c66663ca3d7b993ad4964f89344cff765be17d351df0153875c91cbbe193	0.717972292141078	6.0	3.0	0.0	0.58164	0.493102	0.483817	1.596402	-0.897956	-1.405129	0.0	0.998353	0.0	LD_DISTINCT_SUPPORTED	NO_TWO_STAGE_BAYES_EVIDENCE	NO_TWO_STAGE_BAYES_EVIDENCE	NO_TWO_STAGE_FREQUENTIST_EVIDENCE	NOT_SELECTED_BY_EBH
matched_high	distinct_ld	15	21360919	0.9	0.9	4000	1000	3	10	bd39c66663ca3d7b993ad4964f89344cff765be17d351df0153875c91cbbe193	0.7090422005902651	6.0	3.0	0.0	0.611408	0.367252	0.773659	1.530819	-1.51781	-1.407287	0.0	0.999613	0.0	LD_DISTINCT_SUPPORTED	NO_TWO_STAGE_BAYES_EVIDENCE	NO_TWO_STAGE_BAYES_EVIDENCE	NO_TWO_STAGE_FREQUENTIST_EVIDENCE	NOT_SELECTED_BY_EBH
matched_high	distinct_ld	16	21360920	0.9	0.9	4000	1000	3	10	bd39c66663ca3d7b993ad4964f89344cff765be17d351df0153875c91cbbe193	0.705671892250221	6.0	3.0	0.0	0.480234	0.286648	0.825927	1.155712	-1.569558	-1.533655	0.0	0.984942	0.0	LD_DISTINCT_SUPPORTED	NO_TWO_STAGE_BAYES_EVIDENCE	NO_TWO_STAGE_BAYES_EVIDENCE	NO_TWO_STAGE_FREQUENTIST_EVIDENCE	NOT_SELECTED_BY_EBH
matched_high	distinct_ld	17	21360921	0.9	0.9	4000	1000	3	10	bd39c66663ca3d7b993ad4964f89344cff765be17d351df0153875c91cbbe193	0.7228825366819011	6.0	3.0	0.0	0.68523	0.423917	0.622564	1.378923	-1.277579	-1.054484	1e-06	0.912563	0.0	LD_DISTINCT_SUPPORTED	NO_TWO_STAGE_BAYES_EVIDENCE	NO_TWO_STAGE_BAYES_EVIDENCE	NO_TWO_STAGE_FREQUENTIST_EVIDENCE	NOT_SELECTED_BY_EBH
matched_high	distinct_ld	18	21360922	0.9	0.9	4000	1000	3	10	bd39c66663ca3d7b993ad4964f89344cff765be17d351df0153875c91cbbe193	0.7171942088279891	6.0	3.0	0.0	0.670558	0.362177	0.900167	1.481789	-1.618813	-1.324745	1e-06	0.899868	0.0	LD_DISTINCT_SUPPORTED	NO_TWO_STAGE_BAYES_EVIDENCE	NO_TWO_STAGE_BAYES_EVIDENCE	NO_TWO_STAGE_FREQUENTIST_EVIDENCE	NOT_SELECTED_BY_EBH
matched_high	distinct_ld	19	21360923	0.9	0.9	4000	1000	3	10	bd39c66663ca3d7b993ad4964f89344cff765be17d351df0153875c91cbbe193	0.708652682823916	6.0	3.0	0.0	0.72097	0.057614	0.896492	0.929867	-1.708407	-0.698875	1e-06	0.894769	0.0	LD_DISTINCT_SUPPORTED	NO_TWO_STAGE_BAYES_EVIDENCE	NO_TWO_STAGE_BAYES_EVIDENCE	NO_TWO_STAGE_FREQUENTIST_EVIDENCE	NOT_SELECTED_BY_EBH
matched_high	distinct_ld	20	21360924	0.9	0.9	4000	1000	3	10	bd39c66663ca3d7b993ad4964f89344cff765be17d351df0153875c91cbbe193	0.7253802897940579	6.0	3.0	0.0	0.81182	0.396766	0.080228	1.711523	0.926118	-1.497446	2e-06	0.889864	0.0	LD_DISTINCT_SUPPORTED	NO_TWO_STAGE_BAYES_EVIDENCE	NO_TWO_STAGE_BAYES_EVIDENCE	NO_TWO_STAGE_FREQUENTIST_EVIDENCE	NOT_SELECTED_BY_EBH
matched_high	distinct_ld	21	21360925	0.9	0.9	4000	1000	3	10	bd39c66663ca3d7b993ad4964f89344cff765be17d351df0153875c91cbbe193	0.7048378909574496	6.0	3.0	0.0	1.16393	0.430921	0.561867	1.016104	-1.134863	-0.715229	2e-06	0.934459	0.0	LD_DISTINCT_SUPPORTED	NO_TWO_STAGE_BAYES_EVIDENCE	NO_TWO_STAGE_BAYES_EVIDENCE	NO_TWO_STAGE_FREQUENTIST_EVIDENCE	NOT_SELECTED_BY_EBH
matched_high	distinct_ld	22	21360926	0.9	0.9	4000	1000	3	10	bd39c66663ca3d7b993ad4964f89344cff765be17d351df0153875c91cbbe193	0.7031143996578165	6.0	3.0	0.0	0.832232	0.318459	0.839658	1.287674	-1.580766	-1.164663	0.0	0.999882	0.0	LD_DISTINCT_SUPPORTED	NO_TWO_STAGE_BAYES_EVIDENCE	NO_TWO_STAGE_BAYES_EVIDENCE	NO_TWO_STAGE_FREQUENTIST_EVIDENCE	NOT_SELECTED_BY_EBH
matched_high	distinct_ld	23	21360927	0.9	0.9	4000	1000	3	10	bd39c66663ca3d7b993ad4964f89344cff765be17d351df0153875c91cbbe193	0.7097753326233448	6.0	3.0	0.0	0.757335	0.231006	0.806491	0.917971	-1.552017	-0.488082	2e-06	0.869351	0.0	LD_DISTINCT_SUPPORTED	NO_TWO_STAGE_BAYES_EVIDENCE	NO_TWO_STAGE_BAYES_EVIDENCE	NO_TWO_STAGE_FREQUENTIST_EVIDENCE	NOT_SELECTED_BY_EBH
matched_high	distinct_ld	24	21360928	0.9	0.9	4000	1000	3	10	bd39c66663ca3d7b993ad4964f89344cff765be17d351df0153875c91cbbe193	0.7185319784975516	6.0	3.0	0.0	0.817163	0.247181	0.987279	1.142607	-1.642222	-0.864459	0.0	0.999327	0.0	LD_DISTINCT_SUPPORTED	NO_TWO_STAGE_BAYES_EVIDENCE	NO_TWO_STAGE_BAYES_EVIDENCE	NO_TWO_STAGE_FREQUENTIST_EVIDENCE	NOT_SELECTED_BY_EBH
matched_high	distinct_ld	25	21360929	0.9	0.9	4000	1000	3	10	bd39c66663ca3d7b993ad4964f89344cff765be17d351df0153875c91cbbe193	0.7091030063328252	6.0	3.0	0.0	0.761853	nan	0.938872	1.373311	-1.633712	-1.279164	1e-06	0.907151	0.0	LD_DISTINCT_SUPPORTED	NO_TWO_STAGE_BAYES_EVIDENCE	NO_TWO_STAGE_BAYES_EVIDENCE	NO_TWO_STAGE_FREQUENTIST_EVIDENCE	NOT_SELECTED_BY_EBH
matched_high	distinct_ld	26	21360930	0.9	0.9	4000	1000	3	10	bd39c66663ca3d7b993ad4964f89344cff765be17d351df0153875c91cbbe193	0.7057958599922273	6.0	3.0	0.0	0.634767	0.435784	0.638066	1.479713	-1.549904	-1.369431	0.0	0.979809	0.0	LD_DISTINCT_SUPPORTED	NO_TWO_STAGE_BAYES_EVIDENCE	NO_TWO_STAGE_BAYES_EVIDENCE	NO_TWO_STAGE_FREQUENTIST_EVIDENCE	NOT_SELECTED_BY_EBH
matched_high	distinct_ld	27	21360931	0.9	0.9	4000	1000	3	10	bd39c66663ca3d7b993ad4964f89344cff765be17d351df0153875c91cbbe193	0.7177833755751349	6.0	3.0	0.0	0.772077	nan	0.111252	1.401756	1.551462	-1.195915	0.0	0.999716	0.0	LD_DISTINCT_SUPPORTED	NO_TWO_STAGE_BAYES_EVIDENCE	NO_TWO_STAGE_BAYES_EVIDENCE	NO_TWO_STAGE_FREQUENTIST_EVIDENCE	NOT_SELECTED_BY_EBH
matched_high	distinct_ld	28	21360932	0.9	0.9	4000	1000	3	10	bd39c66663ca3d7b993ad4964f89344cff765be17d351df0153875c91cbbe193	0.7246201253004131	6.0	3.0	0.0	0.755085	0.455372	0.517004	1.625367	-1.007161	-1.179242	0.0	0.999701	0.0	LD_DISTINCT_SUPPORTED	NO_TWO_STAGE_BAYES_EVIDENCE	NO_TWO_STAGE_BAYES_EVIDENCE	NO_TWO_STAGE_FREQUENTIST_EVIDENCE	NOT_SELECTED_BY_EBH
matched_high	distinct_ld	29	21360933	0.9	0.9	4000	1000	3	10	bd39c66663ca3d7b993ad4964f89344cff765be17d351df0153875c91cbbe193	0.7130163821090422	6.0	3.0	0.0	0.763589	0.514407	0.623205	1.272139	-1.296774	-0.799703	0.0	0.999982	0.0	LD_DISTINCT_SUPPORTED	NO_TWO_STAGE_BAYES_EVIDENCE	NO_TWO_STAGE_BAYES_EVIDENCE	NO_TWO_STAGE_FREQUENTIST_EVIDENCE	NOT_SELECTED_BY_EBH
matched_high	distinct_ld	30	21360934	0.9	0.9	4000	1000	3	10	bd39c66663ca3d7b993ad4964f89344cff765be17d351df0153875c91cbbe193	0.7076689094169036	6.0	3.0	0.0	0.850285	nan	0.974785	1.004232	-1.641095	0.106939	0.0	0.999023	0.0	LD_DISTINCT_SUPPORTED	NO_TWO_STAGE_BAYES_EVIDENCE	NO_TWO_STAGE_BAYES_EVIDENCE	NO_TWO_STAGE_FREQUENTIST_EVIDENCE	NOT_SELECTED_BY_EBH
matched_high	distinct_ld	31	21360935	0.9	0.9	4000	1000	3	10	bd39c66663ca3d7b993ad4964f89344cff765be17d351df0153875c91cbbe193	0.7208002169592899	6.0	3.0	0.0	0.760061	0.365086	0.156947	1.475773	-0.174428	-1.261983	0.0	0.999991	0.0	LD_DISTINCT_SUPPORTED	NO_TWO_STAGE_BAYES_EVIDENCE	NO_TWO_STAGE_BAYES_EVIDENCE	NO_TWO_STAGE_FREQUENTIST_EVIDENCE	NOT_SELECTED_BY_EBH
matched_high	distinct_ld	32	21360936	0.9	0.9	4000	1000	3	10	bd39c66663ca3d7b993ad4964f89344cff765be17d351df0153875c91cbbe193	0.7139394380728308	6.0	3.0	0.0	0.823852	0.343011	0.343938	1.541813	-0.247837	-1.464169	0.0	0.99947	0.0	LD_DISTINCT_SUPPORTED	NO_TWO_STAGE_BAYES_EVIDENCE	NO_TWO_STAGE_BAYES_EVIDENCE	NO_TWO_STAGE_FREQUENTIST_EVIDENCE	NOT_SELECTED_BY_EBH
matched_high	distinct_ld	33	21360937	0.9	0.9	4000	1000	3	10	bd39c66663ca3d7b993ad4964f89344cff765be17d351df0153875c91cbbe193	0.7067348422579957	6.0	3.0	0.0	0.545897	0.354747	0.82127	1.333473	-1.567581	-1.25468	1.5e-05	0.882018	0.0	LD_DISTINCT_SUPPORTED	NO_TWO_STAGE_BAYES_EVIDENCE	NO_TWO_STAGE_BAYES_EVIDENCE	NO_TWO_STAGE_FREQUENTIST_EVIDENCE	NOT_SELECTED_BY_EBH
matched_high	distinct_ld	34	21360938	0.9	0.9	4000	1000	3	10	bd39c66663ca3d7b993ad4964f89344cff765be17d351df0153875c91cbbe193	0.718191104100096	6.0	3.0	0.0	0.699907	nan	0.059702	0.791362	0.809506	1.322838	0.0	1.0	0.0	LD_DISTINCT_SUPPORTED	NO_TWO_STAGE_BAYES_EVIDENCE	NO_TWO_STAGE_BAYES_EVIDENCE	NO_TWO_STAGE_FREQUENTIST_EVIDENCE	NOT_SELECTED_BY_EBH
matched_high	distinct_ld	35	21360939	0.9	0.9	4000	1000	3	10	bd39c66663ca3d7b993ad4964f89344cff765be17d351df0153875c91cbbe193	0.7147303016101315	6.0	3.0	0.0	0.841793	nan	0.342309	1.092927	-0.238329	-0.751984	0.0	0.996891	0.0	LD_DISTINCT_SUPPORTED	NO_TWO_STAGE_BAYES_EVIDENCE	NO_TWO_STAGE_BAYES_EVIDENCE	NO_TWO_STAGE_FREQUENTIST_EVIDENCE	NOT_SELECTED_BY_EBH
matched_high	distinct_ld	36	21360940	0.9	0.9	4000	1000	3	10	bd39c66663ca3d7b993ad4964f89344cff765be17d351df0153875c91cbbe193	0.7113186718672869	6.0	3.0	0.0	0.828626	0.376787	0.601025	1.572568	-1.230487	-1.407779	0.0	0.999983	0.0	LD_DISTINCT_SUPPORTED	NO_TWO_STAGE_BAYES_EVIDENCE	NO_TWO_STAGE_BAYES_EVIDENCE	NO_TWO_STAGE_FREQUENTIST_EVIDENCE	NOT_SELECTED_BY_EBH
matched_high	distinct_ld	37	21360941	0.9	0.9	4000	1000	3	10	bd39c66663ca3d7b993ad4964f89344cff765be17d351df0153875c91cbbe193	0.7112937614576036	6.0	3.0	0.0	0.820202	0.064497	0.58339	0.896187	-1.189095	-0.486317	2e-06	0.991093	0.0	LD_DISTINCT_SUPPORTED	NO_TWO_STAGE_BAYES_EVIDENCE	NO_TWO_STAGE_BAYES_EVIDENCE	NO_TWO_STAGE_FREQUENTIST_EVIDENCE	NOT_SELECTED_BY_EBH
matched_high	distinct_ld	38	21360942	0.9	0.9	4000	1000	3	10	bd39c66663ca3d7b993ad4964f89344cff765be17d351df0153875c91cbbe193	0.7114006766961607	6.0	3.0	0.0	0.693411	0.451721	0.507629	1.420229	-0.977689	-1.29	0.0	0.999988	0.0	LD_DISTINCT_SUPPORTED	NO_TWO_STAGE_BAYES_EVIDENCE	NO_TWO_STAGE_BAYES_EVIDENCE	NO_TWO_STAGE_FREQUENTIST_EVIDENCE	NOT_SELECTED_BY_EBH
matched_high	distinct_ld	39	21360943	0.9	0.9	4000	1000	3	10	bd39c66663ca3d7b993ad4964f89344cff765be17d351df0153875c91cbbe193	0.712331030964796	6.0	3.0	0.0	0.70648	0.527315	0.731579	1.035637	-1.630464	-1.388805	0.0	0.996536	0.0	LD_DISTINCT_SUPPORTED	NO_TWO_STAGE_BAYES_EVIDENCE	NO_TWO_STAGE_BAYES_EVIDENCE	NO_TWO_STAGE_FREQUENTIST_EVIDENCE	NOT_SELECTED_BY_EBH
matched_high	distinct_ld	40	21360944	0.9	0.9	4000	1000	3	10	bd39c66663ca3d7b993ad4964f89344cff765be17d351df0153875c91cbbe193	0.7059637639795514	6.0	3.0	0.0	0.627877	nan	0.851514	1.223434	-1.694422	-1.179297	1e-06	0.95867	0.0	LD_DISTINCT_SUPPORTED	NO_TWO_STAGE_BAYES_EVIDENCE	NO_TWO_STAGE_BAYES_EVIDENCE	NO_TWO_STAGE_FREQUENTIST_EVIDENCE	NOT_SELECTED_BY_EBH
matched_high	distinct_ld	41	21360945	0.9	0.9	4000	1000	3	10	bd39c66663ca3d7b993ad4964f89344cff765be17d351df0153875c91cbbe193	0.7123984007329396	6.0	3.0	0.0	0.774462	0.413654	0.126547	1.538606	1.266542	-1.442269	0.0	0.999986	0.0	LD_DISTINCT_SUPPORTED	NO_TWO_STAGE_BAYES_EVIDENCE	NO_TWO_STAGE_BAYES_EVIDENCE	NO_TWO_STAGE_FREQUENTIST_EVIDENCE	NOT_SELECTED_BY_EBH
matched_high	distinct_ld	42	21360946	0.9	0.9	4000	1000	3	10	bd39c66663ca3d7b993ad4964f89344cff765be17d351df0153875c91cbbe193	0.7088443719006156	6.0	3.0	0.0	0.643762	0.191454	0.762486	1.199989	-1.504822	-1.387083	2e-06	0.98666	0.0	LD_DISTINCT_SUPPORTED	NO_TWO_STAGE_BAYES_EVIDENCE	NO_TWO_STAGE_BAYES_EVIDENCE	NO_TWO_STAGE_FREQUENTIST_EVIDENCE	NOT_SELECTED_BY_EBH
matched_high	distinct_ld	43	21360947	0.9	0.9	4000	1000	3	10	bd39c66663ca3d7b993ad4964f89344cff765be17d351df0153875c91cbbe193	0.7065179424015172	6.0	3.0	0.0	0.889301	nan	0.106069	1.141378	1.649278	-0.92941	7e-06	0.623588	0.0	LD_CONFIGURATION_AMBIGUOUS	NO_TWO_STAGE_BAYES_EVIDENCE	NO_TWO_STAGE_BAYES_EVIDENCE	NO_TWO_STAGE_FREQUENTIST_EVIDENCE	NOT_SELECTED_BY_EBH
matched_high	distinct_ld	44	21360948	0.9	0.9	4000	1000	3	10	bd39c66663ca3d7b993ad4964f89344cff765be17d351df0153875c91cbbe193	0.7098667372582993	6.0	3.0	0.0	0.625546	0.19833	0.912003	1.059432	-1.62414	-1.028722	0.0	0.0	0.0	UNRESOLVED_NO_OUTCOME_SIGNAL	NO_TWO_STAGE_BAYES_EVIDENCE	NO_TWO_STAGE_BAYES_EVIDENCE	NO_TWO_STAGE_FREQUENTIST_EVIDENCE	NOT_SELECTED_BY_EBH
matched_high	distinct_ld	45	21360949	0.9	0.9	4000	1000	3	10	bd39c66663ca3d7b993ad4964f89344cff765be17d351df0153875c91cbbe193	0.7137537898261762	6.0	3.0	0.0	0.858564	0.293663	0.329191	1.513868	-0.16092	-1.485214	0.0	0.999719	0.0	LD_DISTINCT_SUPPORTED	NO_TWO_STAGE_BAYES_EVIDENCE	NO_TWO_STAGE_BAYES_EVIDENCE	NO_TWO_STAGE_FREQUENTIST_EVIDENCE	NOT_SELECTED_BY_EBH
matched_high	distinct_ld	46	21360950	0.9	0.9	4000	1000	3	10	bd39c66663ca3d7b993ad4964f89344cff765be17d351df0153875c91cbbe193	0.7157025308903124	6.0	3.0	0.0	nan	0.241144	0.588207	1.196775	-1.431206	-1.210524	0.0	0.999944	0.0	LD_DISTINCT_SUPPORTED	NO_TWO_STAGE_BAYES_EVIDENCE	NO_TWO_STAGE_BAYES_EVIDENCE	NO_TWO_STAGE_FREQUENTIST_EVIDENCE	NOT_SELECTED_BY_EBH
matched_high	distinct_ld	47	21360951	0.9	0.9	4000	1000	3	10	bd39c66663ca3d7b993ad4964f89344cff765be17d351df0153875c91cbbe193	0.7151754037965817	6.0	3.0	0.0	0.642818	nan	0.165653	1.128846	0.122902	-1.123523	0.0	0.990443	0.0	LD_DISTINCT_SUPPORTED	NO_TWO_STAGE_BAYES_EVIDENCE	NO_TWO_STAGE_BAYES_EVIDENCE	NO_TWO_STAGE_FREQUENTIST_EVIDENCE	NOT_SELECTED_BY_EBH
matched_high	distinct_ld	48	21360952	0.9	0.9	4000	1000	3	10	bd39c66663ca3d7b993ad4964f89344cff765be17d351df0153875c91cbbe193	0.7132898016172907	6.0	3.0	0.0	0.731176	0.31344	0.67999	0.82345	-1.386257	-1.053193	0.0	0.0	0.0	UNRESOLVED_NO_OUTCOME_SIGNAL	NO_TWO_STAGE_BAYES_EVIDENCE	NO_TWO_STAGE_BAYES_EVIDENCE	NO_TWO_STAGE_FREQUENTIST_EVIDENCE	NOT_SELECTED_BY_EBH
matched_high	distinct_ld	49	21360953	0.9	0.9	4000	1000	3	10	bd39c66663ca3d7b993ad4964f89344cff765be17d351df0153875c91cbbe193	0.7253453247334823	6.0	3.0	0.0	0.724784	0.412485	0.436937	1.481376	-1.249415	-1.469406	0.0	0.0	0.0	UNRESOLVED_NO_OUTCOME_SIGNAL	NO_TWO_STAGE_BAYES_EVIDENCE	NO_TWO_STAGE_BAYES_EVIDENCE	NO_TWO_STAGE_FREQUENTIST_EVIDENCE	NOT_SELECTED_BY_EBH
matched_high	distinct_ld	50	21360954	0.9	0.9	4000	1000	3	10	bd39c66663ca3d7b993ad4964f89344cff765be17d351df0153875c91cbbe193	0.7190471197922855	6.0	3.0	0.0	0.501228	0.329917	0.584874	1.042952	-1.489692	-1.485609	2.5e-05	0.910037	0.0	LD_DISTINCT_SUPPORTED	NO_TWO_STAGE_BAYES_EVIDENCE	NO_TWO_STAGE_BAYES_EVIDENCE	NO_TWO_STAGE_FREQUENTIST_EVIDENCE	NOT_SELECTED_BY_EBH
matched_high	distinct_ld	51	21360955	0.9	0.9	4000	1000	3	10	bd39c66663ca3d7b993ad4964f89344cff765be17d351df0153875c91cbbe193	0.7120050993817792	6.0	3.0	0.0	nan	0.588376	0.828279	1.3841	-1.685142	-1.206414	0.0	0.999515	0.0	LD_DISTINCT_SUPPORTED	NO_TWO_STAGE_BAYES_EVIDENCE	NO_TWO_STAGE_BAYES_EVIDENCE	NO_TWO_STAGE_FREQUENTIST_EVIDENCE	NOT_SELECTED_BY_EBH
matched_high	distinct_ld	52	21360956	0.9	0.9	4000	1000	3	10	bd39c66663ca3d7b993ad4964f89344cff765be17d351df0153875c91cbbe193	0.7063132254857803	5.0	3.0	0.0	0.576069	0.843636	0.52204	1.540713	-1.360048	-0.674153	0.0	1.0	0.0	LD_DISTINCT_SUPPORTED	NO_TWO_STAGE_BAYES_EVIDENCE	NO_TWO_STAGE_BAYES_EVIDENCE	NO_TWO_STAGE_FREQUENTIST_EVIDENCE	NOT_SELECTED_BY_EBH
matched_high	distinct_ld	53	21360957	0.9	0.9	4000	1000	3	10	bd39c66663ca3d7b993ad4964f89344cff765be17d351df0153875c91cbbe193	0.7073097454255998	6.0	3.0	0.0	0.886768	0.317932	0.788664	1.347134	-1.534167	-1.252596	0.0	0.984664	0.0	LD_DISTINCT_SUPPORTED	NO_TWO_STAGE_BAYES_EVIDENCE	NO_TWO_STAGE_BAYES_EVIDENCE	NO_TWO_STAGE_FREQUENTIST_EVIDENCE	NOT_SELECTED_BY_EBH
matched_high	distinct_ld	54	21360958	0.9	0.9	4000	1000	3	10	bd39c66663ca3d7b993ad4964f89344cff765be17d351df0153875c91cbbe193	0.7230924945571046	6.0	3.0	0.0	0.751097	0.281563	0.723187	1.445839	-1.45347	-1.482755	0.000474	0.572313	0.0	LD_CONFIGURATION_AMBIGUOUS	NO_TWO_STAGE_BAYES_EVIDENCE	NO_TWO_STAGE_BAYES_EVIDENCE	NO_TWO_STAGE_FREQUENTIST_EVIDENCE	NOT_SELECTED_BY_EBH
matched_high	distinct_ld	55	21360959	0.9	0.9	4000	1000	3	10	bd39c66663ca3d7b993ad4964f89344cff765be17d351df0153875c91cbbe193	0.7081712025906494	6.0	3.0	0.0	0.643127	0.337807	0.588276	1.515053	-1.200828	-1.40175	0.0	0.997091	0.0	LD_DISTINCT_SUPPORTED	NO_TWO_STAGE_BAYES_EVIDENCE	NO_TWO_STAGE_BAYES_EVIDENCE	NO_TWO_STAGE_FREQUENTIST_EVIDENCE	NOT_SELECTED_BY_EBH
matched_high	distinct_ld	56	21360960	0.9	0.9	4000	1000	3	10	bd39c66663ca3d7b993ad4964f89344cff765be17d351df0153875c91cbbe193	0.7132283741607347	6.0	3.0	0.0	0.67702	0.382902	0.941357	0.887418	-1.634422	0.269241	0.0	0.995568	0.0	LD_DISTINCT_SUPPORTED	NO_TWO_STAGE_BAYES_EVIDENCE	NO_TWO_STAGE_BAYES_EVIDENCE	NO_TWO_STAGE_FREQUENTIST_EVIDENCE	NOT_SELECTED_BY_EBH
matched_high	distinct_ld	57	21360961	0.9	0.9	4000	1000	3	10	bd39c66663ca3d7b993ad4964f89344cff765be17d351df0153875c91cbbe193	0.7179796021421097	6.0	3.0	0.0	1.113336	0.200654	0.780774	1.095097	-1.52572	-0.734255	2.2e-05	0.878834	0.0	LD_DISTINCT_SUPPORTED	NO_TWO_STAGE_BAYES_EVIDENCE	NO_TWO_STAGE_BAYES_EVIDENCE	NO_TWO_STAGE_FREQUENTIST_EVIDENCE	NOT_SELECTED_BY_EBH
matched_high	distinct_ld	58	21360962	0.9	0.9	4000	1000	3	10	bd39c66663ca3d7b993ad4964f89344cff765be17d351df0153875c91cbbe193	0.7083320666454287	6.0	3.0	0.0	0.596233	nan	0.868911	1.037598	-1.700446	-1.20526	3e-06	0.863676	0.0	LD_DISTINCT_SUPPORTED	NO_TWO_STAGE_BAYES_EVIDENCE	NO_TWO_STAGE_BAYES_EVIDENCE	NO_TWO_STAGE_FREQUENTIST_EVIDENCE	NOT_SELECTED_BY_EBH
matched_high	distinct_ld	59	21360963	0.9	0.9	4000	1000	3	10	bd39c66663ca3d7b993ad4964f89344cff765be17d351df0153875c91cbbe193	0.7162076424623921	6.0	3.0	0.0	0.467711	0.349872	0.902358	1.064583	-1.709853	-1.488549	2e-06	0.922402	0.0	LD_DISTINCT_SUPPORTED	NO_TWO_STAGE_BAYES_EVIDENCE	NO_TWO_STAGE_BAYES_EVIDENCE	NO_TWO_STAGE_FREQUENTIST_EVIDENCE	NOT_SELECTED_BY_EBH
matched_high	distinct_ld	60	21360964	0.9	0.9	4000	1000	3	10	bd39c66663ca3d7b993ad4964f89344cff765be17d351df0153875c91cbbe193	0.7048738138025854	5.0	3.0	0.0	0.797927	0.629684	0.302428	1.575489	-0.796057	-1.23978	0.0	0.999927	0.0	LD_DISTINCT_SUPPORTED	NO_TWO_STAGE_BAYES_EVIDENCE	NO_TWO_STAGE_BAYES_EVIDENCE	NO_TWO_STAGE_FREQUENTIST_EVIDENCE	NOT_SELECTED_BY_EBH
matched_high	distinct_ld	61	21360965	0.9	0.9	4000	1000	3	10	bd39c66663ca3d7b993ad4964f89344cff765be17d351df0153875c91cbbe193	0.716038952622213	6.0	3.0	0.0	0.679229	0.364959	0.757269	1.404094	-1.498517	-1.104246	0.0	0.999482	0.0	LD_DISTINCT_SUPPORTED	NO_TWO_STAGE_BAYES_EVIDENCE	NO_TWO_STAGE_BAYES_EVIDENCE	NO_TWO_STAGE_FREQUENTIST_EVIDENCE	NOT_SELECTED_BY_EBH
matched_high	distinct_ld	62	21360966	0.9	0.9	4000	1000	3	10	bd39c66663ca3d7b993ad4964f89344cff765be17d351df0153875c91cbbe193	0.7157125051824135	6.0	3.0	0.0	0.656879	0.35923	0.646907	1.387057	-1.326513	-1.318762	9e-06	0.981654	0.0	LD_DISTINCT_SUPPORTED	NO_TWO_STAGE_BAYES_EVIDENCE	NO_TWO_STAGE_BAYES_EVIDENCE	NO_TWO_STAGE_FREQUENTIST_EVIDENCE	NOT_SELECTED_BY_EBH
matched_high	distinct_ld	63	21360967	0.9	0.9	4000	1000	3	10	bd39c66663ca3d7b993ad4964f89344cff765be17d351df0153875c91cbbe193	0.7146629427151593	6.0	3.0	0.0	0.617108	0.519918	0.769371	1.354807	-1.512907	-0.903167	0.0	0.999916	0.0	LD_DISTINCT_SUPPORTED	NO_TWO_STAGE_BAYES_EVIDENCE	NO_TWO_STAGE_BAYES_EVIDENCE	NO_TWO_STAGE_FREQUENTIST_EVIDENCE	NOT_SELECTED_BY_EBH
matched_high	distinct_ld	64	21360968	0.9	0.9	4000	1000	3	10	bd39c66663ca3d7b993ad4964f89344cff765be17d351df0153875c91cbbe193	0.7064698893398166	5.0	3.0	0.0	0.585163	nan	0.961901	0.832575	-1.639155	0.612582	0.0	0.999927	0.0	LD_DISTINCT_SUPPORTED	NO_TWO_STAGE_BAYES_EVIDENCE	NO_TWO_STAGE_BAYES_EVIDENCE	NO_TWO_STAGE_FREQUENTIST_EVIDENCE	NOT_SELECTED_BY_EBH
matched_high	distinct_ld	65	21360969	0.9	0.9	4000	1000	3	10	bd39c66663ca3d7b993ad4964f89344cff765be17d351df0153875c91cbbe193	0.7171114651030511	6.0	3.0	0.0	0.68771	0.599625	0.205429	1.555459	-0.469964	-1.201184	0.0	0.999875	0.0	LD_DISTINCT_SUPPORTED	NO_TWO_STAGE_BAYES_EVIDENCE	NO_TWO_STAGE_BAYES_EVIDENCE	NO_TWO_STAGE_FREQUENTIST_EVIDENCE	NOT_SELECTED_BY_EBH
matched_high	distinct_ld	66	21360970	0.9	0.9	4000	1000	3	10	bd39c66663ca3d7b993ad4964f89344cff765be17d351df0153875c91cbbe193	0.719858091319384	6.0	3.0	0.0	0.739274	0.5172	0.014192	1.409405	1.030214	-1.150416	0.0	0.839346	0.0	LD_DISTINCT_SUPPORTED	NO_TWO_STAGE_BAYES_EVIDENCE	NO_TWO_STAGE_BAYES_EVIDENCE	REJECTED_DISTINCT_REGIONAL_SIGNALS	NOT_SELECTED_BY_EBH
matched_high	distinct_ld	67	21360971	0.9	0.9	4000	1000	3	10	bd39c66663ca3d7b993ad4964f89344cff765be17d351df0153875c91cbbe193	0.7096006300973899	5.0	3.0	0.0	0.609816	0.258395	0.529306	1.325574	-1.372119	-1.426656	0.000182	0.453699	0.0	LD_CONFIGURATION_AMBIGUOUS	NO_TWO_STAGE_BAYES_EVIDENCE	NO_TWO_STAGE_BAYES_EVIDENCE	NO_TWO_STAGE_FREQUENTIST_EVIDENCE	NOT_SELECTED_BY_EBH
matched_high	distinct_ld	68	21360972	0.9	0.9	4000	1000	3	10	bd39c66663ca3d7b993ad4964f89344cff765be17d351df0153875c91cbbe193	0.7136413899764488	6.0	3.0	0.0	0.658187	0.096147	0.607788	0.87582	-1.517044	-0.273323	1e-06	0.955961	0.0	LD_DISTINCT_SUPPORTED	NO_TWO_STAGE_BAYES_EVIDENCE	NO_TWO_STAGE_BAYES_EVIDENCE	NO_TWO_STAGE_FREQUENTIST_EVIDENCE	NOT_SELECTED_BY_EBH
matched_high	distinct_ld	69	21360973	0.9	0.9	4000	1000	3	10	bd39c66663ca3d7b993ad4964f89344cff765be17d351df0153875c91cbbe193	0.7132741226906573	6.0	3.0	0.0	1.09967	0.171394	0.290236	1.160661	0.066629	-1.135918	0.0	0.999157	0.0	LD_DISTINCT_SUPPORTED	NO_TWO_STAGE_BAYES_EVIDENCE	NO_TWO_STAGE_BAYES_EVIDENCE	NO_TWO_STAGE_FREQUENTIST_EVIDENCE	NOT_SELECTED_BY_EBH
matched_high	distinct_ld	70	21360974	0.9	0.9	4000	1000	3	10	bd39c66663ca3d7b993ad4964f89344cff765be17d351df0153875c91cbbe193	0.7085948101679471	6.0	3.0	0.0	0.729429	nan	0.377536	1.382895	-0.435518	-1.077334	0.0	0.99902	0.0	LD_DISTINCT_SUPPORTED	NO_TWO_STAGE_BAYES_EVIDENCE	NO_TWO_STAGE_BAYES_EVIDENCE	NO_TWO_STAGE_FREQUENTIST_EVIDENCE	NOT_SELECTED_BY_EBH
matched_high	distinct_ld	71	21360975	0.9	0.9	4000	1000	3	10	bd39c66663ca3d7b993ad4964f89344cff765be17d351df0153875c91cbbe193	0.7209158370909313	6.0	3.0	0.0	0.726939	0.553534	0.525757	1.562062	-1.033762	-0.984923	0.0	0.999857	0.0	LD_DISTINCT_SUPPORTED	NO_TWO_STAGE_BAYES_EVIDENCE	NO_TWO_STAGE_BAYES_EVIDENCE	NO_TWO_STAGE_FREQUENTIST_EVIDENCE	NOT_SELECTED_BY_EBH
matched_high	distinct_ld	72	21360976	0.9	0.9	4000	1000	3	10	bd39c66663ca3d7b993ad4964f89344cff765be17d351df0153875c91cbbe193	0.717317063661688	6.0	3.0	0.0	0.585229	0.450403	0.7739	1.468828	-1.518082	-1.251437	7.3e-05	0.878974	0.0	LD_DISTINCT_SUPPORTED	NO_TWO_STAGE_BAYES_EVIDENCE	NO_TWO_STAGE_BAYES_EVIDENCE	NO_TWO_STAGE_FREQUENTIST_EVIDENCE	NOT_SELECTED_BY_EBH
matched_high	distinct_ld	73	21360977	0.9	0.9	4000	1000	3	10	bd39c66663ca3d7b993ad4964f89344cff765be17d351df0153875c91cbbe193	0.714280206779431	6.0	3.0	0.0	0.656717	0.01573	0.568016	0.704279	-1.15079	-0.474364	0.0	0.0	0.0	UNRESOLVED_NO_OUTCOME_SIGNAL	NO_TWO_STAGE_BAYES_EVIDENCE	NO_TWO_STAGE_BAYES_EVIDENCE	NO_TWO_STAGE_FREQUENTIST_EVIDENCE	NOT_SELECTED_BY_EBH
matched_high	distinct_ld	74	21360978	0.9	0.9	4000	1000	3	10	bd39c66663ca3d7b993ad4964f89344cff765be17d351df0153875c91cbbe193	0.7047136591425073	6.0	3.0	0.0	nan	0.303206	0.960818	0.432368	-1.714881	-0.785764	0.0	0.999572	0.0	LD_DISTINCT_SUPPORTED	NO_TWO_STAGE_BAYES_EVIDENCE	NO_TWO_STAGE_BAYES_EVIDENCE	NO_TWO_STAGE_FREQUENTIST_EVIDENCE	NOT_SELECTED_BY_EBH
matched_high	distinct_ld	75	21360979	0.9	0.9	4000	1000	3	10	bd39c66663ca3d7b993ad4964f89344cff765be17d351df0153875c91cbbe193	0.7137789040088419	6.0	3.0	0.0	0.649956	0.439866	0.176754	1.695215	0.024341	-1.435066	0.0	0.999535	0.0	LD_DISTINCT_SUPPORTED	NO_TWO_STAGE_BAYES_EVIDENCE	NO_TWO_STAGE_BAYES_EVIDENCE	NO_TWO_STAGE_FREQUENTIST_EVIDENCE	NOT_SELECTED_BY_EBH
matched_high	distinct_ld	76	21360980	0.9	0.9	4000	1000	3	10	bd39c66663ca3d7b993ad4964f89344cff765be17d351df0153875c91cbbe193	0.7126349859788004	6.0	3.0	0.0	0.722466	0.166451	0.660987	1.260472	-1.476051	-1.29797	0.0	0.977099	0.0	LD_DISTINCT_SUPPORTED	NO_TWO_STAGE_BAYES_EVIDENCE	NO_TWO_STAGE_BAYES_EVIDENCE	NO_TWO_STAGE_FREQUENTIST_EVIDENCE	NOT_SELECTED_BY_EBH
matched_high	distinct_ld	77	21360981	0.9	0.9	4000	1000	3	10	bd39c66663ca3d7b993ad4964f89344cff765be17d351df0153875c91cbbe193	0.7158837642373054	6.0	3.0	0.0	0.633798	nan	0.949805	1.410548	-1.636612	-1.419571	0.0	0.999074	0.0	LD_DISTINCT_SUPPORTED	NO_TWO_STAGE_BAYES_EVIDENCE	NO_TWO_STAGE_BAYES_EVIDENCE	NO_TWO_STAGE_FREQUENTIST_EVIDENCE	NOT_SELECTED_BY_EBH
matched_high	distinct_ld	78	21360982	0.9	0.9	4000	1000	3	10	bd39c66663ca3d7b993ad4964f89344cff765be17d351df0153875c91cbbe193	0.711962553192082	6.0	3.0	0.0	0.843309	0.450423	0.27647	1.436325	0.140598	-1.265446	1e-06	0.926161	0.0	LD_DISTINCT_SUPPORTED	NO_TWO_STAGE_BAYES_EVIDENCE	NO_TWO_STAGE_BAYES_EVIDENCE	NO_TWO_STAGE_FREQUENTIST_EVIDENCE	NOT_SELECTED_BY_EBH
matched_high	distinct_ld	79	21360983	0.9	0.9	4000	1000	3	10	bd39c66663ca3d7b993ad4964f89344cff765be17d351df0153875c91cbbe193	0.7210095015401796	6.0	3.0	0.0	0.921164	0.264554	0.790484	1.24769	-1.536068	-1.244773	6e-06	0.832294	0.0	LD_DISTINCT_SUPPORTED	NO_TWO_STAGE_BAYES_EVIDENCE	NO_TWO_STAGE_BAYES_EVIDENCE	NO_TWO_STAGE_FREQUENTIST_EVIDENCE	NOT_SELECTED_BY_EBH
matched_high	distinct_ld	80	21360984	0.9	0.9	4000	1000	3	10	bd39c66663ca3d7b993ad4964f89344cff765be17d351df0153875c91cbbe193	0.7127811137845282	6.0	3.0	0.0	0.400032	0.201051	0.728948	1.127967	-1.488751	-1.316829	4e-06	0.824501	0.0	LD_DISTINCT_SUPPORTED	NO_TWO_STAGE_BAYES_EVIDENCE	NO_TWO_STAGE_BAYES_EVIDENCE	NO_TWO_STAGE_FREQUENTIST_EVIDENCE	NOT_SELECTED_BY_EBH
matched_high	distinct_ld	81	21360985	0.9	0.9	4000	1000	3	10	bd39c66663ca3d7b993ad4964f89344cff765be17d351df0153875c91cbbe193	0.7165523007046742	6.0	3.0	0.0	0.699902	nan	0.732308	1.432157	-1.466193	-1.188525	0.0	0.999134	0.0	LD_DISTINCT_SUPPORTED	NO_TWO_STAGE_BAYES_EVIDENCE	NO_TWO_STAGE_BAYES_EVIDENCE	NO_TWO_STAGE_FREQUENTIST_EVIDENCE	NOT_SELECTED_BY_EBH
matched_high	distinct_ld	82	21360986	0.9	0.9	4000	1000	3	10	bd39c66663ca3d7b993ad4964f89344cff765be17d351df0153875c91cbbe193	0.7115724586458289	6.0	3.0	0.0	0.689768	0.544738	0.263185	1.719655	-0.156611	-1.312345	0.0	0.997346	0.0	LD_DISTINCT_SUPPORTED	NO_TWO_STAGE_BAYES_EVIDENCE	NO_TWO_STAGE_BAYES_EVIDENCE	NO_TWO_STAGE_FREQUENTIST_EVIDENCE	NOT_SELECTED_BY_EBH
matched_high	distinct_ld	83	21360987	0.9	0.9	4000	1000	3	10	bd39c66663ca3d7b993ad4964f89344cff765be17d351df0153875c91cbbe193	0.7127577824605739	6.0	3.0	0.0	0.587178	0.488252	0.70949	1.520672	-1.433421	-1.216242	0.0	0.999995	0.0	LD_DISTINCT_SUPPORTED	NO_TWO_STAGE_BAYES_EVIDENCE	NO_TWO_STAGE_BAYES_EVIDENCE	NO_TWO_STAGE_FREQUENTIST_EVIDENCE	NOT_SELECTED_BY_EBH
matched_high	distinct_ld	84	21360988	0.9	0.9	4000	1000	3	10	bd39c66663ca3d7b993ad4964f89344cff765be17d351df0153875c91cbbe193	0.7116652147363866	6.0	3.0	0.0	0.754535	0.484398	0.601205	1.530536	-1.230895	-1.251409	0.0	0.999994	0.0	LD_DISTINCT_SUPPORTED	NO_TWO_STAGE_BAYES_EVIDENCE	NO_TWO_STAGE_BAYES_EVIDENCE	NO_TWO_STAGE_FREQUENTIST_EVIDENCE	NOT_SELECTED_BY_EBH
matched_high	distinct_ld	85	21360989	0.9	0.9	4000	1000	3	10	bd39c66663ca3d7b993ad4964f89344cff765be17d351df0153875c91cbbe193	0.6994645452439127	6.0	3.0	0.0	0.475065	0.336179	0.872715	0.869309	-1.701659	-1.453436	0.0	0.979626	0.0	LD_DISTINCT_SUPPORTED	NO_TWO_STAGE_BAYES_EVIDENCE	NO_TWO_STAGE_BAYES_EVIDENCE	NO_TWO_STAGE_FREQUENTIST_EVIDENCE	NOT_SELECTED_BY_EBH
matched_high	distinct_ld	86	21360990	0.9	0.9	4000	1000	3	10	bd39c66663ca3d7b993ad4964f89344cff765be17d351df0153875c91cbbe193	0.7159786144207104	6.0	3.0	0.0	nan	0.310594	0.826531	1.283539	-1.570071	-0.943943	0.0	0.999997	0.0	LD_DISTINCT_SUPPORTED	NO_TWO_STAGE_BAYES_EVIDENCE	NO_TWO_STAGE_BAYES_EVIDENCE	NO_TWO_STAGE_FREQUENTIST_EVIDENCE	NOT_SELECTED_BY_EBH
matched_high	distinct_ld	87	21360991	0.9	0.9	4000	1000	3	10	bd39c66663ca3d7b993ad4964f89344cff765be17d351df0153875c91cbbe193	0.7182545618537787	6.0	3.0	0.0	0.751663	0.297602	0.71737	1.495386	-1.445095	-1.394269	1e-06	0.959612	0.0	LD_DISTINCT_SUPPORTED	NO_TWO_STAGE_BAYES_EVIDENCE	NO_TWO_STAGE_BAYES_EVIDENCE	NO_TWO_STAGE_FREQUENTIST_EVIDENCE	NOT_SELECTED_BY_EBH
matched_high	distinct_ld	88	21360992	0.9	0.9	4000	1000	3	10	bd39c66663ca3d7b993ad4964f89344cff765be17d351df0153875c91cbbe193	0.7158083655751432	6.0	3.0	0.0	0.662778	0.076109	0.969471	0.844458	-1.640391	-0.384065	0.0	0.999662	0.0	LD_DISTINCT_SUPPORTED	NO_TWO_STAGE_BAYES_EVIDENCE	NO_TWO_STAGE_BAYES_EVIDENCE	NO_TWO_STAGE_FREQUENTIST_EVIDENCE	NOT_SELECTED_BY_EBH
matched_high	distinct_ld	89	21360993	0.9	0.9	4000	1000	3	10	bd39c66663ca3d7b993ad4964f89344cff765be17d351df0153875c91cbbe193	0.7084590187524293	6.0	3.0	0.0	0.638973	0.391952	0.765581	1.577011	-1.50849	-1.323079	0.0	0.997646	0.0	LD_DISTINCT_SUPPORTED	NO_TWO_STAGE_BAYES_EVIDENCE	NO_TWO_STAGE_BAYES_EVIDENCE	NO_TWO_STAGE_FREQUENTIST_EVIDENCE	NOT_SELECTED_BY_EBH
matched_high	distinct_ld	90	21360994	0.9	0.9	4000	1000	3	10	bd39c66663ca3d7b993ad4964f89344cff765be17d351df0153875c91cbbe193	0.7245202590859701	6.0	3.0	0.0	0.537838	nan	0.89296	1.150967	-1.707495	-0.640914	0.0	0.99984	0.0	LD_DISTINCT_SUPPORTED	NO_TWO_STAGE_BAYES_EVIDENCE	NO_TWO_STAGE_BAYES_EVIDENCE	NO_TWO_STAGE_FREQUENTIST_EVIDENCE	NOT_SELECTED_BY_EBH
matched_high	distinct_ld	91	21360995	0.9	0.9	4000	1000	3	10	bd39c66663ca3d7b993ad4964f89344cff765be17d351df0153875c91cbbe193	0.7095217734985741	5.0	3.0	0.0	0.928116	0.192113	0.411418	1.140734	-0.604431	-1.248782	0.000112	0.279794	0.0	LD_CONFIGURATION_AMBIGUOUS	NO_TWO_STAGE_BAYES_EVIDENCE	NO_TWO_STAGE_BAYES_EVIDENCE	NO_TWO_STAGE_FREQUENTIST_EVIDENCE	NOT_SELECTED_BY_EBH
matched_high	distinct_ld	92	21360996	0.9	0.9	4000	1000	3	10	bd39c66663ca3d7b993ad4964f89344cff765be17d351df0153875c91cbbe193	0.7146694076980369	6.0	3.0	0.0	0.564612	0.507546	0.464524	1.524998	-0.827771	-1.358509	0.0	0.99994	0.0	LD_DISTINCT_SUPPORTED	NO_TWO_STAGE_BAYES_EVIDENCE	NO_TWO_STAGE_BAYES_EVIDENCE	NO_TWO_STAGE_FREQUENTIST_EVIDENCE	NOT_SELECTED_BY_EBH
matched_high	distinct_ld	93	21360997	0.9	0.9	4000	1000	3	10	bd39c66663ca3d7b993ad4964f89344cff765be17d351df0153875c91cbbe193	0.7158711218950929	6.0	3.0	0.0	0.701773	0.422717	0.136637	1.641039	1.204695	-1.376655	0.0	0.99997	0.0	LD_DISTINCT_SUPPORTED	NO_TWO_STAGE_BAYES_EVIDENCE	NO_TWO_STAGE_BAYES_EVIDENCE	NO_TWO_STAGE_FREQUENTIST_EVIDENCE	NOT_SELECTED_BY_EBH
matched_high	distinct_ld	94	21360998	0.9	0.9	4000	1000	3	10	bd39c66663ca3d7b993ad4964f89344cff765be17d351df0153875c91cbbe193	0.7142936897384214	6.0	3.0	0.0	0.823679	0.327097	0.44648	1.555437	-0.75713	-1.452846	0.0	0.98992	0.0	LD_DISTINCT_SUPPORTED	NO_TWO_STAGE_BAYES_EVIDENCE	NO_TWO_STAGE_BAYES_EVIDENCE	NO_TWO_STAGE_FREQUENTIST_EVIDENCE	NOT_SELECTED_BY_EBH
matched_high	distinct_ld	95	21360999	0.9	0.9	4000	1000	3	10	bd39c66663ca3d7b993ad4964f89344cff765be17d351df0153875c91cbbe193	0.7133411673963271	6.0	3.0	0.0	0.94771	0.506309	0.709359	1.392287	-1.433224	-1.154444	1e-06	0.984754	0.0	LD_DISTINCT_SUPPORTED	NO_TWO_STAGE_BAYES_EVIDENCE	NO_TWO_STAGE_BAYES_EVIDENCE	NO_TWO_STAGE_FREQUENTIST_EVIDENCE	NOT_SELECTED_BY_EBH
matched_high	distinct_ld	96	21361000	0.9	0.9	4000	1000	3	10	bd39c66663ca3d7b993ad4964f89344cff765be17d351df0153875c91cbbe193	0.7197652073536043	6.0	3.0	0.0	0.864546	0.472373	0.135516	1.487258	0.558502	-1.425628	0.001784	0.671067	0.0	LD_CONFIGURATION_AMBIGUOUS	NO_TWO_STAGE_BAYES_EVIDENCE	NO_TWO_STAGE_BAYES_EVIDENCE	NO_TWO_STAGE_FREQUENTIST_EVIDENCE	NOT_SELECTED_BY_EBH
matched_high	distinct_ld	97	21361001	0.9	0.9	4000	1000	3	10	bd39c66663ca3d7b993ad4964f89344cff765be17d351df0153875c91cbbe193	0.7226523547854972	6.0	3.0	0.0	0.552407	nan	0.295798	1.243792	-0.864266	-1.233649	1e-06	0.959845	0.0	LD_DISTINCT_SUPPORTED	NO_TWO_STAGE_BAYES_EVIDENCE	NO_TWO_STAGE_BAYES_EVIDENCE	NO_TWO_STAGE_FREQUENTIST_EVIDENCE	NOT_SELECTED_BY_EBH
matched_high	distinct_ld	98	21361002	0.9	0.9	4000	1000	3	10	bd39c66663ca3d7b993ad4964f89344cff765be17d351df0153875c91cbbe193	0.70947107578501	6.0	3.0	0.0	nan	0.224477	0.957645	1.294742	-1.63834	-1.342819	0.0	0.0	0.0	UNRESOLVED_NO_OUTCOME_SIGNAL	NO_TWO_STAGE_BAYES_EVIDENCE	NO_TWO_STAGE_BAYES_EVIDENCE	NO_TWO_STAGE_FREQUENTIST_EVIDENCE	NOT_SELECTED_BY_EBH
matched_high	distinct_ld	99	21361003	0.9	0.9	4000	1000	3	10	bd39c66663ca3d7b993ad4964f89344cff765be17d351df0153875c91cbbe193	0.7229039251171866	6.0	3.0	0.0	nan	0.264328	0.99656	0.988308	-1.687034	-1.18607	5e-06	0.829048	0.0	LD_DISTINCT_SUPPORTED	NO_TWO_STAGE_BAYES_EVIDENCE	NO_TWO_STAGE_BAYES_EVIDENCE	NO_TWO_STAGE_FREQUENTIST_EVIDENCE	NOT_SELECTED_BY_EBH
matched_high	distinct_ld	100	21361004	0.9	0.9	4000	1000	3	10	bd39c66663ca3d7b993ad4964f89344cff765be17d351df0153875c91cbbe193	0.7232768883484137	6.0	3.0	0.0	0.642989	0.245656	0.569214	1.374982	-1.153853	-1.361039	1e-06	0.944858	0.0	LD_DISTINCT_SUPPORTED	NO_TWO_STAGE_BAYES_EVIDENCE	NO_TWO_STAGE_BAYES_EVIDENCE	NO_TWO_STAGE_FREQUENTIST_EVIDENCE	NOT_SELECTED_BY_EBH
matched_high	no_second_stage	1	21560905	0.9	0.9	4000	1000	3	10	bd39c66663ca3d7b993ad4964f89344cff765be17d351df0153875c91cbbe193	1.0	6.0	3.0	0.0	0.503097	-0.141389	0.404779	-1.165144	-0.644313	-1.316782	0.0	0.0	0.0	UNRESOLVED_NO_OUTCOME_SIGNAL	NO_TWO_STAGE_BAYES_EVIDENCE	NO_TWO_STAGE_BAYES_EVIDENCE	NO_TWO_STAGE_FREQUENTIST_EVIDENCE	NOT_SELECTED_BY_EBH
matched_high	no_second_stage	2	21560906	0.9	0.9	4000	1000	3	10	bd39c66663ca3d7b993ad4964f89344cff765be17d351df0153875c91cbbe193	1.0	6.0	3.0	0.0	0.625942	0.220076	0.432844	-0.661524	-1.240847	-0.318424	0.0	0.0	0.0	UNRESOLVED_NO_OUTCOME_SIGNAL	NO_TWO_STAGE_BAYES_EVIDENCE	NO_TWO_STAGE_BAYES_EVIDENCE	NO_TWO_STAGE_FREQUENTIST_EVIDENCE	NOT_SELECTED_BY_EBH
matched_high	no_second_stage	3	21560907	0.9	0.9	4000	1000	3	10	bd39c66663ca3d7b993ad4964f89344cff765be17d351df0153875c91cbbe193	1.0	6.0	3.0	0.0	nan	0.057393	0.621894	-1.161517	-1.532803	-1.514845	0.0	0.0	0.0	UNRESOLVED_NO_OUTCOME_SIGNAL	NO_TWO_STAGE_BAYES_EVIDENCE	NO_TWO_STAGE_BAYES_EVIDENCE	NO_TWO_STAGE_FREQUENTIST_EVIDENCE	NOT_SELECTED_BY_EBH
matched_high	no_second_stage	4	21560908	0.9	0.9	4000	1000	3	10	bd39c66663ca3d7b993ad4964f89344cff765be17d351df0153875c91cbbe193	1.0	6.0	3.0	0.0	0.586673	-0.382612	0.180696	-0.941858	-0.328793	-0.374114	0.0	0.0	0.0	UNRESOLVED_NO_OUTCOME_SIGNAL	NO_TWO_STAGE_BAYES_EVIDENCE	NO_TWO_STAGE_BAYES_EVIDENCE	NO_TWO_STAGE_FREQUENTIST_EVIDENCE	NOT_SELECTED_BY_EBH
matched_high	no_second_stage	5	21560909	0.9	0.9	4000	1000	3	10	bd39c66663ca3d7b993ad4964f89344cff765be17d351df0153875c91cbbe193	1.0	5.0	3.0	0.0	0.716737	-0.387604	0.368762	-0.931984	-1.017332	-0.474544	0.0	0.0	0.0	UNRESOLVED_NO_OUTCOME_SIGNAL	NO_TWO_STAGE_BAYES_EVIDENCE	NO_TWO_STAGE_BAYES_EVIDENCE	NO_TWO_STAGE_FREQUENTIST_EVIDENCE	NOT_SELECTED_BY_EBH
matched_high	no_second_stage	6	21560910	0.9	0.9	4000	1000	3	10	bd39c66663ca3d7b993ad4964f89344cff765be17d351df0153875c91cbbe193	1.0	6.0	3.0	0.0	0.624041	0.14879	0.242357	-0.918849	-0.650937	-0.203247	0.0	0.0	0.0	UNRESOLVED_NO_OUTCOME_SIGNAL	NO_TWO_STAGE_BAYES_EVIDENCE	NO_TWO_STAGE_BAYES_EVIDENCE	NO_TWO_STAGE_FREQUENTIST_EVIDENCE	NOT_SELECTED_BY_EBH
matched_high	no_second_stage	7	21560911	0.9	0.9	4000	1000	3	10	bd39c66663ca3d7b993ad4964f89344cff765be17d351df0153875c91cbbe193	1.0	6.0	3.0	0.0	0.690683	nan	0.659378	-0.764919	-1.570933	1.491024	0.0	0.0	0.0	UNRESOLVED_NO_OUTCOME_SIGNAL	NO_TWO_STAGE_BAYES_EVIDENCE	NO_TWO_STAGE_BAYES_EVIDENCE	NO_TWO_STAGE_FREQUENTIST_EVIDENCE	NOT_SELECTED_BY_EBH
matched_high	no_second_stage	8	21560912	0.9	0.9	4000	1000	3	10	bd39c66663ca3d7b993ad4964f89344cff765be17d351df0153875c91cbbe193	1.0	6.0	3.0	0.0	0.784221	-0.181471	0.491907	-0.985243	-0.925862	-1.113163	0.0	0.0	0.0	UNRESOLVED_NO_OUTCOME_SIGNAL	NO_TWO_STAGE_BAYES_EVIDENCE	NO_TWO_STAGE_BAYES_EVIDENCE	NO_TWO_STAGE_FREQUENTIST_EVIDENCE	NOT_SELECTED_BY_EBH
matched_high	no_second_stage	9	21560913	0.9	0.9	4000	1000	3	10	bd39c66663ca3d7b993ad4964f89344cff765be17d351df0153875c91cbbe193	1.0	6.0	3.0	0.0	0.819555	0.037715	0.912819	-1.079861	-1.624482	-0.395535	0.0	0.0	0.0	UNRESOLVED_NO_OUTCOME_SIGNAL	NO_TWO_STAGE_BAYES_EVIDENCE	NO_TWO_STAGE_BAYES_EVIDENCE	NO_TWO_STAGE_FREQUENTIST_EVIDENCE	NOT_SELECTED_BY_EBH
matched_high	no_second_stage	10	21560914	0.9	0.9	4000	1000	3	10	bd39c66663ca3d7b993ad4964f89344cff765be17d351df0153875c91cbbe193	1.0	6.0	3.0	0.0	0.955067	-0.266261	0.122908	0.054101	0.923473	-1.360951	0.0	0.0	0.0	UNRESOLVED_NO_OUTCOME_SIGNAL	NO_TWO_STAGE_BAYES_EVIDENCE	NO_TWO_STAGE_BAYES_EVIDENCE	NO_TWO_STAGE_FREQUENTIST_EVIDENCE	NOT_SELECTED_BY_EBH
matched_high	no_second_stage	11	21560915	0.9	0.9	4000	1000	3	10	bd39c66663ca3d7b993ad4964f89344cff765be17d351df0153875c91cbbe193	1.0	6.0	3.0	0.0	0.730643	0.10831	0.39599	-1.210014	-1.157788	-1.439376	0.0	0.0	0.0	UNRESOLVED_NO_OUTCOME_SIGNAL	NO_TWO_STAGE_BAYES_EVIDENCE	NO_TWO_STAGE_BAYES_EVIDENCE	NO_TWO_STAGE_FREQUENTIST_EVIDENCE	NOT_SELECTED_BY_EBH
matched_high	no_second_stage	12	21560916	0.9	0.9	4000	1000	3	10	bd39c66663ca3d7b993ad4964f89344cff765be17d351df0153875c91cbbe193	1.0	6.0	3.0	0.0	0.581659	-0.198969	0.697014	-1.108467	-1.604126	-1.074273	0.0	0.0	0.0	UNRESOLVED_NO_OUTCOME_SIGNAL	NO_TWO_STAGE_BAYES_EVIDENCE	NO_TWO_STAGE_BAYES_EVIDENCE	NO_TWO_STAGE_FREQUENTIST_EVIDENCE	NOT_SELECTED_BY_EBH
matched_high	no_second_stage	13	21560917	0.9	0.9	4000	1000	3	10	bd39c66663ca3d7b993ad4964f89344cff765be17d351df0153875c91cbbe193	1.0	6.0	3.0	0.0	0.55652	0.159771	0.523042	-0.690467	-1.144286	-1.440639	0.0	0.0	0.0	UNRESOLVED_NO_OUTCOME_SIGNAL	NO_TWO_STAGE_BAYES_EVIDENCE	NO_TWO_STAGE_BAYES_EVIDENCE	NO_TWO_STAGE_FREQUENTIST_EVIDENCE	NOT_SELECTED_BY_EBH
matched_high	no_second_stage	14	21560918	0.9	0.9	4000	1000	3	10	bd39c66663ca3d7b993ad4964f89344cff765be17d351df0153875c91cbbe193	1.0	6.0	3.0	0.0	0.719726	0.051521	0.659177	-1.103069	-1.349552	-1.604001	0.0	0.0	0.0	UNRESOLVED_NO_OUTCOME_SIGNAL	NO_TWO_STAGE_BAYES_EVIDENCE	NO_TWO_STAGE_BAYES_EVIDENCE	NO_TWO_STAGE_FREQUENTIST_EVIDENCE	NOT_SELECTED_BY_EBH
matched_high	no_second_stage	15	21560919	0.9	0.9	4000	1000	3	10	bd39c66663ca3d7b993ad4964f89344cff765be17d351df0153875c91cbbe193	1.0	6.0	3.0	0.0	0.920993	0.056183	0.708278	-0.156345	-1.431591	-1.544219	0.0	0.0	0.0	UNRESOLVED_NO_OUTCOME_SIGNAL	NO_TWO_STAGE_BAYES_EVIDENCE	NO_TWO_STAGE_BAYES_EVIDENCE	NO_TWO_STAGE_FREQUENTIST_EVIDENCE	NOT_SELECTED_BY_EBH
matched_high	no_second_stage	16	21560920	0.9	0.9	4000	1000	3	10	bd39c66663ca3d7b993ad4964f89344cff765be17d351df0153875c91cbbe193	1.0	6.0	3.0	0.0	0.651518	nan	0.502823	-0.880776	-1.075691	0.053485	0.0	0.0	0.0	UNRESOLVED_NO_OUTCOME_SIGNAL	NO_TWO_STAGE_BAYES_EVIDENCE	NO_TWO_STAGE_BAYES_EVIDENCE	NO_TWO_STAGE_FREQUENTIST_EVIDENCE	NOT_SELECTED_BY_EBH
matched_high	no_second_stage	17	21560921	0.9	0.9	4000	1000	3	10	bd39c66663ca3d7b993ad4964f89344cff765be17d351df0153875c91cbbe193	1.0	6.0	3.0	0.0	0.797828	-0.359222	0.333578	-0.716337	-0.18694	-0.889611	0.0	0.0	0.0	UNRESOLVED_NO_OUTCOME_SIGNAL	NO_TWO_STAGE_BAYES_EVIDENCE	NO_TWO_STAGE_BAYES_EVIDENCE	NO_TWO_STAGE_FREQUENTIST_EVIDENCE	NOT_SELECTED_BY_EBH
matched_high	no_second_stage	18	21560922	0.9	0.9	4000	1000	3	10	bd39c66663ca3d7b993ad4964f89344cff765be17d351df0153875c91cbbe193	1.0	5.0	3.0	0.0	0.746007	-0.064124	0.370615	-1.23366	-0.398378	-1.553584	0.0	0.0	0.0	UNRESOLVED_NO_OUTCOME_SIGNAL	NO_TWO_STAGE_BAYES_EVIDENCE	NO_TWO_STAGE_BAYES_EVIDENCE	NO_TWO_STAGE_FREQUENTIST_EVIDENCE	NOT_SELECTED_BY_EBH
matched_high	no_second_stage	19	21560923	0.9	0.9	4000	1000	3	10	bd39c66663ca3d7b993ad4964f89344cff765be17d351df0153875c91cbbe193	1.0	6.0	3.0	0.0	0.748267	nan	0.885168	-1.088335	-1.611078	-0.718943	0.0	0.0	0.0	UNRESOLVED_NO_OUTCOME_SIGNAL	NO_TWO_STAGE_BAYES_EVIDENCE	NO_TWO_STAGE_BAYES_EVIDENCE	NO_TWO_STAGE_FREQUENTIST_EVIDENCE	NOT_SELECTED_BY_EBH
matched_high	no_second_stage	20	21560924	0.9	0.9	4000	1000	3	10	bd39c66663ca3d7b993ad4964f89344cff765be17d351df0153875c91cbbe193	1.0	6.0	3.0	0.0	nan	0.061347	0.557478	-0.988387	-1.453959	-1.467191	0.0	0.0	0.0	UNRESOLVED_NO_OUTCOME_SIGNAL	NO_TWO_STAGE_BAYES_EVIDENCE	NO_TWO_STAGE_BAYES_EVIDENCE	NO_TWO_STAGE_FREQUENTIST_EVIDENCE	NOT_SELECTED_BY_EBH
matched_high	no_second_stage	21	21560925	0.9	0.9	4000	1000	3	10	bd39c66663ca3d7b993ad4964f89344cff765be17d351df0153875c91cbbe193	1.0	6.0	3.0	0.0	0.618967	0.125804	0.944232	-0.171242	-1.635206	-1.593736	0.0	0.0	0.0	UNRESOLVED_NO_OUTCOME_SIGNAL	NO_TWO_STAGE_BAYES_EVIDENCE	NO_TWO_STAGE_BAYES_EVIDENCE	NO_TWO_STAGE_FREQUENTIST_EVIDENCE	NOT_SELECTED_BY_EBH
matched_high	no_second_stage	22	21560926	0.9	0.9	4000	1000	3	10	bd39c66663ca3d7b993ad4964f89344cff765be17d351df0153875c91cbbe193	1.0	6.0	3.0	0.0	0.72502	0.130021	0.538706	-1.120955	-1.427433	-1.376427	0.0	0.0	0.0	UNRESOLVED_NO_OUTCOME_SIGNAL	NO_TWO_STAGE_BAYES_EVIDENCE	NO_TWO_STAGE_BAYES_EVIDENCE	NO_TWO_STAGE_FREQUENTIST_EVIDENCE	NOT_SELECTED_BY_EBH
matched_high	no_second_stage	23	21560927	0.9	0.9	4000	1000	3	10	bd39c66663ca3d7b993ad4964f89344cff765be17d351df0153875c91cbbe193	1.0	6.0	3.0	0.0	0.600125	0.159963	0.428805	-1.11253	-0.958957	-1.376322	0.0	0.0	0.0	UNRESOLVED_NO_OUTCOME_SIGNAL	NO_TWO_STAGE_BAYES_EVIDENCE	NO_TWO_STAGE_BAYES_EVIDENCE	NO_TWO_STAGE_FREQUENTIST_EVIDENCE	NOT_SELECTED_BY_EBH
matched_high	no_second_stage	24	21560928	0.9	0.9	4000	1000	3	10	bd39c66663ca3d7b993ad4964f89344cff765be17d351df0153875c91cbbe193	1.0	5.0	3.0	0.0	0.891369	0.130627	0.380964	-1.270797	-0.45359	-1.413315	0.0	0.0	0.0	UNRESOLVED_NO_OUTCOME_SIGNAL	NO_TWO_STAGE_BAYES_EVIDENCE	NO_TWO_STAGE_BAYES_EVIDENCE	NO_TWO_STAGE_FREQUENTIST_EVIDENCE	NOT_SELECTED_BY_EBH
matched_high	no_second_stage	25	21560929	0.9	0.9	4000	1000	3	10	bd39c66663ca3d7b993ad4964f89344cff765be17d351df0153875c91cbbe193	1.0	6.0	3.0	0.0	0.604396	nan	0.794027	-1.239234	-1.668813	-1.441827	0.0	0.0	0.0	UNRESOLVED_NO_OUTCOME_SIGNAL	NO_TWO_STAGE_BAYES_EVIDENCE	NO_TWO_STAGE_BAYES_EVIDENCE	NO_TWO_STAGE_FREQUENTIST_EVIDENCE	NOT_SELECTED_BY_EBH
matched_high	no_second_stage	26	21560930	0.9	0.9	4000	1000	3	10	bd39c66663ca3d7b993ad4964f89344cff765be17d351df0153875c91cbbe193	1.0	6.0	3.0	0.0	0.58182	0.20431	0.449721	-1.253783	-1.27539	-1.229995	0.0	0.0	0.0	UNRESOLVED_NO_OUTCOME_SIGNAL	NO_TWO_STAGE_BAYES_EVIDENCE	NO_TWO_STAGE_BAYES_EVIDENCE	NO_TWO_STAGE_FREQUENTIST_EVIDENCE	NOT_SELECTED_BY_EBH
matched_high	no_second_stage	27	21560931	0.9	0.9	4000	1000	3	10	bd39c66663ca3d7b993ad4964f89344cff765be17d351df0153875c91cbbe193	1.0	6.0	3.0	0.0	0.567862	-0.078178	0.777038	-0.74793	-1.521601	-1.579032	0.0	0.0	0.0	UNRESOLVED_NO_OUTCOME_SIGNAL	NO_TWO_STAGE_BAYES_EVIDENCE	NO_TWO_STAGE_BAYES_EVIDENCE	NO_TWO_STAGE_FREQUENTIST_EVIDENCE	NOT_SELECTED_BY_EBH
matched_high	no_second_stage	28	21560932	0.9	0.9	4000	1000	3	10	bd39c66663ca3d7b993ad4964f89344cff765be17d351df0153875c91cbbe193	1.0	6.0	3.0	0.0	1.009827	-0.06381	0.838344	-1.188186	-1.579735	-1.002505	0.0	0.0	0.0	UNRESOLVED_NO_OUTCOME_SIGNAL	NO_TWO_STAGE_BAYES_EVIDENCE	NO_TWO_STAGE_BAYES_EVIDENCE	NO_TWO_STAGE_FREQUENTIST_EVIDENCE	NOT_SELECTED_BY_EBH
matched_high	no_second_stage	29	21560933	0.9	0.9	4000	1000	3	10	bd39c66663ca3d7b993ad4964f89344cff765be17d351df0153875c91cbbe193	1.0	5.0	3.0	0.0	0.672271	nan	0.563833	-0.714781	-1.139994	0.502705	0.0	0.0	0.0	UNRESOLVED_NO_OUTCOME_SIGNAL	NO_TWO_STAGE_BAYES_EVIDENCE	NO_TWO_STAGE_BAYES_EVIDENCE	NO_TWO_STAGE_FREQUENTIST_EVIDENCE	NOT_SELECTED_BY_EBH
matched_high	no_second_stage	30	21560934	0.9	0.9	4000	1000	3	10	bd39c66663ca3d7b993ad4964f89344cff765be17d351df0153875c91cbbe193	1.0	6.0	3.0	0.0	0.61677	0.269338	0.605448	-1.12511	-1.514351	-0.932973	0.0	0.0	0.0	UNRESOLVED_NO_OUTCOME_SIGNAL	NO_TWO_STAGE_BAYES_EVIDENCE	NO_TWO_STAGE_BAYES_EVIDENCE	NO_TWO_STAGE_FREQUENTIST_EVIDENCE	NOT_SELECTED_BY_EBH
matched_high	no_second_stage	31	21560935	0.9	0.9	4000	1000	3	10	bd39c66663ca3d7b993ad4964f89344cff765be17d351df0153875c91cbbe193	1.0	6.0	3.0	0.0	0.963031	nan	0.978301	-1.194349	-1.641487	-1.336815	0.0	0.0	0.0	UNRESOLVED_NO_OUTCOME_SIGNAL	NO_TWO_STAGE_BAYES_EVIDENCE	NO_TWO_STAGE_BAYES_EVIDENCE	NO_TWO_STAGE_FREQUENTIST_EVIDENCE	NOT_SELECTED_BY_EBH
matched_high	no_second_stage	32	21560936	0.9	0.9	4000	1000	3	10	bd39c66663ca3d7b993ad4964f89344cff765be17d351df0153875c91cbbe193	1.0	6.0	3.0	0.0	0.571352	0.062969	0.126686	-1.113042	0.407806	-1.591678	0.0	0.0	0.0	UNRESOLVED_NO_OUTCOME_SIGNAL	NO_TWO_STAGE_BAYES_EVIDENCE	NO_TWO_STAGE_BAYES_EVIDENCE	NO_TWO_STAGE_FREQUENTIST_EVIDENCE	NOT_SELECTED_BY_EBH
matched_high	no_second_stage	33	21560937	0.9	0.9	4000	1000	3	10	bd39c66663ca3d7b993ad4964f89344cff765be17d351df0153875c91cbbe193	1.0	6.0	3.0	0.0	nan	-0.033134	0.976464	-1.067672	-1.64129	-1.599074	0.0	0.0	0.0	UNRESOLVED_NO_OUTCOME_SIGNAL	NO_TWO_STAGE_BAYES_EVIDENCE	NO_TWO_STAGE_BAYES_EVIDENCE	NO_TWO_STAGE_FREQUENTIST_EVIDENCE	NOT_SELECTED_BY_EBH
matched_high	no_second_stage	34	21560938	0.9	0.9	4000	1000	3	10	bd39c66663ca3d7b993ad4964f89344cff765be17d351df0153875c91cbbe193	1.0	6.0	3.0	0.0	nan	0.051784	0.79348	-1.192379	-1.668525	-1.488015	0.0	0.0	0.0	UNRESOLVED_NO_OUTCOME_SIGNAL	NO_TWO_STAGE_BAYES_EVIDENCE	NO_TWO_STAGE_BAYES_EVIDENCE	NO_TWO_STAGE_FREQUENTIST_EVIDENCE	NOT_SELECTED_BY_EBH
matched_high	no_second_stage	35	21560939	0.9	0.9	4000	1000	3	10	bd39c66663ca3d7b993ad4964f89344cff765be17d351df0153875c91cbbe193	1.0	6.0	3.0	0.0	nan	0.194674	0.933064	-1.020524	-1.716022	-0.706695	0.0	0.0	0.0	UNRESOLVED_NO_OUTCOME_SIGNAL	NO_TWO_STAGE_BAYES_EVIDENCE	NO_TWO_STAGE_BAYES_EVIDENCE	NO_TWO_STAGE_FREQUENTIST_EVIDENCE	NOT_SELECTED_BY_EBH
matched_high	no_second_stage	36	21560940	0.9	0.9	4000	1000	3	10	bd39c66663ca3d7b993ad4964f89344cff765be17d351df0153875c91cbbe193	1.0	6.0	3.0	0.0	0.73387	0.119821	0.588949	-1.111471	-1.202428	-1.321105	0.0	0.0	0.0	UNRESOLVED_NO_OUTCOME_SIGNAL	NO_TWO_STAGE_BAYES_EVIDENCE	NO_TWO_STAGE_BAYES_EVIDENCE	NO_TWO_STAGE_FREQUENTIST_EVIDENCE	NOT_SELECTED_BY_EBH
matched_high	no_second_stage	37	21560941	0.9	0.9	4000	1000	3	10	bd39c66663ca3d7b993ad4964f89344cff765be17d351df0153875c91cbbe193	1.0	6.0	3.0	0.0	0.569017	nan	0.360313	-1.148194	-0.605645	-1.195569	0.0	0.0	0.0	UNRESOLVED_NO_OUTCOME_SIGNAL	NO_TWO_STAGE_BAYES_EVIDENCE	NO_TWO_STAGE_BAYES_EVIDENCE	NO_TWO_STAGE_FREQUENTIST_EVIDENCE	NOT_SELECTED_BY_EBH
matched_high	no_second_stage	38	21560942	0.9	0.9	4000	1000	3	10	bd39c66663ca3d7b993ad4964f89344cff765be17d351df0153875c91cbbe193	1.0	6.0	3.0	0.0	0.755961	nan	0.892017	-0.881423	-1.614747	-0.644809	0.0	0.0	0.0	UNRESOLVED_NO_OUTCOME_SIGNAL	NO_TWO_STAGE_BAYES_EVIDENCE	NO_TWO_STAGE_BAYES_EVIDENCE	NO_TWO_STAGE_FREQUENTIST_EVIDENCE	NOT_SELECTED_BY_EBH
matched_high	no_second_stage	39	21560943	0.9	0.9	4000	1000	3	10	bd39c66663ca3d7b993ad4964f89344cff765be17d351df0153875c91cbbe193	1.0	6.0	3.0	0.0	0.606406	0.092901	0.742667	-0.814878	-1.539769	-1.568664	0.0	0.0	0.0	UNRESOLVED_NO_OUTCOME_SIGNAL	NO_TWO_STAGE_BAYES_EVIDENCE	NO_TWO_STAGE_BAYES_EVIDENCE	NO_TWO_STAGE_FREQUENTIST_EVIDENCE	NOT_SELECTED_BY_EBH
matched_high	no_second_stage	40	21560944	0.9	0.9	4000	1000	3	10	bd39c66663ca3d7b993ad4964f89344cff765be17d351df0153875c91cbbe193	1.0	6.0	3.0	0.0	0.647295	nan	0.805143	-0.963318	-1.550726	-0.44155	0.0	0.0	0.0	UNRESOLVED_NO_OUTCOME_SIGNAL	NO_TWO_STAGE_BAYES_EVIDENCE	NO_TWO_STAGE_BAYES_EVIDENCE	NO_TWO_STAGE_FREQUENTIST_EVIDENCE	NOT_SELECTED_BY_EBH
matched_high	no_second_stage	41	21560945	0.9	0.9	4000	1000	3	10	bd39c66663ca3d7b993ad4964f89344cff765be17d351df0153875c91cbbe193	1.0	6.0	3.0	0.0	0.694526	nan	0.942667	-0.904548	-1.634784	-0.082674	0.0	0.0	0.0	UNRESOLVED_NO_OUTCOME_SIGNAL	NO_TWO_STAGE_BAYES_EVIDENCE	NO_TWO_STAGE_BAYES_EVIDENCE	NO_TWO_STAGE_FREQUENTIST_EVIDENCE	NOT_SELECTED_BY_EBH
matched_high	no_second_stage	42	21560946	0.9	0.9	4000	1000	3	10	bd39c66663ca3d7b993ad4964f89344cff765be17d351df0153875c91cbbe193	1.0	6.0	3.0	0.0	0.767073	0.109572	0.997959	-0.137745	-1.642597	-1.29762	0.0	0.0	0.0	UNRESOLVED_NO_OUTCOME_SIGNAL	NO_TWO_STAGE_BAYES_EVIDENCE	NO_TWO_STAGE_BAYES_EVIDENCE	NO_TWO_STAGE_FREQUENTIST_EVIDENCE	NOT_SELECTED_BY_EBH
matched_high	no_second_stage	43	21560947	0.9	0.9	4000	1000	3	10	bd39c66663ca3d7b993ad4964f89344cff765be17d351df0153875c91cbbe193	1.0	6.0	3.0	0.0	0.786439	-0.00391	0.832942	-1.214836	-1.575405	-1.373149	0.0	0.0	0.0	UNRESOLVED_NO_OUTCOME_SIGNAL	NO_TWO_STAGE_BAYES_EVIDENCE	NO_TWO_STAGE_BAYES_EVIDENCE	NO_TWO_STAGE_FREQUENTIST_EVIDENCE	NOT_SELECTED_BY_EBH
matched_high	no_second_stage	44	21560948	0.9	0.9	4000	1000	3	10	bd39c66663ca3d7b993ad4964f89344cff765be17d351df0153875c91cbbe193	1.0	6.0	3.0	0.0	nan	0.170928	0.365379	-0.993081	-1.079776	-1.405379	0.0	0.0	0.0	UNRESOLVED_NO_OUTCOME_SIGNAL	NO_TWO_STAGE_BAYES_EVIDENCE	NO_TWO_STAGE_BAYES_EVIDENCE	NO_TWO_STAGE_FREQUENTIST_EVIDENCE	NOT_SELECTED_BY_EBH
matched_high	no_second_stage	45	21560949	0.9	0.9	4000	1000	3	10	bd39c66663ca3d7b993ad4964f89344cff765be17d351df0153875c91cbbe193	1.0	6.0	3.0	0.0	0.895453	nan	0.274418	-0.16975	0.151171	-1.161131	0.0	0.0	0.0	UNRESOLVED_NO_OUTCOME_SIGNAL	NO_TWO_STAGE_BAYES_EVIDENCE	NO_TWO_STAGE_BAYES_EVIDENCE	NO_TWO_STAGE_FREQUENTIST_EVIDENCE	NOT_SELECTED_BY_EBH
matched_high	no_second_stage	46	21560950	0.9	0.9	4000	1000	3	10	bd39c66663ca3d7b993ad4964f89344cff765be17d351df0153875c91cbbe193	1.0	6.0	3.0	0.0	0.726336	nan	0.063465	-1.269825	0.997347	-1.290131	0.0	0.0	0.0	UNRESOLVED_NO_OUTCOME_SIGNAL	NO_TWO_STAGE_BAYES_EVIDENCE	NO_TWO_STAGE_BAYES_EVIDENCE	NO_TWO_STAGE_FREQUENTIST_EVIDENCE	NOT_SELECTED_BY_EBH
matched_high	no_second_stage	47	21560951	0.9	0.9	4000	1000	3	10	bd39c66663ca3d7b993ad4964f89344cff765be17d351df0153875c91cbbe193	1.0	6.0	3.0	0.0	0.691406	-0.090205	0.839336	-1.042552	-1.580514	-1.182761	0.0	0.0	0.0	UNRESOLVED_NO_OUTCOME_SIGNAL	NO_TWO_STAGE_BAYES_EVIDENCE	NO_TWO_STAGE_BAYES_EVIDENCE	NO_TWO_STAGE_FREQUENTIST_EVIDENCE	NOT_SELECTED_BY_EBH
matched_high	no_second_stage	48	21560952	0.9	0.9	4000	1000	3	10	bd39c66663ca3d7b993ad4964f89344cff765be17d351df0153875c91cbbe193	1.0	6.0	3.0	0.0	0.599338	nan	0.674197	-0.372726	-1.376333	-0.510791	0.0	0.0	0.0	UNRESOLVED_NO_OUTCOME_SIGNAL	NO_TWO_STAGE_BAYES_EVIDENCE	NO_TWO_STAGE_BAYES_EVIDENCE	NO_TWO_STAGE_FREQUENTIST_EVIDENCE	NOT_SELECTED_BY_EBH
matched_high	no_second_stage	49	21560953	0.9	0.9	4000	1000	3	10	bd39c66663ca3d7b993ad4964f89344cff765be17d351df0153875c91cbbe193	1.0	6.0	3.0	0.0	0.656169	nan	0.64474	-1.032841	-1.322335	-0.306694	0.0	0.0	0.0	UNRESOLVED_NO_OUTCOME_SIGNAL	NO_TWO_STAGE_BAYES_EVIDENCE	NO_TWO_STAGE_BAYES_EVIDENCE	NO_TWO_STAGE_FREQUENTIST_EVIDENCE	NOT_SELECTED_BY_EBH
matched_high	no_second_stage	50	21560954	0.9	0.9	4000	1000	3	10	bd39c66663ca3d7b993ad4964f89344cff765be17d351df0153875c91cbbe193	1.0	6.0	3.0	0.0	nan	nan	0.88288	-1.046337	-1.704719	-0.315032	0.0	0.0	0.0	UNRESOLVED_NO_OUTCOME_SIGNAL	NO_TWO_STAGE_BAYES_EVIDENCE	NO_TWO_STAGE_BAYES_EVIDENCE	NO_TWO_STAGE_FREQUENTIST_EVIDENCE	NOT_SELECTED_BY_EBH
matched_high	no_second_stage	51	21560955	0.9	0.9	4000	1000	3	10	bd39c66663ca3d7b993ad4964f89344cff765be17d351df0153875c91cbbe193	1.0	6.0	3.0	0.0	nan	-0.069341	0.750124	-1.257029	-1.643055	-1.583925	0.0	0.0	0.0	UNRESOLVED_NO_OUTCOME_SIGNAL	NO_TWO_STAGE_BAYES_EVIDENCE	NO_TWO_STAGE_BAYES_EVIDENCE	NO_TWO_STAGE_FREQUENTIST_EVIDENCE	NOT_SELECTED_BY_EBH
matched_high	no_second_stage	52	21560956	0.9	0.9	4000	1000	3	10	bd39c66663ca3d7b993ad4964f89344cff765be17d351df0153875c91cbbe193	1.0	6.0	3.0	0.0	0.792124	0.162216	0.27675	-1.057355	-0.154602	-1.036973	0.0	0.0	0.0	UNRESOLVED_NO_OUTCOME_SIGNAL	NO_TWO_STAGE_BAYES_EVIDENCE	NO_TWO_STAGE_BAYES_EVIDENCE	NO_TWO_STAGE_FREQUENTIST_EVIDENCE	NOT_SELECTED_BY_EBH
matched_high	no_second_stage	53	21560957	0.9	0.9	4000	1000	3	10	bd39c66663ca3d7b993ad4964f89344cff765be17d351df0153875c91cbbe193	1.0	6.0	3.0	0.0	0.653247	-0.119489	0.989214	-0.668339	-1.64233	-0.675077	0.0	0.0	0.0	UNRESOLVED_NO_OUTCOME_SIGNAL	NO_TWO_STAGE_BAYES_EVIDENCE	NO_TWO_STAGE_BAYES_EVIDENCE	NO_TWO_STAGE_FREQUENTIST_EVIDENCE	NOT_SELECTED_BY_EBH
matched_high	no_second_stage	54	21560958	0.9	0.9	4000	1000	3	10	bd39c66663ca3d7b993ad4964f89344cff765be17d351df0153875c91cbbe193	1.0	6.0	3.0	0.0	0.618726	-0.017157	0.534901	-1.006635	-1.392228	-1.551121	0.0	0.0	0.0	UNRESOLVED_NO_OUTCOME_SIGNAL	NO_TWO_STAGE_BAYES_EVIDENCE	NO_TWO_STAGE_BAYES_EVIDENCE	NO_TWO_STAGE_FREQUENTIST_EVIDENCE	NOT_SELECTED_BY_EBH
matched_high	no_second_stage	55	21560959	0.9	0.9	4000	1000	3	10	bd39c66663ca3d7b993ad4964f89344cff765be17d351df0153875c91cbbe193	1.0	6.0	3.0	0.0	nan	nan	0.751572	-1.086039	-1.643995	-0.377799	0.0	0.0	0.0	UNRESOLVED_NO_OUTCOME_SIGNAL	NO_TWO_STAGE_BAYES_EVIDENCE	NO_TWO_STAGE_BAYES_EVIDENCE	NO_TWO_STAGE_FREQUENTIST_EVIDENCE	NOT_SELECTED_BY_EBH
matched_high	no_second_stage	56	21560960	0.9	0.9	4000	1000	3	10	bd39c66663ca3d7b993ad4964f89344cff765be17d351df0153875c91cbbe193	1.0	6.0	3.0	0.0	0.797306	0.003947	0.606601	-1.19109	-1.243033	-1.614734	0.0	0.0	0.0	UNRESOLVED_NO_OUTCOME_SIGNAL	NO_TWO_STAGE_BAYES_EVIDENCE	NO_TWO_STAGE_BAYES_EVIDENCE	NO_TWO_STAGE_FREQUENTIST_EVIDENCE	NOT_SELECTED_BY_EBH
matched_high	no_second_stage	57	21560961	0.9	0.9	4000	1000	3	10	bd39c66663ca3d7b993ad4964f89344cff765be17d351df0153875c91cbbe193	1.0	5.0	3.0	0.0	0.810083	nan	0.735752	-0.769269	-1.610751	0.498388	0.0	0.0	0.0	UNRESOLVED_NO_OUTCOME_SIGNAL	NO_TWO_STAGE_BAYES_EVIDENCE	NO_TWO_STAGE_BAYES_EVIDENCE	NO_TWO_STAGE_FREQUENTIST_EVIDENCE	NOT_SELECTED_BY_EBH
matched_high	no_second_stage	58	21560962	0.9	0.9	4000	1000	3	10	bd39c66663ca3d7b993ad4964f89344cff765be17d351df0153875c91cbbe193	1.0	6.0	3.0	0.0	0.594987	0.018093	0.814373	-1.32037	-1.678899	-1.590162	0.0	0.0	0.0	UNRESOLVED_NO_OUTCOME_SIGNAL	NO_TWO_STAGE_BAYES_EVIDENCE	NO_TWO_STAGE_BAYES_EVIDENCE	NO_TWO_STAGE_FREQUENTIST_EVIDENCE	NOT_SELECTED_BY_EBH
matched_high	no_second_stage	59	21560963	0.9	0.9	4000	1000	3	10	bd39c66663ca3d7b993ad4964f89344cff765be17d351df0153875c91cbbe193	1.0	6.0	3.0	0.0	0.813299	0.167678	0.228375	-1.247212	0.371633	-1.10492	0.0	0.0	0.0	UNRESOLVED_NO_OUTCOME_SIGNAL	NO_TWO_STAGE_BAYES_EVIDENCE	NO_TWO_STAGE_BAYES_EVIDENCE	NO_TWO_STAGE_FREQUENTIST_EVIDENCE	NOT_SELECTED_BY_EBH
matched_high	no_second_stage	60	21560964	0.9	0.9	4000	1000	3	10	bd39c66663ca3d7b993ad4964f89344cff765be17d351df0153875c91cbbe193	1.0	6.0	3.0	0.0	0.584747	-0.132376	0.972874	-1.020059	-1.72057	-1.573802	0.0	0.0	0.0	UNRESOLVED_NO_OUTCOME_SIGNAL	NO_TWO_STAGE_BAYES_EVIDENCE	NO_TWO_STAGE_BAYES_EVIDENCE	NO_TWO_STAGE_FREQUENTIST_EVIDENCE	NOT_SELECTED_BY_EBH
matched_high	no_second_stage	61	21560965	0.9	0.9	4000	1000	3	10	bd39c66663ca3d7b993ad4964f89344cff765be17d351df0153875c91cbbe193	1.0	6.0	3.0	0.0	0.755618	nan	0.393723	-1.177681	-1.073102	-1.419571	0.0	0.0	0.0	UNRESOLVED_NO_OUTCOME_SIGNAL	NO_TWO_STAGE_BAYES_EVIDENCE	NO_TWO_STAGE_BAYES_EVIDENCE	NO_TWO_STAGE_FREQUENTIST_EVIDENCE	NOT_SELECTED_BY_EBH
matched_high	no_second_stage	62	21560966	0.9	0.9	4000	1000	3	10	bd39c66663ca3d7b993ad4964f89344cff765be17d351df0153875c91cbbe193	1.0	6.0	3.0	0.0	0.615687	-0.034283	0.794282	-1.29204	-1.668946	-1.580309	0.0	0.0	0.0	UNRESOLVED_NO_OUTCOME_SIGNAL	NO_TWO_STAGE_BAYES_EVIDENCE	NO_TWO_STAGE_BAYES_EVIDENCE	NO_TWO_STAGE_FREQUENTIST_EVIDENCE	NOT_SELECTED_BY_EBH
matched_high	no_second_stage	63	21560967	0.9	0.9	4000	1000	3	10	bd39c66663ca3d7b993ad4964f89344cff765be17d351df0153875c91cbbe193	1.0	6.0	3.0	0.0	nan	0.034188	0.721091	-1.289945	-1.450477	-1.5773	0.0	0.0	0.0	UNRESOLVED_NO_OUTCOME_SIGNAL	NO_TWO_STAGE_BAYES_EVIDENCE	NO_TWO_STAGE_BAYES_EVIDENCE	NO_TWO_STAGE_FREQUENTIST_EVIDENCE	NOT_SELECTED_BY_EBH
matched_high	no_second_stage	64	21560968	0.9	0.9	4000	1000	3	10	bd39c66663ca3d7b993ad4964f89344cff765be17d351df0153875c91cbbe193	1.0	6.0	3.0	0.0	1.016417	-0.101624	0.030652	-1.131543	1.017292	-1.553203	0.0	0.0	0.0	UNRESOLVED_NO_OUTCOME_SIGNAL	NO_TWO_STAGE_BAYES_EVIDENCE	NO_TWO_STAGE_BAYES_EVIDENCE	UNRESOLVED_REGIONAL_CONFIGURATION	NOT_SELECTED_BY_EBH
matched_high	no_second_stage	65	21560969	0.9	0.9	4000	1000	3	10	bd39c66663ca3d7b993ad4964f89344cff765be17d351df0153875c91cbbe193	1.0	6.0	3.0	0.0	0.674128	nan	0.623958	-1.140157	-1.280501	-1.23003	0.0	0.0	0.0	UNRESOLVED_NO_OUTCOME_SIGNAL	NO_TWO_STAGE_BAYES_EVIDENCE	NO_TWO_STAGE_BAYES_EVIDENCE	NO_TWO_STAGE_FREQUENTIST_EVIDENCE	NOT_SELECTED_BY_EBH
matched_high	no_second_stage	66	21560970	0.9	0.9	4000	1000	3	10	bd39c66663ca3d7b993ad4964f89344cff765be17d351df0153875c91cbbe193	1.0	5.0	3.0	0.0	0.789309	nan	0.687067	-1.084757	-1.39808	-0.982962	0.0	0.0	0.0	UNRESOLVED_NO_OUTCOME_SIGNAL	NO_TWO_STAGE_BAYES_EVIDENCE	NO_TWO_STAGE_BAYES_EVIDENCE	NO_TWO_STAGE_FREQUENTIST_EVIDENCE	NOT_SELECTED_BY_EBH
matched_high	no_second_stage	67	21560971	0.9	0.9	4000	1000	3	10	bd39c66663ca3d7b993ad4964f89344cff765be17d351df0153875c91cbbe193	1.0	6.0	3.0	0.0	0.845067	-0.226614	0.336779	-1.081028	-0.998277	-1.404751	0.0	0.0	0.0	UNRESOLVED_NO_OUTCOME_SIGNAL	NO_TWO_STAGE_BAYES_EVIDENCE	NO_TWO_STAGE_BAYES_EVIDENCE	NO_TWO_STAGE_FREQUENTIST_EVIDENCE	NOT_SELECTED_BY_EBH
matched_high	no_second_stage	68	21560972	0.9	0.9	4000	1000	3	10	bd39c66663ca3d7b993ad4964f89344cff765be17d351df0153875c91cbbe193	1.0	6.0	3.0	0.0	nan	-0.147782	0.820408	-0.563336	-1.681672	-1.422141	0.0	0.0	0.0	UNRESOLVED_NO_OUTCOME_SIGNAL	NO_TWO_STAGE_BAYES_EVIDENCE	NO_TWO_STAGE_BAYES_EVIDENCE	NO_TWO_STAGE_FREQUENTIST_EVIDENCE	NOT_SELECTED_BY_EBH
matched_high	no_second_stage	69	21560973	0.9	0.9	4000	1000	3	10	bd39c66663ca3d7b993ad4964f89344cff765be17d351df0153875c91cbbe193	1.0	6.0	3.0	0.0	0.853627	0.16748	0.238784	-1.051534	0.320728	-1.496794	0.0	0.0	0.0	UNRESOLVED_NO_OUTCOME_SIGNAL	NO_TWO_STAGE_BAYES_EVIDENCE	NO_TWO_STAGE_BAYES_EVIDENCE	NO_TWO_STAGE_FREQUENTIST_EVIDENCE	NOT_SELECTED_BY_EBH
matched_high	no_second_stage	70	21560974	0.9	0.9	4000	1000	3	10	bd39c66663ca3d7b993ad4964f89344cff765be17d351df0153875c91cbbe193	1.0	6.0	3.0	0.0	0.580875	-0.10633	0.957133	-1.07943	-1.719234	-1.183156	0.0	0.0	0.0	UNRESOLVED_NO_OUTCOME_SIGNAL	NO_TWO_STAGE_BAYES_EVIDENCE	NO_TWO_STAGE_BAYES_EVIDENCE	NO_TWO_STAGE_FREQUENTIST_EVIDENCE	NOT_SELECTED_BY_EBH
matched_high	no_second_stage	71	21560975	0.9	0.9	4000	1000	3	10	bd39c66663ca3d7b993ad4964f89344cff765be17d351df0153875c91cbbe193	1.0	6.0	3.0	0.0	0.617472	0.060962	0.604693	-0.736029	-1.238769	-1.016771	0.0	0.0	0.0	UNRESOLVED_NO_OUTCOME_SIGNAL	NO_TWO_STAGE_BAYES_EVIDENCE	NO_TWO_STAGE_BAYES_EVIDENCE	NO_TWO_STAGE_FREQUENTIST_EVIDENCE	NOT_SELECTED_BY_EBH
matched_high	no_second_stage	72	21560976	0.9	0.9	4000	1000	3	10	bd39c66663ca3d7b993ad4964f89344cff765be17d351df0153875c91cbbe193	1.0	6.0	3.0	0.0	0.699435	0.228126	0.319182	-0.878794	-0.101362	-0.413027	0.0	0.0	0.0	UNRESOLVED_NO_OUTCOME_SIGNAL	NO_TWO_STAGE_BAYES_EVIDENCE	NO_TWO_STAGE_BAYES_EVIDENCE	NO_TWO_STAGE_FREQUENTIST_EVIDENCE	NOT_SELECTED_BY_EBH
matched_high	no_second_stage	73	21560977	0.9	0.9	4000	1000	3	10	bd39c66663ca3d7b993ad4964f89344cff765be17d351df0153875c91cbbe193	1.0	5.0	3.0	0.0	0.700177	nan	0.504472	-1.103384	-0.96753	-0.841143	0.0	0.0	0.0	UNRESOLVED_NO_OUTCOME_SIGNAL	NO_TWO_STAGE_BAYES_EVIDENCE	NO_TWO_STAGE_BAYES_EVIDENCE	NO_TWO_STAGE_FREQUENTIST_EVIDENCE	NOT_SELECTED_BY_EBH
matched_high	no_second_stage	74	21560978	0.9	0.9	4000	1000	3	10	bd39c66663ca3d7b993ad4964f89344cff765be17d351df0153875c91cbbe193	1.0	6.0	3.0	0.0	0.775076	-0.07057	0.573039	-1.238183	-1.163542	-1.429162	0.0	0.0	0.0	UNRESOLVED_NO_OUTCOME_SIGNAL	NO_TWO_STAGE_BAYES_EVIDENCE	NO_TWO_STAGE_BAYES_EVIDENCE	NO_TWO_STAGE_FREQUENTIST_EVIDENCE	NOT_SELECTED_BY_EBH
matched_high	no_second_stage	75	21560979	0.9	0.9	4000	1000	3	10	bd39c66663ca3d7b993ad4964f89344cff765be17d351df0153875c91cbbe193	1.0	6.0	3.0	0.0	0.573749	-0.063804	0.898573	-0.61747	-1.618043	-0.946735	0.0	0.0	0.0	UNRESOLVED_NO_OUTCOME_SIGNAL	NO_TWO_STAGE_BAYES_EVIDENCE	NO_TWO_STAGE_BAYES_EVIDENCE	NO_TWO_STAGE_FREQUENTIST_EVIDENCE	NOT_SELECTED_BY_EBH
matched_high	no_second_stage	76	21560980	0.9	0.9	4000	1000	3	10	bd39c66663ca3d7b993ad4964f89344cff765be17d351df0153875c91cbbe193	1.0	6.0	3.0	0.0	0.463258	0.083236	0.700392	-1.158179	-1.60687	-1.419294	0.0	0.0	0.0	UNRESOLVED_NO_OUTCOME_SIGNAL	NO_TWO_STAGE_BAYES_EVIDENCE	NO_TWO_STAGE_BAYES_EVIDENCE	NO_TWO_STAGE_FREQUENTIST_EVIDENCE	NOT_SELECTED_BY_EBH
matched_high	no_second_stage	77	21560981	0.9	0.9	4000	1000	3	10	bd39c66663ca3d7b993ad4964f89344cff765be17d351df0153875c91cbbe193	1.0	6.0	3.0	0.0	0.564062	nan	0.604389	-0.998435	-1.238088	-0.199329	0.0	0.0	0.0	UNRESOLVED_NO_OUTCOME_SIGNAL	NO_TWO_STAGE_BAYES_EVIDENCE	NO_TWO_STAGE_BAYES_EVIDENCE	NO_TWO_STAGE_FREQUENTIST_EVIDENCE	NOT_SELECTED_BY_EBH
matched_high	no_second_stage	78	21560982	0.9	0.9	4000	1000	3	10	bd39c66663ca3d7b993ad4964f89344cff765be17d351df0153875c91cbbe193	1.0	6.0	3.0	0.0	0.734547	-0.073598	0.749723	-0.801867	-1.489125	-1.561336	0.0	0.0	0.0	UNRESOLVED_NO_OUTCOME_SIGNAL	NO_TWO_STAGE_BAYES_EVIDENCE	NO_TWO_STAGE_BAYES_EVIDENCE	NO_TWO_STAGE_FREQUENTIST_EVIDENCE	NOT_SELECTED_BY_EBH
matched_high	no_second_stage	79	21560983	0.9	0.9	4000	1000	3	10	bd39c66663ca3d7b993ad4964f89344cff765be17d351df0153875c91cbbe193	1.0	6.0	3.0	0.0	nan	-0.134421	0.627122	-1.081879	-1.287078	-1.315113	0.0	0.0	0.0	UNRESOLVED_NO_OUTCOME_SIGNAL	NO_TWO_STAGE_BAYES_EVIDENCE	NO_TWO_STAGE_BAYES_EVIDENCE	NO_TWO_STAGE_FREQUENTIST_EVIDENCE	NOT_SELECTED_BY_EBH
matched_high	no_second_stage	80	21560984	0.9	0.9	4000	1000	3	10	bd39c66663ca3d7b993ad4964f89344cff765be17d351df0153875c91cbbe193	1.0	6.0	3.0	0.0	0.893366	0.160083	0.534871	-0.97866	-1.060557	-1.106425	0.0	0.0	0.0	UNRESOLVED_NO_OUTCOME_SIGNAL	NO_TWO_STAGE_BAYES_EVIDENCE	NO_TWO_STAGE_BAYES_EVIDENCE	NO_TWO_STAGE_FREQUENTIST_EVIDENCE	NOT_SELECTED_BY_EBH
matched_high	no_second_stage	81	21560985	0.9	0.9	4000	1000	3	10	bd39c66663ca3d7b993ad4964f89344cff765be17d351df0153875c91cbbe193	1.0	6.0	3.0	0.0	1.015484	-0.085475	0.619338	-0.974136	-1.270757	-1.578534	0.0	0.0	0.0	UNRESOLVED_NO_OUTCOME_SIGNAL	NO_TWO_STAGE_BAYES_EVIDENCE	NO_TWO_STAGE_BAYES_EVIDENCE	NO_TWO_STAGE_FREQUENTIST_EVIDENCE	NOT_SELECTED_BY_EBH
matched_high	no_second_stage	82	21560986	0.9	0.9	4000	1000	3	10	bd39c66663ca3d7b993ad4964f89344cff765be17d351df0153875c91cbbe193	1.0	6.0	3.0	0.0	0.569189	0.077846	0.537713	-1.270631	-1.06873	-1.508348	0.0	0.0	0.0	UNRESOLVED_NO_OUTCOME_SIGNAL	NO_TWO_STAGE_BAYES_EVIDENCE	NO_TWO_STAGE_BAYES_EVIDENCE	NO_TWO_STAGE_FREQUENTIST_EVIDENCE	NOT_SELECTED_BY_EBH
matched_high	no_second_stage	83	21560987	0.9	0.9	4000	1000	3	10	bd39c66663ca3d7b993ad4964f89344cff765be17d351df0153875c91cbbe193	1.0	6.0	3.0	0.0	0.690765	0.084764	0.851299	-0.899368	-1.589511	-1.444528	0.0	0.0	0.0	UNRESOLVED_NO_OUTCOME_SIGNAL	NO_TWO_STAGE_BAYES_EVIDENCE	NO_TWO_STAGE_BAYES_EVIDENCE	NO_TWO_STAGE_FREQUENTIST_EVIDENCE	NOT_SELECTED_BY_EBH
matched_high	no_second_stage	84	21560988	0.9	0.9	4000	1000	3	10	bd39c66663ca3d7b993ad4964f89344cff765be17d351df0153875c91cbbe193	1.0	6.0	3.0	0.0	0.589755	-0.164218	0.3792	-0.443977	-0.444319	-1.457268	0.0	0.0	0.0	UNRESOLVED_NO_OUTCOME_SIGNAL	NO_TWO_STAGE_BAYES_EVIDENCE	NO_TWO_STAGE_BAYES_EVIDENCE	NO_TWO_STAGE_FREQUENTIST_EVIDENCE	NOT_SELECTED_BY_EBH
matched_high	no_second_stage	85	21560989	0.9	0.9	4000	1000	3	10	bd39c66663ca3d7b993ad4964f89344cff765be17d351df0153875c91cbbe193	1.0	6.0	3.0	0.0	nan	-0.12171	0.636922	-0.956628	-1.494532	-1.036125	0.0	0.0	0.0	UNRESOLVED_NO_OUTCOME_SIGNAL	NO_TWO_STAGE_BAYES_EVIDENCE	NO_TWO_STAGE_BAYES_EVIDENCE	NO_TWO_STAGE_FREQUENTIST_EVIDENCE	NOT_SELECTED_BY_EBH
matched_high	no_second_stage	86	21560990	0.9	0.9	4000	1000	3	10	bd39c66663ca3d7b993ad4964f89344cff765be17d351df0153875c91cbbe193	1.0	6.0	3.0	0.0	0.68378	nan	0.291005	-0.065779	-0.775411	-1.314203	0.0	0.0	0.0	UNRESOLVED_NO_OUTCOME_SIGNAL	NO_TWO_STAGE_BAYES_EVIDENCE	NO_TWO_STAGE_BAYES_EVIDENCE	NO_TWO_STAGE_FREQUENTIST_EVIDENCE	NOT_SELECTED_BY_EBH
matched_high	no_second_stage	87	21560991	0.9	0.9	4000	1000	3	10	bd39c66663ca3d7b993ad4964f89344cff765be17d351df0153875c91cbbe193	1.0	6.0	3.0	0.0	0.806058	-0.03049	0.989364	-1.021039	-1.642338	-1.5946	0.0	0.0	0.0	UNRESOLVED_NO_OUTCOME_SIGNAL	NO_TWO_STAGE_BAYES_EVIDENCE	NO_TWO_STAGE_BAYES_EVIDENCE	NO_TWO_STAGE_FREQUENTIST_EVIDENCE	NOT_SELECTED_BY_EBH
matched_high	no_second_stage	88	21560992	0.9	0.9	4000	1000	3	10	bd39c66663ca3d7b993ad4964f89344cff765be17d351df0153875c91cbbe193	1.0	6.0	3.0	0.0	0.717993	0.076077	0.636801	-1.124731	-1.548602	-1.536791	0.0	0.0	0.0	UNRESOLVED_NO_OUTCOME_SIGNAL	NO_TWO_STAGE_BAYES_EVIDENCE	NO_TWO_STAGE_BAYES_EVIDENCE	NO_TWO_STAGE_FREQUENTIST_EVIDENCE	NOT_SELECTED_BY_EBH
matched_high	no_second_stage	89	21560993	0.9	0.9	4000	1000	3	10	bd39c66663ca3d7b993ad4964f89344cff765be17d351df0153875c91cbbe193	1.0	6.0	3.0	0.0	0.881453	nan	0.912438	-0.974355	-1.624323	-1.281751	0.0	0.0	0.0	UNRESOLVED_NO_OUTCOME_SIGNAL	NO_TWO_STAGE_BAYES_EVIDENCE	NO_TWO_STAGE_BAYES_EVIDENCE	NO_TWO_STAGE_FREQUENTIST_EVIDENCE	NOT_SELECTED_BY_EBH
matched_high	no_second_stage	90	21560994	0.9	0.9	4000	1000	3	10	bd39c66663ca3d7b993ad4964f89344cff765be17d351df0153875c91cbbe193	1.0	6.0	3.0	0.0	nan	-0.010701	0.747336	-1.253249	-1.486085	-1.485928	0.0	0.0	0.0	UNRESOLVED_NO_OUTCOME_SIGNAL	NO_TWO_STAGE_BAYES_EVIDENCE	NO_TWO_STAGE_BAYES_EVIDENCE	NO_TWO_STAGE_FREQUENTIST_EVIDENCE	NOT_SELECTED_BY_EBH
matched_high	no_second_stage	91	21560995	0.9	0.9	4000	1000	3	10	bd39c66663ca3d7b993ad4964f89344cff765be17d351df0153875c91cbbe193	1.0	6.0	3.0	0.0	0.742627	0.025758	0.635661	-1.270984	-1.304453	-1.495807	0.0	0.0	0.0	UNRESOLVED_NO_OUTCOME_SIGNAL	NO_TWO_STAGE_BAYES_EVIDENCE	NO_TWO_STAGE_BAYES_EVIDENCE	NO_TWO_STAGE_FREQUENTIST_EVIDENCE	NOT_SELECTED_BY_EBH
matched_high	no_second_stage	92	21560996	0.9	0.9	4000	1000	3	10	bd39c66663ca3d7b993ad4964f89344cff765be17d351df0153875c91cbbe193	1.0	6.0	3.0	0.0	0.645165	-0.18569	0.232739	-1.073089	0.349728	-1.140808	0.0	0.0	0.0	UNRESOLVED_NO_OUTCOME_SIGNAL	NO_TWO_STAGE_BAYES_EVIDENCE	NO_TWO_STAGE_BAYES_EVIDENCE	NO_TWO_STAGE_FREQUENTIST_EVIDENCE	NOT_SELECTED_BY_EBH
matched_high	no_second_stage	93	21560997	0.9	0.9	4000	1000	3	10	bd39c66663ca3d7b993ad4964f89344cff765be17d351df0153875c91cbbe193	1.0	6.0	3.0	0.0	0.54765	-0.058012	0.998246	-0.509108	-1.642599	-1.164865	0.0	0.0	0.0	UNRESOLVED_NO_OUTCOME_SIGNAL	NO_TWO_STAGE_BAYES_EVIDENCE	NO_TWO_STAGE_BAYES_EVIDENCE	NO_TWO_STAGE_FREQUENTIST_EVIDENCE	NOT_SELECTED_BY_EBH
matched_high	no_second_stage	94	21560998	0.9	0.9	4000	1000	3	10	bd39c66663ca3d7b993ad4964f89344cff765be17d351df0153875c91cbbe193	1.0	6.0	3.0	0.0	nan	-0.182532	0.509852	-0.609999	-1.383156	-1.406779	0.0	0.0	0.0	UNRESOLVED_NO_OUTCOME_SIGNAL	NO_TWO_STAGE_BAYES_EVIDENCE	NO_TWO_STAGE_BAYES_EVIDENCE	NO_TWO_STAGE_FREQUENTIST_EVIDENCE	NOT_SELECTED_BY_EBH
matched_high	no_second_stage	95	21560999	0.9	0.9	4000	1000	3	10	bd39c66663ca3d7b993ad4964f89344cff765be17d351df0153875c91cbbe193	1.0	6.0	3.0	0.0	0.650041	0.016415	0.690745	-0.77773	-1.404097	-1.34168	0.0	0.0	0.0	UNRESOLVED_NO_OUTCOME_SIGNAL	NO_TWO_STAGE_BAYES_EVIDENCE	NO_TWO_STAGE_BAYES_EVIDENCE	NO_TWO_STAGE_FREQUENTIST_EVIDENCE	NOT_SELECTED_BY_EBH
matched_high	no_second_stage	96	21561000	0.9	0.9	4000	1000	3	10	bd39c66663ca3d7b993ad4964f89344cff765be17d351df0153875c91cbbe193	1.0	6.0	3.0	0.0	0.613059	0.008395	0.61359	-1.205425	-1.258407	-1.5428	0.0	0.0	0.0	UNRESOLVED_NO_OUTCOME_SIGNAL	NO_TWO_STAGE_BAYES_EVIDENCE	NO_TWO_STAGE_BAYES_EVIDENCE	NO_TWO_STAGE_FREQUENTIST_EVIDENCE	NOT_SELECTED_BY_EBH
matched_high	no_second_stage	97	21561001	0.9	0.9	4000	1000	3	10	bd39c66663ca3d7b993ad4964f89344cff765be17d351df0153875c91cbbe193	1.0	6.0	3.0	0.0	0.718228	-0.367351	0.1697	-1.022675	0.917409	-0.679606	0.0	0.0	0.0	UNRESOLVED_NO_OUTCOME_SIGNAL	NO_TWO_STAGE_BAYES_EVIDENCE	NO_TWO_STAGE_BAYES_EVIDENCE	NO_TWO_STAGE_FREQUENTIST_EVIDENCE	NOT_SELECTED_BY_EBH
matched_high	no_second_stage	98	21561002	0.9	0.9	4000	1000	3	10	bd39c66663ca3d7b993ad4964f89344cff765be17d351df0153875c91cbbe193	1.0	6.0	3.0	0.0	0.64327	0.013856	0.697282	-0.845263	-1.414574	-1.286544	0.0	0.0	0.0	UNRESOLVED_NO_OUTCOME_SIGNAL	NO_TWO_STAGE_BAYES_EVIDENCE	NO_TWO_STAGE_BAYES_EVIDENCE	NO_TWO_STAGE_FREQUENTIST_EVIDENCE	NOT_SELECTED_BY_EBH
matched_high	no_second_stage	99	21561003	0.9	0.9	4000	1000	3	10	bd39c66663ca3d7b993ad4964f89344cff765be17d351df0153875c91cbbe193	1.0	6.0	3.0	0.0	0.593042	0.104167	0.312372	-1.042945	-0.921148	-0.911608	0.0	0.0	0.0	UNRESOLVED_NO_OUTCOME_SIGNAL	NO_TWO_STAGE_BAYES_EVIDENCE	NO_TWO_STAGE_BAYES_EVIDENCE	NO_TWO_STAGE_FREQUENTIST_EVIDENCE	NOT_SELECTED_BY_EBH
matched_high	no_second_stage	100	21561004	0.9	0.9	4000	1000	3	10	bd39c66663ca3d7b993ad4964f89344cff765be17d351df0153875c91cbbe193	1.0	6.0	3.0	0.0	nan	nan	0.854677	-1.240403	-1.695575	-1.571473	0.0	0.0	0.0	UNRESOLVED_NO_OUTCOME_SIGNAL	NO_TWO_STAGE_BAYES_EVIDENCE	NO_TWO_STAGE_BAYES_EVIDENCE	NO_TWO_STAGE_FREQUENTIST_EVIDENCE	NOT_SELECTED_BY_EBH
matched_high	same_variant_pleiotropy	1	21460905	0.9	0.9	4000	1000	3	10	bd39c66663ca3d7b993ad4964f89344cff765be17d351df0153875c91cbbe193	1.0	6.0	3.0	0.0	0.567253	nan	0.774772	1.316009	-1.519065	-0.950749	0.001269	0.355736	0.0	LD_CONFIGURATION_AMBIGUOUS	NO_TWO_STAGE_BAYES_EVIDENCE	NO_TWO_STAGE_BAYES_EVIDENCE	NO_TWO_STAGE_FREQUENTIST_EVIDENCE	NOT_SELECTED_BY_EBH
matched_high	same_variant_pleiotropy	2	21460906	0.9	0.9	4000	1000	3	10	bd39c66663ca3d7b993ad4964f89344cff765be17d351df0153875c91cbbe193	1.0	6.0	3.0	0.0	0.68477	0.469114	0.915026	1.469081	-1.625391	-1.006999	0.392774	0.277085	0.0	LD_CONFIGURATION_AMBIGUOUS	NO_TWO_STAGE_BAYES_EVIDENCE	NO_TWO_STAGE_BAYES_EVIDENCE	NO_TWO_STAGE_FREQUENTIST_EVIDENCE	NOT_SELECTED_BY_EBH
matched_high	same_variant_pleiotropy	3	21460907	0.9	0.9	4000	1000	3	10	bd39c66663ca3d7b993ad4964f89344cff765be17d351df0153875c91cbbe193	1.0	6.0	3.0	0.0	0.741306	0.403995	0.281903	1.639405	-0.408729	-1.43174	0.209517	0.434215	0.0	LD_CONFIGURATION_AMBIGUOUS	NO_TWO_STAGE_BAYES_EVIDENCE	NO_TWO_STAGE_BAYES_EVIDENCE	NO_TWO_STAGE_FREQUENTIST_EVIDENCE	NOT_SELECTED_BY_EBH
matched_high	same_variant_pleiotropy	4	21460908	0.9	0.9	4000	1000	3	10	bd39c66663ca3d7b993ad4964f89344cff765be17d351df0153875c91cbbe193	1.0	6.0	3.0	0.0	nan	0.278358	0.976351	0.889597	-1.720784	-0.945832	0.055948	0.488845	0.0	LD_CONFIGURATION_AMBIGUOUS	NO_TWO_STAGE_BAYES_EVIDENCE	NO_TWO_STAGE_BAYES_EVIDENCE	NO_TWO_STAGE_FREQUENTIST_EVIDENCE	NOT_SELECTED_BY_EBH
matched_high	same_variant_pleiotropy	5	21460909	0.9	0.9	4000	1000	3	10	bd39c66663ca3d7b993ad4964f89344cff765be17d351df0153875c91cbbe193	1.0	6.0	3.0	0.0	0.589242	0.685959	0.520383	1.509561	-1.253746	-0.743835	0.999968	7e-06	1.0	UNRESOLVED_SINGLE_SHARED_SIGNAL	NO_TWO_STAGE_BAYES_EVIDENCE	NO_TWO_STAGE_BAYES_EVIDENCE	NO_TWO_STAGE_FREQUENTIST_EVIDENCE	NOT_SELECTED_BY_EBH
matched_high	same_variant_pleiotropy	6	21460910	0.9	0.9	4000	1000	3	10	bd39c66663ca3d7b993ad4964f89344cff765be17d351df0153875c91cbbe193	1.0	6.0	3.0	0.0	0.579782	0.428308	0.952048	1.280894	-1.718673	-1.234242	0.97098	0.003827	1.0	UNRESOLVED_SINGLE_SHARED_SIGNAL	NO_TWO_STAGE_BAYES_EVIDENCE	NO_TWO_STAGE_BAYES_EVIDENCE	NO_TWO_STAGE_FREQUENTIST_EVIDENCE	NOT_SELECTED_BY_EBH
matched_high	same_variant_pleiotropy	7	21460911	0.9	0.9	4000	1000	3	10	bd39c66663ca3d7b993ad4964f89344cff765be17d351df0153875c91cbbe193	1.0	6.0	3.0	0.0	0.922505	0.706035	0.343119	1.715367	-0.243061	-0.944225	0.999885	0.00011	2.0	OVERIDENTIFIED_SHARED_SIGNALS_ASSUMPTION_CONDITIONAL	NO_TWO_STAGE_BAYES_EVIDENCE	NO_TWO_STAGE_BAYES_EVIDENCE	NO_TWO_STAGE_FREQUENTIST_EVIDENCE	NOT_SELECTED_BY_EBH
matched_high	same_variant_pleiotropy	8	21460912	0.9	0.9	4000	1000	3	10	bd39c66663ca3d7b993ad4964f89344cff765be17d351df0153875c91cbbe193	1.0	5.0	3.0	0.0	0.650189	0.725437	0.340764	1.691684	-0.229284	-0.978193	0.990649	0.005634	2.0	OVERIDENTIFIED_SHARED_SIGNALS_ASSUMPTION_CONDITIONAL	NO_TWO_STAGE_BAYES_EVIDENCE	NO_TWO_STAGE_BAYES_EVIDENCE	NO_TWO_STAGE_FREQUENTIST_EVIDENCE	NOT_SELECTED_BY_EBH
matched_high	same_variant_pleiotropy	9	21460913	0.9	0.9	4000	1000	3	10	bd39c66663ca3d7b993ad4964f89344cff765be17d351df0153875c91cbbe193	1.0	6.0	3.0	0.0	0.644505	0.578263	0.462084	1.529226	-0.928268	-1.014313	0.0	0.991743	0.0	LD_DISTINCT_SUPPORTED	NO_TWO_STAGE_BAYES_EVIDENCE	NO_TWO_STAGE_BAYES_EVIDENCE	NO_TWO_STAGE_FREQUENTIST_EVIDENCE	NOT_SELECTED_BY_EBH
matched_high	same_variant_pleiotropy	10	21460914	0.9	0.9	4000	1000	3	10	bd39c66663ca3d7b993ad4964f89344cff765be17d351df0153875c91cbbe193	1.0	6.0	3.0	0.0	0.633119	nan	0.760287	1.083852	-1.649516	-0.425504	0.999932	1.4e-05	2.0	OVERIDENTIFIED_SHARED_SIGNALS_ASSUMPTION_CONDITIONAL	NO_TWO_STAGE_BAYES_EVIDENCE	NO_TWO_STAGE_BAYES_EVIDENCE	NO_TWO_STAGE_FREQUENTIST_EVIDENCE	NOT_SELECTED_BY_EBH
matched_high	same_variant_pleiotropy	11	21460915	0.9	0.9	4000	1000	3	10	bd39c66663ca3d7b993ad4964f89344cff765be17d351df0153875c91cbbe193	1.0	6.0	3.0	0.0	0.599328	0.699357	0.65021	1.280233	-1.33282	-1.1347	0.998382	0.001558	3.0	OVERIDENTIFIED_SHARED_SIGNALS_ASSUMPTION_CONDITIONAL	NO_TWO_STAGE_BAYES_EVIDENCE	NO_TWO_STAGE_BAYES_EVIDENCE	NO_TWO_STAGE_FREQUENTIST_EVIDENCE	NOT_SELECTED_BY_EBH
matched_high	same_variant_pleiotropy	12	21460916	0.9	0.9	4000	1000	3	10	bd39c66663ca3d7b993ad4964f89344cff765be17d351df0153875c91cbbe193	1.0	6.0	3.0	0.0	0.663997	0.670791	0.664182	1.503233	-1.358647	-0.653334	0.999309	0.000591	1.0	UNRESOLVED_SINGLE_SHARED_SIGNAL	NO_TWO_STAGE_BAYES_EVIDENCE	NO_TWO_STAGE_BAYES_EVIDENCE	NO_TWO_STAGE_FREQUENTIST_EVIDENCE	NOT_SELECTED_BY_EBH
matched_high	same_variant_pleiotropy	13	21460917	0.9	0.9	4000	1000	3	10	bd39c66663ca3d7b993ad4964f89344cff765be17d351df0153875c91cbbe193	0.9999999999999999	6.0	3.0	0.0	0.80795	0.526441	0.605835	1.445011	-1.241324	-1.225743	0.992867	0.000899	2.0	OVERIDENTIFIED_SHARED_SIGNALS_ASSUMPTION_CONDITIONAL	NO_TWO_STAGE_BAYES_EVIDENCE	NO_TWO_STAGE_BAYES_EVIDENCE	NO_TWO_STAGE_FREQUENTIST_EVIDENCE	NOT_SELECTED_BY_EBH
matched_high	same_variant_pleiotropy	14	21460918	0.9	0.9	4000	1000	3	10	bd39c66663ca3d7b993ad4964f89344cff765be17d351df0153875c91cbbe193	1.0	6.0	3.0	0.0	nan	0.438966	0.931292	0.834552	-1.631364	-0.549601	0.990203	0.006607	1.0	UNRESOLVED_SINGLE_SHARED_SIGNAL	NO_TWO_STAGE_BAYES_EVIDENCE	NO_TWO_STAGE_BAYES_EVIDENCE	NO_TWO_STAGE_FREQUENTIST_EVIDENCE	NOT_SELECTED_BY_EBH
matched_high	same_variant_pleiotropy	15	21460919	0.9	0.9	4000	1000	3	10	bd39c66663ca3d7b993ad4964f89344cff765be17d351df0153875c91cbbe193	1.0	6.0	3.0	0.0	0.861002	0.444688	0.351423	1.409129	-1.041125	-1.213927	0.79483	0.166103	1.0	UNRESOLVED_SINGLE_SHARED_SIGNAL	NO_TWO_STAGE_BAYES_EVIDENCE	NO_TWO_STAGE_BAYES_EVIDENCE	NO_TWO_STAGE_FREQUENTIST_EVIDENCE	NOT_SELECTED_BY_EBH
matched_high	same_variant_pleiotropy	16	21460920	0.9	0.9	4000	1000	3	10	bd39c66663ca3d7b993ad4964f89344cff765be17d351df0153875c91cbbe193	1.0	6.0	3.0	0.0	0.82626	0.508843	0.515453	1.5027	-1.002355	-0.862262	0.999184	0.000812	2.0	OVERIDENTIFIED_SHARED_SIGNALS_ASSUMPTION_CONDITIONAL	NO_TWO_STAGE_BAYES_EVIDENCE	NO_TWO_STAGE_BAYES_EVIDENCE	NO_TWO_STAGE_FREQUENTIST_EVIDENCE	NOT_SELECTED_BY_EBH
matched_high	same_variant_pleiotropy	17	21460921	0.9	0.9	4000	1000	3	10	bd39c66663ca3d7b993ad4964f89344cff765be17d351df0153875c91cbbe193	1.0	6.0	3.0	0.0	0.787732	nan	0.736288	1.041654	-1.47159	-0.304436	0.997751	0.001564	2.0	OVERIDENTIFIED_SHARED_SIGNALS_ASSUMPTION_CONDITIONAL	NO_TWO_STAGE_BAYES_EVIDENCE	NO_TWO_STAGE_BAYES_EVIDENCE	NO_TWO_STAGE_FREQUENTIST_EVIDENCE	NOT_SELECTED_BY_EBH
matched_high	same_variant_pleiotropy	18	21460922	0.9	0.9	4000	1000	3	10	bd39c66663ca3d7b993ad4964f89344cff765be17d351df0153875c91cbbe193	1.0	5.0	3.0	0.0	0.417698	0.688952	0.488388	1.263047	-1.299966	-0.620062	0.999972	2.3e-05	1.0	UNRESOLVED_SINGLE_SHARED_SIGNAL	NO_TWO_STAGE_BAYES_EVIDENCE	NO_TWO_STAGE_BAYES_EVIDENCE	NO_TWO_STAGE_FREQUENTIST_EVIDENCE	NOT_SELECTED_BY_EBH
matched_high	same_variant_pleiotropy	19	21460923	0.9	0.9	4000	1000	3	10	bd39c66663ca3d7b993ad4964f89344cff765be17d351df0153875c91cbbe193	1.0	5.0	3.0	0.0	0.600853	nan	0.344937	1.105459	-0.522787	-0.281044	0.831477	0.027724	1.0	UNRESOLVED_SINGLE_SHARED_SIGNAL	NO_TWO_STAGE_BAYES_EVIDENCE	NO_TWO_STAGE_BAYES_EVIDENCE	NO_TWO_STAGE_FREQUENTIST_EVIDENCE	NOT_SELECTED_BY_EBH
matched_high	same_variant_pleiotropy	20	21460924	0.9	0.9	4000	1000	3	10	bd39c66663ca3d7b993ad4964f89344cff765be17d351df0153875c91cbbe193	1.0	6.0	3.0	0.0	0.646778	0.235911	0.79654	1.086405	-1.542264	-0.526193	0.84722	0.015148	1.0	UNRESOLVED_SINGLE_SHARED_SIGNAL	NO_TWO_STAGE_BAYES_EVIDENCE	NO_TWO_STAGE_BAYES_EVIDENCE	NO_TWO_STAGE_FREQUENTIST_EVIDENCE	NOT_SELECTED_BY_EBH
matched_high	same_variant_pleiotropy	21	21460925	0.9	0.9	4000	1000	3	10	bd39c66663ca3d7b993ad4964f89344cff765be17d351df0153875c91cbbe193	1.0	6.0	3.0	0.0	0.736216	nan	0.708652	1.177278	-1.432157	-0.803969	0.993098	0.002732	2.0	OVERIDENTIFIED_SHARED_SIGNALS_ASSUMPTION_CONDITIONAL	NO_TWO_STAGE_BAYES_EVIDENCE	NO_TWO_STAGE_BAYES_EVIDENCE	NO_TWO_STAGE_FREQUENTIST_EVIDENCE	NOT_SELECTED_BY_EBH
matched_high	same_variant_pleiotropy	22	21460926	0.9	0.9	4000	1000	3	10	bd39c66663ca3d7b993ad4964f89344cff765be17d351df0153875c91cbbe193	1.0	6.0	3.0	0.0	0.809716	0.693385	0.128789	1.483174	1.097663	-1.195149	0.970255	0.029629	2.0	OVERIDENTIFIED_SHARED_SIGNALS_ASSUMPTION_CONDITIONAL	NO_TWO_STAGE_BAYES_EVIDENCE	NO_TWO_STAGE_BAYES_EVIDENCE	NO_TWO_STAGE_FREQUENTIST_EVIDENCE	NOT_SELECTED_BY_EBH
matched_high	same_variant_pleiotropy	23	21460927	0.9	0.9	4000	1000	3	10	bd39c66663ca3d7b993ad4964f89344cff765be17d351df0153875c91cbbe193	1.0	6.0	3.0	0.0	0.592355	0.325808	0.201941	1.432642	-0.451124	-1.195799	0.0	0.73226	0.0	LD_CONFIGURATION_AMBIGUOUS	NO_TWO_STAGE_BAYES_EVIDENCE	NO_TWO_STAGE_BAYES_EVIDENCE	NO_TWO_STAGE_FREQUENTIST_EVIDENCE	NOT_SELECTED_BY_EBH
matched_high	same_variant_pleiotropy	24	21460928	0.9	0.9	4000	1000	3	10	bd39c66663ca3d7b993ad4964f89344cff765be17d351df0153875c91cbbe193	1.0	6.0	3.0	0.0	0.770575	0.3499	0.745825	0.958863	-1.484144	1.165063	0.998739	0.001254	1.0	UNRESOLVED_SINGLE_SHARED_SIGNAL	NO_TWO_STAGE_BAYES_EVIDENCE	NO_TWO_STAGE_BAYES_EVIDENCE	NO_TWO_STAGE_FREQUENTIST_EVIDENCE	NOT_SELECTED_BY_EBH
matched_high	same_variant_pleiotropy	25	21460929	0.9	0.9	4000	1000	3	10	bd39c66663ca3d7b993ad4964f89344cff765be17d351df0153875c91cbbe193	1.0	6.0	3.0	0.0	0.597666	0.514733	0.182681	1.669692	-0.340805	-1.339968	0.585052	0.073648	0.0	LD_CONFIGURATION_AMBIGUOUS	NO_TWO_STAGE_BAYES_EVIDENCE	NO_TWO_STAGE_BAYES_EVIDENCE	NO_TWO_STAGE_FREQUENTIST_EVIDENCE	NOT_SELECTED_BY_EBH
matched_high	same_variant_pleiotropy	26	21460930	0.9	0.9	4000	1000	3	10	bd39c66663ca3d7b993ad4964f89344cff765be17d351df0153875c91cbbe193	1.0	6.0	3.0	0.0	0.633587	0.652217	0.528716	1.746786	-1.4126	-1.277795	0.981686	0.018278	1.0	UNRESOLVED_SINGLE_SHARED_SIGNAL	NO_TWO_STAGE_BAYES_EVIDENCE	NO_TWO_STAGE_BAYES_EVIDENCE	NO_TWO_STAGE_FREQUENTIST_EVIDENCE	NOT_SELECTED_BY_EBH
matched_high	same_variant_pleiotropy	27	21460931	0.9	0.9	4000	1000	3	10	bd39c66663ca3d7b993ad4964f89344cff765be17d351df0153875c91cbbe193	1.0	6.0	3.0	0.0	0.665445	nan	0.450419	0.62756	-1.276775	1.008706	0.973004	0.012955	2.0	OVERIDENTIFIED_SHARED_SIGNALS_ASSUMPTION_CONDITIONAL	NO_TWO_STAGE_BAYES_EVIDENCE	NO_TWO_STAGE_BAYES_EVIDENCE	NO_TWO_STAGE_FREQUENTIST_EVIDENCE	NOT_SELECTED_BY_EBH
matched_high	same_variant_pleiotropy	28	21460932	0.9	0.9	4000	1000	3	10	bd39c66663ca3d7b993ad4964f89344cff765be17d351df0153875c91cbbe193	1.0	6.0	3.0	0.0	0.827824	0.291315	0.879892	1.236657	-1.608094	-0.896296	0.564102	0.048249	0.0	LD_CONFIGURATION_AMBIGUOUS	NO_TWO_STAGE_BAYES_EVIDENCE	NO_TWO_STAGE_BAYES_EVIDENCE	NO_TWO_STAGE_FREQUENTIST_EVIDENCE	NOT_SELECTED_BY_EBH
matched_high	same_variant_pleiotropy	29	21460933	0.9	0.9	4000	1000	3	10	bd39c66663ca3d7b993ad4964f89344cff765be17d351df0153875c91cbbe193	1.0	6.0	3.0	0.0	0.573455	nan	0.533659	1.181128	-1.420003	-0.029462	0.99783	0.002159	2.0	OVERIDENTIFIED_SHARED_SIGNALS_ASSUMPTION_CONDITIONAL	NO_TWO_STAGE_BAYES_EVIDENCE	NO_TWO_STAGE_BAYES_EVIDENCE	NO_TWO_STAGE_FREQUENTIST_EVIDENCE	NOT_SELECTED_BY_EBH
matched_high	same_variant_pleiotropy	30	21460934	0.9	0.9	4000	1000	3	10	bd39c66663ca3d7b993ad4964f89344cff765be17d351df0153875c91cbbe193	1.0	6.0	3.0	0.0	0.901067	0.542711	0.474766	1.640915	-0.945253	-1.156695	0.998975	0.000217	1.0	UNRESOLVED_SINGLE_SHARED_SIGNAL	NO_TWO_STAGE_BAYES_EVIDENCE	NO_TWO_STAGE_BAYES_EVIDENCE	NO_TWO_STAGE_FREQUENTIST_EVIDENCE	NOT_SELECTED_BY_EBH
matched_high	same_variant_pleiotropy	31	21460935	0.9	0.9	4000	1000	3	10	bd39c66663ca3d7b993ad4964f89344cff765be17d351df0153875c91cbbe193	1.0	6.0	3.0	0.0	1.06174	0.663986	0.556669	1.282636	-1.121117	-1.164733	0.0	0.978477	0.0	LD_DISTINCT_SUPPORTED	NO_TWO_STAGE_BAYES_EVIDENCE	NO_TWO_STAGE_BAYES_EVIDENCE	NO_TWO_STAGE_FREQUENTIST_EVIDENCE	NOT_SELECTED_BY_EBH
matched_high	same_variant_pleiotropy	32	21460936	0.9	0.9	4000	1000	3	10	bd39c66663ca3d7b993ad4964f89344cff765be17d351df0153875c91cbbe193	1.0	6.0	3.0	0.0	0.512146	0.530537	0.813345	1.002792	-1.558429	-1.182726	0.991085	0.008577	3.0	OVERIDENTIFIED_SHARED_SIGNALS_ASSUMPTION_CONDITIONAL	NO_TWO_STAGE_BAYES_EVIDENCE	NO_TWO_STAGE_BAYES_EVIDENCE	NO_TWO_STAGE_FREQUENTIST_EVIDENCE	NOT_SELECTED_BY_EBH
matched_high	same_variant_pleiotropy	33	21460937	0.9	0.9	4000	1000	3	10	bd39c66663ca3d7b993ad4964f89344cff765be17d351df0153875c91cbbe193	1.0	6.0	3.0	0.0	0.676561	0.622049	0.638966	1.424873	-1.311032	-0.740008	0.991832	0.00521	1.0	UNRESOLVED_SINGLE_SHARED_SIGNAL	NO_TWO_STAGE_BAYES_EVIDENCE	NO_TWO_STAGE_BAYES_EVIDENCE	NO_TWO_STAGE_FREQUENTIST_EVIDENCE	NOT_SELECTED_BY_EBH
matched_high	same_variant_pleiotropy	34	21460938	0.9	0.9	4000	1000	3	10	bd39c66663ca3d7b993ad4964f89344cff765be17d351df0153875c91cbbe193	1.0	6.0	3.0	0.0	0.613736	nan	0.725803	1.298727	-1.45717	-0.798202	0.998694	0.001135	2.0	OVERIDENTIFIED_SHARED_SIGNALS_ASSUMPTION_CONDITIONAL	NO_TWO_STAGE_BAYES_EVIDENCE	NO_TWO_STAGE_BAYES_EVIDENCE	NO_TWO_STAGE_FREQUENTIST_EVIDENCE	NOT_SELECTED_BY_EBH
matched_high	same_variant_pleiotropy	35	21460939	0.9	0.9	4000	1000	3	10	bd39c66663ca3d7b993ad4964f89344cff765be17d351df0153875c91cbbe193	1.0	6.0	3.0	0.0	0.608932	0.666155	0.127261	1.479136	0.05129	-0.901843	0.983255	0.001101	1.0	UNRESOLVED_SINGLE_SHARED_SIGNAL	NO_TWO_STAGE_BAYES_EVIDENCE	NO_TWO_STAGE_BAYES_EVIDENCE	NO_TWO_STAGE_FREQUENTIST_EVIDENCE	NOT_SELECTED_BY_EBH
matched_high	same_variant_pleiotropy	36	21460940	0.9	0.9	4000	1000	3	10	bd39c66663ca3d7b993ad4964f89344cff765be17d351df0153875c91cbbe193	1.0	6.0	3.0	0.0	0.611532	0.531944	0.366584	1.542268	-0.376354	-1.347864	0.728716	0.009167	0.0	LD_CONFIGURATION_AMBIGUOUS	NO_TWO_STAGE_BAYES_EVIDENCE	NO_TWO_STAGE_BAYES_EVIDENCE	NO_TWO_STAGE_FREQUENTIST_EVIDENCE	NOT_SELECTED_BY_EBH
matched_high	same_variant_pleiotropy	37	21460941	0.9	0.9	4000	1000	3	10	bd39c66663ca3d7b993ad4964f89344cff765be17d351df0153875c91cbbe193	1.0	6.0	3.0	0.0	0.607794	0.507752	0.713947	1.438457	-1.44007	-1.26755	0.914219	0.010572	1.0	UNRESOLVED_SINGLE_SHARED_SIGNAL	NO_TWO_STAGE_BAYES_EVIDENCE	NO_TWO_STAGE_BAYES_EVIDENCE	NO_TWO_STAGE_FREQUENTIST_EVIDENCE	NOT_SELECTED_BY_EBH
matched_high	same_variant_pleiotropy	38	21460942	0.9	0.9	4000	1000	3	10	bd39c66663ca3d7b993ad4964f89344cff765be17d351df0153875c91cbbe193	1.0	6.0	3.0	0.0	0.605494	0.157624	0.636434	0.885732	-1.305998	-0.208871	0.000912	0.807903	0.0	LD_DISTINCT_SUPPORTED	NO_TWO_STAGE_BAYES_EVIDENCE	NO_TWO_STAGE_BAYES_EVIDENCE	NO_TWO_STAGE_FREQUENTIST_EVIDENCE	NOT_SELECTED_BY_EBH
matched_high	same_variant_pleiotropy	39	21460943	0.9	0.9	4000	1000	3	10	bd39c66663ca3d7b993ad4964f89344cff765be17d351df0153875c91cbbe193	1.0	6.0	3.0	0.0	nan	0.551962	0.591217	1.569581	-1.497487	-1.30579	0.0	0.0	0.0	UNRESOLVED_NO_OUTCOME_SIGNAL	NO_TWO_STAGE_BAYES_EVIDENCE	NO_TWO_STAGE_BAYES_EVIDENCE	NO_TWO_STAGE_FREQUENTIST_EVIDENCE	NOT_SELECTED_BY_EBH
matched_high	same_variant_pleiotropy	40	21460944	0.9	0.9	4000	1000	3	10	bd39c66663ca3d7b993ad4964f89344cff765be17d351df0153875c91cbbe193	1.0	6.0	3.0	0.0	0.593326	nan	0.430971	1.587178	-0.692225	0.196115	0.999997	3e-06	1.0	UNRESOLVED_SINGLE_SHARED_SIGNAL	NO_TWO_STAGE_BAYES_EVIDENCE	NO_TWO_STAGE_BAYES_EVIDENCE	NO_TWO_STAGE_FREQUENTIST_EVIDENCE	NOT_SELECTED_BY_EBH
matched_high	same_variant_pleiotropy	41	21460945	0.9	0.9	4000	1000	3	10	bd39c66663ca3d7b993ad4964f89344cff765be17d351df0153875c91cbbe193	1.0	6.0	3.0	0.0	0.762764	0.347676	0.355195	1.446226	-0.87206	-0.9299	0.996425	0.002408	2.0	OVERIDENTIFIED_SHARED_SIGNALS_ASSUMPTION_CONDITIONAL	NO_TWO_STAGE_BAYES_EVIDENCE	NO_TWO_STAGE_BAYES_EVIDENCE	NO_TWO_STAGE_FREQUENTIST_EVIDENCE	NOT_SELECTED_BY_EBH
matched_high	same_variant_pleiotropy	42	21460946	0.9	0.9	4000	1000	3	10	bd39c66663ca3d7b993ad4964f89344cff765be17d351df0153875c91cbbe193	1.0	6.0	3.0	0.0	nan	0.555687	0.937792	1.036637	-1.716765	-1.300324	0.965733	0.009095	1.0	UNRESOLVED_SINGLE_SHARED_SIGNAL	NO_TWO_STAGE_BAYES_EVIDENCE	NO_TWO_STAGE_BAYES_EVIDENCE	NO_TWO_STAGE_FREQUENTIST_EVIDENCE	NOT_SELECTED_BY_EBH
matched_high	same_variant_pleiotropy	43	21460947	0.9	0.9	4000	1000	3	10	bd39c66663ca3d7b993ad4964f89344cff765be17d351df0153875c91cbbe193	1.0	6.0	3.0	0.0	0.610814	0.592631	0.985599	1.370163	-1.642114	-0.85693	0.81343	0.028287	1.0	UNRESOLVED_SINGLE_SHARED_SIGNAL	NO_TWO_STAGE_BAYES_EVIDENCE	NO_TWO_STAGE_BAYES_EVIDENCE	NO_TWO_STAGE_FREQUENTIST_EVIDENCE	NOT_SELECTED_BY_EBH
matched_high	same_variant_pleiotropy	44	21460948	0.9	0.9	4000	1000	3	10	bd39c66663ca3d7b993ad4964f89344cff765be17d351df0153875c91cbbe193	1.0	6.0	3.0	0.0	0.814673	0.507729	0.948635	1.445619	-1.63633	-1.196551	0.798989	0.039176	1.0	UNRESOLVED_SINGLE_SHARED_SIGNAL	NO_TWO_STAGE_BAYES_EVIDENCE	NO_TWO_STAGE_BAYES_EVIDENCE	NO_TWO_STAGE_FREQUENTIST_EVIDENCE	NOT_SELECTED_BY_EBH
matched_high	same_variant_pleiotropy	45	21460949	0.9	0.9	4000	1000	3	10	bd39c66663ca3d7b993ad4964f89344cff765be17d351df0153875c91cbbe193	1.0	6.0	3.0	0.0	0.432472	0.560734	0.879937	1.070253	-1.70386	-1.206676	0.9999	4.4e-05	3.0	OVERIDENTIFIED_SHARED_SIGNALS_ASSUMPTION_CONDITIONAL	NO_TWO_STAGE_BAYES_EVIDENCE	NO_TWO_STAGE_BAYES_EVIDENCE	NO_TWO_STAGE_FREQUENTIST_EVIDENCE	NOT_SELECTED_BY_EBH
matched_high	same_variant_pleiotropy	46	21460950	0.9	0.9	4000	1000	3	10	bd39c66663ca3d7b993ad4964f89344cff765be17d351df0153875c91cbbe193	1.0	6.0	3.0	0.0	0.63668	0.673838	0.168402	1.883234	-0.251426	-1.095666	0.988442	0.011367	1.0	UNRESOLVED_SINGLE_SHARED_SIGNAL	NO_TWO_STAGE_BAYES_EVIDENCE	NO_TWO_STAGE_BAYES_EVIDENCE	NO_TWO_STAGE_FREQUENTIST_EVIDENCE	NOT_SELECTED_BY_EBH
matched_high	same_variant_pleiotropy	47	21460951	0.9	0.9	4000	1000	3	10	bd39c66663ca3d7b993ad4964f89344cff765be17d351df0153875c91cbbe193	1.0	6.0	3.0	0.0	0.770326	0.670716	0.051523	1.702918	0.969241	-1.26428	0.999706	9.5e-05	2.0	OVERIDENTIFIED_SHARED_SIGNALS_ASSUMPTION_CONDITIONAL	NO_TWO_STAGE_BAYES_EVIDENCE	NO_TWO_STAGE_BAYES_EVIDENCE	NO_TWO_STAGE_FREQUENTIST_EVIDENCE	NOT_SELECTED_BY_EBH
matched_high	same_variant_pleiotropy	48	21460952	0.9	0.9	4000	1000	3	10	bd39c66663ca3d7b993ad4964f89344cff765be17d351df0153875c91cbbe193	1.0	6.0	3.0	0.0	0.787402	0.290663	0.35583	1.162565	-0.316268	-0.900179	0.0	0.619185	0.0	LD_CONFIGURATION_AMBIGUOUS	NO_TWO_STAGE_BAYES_EVIDENCE	NO_TWO_STAGE_BAYES_EVIDENCE	NO_TWO_STAGE_FREQUENTIST_EVIDENCE	NOT_SELECTED_BY_EBH
matched_high	same_variant_pleiotropy	49	21460953	0.9	0.9	4000	1000	3	10	bd39c66663ca3d7b993ad4964f89344cff765be17d351df0153875c91cbbe193	1.0	6.0	3.0	0.0	nan	0.608922	0.92972	1.63542	-1.715463	-1.096456	0.994422	0.005573	1.0	UNRESOLVED_SINGLE_SHARED_SIGNAL	NO_TWO_STAGE_BAYES_EVIDENCE	NO_TWO_STAGE_BAYES_EVIDENCE	NO_TWO_STAGE_FREQUENTIST_EVIDENCE	NOT_SELECTED_BY_EBH
matched_high	same_variant_pleiotropy	50	21460954	0.9	0.9	4000	1000	3	10	bd39c66663ca3d7b993ad4964f89344cff765be17d351df0153875c91cbbe193	0.9999999999999999	6.0	3.0	0.0	0.577245	0.439889	0.987493	1.270557	-1.721272	-1.399804	0.026229	0.673909	0.0	LD_CONFIGURATION_AMBIGUOUS	NO_TWO_STAGE_BAYES_EVIDENCE	NO_TWO_STAGE_BAYES_EVIDENCE	NO_TWO_STAGE_FREQUENTIST_EVIDENCE	NOT_SELECTED_BY_EBH
matched_high	same_variant_pleiotropy	51	21460955	0.9	0.9	4000	1000	3	10	bd39c66663ca3d7b993ad4964f89344cff765be17d351df0153875c91cbbe193	0.9999999999999999	6.0	3.0	0.0	0.612143	0.483261	0.284278	1.494193	0.099275	-1.288609	0.871378	0.017636	1.0	UNRESOLVED_SINGLE_SHARED_SIGNAL	NO_TWO_STAGE_BAYES_EVIDENCE	NO_TWO_STAGE_BAYES_EVIDENCE	NO_TWO_STAGE_FREQUENTIST_EVIDENCE	NOT_SELECTED_BY_EBH
matched_high	same_variant_pleiotropy	52	21460956	0.9	0.9	4000	1000	3	10	bd39c66663ca3d7b993ad4964f89344cff765be17d351df0153875c91cbbe193	1.0	6.0	3.0	0.0	0.891024	0.417381	0.534395	1.552053	-1.059179	-1.262039	0.532329	0.05195	0.0	LD_CONFIGURATION_AMBIGUOUS	NO_TWO_STAGE_BAYES_EVIDENCE	NO_TWO_STAGE_BAYES_EVIDENCE	NO_TWO_STAGE_FREQUENTIST_EVIDENCE	NOT_SELECTED_BY_EBH
matched_high	same_variant_pleiotropy	53	21460957	0.9	0.9	4000	1000	3	10	bd39c66663ca3d7b993ad4964f89344cff765be17d351df0153875c91cbbe193	1.0	6.0	3.0	0.0	0.663237	0.496661	0.75163	1.38494	-1.491528	-0.704637	0.998584	0.001321	1.0	UNRESOLVED_SINGLE_SHARED_SIGNAL	NO_TWO_STAGE_BAYES_EVIDENCE	NO_TWO_STAGE_BAYES_EVIDENCE	NO_TWO_STAGE_FREQUENTIST_EVIDENCE	NOT_SELECTED_BY_EBH
matched_high	same_variant_pleiotropy	54	21460958	0.9	0.9	4000	1000	3	10	bd39c66663ca3d7b993ad4964f89344cff765be17d351df0153875c91cbbe193	1.0	6.0	3.0	0.0	nan	0.337096	0.957758	0.945647	-1.719299	-0.134677	0.996346	0.003222	1.0	UNRESOLVED_SINGLE_SHARED_SIGNAL	NO_TWO_STAGE_BAYES_EVIDENCE	NO_TWO_STAGE_BAYES_EVIDENCE	NO_TWO_STAGE_FREQUENTIST_EVIDENCE	NOT_SELECTED_BY_EBH
matched_high	same_variant_pleiotropy	55	21460959	0.9	0.9	4000	1000	3	10	bd39c66663ca3d7b993ad4964f89344cff765be17d351df0153875c91cbbe193	1.0	6.0	3.0	0.0	0.702578	0.275163	0.789974	1.159207	-1.535538	-0.616258	0.90865	0.00215	1.0	UNRESOLVED_SINGLE_SHARED_SIGNAL	NO_TWO_STAGE_BAYES_EVIDENCE	NO_TWO_STAGE_BAYES_EVIDENCE	NO_TWO_STAGE_FREQUENTIST_EVIDENCE	NOT_SELECTED_BY_EBH
matched_high	same_variant_pleiotropy	56	21460960	0.9	0.9	4000	1000	3	10	bd39c66663ca3d7b993ad4964f89344cff765be17d351df0153875c91cbbe193	1.0	6.0	3.0	0.0	0.795989	0.523638	0.956684	1.556682	-1.638144	-1.358332	0.870115	0.007667	1.0	UNRESOLVED_SINGLE_SHARED_SIGNAL	NO_TWO_STAGE_BAYES_EVIDENCE	NO_TWO_STAGE_BAYES_EVIDENCE	NO_TWO_STAGE_FREQUENTIST_EVIDENCE	NOT_SELECTED_BY_EBH
matched_high	same_variant_pleiotropy	57	21460961	0.9	0.9	4000	1000	3	10	bd39c66663ca3d7b993ad4964f89344cff765be17d351df0153875c91cbbe193	1.0	6.0	3.0	0.0	nan	0.469128	0.213578	1.880722	-0.512723	-1.425618	0.933608	0.045921	1.0	UNRESOLVED_SINGLE_SHARED_SIGNAL	NO_TWO_STAGE_BAYES_EVIDENCE	NO_TWO_STAGE_BAYES_EVIDENCE	NO_TWO_STAGE_FREQUENTIST_EVIDENCE	NOT_SELECTED_BY_EBH
matched_high	same_variant_pleiotropy	58	21460962	0.9	0.9	4000	1000	3	10	bd39c66663ca3d7b993ad4964f89344cff765be17d351df0153875c91cbbe193	1.0	6.0	3.0	0.0	0.651117	0.666504	0.451838	1.531361	-0.778639	-0.928401	0.993172	0.000158	2.0	OVERIDENTIFIED_SHARED_SIGNALS_ASSUMPTION_CONDITIONAL	NO_TWO_STAGE_BAYES_EVIDENCE	NO_TWO_STAGE_BAYES_EVIDENCE	NO_TWO_STAGE_FREQUENTIST_EVIDENCE	NOT_SELECTED_BY_EBH
matched_high	same_variant_pleiotropy	59	21460963	0.9	0.9	4000	1000	3	10	bd39c66663ca3d7b993ad4964f89344cff765be17d351df0153875c91cbbe193	1.0	6.0	3.0	0.0	nan	0.526064	0.559981	0.757615	-1.457367	-1.308273	0.929918	0.012638	1.0	UNRESOLVED_SINGLE_SHARED_SIGNAL	NO_TWO_STAGE_BAYES_EVIDENCE	NO_TWO_STAGE_BAYES_EVIDENCE	NO_TWO_STAGE_FREQUENTIST_EVIDENCE	NOT_SELECTED_BY_EBH
matched_high	same_variant_pleiotropy	60	21460964	0.9	0.9	4000	1000	3	10	bd39c66663ca3d7b993ad4964f89344cff765be17d351df0153875c91cbbe193	1.0	6.0	3.0	0.0	0.639706	0.687049	0.215043	1.626431	-0.520232	-1.210133	0.999236	0.000168	2.0	OVERIDENTIFIED_SHARED_SIGNALS_ASSUMPTION_CONDITIONAL	NO_TWO_STAGE_BAYES_EVIDENCE	NO_TWO_STAGE_BAYES_EVIDENCE	NO_TWO_STAGE_FREQUENTIST_EVIDENCE	NOT_SELECTED_BY_EBH
matched_high	same_variant_pleiotropy	61	21460965	0.9	0.9	4000	1000	3	10	bd39c66663ca3d7b993ad4964f89344cff765be17d351df0153875c91cbbe193	1.0	6.0	3.0	0.0	0.709092	0.456928	0.483232	1.640578	-0.895905	-1.053538	0.989336	0.005039	1.0	UNRESOLVED_SINGLE_SHARED_SIGNAL	NO_TWO_STAGE_BAYES_EVIDENCE	NO_TWO_STAGE_BAYES_EVIDENCE	NO_TWO_STAGE_FREQUENTIST_EVIDENCE	NOT_SELECTED_BY_EBH
matched_high	same_variant_pleiotropy	62	21460966	0.9	0.9	4000	1000	3	10	bd39c66663ca3d7b993ad4964f89344cff765be17d351df0153875c91cbbe193	1.0	6.0	3.0	0.0	0.662045	0.738045	0.35987	0.869264	-0.339056	-0.711535	0.998333	0.000674	1.0	UNRESOLVED_SINGLE_SHARED_SIGNAL	NO_TWO_STAGE_BAYES_EVIDENCE	NO_TWO_STAGE_BAYES_EVIDENCE	NO_TWO_STAGE_FREQUENTIST_EVIDENCE	NOT_SELECTED_BY_EBH
matched_high	same_variant_pleiotropy	63	21460967	0.9	0.9	4000	1000	3	10	bd39c66663ca3d7b993ad4964f89344cff765be17d351df0153875c91cbbe193	1.0	5.0	3.0	0.0	0.698634	0.601571	0.488669	1.509939	-0.914798	-1.213733	0.999922	1.6e-05	3.0	OVERIDENTIFIED_SHARED_SIGNALS_ASSUMPTION_CONDITIONAL	NO_TWO_STAGE_BAYES_EVIDENCE	NO_TWO_STAGE_BAYES_EVIDENCE	NO_TWO_STAGE_FREQUENTIST_EVIDENCE	NOT_SELECTED_BY_EBH
matched_high	same_variant_pleiotropy	64	21460968	0.9	0.9	4000	1000	3	10	bd39c66663ca3d7b993ad4964f89344cff765be17d351df0153875c91cbbe193	1.0	6.0	3.0	0.0	0.739591	0.345275	0.751433	1.330017	-1.491281	-1.071109	0.240996	0.358937	0.0	LD_CONFIGURATION_AMBIGUOUS	NO_TWO_STAGE_BAYES_EVIDENCE	NO_TWO_STAGE_BAYES_EVIDENCE	NO_TWO_STAGE_FREQUENTIST_EVIDENCE	NOT_SELECTED_BY_EBH
matched_high	same_variant_pleiotropy	65	21460969	0.9	0.9	4000	1000	3	10	bd39c66663ca3d7b993ad4964f89344cff765be17d351df0153875c91cbbe193	1.0	6.0	3.0	0.0	0.630044	0.552257	0.876178	1.393785	-1.605911	-1.263877	0.917977	0.009605	3.0	OVERIDENTIFIED_SHARED_SIGNALS_ASSUMPTION_CONDITIONAL	NO_TWO_STAGE_BAYES_EVIDENCE	NO_TWO_STAGE_BAYES_EVIDENCE	NO_TWO_STAGE_FREQUENTIST_EVIDENCE	NOT_SELECTED_BY_EBH
matched_high	same_variant_pleiotropy	66	21460970	0.9	0.9	4000	1000	3	10	bd39c66663ca3d7b993ad4964f89344cff765be17d351df0153875c91cbbe193	1.0	6.0	3.0	0.0	0.638864	nan	0.63616	1.346031	-1.30545	-0.92693	0.0	0.780056	0.0	LD_CONFIGURATION_AMBIGUOUS	NO_TWO_STAGE_BAYES_EVIDENCE	NO_TWO_STAGE_BAYES_EVIDENCE	NO_TWO_STAGE_FREQUENTIST_EVIDENCE	NOT_SELECTED_BY_EBH
matched_high	same_variant_pleiotropy	67	21460971	0.9	0.9	4000	1000	3	10	bd39c66663ca3d7b993ad4964f89344cff765be17d351df0153875c91cbbe193	1.0	6.0	3.0	0.0	0.684283	0.680961	0.63183	1.649899	-1.543429	-1.241879	0.998428	0.00156	1.0	UNRESOLVED_SINGLE_SHARED_SIGNAL	NO_TWO_STAGE_BAYES_EVIDENCE	NO_TWO_STAGE_BAYES_EVIDENCE	NO_TWO_STAGE_FREQUENTIST_EVIDENCE	NOT_SELECTED_BY_EBH
matched_high	same_variant_pleiotropy	68	21460972	0.9	0.9	4000	1000	3	10	bd39c66663ca3d7b993ad4964f89344cff765be17d351df0153875c91cbbe193	1.0	6.0	3.0	0.0	0.621738	nan	0.915418	1.284684	-1.62555	-0.89218	0.989004	0.00277	1.0	UNRESOLVED_SINGLE_SHARED_SIGNAL	NO_TWO_STAGE_BAYES_EVIDENCE	NO_TWO_STAGE_BAYES_EVIDENCE	NO_TWO_STAGE_FREQUENTIST_EVIDENCE	NOT_SELECTED_BY_EBH
matched_high	same_variant_pleiotropy	69	21460973	0.9	0.9	4000	1000	3	10	bd39c66663ca3d7b993ad4964f89344cff765be17d351df0153875c91cbbe193	1.0	5.0	3.0	0.0	0.551684	0.576314	0.815639	1.496967	-1.560519	-0.994516	0.996437	0.002511	1.0	UNRESOLVED_SINGLE_SHARED_SIGNAL	NO_TWO_STAGE_BAYES_EVIDENCE	NO_TWO_STAGE_BAYES_EVIDENCE	NO_TWO_STAGE_FREQUENTIST_EVIDENCE	NOT_SELECTED_BY_EBH
matched_high	same_variant_pleiotropy	70	21460974	0.9	0.9	4000	1000	3	10	bd39c66663ca3d7b993ad4964f89344cff765be17d351df0153875c91cbbe193	1.0	6.0	3.0	0.0	0.697784	0.567329	0.484164	1.63807	-1.239446	-1.038393	0.999718	6.5e-05	2.0	OVERIDENTIFIED_SHARED_SIGNALS_ASSUMPTION_CONDITIONAL	NO_TWO_STAGE_BAYES_EVIDENCE	NO_TWO_STAGE_BAYES_EVIDENCE	NO_TWO_STAGE_FREQUENTIST_EVIDENCE	NOT_SELECTED_BY_EBH
matched_high	same_variant_pleiotropy	71	21460975	0.9	0.9	4000	1000	3	10	bd39c66663ca3d7b993ad4964f89344cff765be17d351df0153875c91cbbe193	1.0	6.0	3.0	0.0	0.642092	0.467378	0.959505	1.163606	-1.638707	-0.661003	0.999843	5.6e-05	2.0	OVERIDENTIFIED_SHARED_SIGNALS_ASSUMPTION_CONDITIONAL	NO_TWO_STAGE_BAYES_EVIDENCE	NO_TWO_STAGE_BAYES_EVIDENCE	NO_TWO_STAGE_FREQUENTIST_EVIDENCE	NOT_SELECTED_BY_EBH
matched_high	same_variant_pleiotropy	72	21460976	0.9	0.9	4000	1000	3	10	bd39c66663ca3d7b993ad4964f89344cff765be17d351df0153875c91cbbe193	1.0	6.0	3.0	0.0	0.455882	nan	0.979398	1.162699	-1.720948	-1.036715	0.990325	0.003244	2.0	OVERIDENTIFIED_SHARED_SIGNALS_ASSUMPTION_CONDITIONAL	NO_TWO_STAGE_BAYES_EVIDENCE	NO_TWO_STAGE_BAYES_EVIDENCE	NO_TWO_STAGE_FREQUENTIST_EVIDENCE	NOT_SELECTED_BY_EBH
matched_high	same_variant_pleiotropy	73	21460977	0.9	0.9	4000	1000	3	10	bd39c66663ca3d7b993ad4964f89344cff765be17d351df0153875c91cbbe193	1.0	6.0	3.0	0.0	0.553539	nan	0.805991	1.50387	-1.551539	-0.771611	0.999973	1.6e-05	1.0	UNRESOLVED_SINGLE_SHARED_SIGNAL	NO_TWO_STAGE_BAYES_EVIDENCE	NO_TWO_STAGE_BAYES_EVIDENCE	NO_TWO_STAGE_FREQUENTIST_EVIDENCE	NOT_SELECTED_BY_EBH
matched_high	same_variant_pleiotropy	74	21460978	0.9	0.9	4000	1000	3	10	bd39c66663ca3d7b993ad4964f89344cff765be17d351df0153875c91cbbe193	1.0	6.0	3.0	0.0	0.571665	nan	0.182105	1.011798	-0.337335	-0.455451	0.999646	0.00011	2.0	OVERIDENTIFIED_SHARED_SIGNALS_ASSUMPTION_CONDITIONAL	NO_TWO_STAGE_BAYES_EVIDENCE	NO_TWO_STAGE_BAYES_EVIDENCE	NO_TWO_STAGE_FREQUENTIST_EVIDENCE	NOT_SELECTED_BY_EBH
matched_high	same_variant_pleiotropy	75	21460979	0.9	0.9	4000	1000	3	10	bd39c66663ca3d7b993ad4964f89344cff765be17d351df0153875c91cbbe193	1.0	5.0	3.0	0.0	0.632575	0.319376	0.791857	1.223128	-1.53749	-0.594397	0.0	0.998938	0.0	LD_DISTINCT_SUPPORTED	NO_TWO_STAGE_BAYES_EVIDENCE	NO_TWO_STAGE_BAYES_EVIDENCE	NO_TWO_STAGE_FREQUENTIST_EVIDENCE	NOT_SELECTED_BY_EBH
matched_high	same_variant_pleiotropy	76	21460980	0.9	0.9	4000	1000	3	10	bd39c66663ca3d7b993ad4964f89344cff765be17d351df0153875c91cbbe193	1.0	6.0	3.0	0.0	0.766854	nan	0.203278	1.407802	0.016677	-0.809638	0.999913	8.5e-05	2.0	OVERIDENTIFIED_SHARED_SIGNALS_ASSUMPTION_CONDITIONAL	NO_TWO_STAGE_BAYES_EVIDENCE	NO_TWO_STAGE_BAYES_EVIDENCE	NO_TWO_STAGE_FREQUENTIST_EVIDENCE	NOT_SELECTED_BY_EBH
matched_high	same_variant_pleiotropy	77	21460981	0.9	0.9	4000	1000	3	10	bd39c66663ca3d7b993ad4964f89344cff765be17d351df0153875c91cbbe193	1.0	6.0	3.0	0.0	0.646854	0.716106	0.332266	1.18782	-0.984573	-1.084565	0.999996	3e-06	2.0	OVERIDENTIFIED_SHARED_SIGNALS_ASSUMPTION_CONDITIONAL	NO_TWO_STAGE_BAYES_EVIDENCE	NO_TWO_STAGE_BAYES_EVIDENCE	NO_TWO_STAGE_FREQUENTIST_EVIDENCE	NOT_SELECTED_BY_EBH
matched_high	same_variant_pleiotropy	78	21460982	0.9	0.9	4000	1000	3	10	bd39c66663ca3d7b993ad4964f89344cff765be17d351df0153875c91cbbe193	1.0	6.0	3.0	0.0	0.778386	0.307952	0.928674	1.430133	-1.630489	-1.153712	0.0	0.0	0.0	UNRESOLVED_NO_OUTCOME_SIGNAL	NO_TWO_STAGE_BAYES_EVIDENCE	NO_TWO_STAGE_BAYES_EVIDENCE	NO_TWO_STAGE_FREQUENTIST_EVIDENCE	NOT_SELECTED_BY_EBH
matched_high	same_variant_pleiotropy	79	21460983	0.9	0.9	4000	1000	3	10	bd39c66663ca3d7b993ad4964f89344cff765be17d351df0153875c91cbbe193	1.0	6.0	3.0	0.0	0.502779	nan	0.286632	1.319976	-0.831086	-0.964697	0.0	0.642436	0.0	LD_CONFIGURATION_AMBIGUOUS	NO_TWO_STAGE_BAYES_EVIDENCE	NO_TWO_STAGE_BAYES_EVIDENCE	NO_TWO_STAGE_FREQUENTIST_EVIDENCE	NOT_SELECTED_BY_EBH
matched_high	same_variant_pleiotropy	80	21460984	0.9	0.9	4000	1000	3	10	bd39c66663ca3d7b993ad4964f89344cff765be17d351df0153875c91cbbe193	1.0	6.0	3.0	0.0	0.71468	0.438051	0.712406	1.056595	-1.437786	-0.848714	0.989097	0.010638	2.0	OVERIDENTIFIED_SHARED_SIGNALS_ASSUMPTION_CONDITIONAL	NO_TWO_STAGE_BAYES_EVIDENCE	NO_TWO_STAGE_BAYES_EVIDENCE	NO_TWO_STAGE_FREQUENTIST_EVIDENCE	NOT_SELECTED_BY_EBH
matched_high	same_variant_pleiotropy	81	21460985	0.9	0.9	4000	1000	3	10	bd39c66663ca3d7b993ad4964f89344cff765be17d351df0153875c91cbbe193	1.0	6.0	3.0	0.0	0.999253	0.295112	0.311878	1.494186	-0.05804	-1.287493	0.0	0.0	0.0	UNRESOLVED_NO_OUTCOME_SIGNAL	NO_TWO_STAGE_BAYES_EVIDENCE	NO_TWO_STAGE_BAYES_EVIDENCE	NO_TWO_STAGE_FREQUENTIST_EVIDENCE	NOT_SELECTED_BY_EBH
matched_high	same_variant_pleiotropy	82	21460986	0.9	0.9	4000	1000	3	10	bd39c66663ca3d7b993ad4964f89344cff765be17d351df0153875c91cbbe193	1.0	6.0	3.0	0.0	1.046754	0.522741	0.991867	1.167364	-1.642449	-0.662596	0.993358	0.006628	2.0	OVERIDENTIFIED_SHARED_SIGNALS_ASSUMPTION_CONDITIONAL	NO_TWO_STAGE_BAYES_EVIDENCE	NO_TWO_STAGE_BAYES_EVIDENCE	NO_TWO_STAGE_FREQUENTIST_EVIDENCE	NOT_SELECTED_BY_EBH
matched_high	same_variant_pleiotropy	83	21460987	0.9	0.9	4000	1000	3	10	bd39c66663ca3d7b993ad4964f89344cff765be17d351df0153875c91cbbe193	1.0	5.0	3.0	0.0	0.83326	0.4676	0.918869	1.368186	-1.626918	-0.759649	0.981977	0.004906	1.0	UNRESOLVED_SINGLE_SHARED_SIGNAL	NO_TWO_STAGE_BAYES_EVIDENCE	NO_TWO_STAGE_BAYES_EVIDENCE	NO_TWO_STAGE_FREQUENTIST_EVIDENCE	NOT_SELECTED_BY_EBH
matched_high	same_variant_pleiotropy	84	21460988	0.9	0.9	4000	1000	3	10	bd39c66663ca3d7b993ad4964f89344cff765be17d351df0153875c91cbbe193	1.0	5.0	3.0	0.0	nan	0.458517	0.942316	0.780857	-1.634688	-1.103332	0.430145	0.055962	0.0	LD_CONFIGURATION_AMBIGUOUS	NO_TWO_STAGE_BAYES_EVIDENCE	NO_TWO_STAGE_BAYES_EVIDENCE	NO_TWO_STAGE_FREQUENTIST_EVIDENCE	NOT_SELECTED_BY_EBH
matched_high	same_variant_pleiotropy	85	21460989	0.9	0.9	4000	1000	3	10	bd39c66663ca3d7b993ad4964f89344cff765be17d351df0153875c91cbbe193	1.0	6.0	3.0	0.0	0.78469	0.452654	0.204454	1.496373	0.522542	-1.280796	0.981934	0.003364	2.0	OVERIDENTIFIED_SHARED_SIGNALS_ASSUMPTION_CONDITIONAL	NO_TWO_STAGE_BAYES_EVIDENCE	NO_TWO_STAGE_BAYES_EVIDENCE	NO_TWO_STAGE_FREQUENTIST_EVIDENCE	NOT_SELECTED_BY_EBH
matched_high	same_variant_pleiotropy	86	21460990	0.9	0.9	4000	1000	3	10	bd39c66663ca3d7b993ad4964f89344cff765be17d351df0153875c91cbbe193	1.0	6.0	3.0	0.0	0.760579	0.830371	0.685137	1.092964	-1.394888	-0.219528	0.999997	3e-06	2.0	OVERIDENTIFIED_SHARED_SIGNALS_ASSUMPTION_CONDITIONAL	NO_TWO_STAGE_BAYES_EVIDENCE	NO_TWO_STAGE_BAYES_EVIDENCE	NO_TWO_STAGE_FREQUENTIST_EVIDENCE	NOT_SELECTED_BY_EBH
matched_high	same_variant_pleiotropy	87	21460991	0.9	0.9	4000	1000	3	10	bd39c66663ca3d7b993ad4964f89344cff765be17d351df0153875c91cbbe193	1.0	6.0	3.0	0.0	0.886843	0.634607	0.703674	1.331436	-1.424559	-0.854363	0.999587	0.000307	1.0	UNRESOLVED_SINGLE_SHARED_SIGNAL	NO_TWO_STAGE_BAYES_EVIDENCE	NO_TWO_STAGE_BAYES_EVIDENCE	NO_TWO_STAGE_FREQUENTIST_EVIDENCE	NOT_SELECTED_BY_EBH
matched_high	same_variant_pleiotropy	88	21460992	0.9	0.9	4000	1000	3	10	bd39c66663ca3d7b993ad4964f89344cff765be17d351df0153875c91cbbe193	1.0	6.0	3.0	0.0	0.452645	0.715745	0.933319	1.178988	-1.716063	-0.319996	0.980828	0.013059	1.0	UNRESOLVED_SINGLE_SHARED_SIGNAL	NO_TWO_STAGE_BAYES_EVIDENCE	NO_TWO_STAGE_BAYES_EVIDENCE	NO_TWO_STAGE_FREQUENTIST_EVIDENCE	NOT_SELECTED_BY_EBH
matched_high	same_variant_pleiotropy	89	21460993	0.9	0.9	4000	1000	3	10	bd39c66663ca3d7b993ad4964f89344cff765be17d351df0153875c91cbbe193	1.0	6.0	3.0	0.0	0.775336	0.567466	0.711226	1.377681	-1.436025	-1.260674	0.943844	0.006294	1.0	UNRESOLVED_SINGLE_SHARED_SIGNAL	NO_TWO_STAGE_BAYES_EVIDENCE	NO_TWO_STAGE_BAYES_EVIDENCE	NO_TWO_STAGE_FREQUENTIST_EVIDENCE	NOT_SELECTED_BY_EBH
matched_high	same_variant_pleiotropy	90	21460994	0.9	0.9	4000	1000	3	10	bd39c66663ca3d7b993ad4964f89344cff765be17d351df0153875c91cbbe193	1.0	6.0	3.0	0.0	nan	nan	0.913984	1.237331	-1.624965	-0.423019	0.999968	2.7e-05	2.0	OVERIDENTIFIED_SHARED_SIGNALS_ASSUMPTION_CONDITIONAL	NO_TWO_STAGE_BAYES_EVIDENCE	NO_TWO_STAGE_BAYES_EVIDENCE	NO_TWO_STAGE_FREQUENTIST_EVIDENCE	NOT_SELECTED_BY_EBH
matched_high	same_variant_pleiotropy	91	21460995	0.9	0.9	4000	1000	3	10	bd39c66663ca3d7b993ad4964f89344cff765be17d351df0153875c91cbbe193	1.0	6.0	3.0	0.0	0.811021	0.743299	0.554776	1.580975	-1.450247	-1.041665	0.998561	0.001407	1.0	UNRESOLVED_SINGLE_SHARED_SIGNAL	NO_TWO_STAGE_BAYES_EVIDENCE	NO_TWO_STAGE_BAYES_EVIDENCE	NO_TWO_STAGE_FREQUENTIST_EVIDENCE	NOT_SELECTED_BY_EBH
matched_high	same_variant_pleiotropy	92	21460996	0.9	0.9	4000	1000	3	10	bd39c66663ca3d7b993ad4964f89344cff765be17d351df0153875c91cbbe193	1.0	6.0	3.0	0.0	0.655636	0.503078	0.458094	1.688955	-1.29178	-1.391307	0.976352	0.001718	1.0	UNRESOLVED_SINGLE_SHARED_SIGNAL	NO_TWO_STAGE_BAYES_EVIDENCE	NO_TWO_STAGE_BAYES_EVIDENCE	NO_TWO_STAGE_FREQUENTIST_EVIDENCE	NOT_SELECTED_BY_EBH
matched_high	same_variant_pleiotropy	93	21460997	0.9	0.9	4000	1000	3	10	bd39c66663ca3d7b993ad4964f89344cff765be17d351df0153875c91cbbe193	1.0	6.0	3.0	0.0	0.629941	0.909786	0.20145	1.558822	0.547193	-0.616291	0.999977	2.3e-05	2.0	OVERIDENTIFIED_SHARED_SIGNALS_ASSUMPTION_CONDITIONAL	NO_TWO_STAGE_BAYES_EVIDENCE	NO_TWO_STAGE_BAYES_EVIDENCE	NO_TWO_STAGE_FREQUENTIST_EVIDENCE	NOT_SELECTED_BY_EBH
matched_high	same_variant_pleiotropy	94	21460998	0.9	0.9	4000	1000	3	10	bd39c66663ca3d7b993ad4964f89344cff765be17d351df0153875c91cbbe193	1.0	6.0	3.0	0.0	0.557733	0.731052	0.450272	1.366931	-1.276483	-1.094456	0.998292	0.000661	2.0	OVERIDENTIFIED_SHARED_SIGNALS_ASSUMPTION_CONDITIONAL	NO_TWO_STAGE_BAYES_EVIDENCE	NO_TWO_STAGE_BAYES_EVIDENCE	NO_TWO_STAGE_FREQUENTIST_EVIDENCE	NOT_SELECTED_BY_EBH
matched_high	same_variant_pleiotropy	95	21460999	0.9	0.9	4000	1000	3	10	bd39c66663ca3d7b993ad4964f89344cff765be17d351df0153875c91cbbe193	1.0	6.0	3.0	0.0	nan	0.584936	0.773336	0.93113	-1.657367	-1.307751	0.999551	0.000194	3.0	OVERIDENTIFIED_SHARED_SIGNALS_ASSUMPTION_CONDITIONAL	NO_TWO_STAGE_BAYES_EVIDENCE	NO_TWO_STAGE_BAYES_EVIDENCE	NO_TWO_STAGE_FREQUENTIST_EVIDENCE	NOT_SELECTED_BY_EBH
matched_high	same_variant_pleiotropy	96	21461000	0.9	0.9	4000	1000	3	10	bd39c66663ca3d7b993ad4964f89344cff765be17d351df0153875c91cbbe193	1.0	6.0	3.0	0.0	0.502822	0.166654	0.698976	1.054438	-1.586285	-0.55358	0.0	0.771957	0.0	LD_CONFIGURATION_AMBIGUOUS	NO_TWO_STAGE_BAYES_EVIDENCE	NO_TWO_STAGE_BAYES_EVIDENCE	NO_TWO_STAGE_FREQUENTIST_EVIDENCE	NOT_SELECTED_BY_EBH
matched_high	same_variant_pleiotropy	97	21461001	0.9	0.9	4000	1000	3	10	bd39c66663ca3d7b993ad4964f89344cff765be17d351df0153875c91cbbe193	1.0	6.0	3.0	0.0	nan	0.62037	0.999943	0.579114	-1.642606	-0.974749	0.999433	0.000476	2.0	OVERIDENTIFIED_SHARED_SIGNALS_ASSUMPTION_CONDITIONAL	NO_TWO_STAGE_BAYES_EVIDENCE	NO_TWO_STAGE_BAYES_EVIDENCE	NO_TWO_STAGE_FREQUENTIST_EVIDENCE	NOT_SELECTED_BY_EBH
matched_high	same_variant_pleiotropy	98	21461002	0.9	0.9	4000	1000	3	10	bd39c66663ca3d7b993ad4964f89344cff765be17d351df0153875c91cbbe193	1.0	6.0	3.0	0.0	0.518635	0.571078	0.966084	1.325573	-1.720068	-1.346949	0.983602	0.013098	2.0	OVERIDENTIFIED_SHARED_SIGNALS_ASSUMPTION_CONDITIONAL	NO_TWO_STAGE_BAYES_EVIDENCE	NO_TWO_STAGE_BAYES_EVIDENCE	NO_TWO_STAGE_FREQUENTIST_EVIDENCE	NOT_SELECTED_BY_EBH
matched_high	same_variant_pleiotropy	99	21461003	0.9	0.9	4000	1000	3	10	bd39c66663ca3d7b993ad4964f89344cff765be17d351df0153875c91cbbe193	1.0	6.0	3.0	0.0	0.696269	0.434357	0.698392	1.269885	-1.60525	-1.261335	0.826767	0.0441	1.0	UNRESOLVED_SINGLE_SHARED_SIGNAL	NO_TWO_STAGE_BAYES_EVIDENCE	NO_TWO_STAGE_BAYES_EVIDENCE	NO_TWO_STAGE_FREQUENTIST_EVIDENCE	NOT_SELECTED_BY_EBH
matched_high	same_variant_pleiotropy	100	21461004	0.9	0.9	4000	1000	3	10	bd39c66663ca3d7b993ad4964f89344cff765be17d351df0153875c91cbbe193	1.0	6.0	3.0	0.0	0.538453	0.434872	0.370504	1.268998	-0.397774	-0.63765	0.999959	3.6e-05	2.0	OVERIDENTIFIED_SHARED_SIGNALS_ASSUMPTION_CONDITIONAL	NO_TWO_STAGE_BAYES_EVIDENCE	NO_TWO_STAGE_BAYES_EVIDENCE	NO_TWO_STAGE_FREQUENTIST_EVIDENCE	NOT_SELECTED_BY_EBH
matched_high	shared_mediation	1	21260905	0.9	0.9	4000	1000	3	10	bd39c66663ca3d7b993ad4964f89344cff765be17d351df0153875c91cbbe193	1.0	6.0	3.0	0.0	0.702518	nan	0.568069	1.372185	-1.150926	-1.14528	0.916294	0.056066	2.0	OVERIDENTIFIED_SHARED_SIGNALS_ASSUMPTION_CONDITIONAL	NO_TWO_STAGE_BAYES_EVIDENCE	NO_TWO_STAGE_BAYES_EVIDENCE	NO_TWO_STAGE_FREQUENTIST_EVIDENCE	NOT_SELECTED_BY_EBH
matched_high	shared_mediation	2	21260906	0.9	0.9	4000	1000	3	10	bd39c66663ca3d7b993ad4964f89344cff765be17d351df0153875c91cbbe193	1.0	6.0	3.0	0.0	0.883064	nan	0.563247	1.148156	-1.138469	-1.052691	0.991341	0.000671	2.0	OVERIDENTIFIED_SHARED_SIGNALS_ASSUMPTION_CONDITIONAL	NO_TWO_STAGE_BAYES_EVIDENCE	NO_TWO_STAGE_BAYES_EVIDENCE	NO_TWO_STAGE_FREQUENTIST_EVIDENCE	NOT_SELECTED_BY_EBH
matched_high	shared_mediation	3	21260907	0.9	0.9	4000	1000	3	10	bd39c66663ca3d7b993ad4964f89344cff765be17d351df0153875c91cbbe193	1.0	6.0	3.0	0.0	0.706819	0.54909	0.241262	1.391614	-0.36844	-1.310194	0.628829	0.062707	0.0	LD_CONFIGURATION_AMBIGUOUS	NO_TWO_STAGE_BAYES_EVIDENCE	NO_TWO_STAGE_BAYES_EVIDENCE	NO_TWO_STAGE_FREQUENTIST_EVIDENCE	NOT_SELECTED_BY_EBH
matched_high	shared_mediation	4	21260908	0.9	0.9	4000	1000	3	10	bd39c66663ca3d7b993ad4964f89344cff765be17d351df0153875c91cbbe193	1.0	6.0	3.0	0.0	nan	0.049234	0.316094	0.58121	-0.083009	0.46639	0.886038	0.002665	1.0	UNRESOLVED_SINGLE_SHARED_SIGNAL	NO_TWO_STAGE_BAYES_EVIDENCE	NO_TWO_STAGE_BAYES_EVIDENCE	NO_TWO_STAGE_FREQUENTIST_EVIDENCE	NOT_SELECTED_BY_EBH
matched_high	shared_mediation	5	21260909	0.9	0.9	4000	1000	3	10	bd39c66663ca3d7b993ad4964f89344cff765be17d351df0153875c91cbbe193	1.0	6.0	3.0	0.0	0.659277	0.209776	0.354622	0.84117	-0.99513	-0.047148	0.962605	0.003753	2.0	OVERIDENTIFIED_SHARED_SIGNALS_ASSUMPTION_CONDITIONAL	NO_TWO_STAGE_BAYES_EVIDENCE	NO_TWO_STAGE_BAYES_EVIDENCE	NO_TWO_STAGE_FREQUENTIST_EVIDENCE	NOT_SELECTED_BY_EBH
matched_high	shared_mediation	6	21260910	0.9	0.9	4000	1000	3	10	bd39c66663ca3d7b993ad4964f89344cff765be17d351df0153875c91cbbe193	1.0	6.0	3.0	0.0	0.681516	0.403569	0.446383	1.570329	-0.75674	-1.452899	0.0	0.0	0.0	UNRESOLVED_NO_OUTCOME_SIGNAL	NO_TWO_STAGE_BAYES_EVIDENCE	NO_TWO_STAGE_BAYES_EVIDENCE	NO_TWO_STAGE_FREQUENTIST_EVIDENCE	NOT_SELECTED_BY_EBH
matched_high	shared_mediation	7	21260911	0.9	0.9	4000	1000	3	10	bd39c66663ca3d7b993ad4964f89344cff765be17d351df0153875c91cbbe193	1.0	6.0	3.0	0.0	0.980812	0.359295	0.680678	0.898644	-1.387421	-0.294669	0.988723	0.002355	1.0	UNRESOLVED_SINGLE_SHARED_SIGNAL	NO_TWO_STAGE_BAYES_EVIDENCE	NO_TWO_STAGE_BAYES_EVIDENCE	NO_TWO_STAGE_FREQUENTIST_EVIDENCE	NOT_SELECTED_BY_EBH
matched_high	shared_mediation	8	21260912	0.9	0.9	4000	1000	3	10	bd39c66663ca3d7b993ad4964f89344cff765be17d351df0153875c91cbbe193	1.0	6.0	3.0	0.0	0.787941	0.50123	0.42073	1.530911	-0.647099	-1.361659	0.566083	0.041178	0.0	LD_CONFIGURATION_AMBIGUOUS	NO_TWO_STAGE_BAYES_EVIDENCE	NO_TWO_STAGE_BAYES_EVIDENCE	NO_TWO_STAGE_FREQUENTIST_EVIDENCE	NOT_SELECTED_BY_EBH
matched_high	shared_mediation	9	21260913	0.9	0.9	4000	1000	3	10	bd39c66663ca3d7b993ad4964f89344cff765be17d351df0153875c91cbbe193	1.0	6.0	3.0	0.0	0.860317	0.577844	0.166617	1.617144	0.959984	-1.299089	0.974922	0.01725	1.0	UNRESOLVED_SINGLE_SHARED_SIGNAL	NO_TWO_STAGE_BAYES_EVIDENCE	NO_TWO_STAGE_BAYES_EVIDENCE	NO_TWO_STAGE_FREQUENTIST_EVIDENCE	NOT_SELECTED_BY_EBH
matched_high	shared_mediation	10	21260914	0.9	0.9	4000	1000	3	10	bd39c66663ca3d7b993ad4964f89344cff765be17d351df0153875c91cbbe193	1.0	6.0	3.0	0.0	0.593504	0.634683	0.372236	1.300963	-0.861494	-1.248085	0.996251	0.000212	3.0	OVERIDENTIFIED_SHARED_SIGNALS_ASSUMPTION_CONDITIONAL	NO_TWO_STAGE_BAYES_EVIDENCE	NO_TWO_STAGE_BAYES_EVIDENCE	NO_TWO_STAGE_FREQUENTIST_EVIDENCE	NOT_SELECTED_BY_EBH
matched_high	shared_mediation	11	21260915	0.9	0.9	4000	1000	3	10	bd39c66663ca3d7b993ad4964f89344cff765be17d351df0153875c91cbbe193	1.0	6.0	3.0	0.0	0.74868	0.445055	0.739867	1.203192	-1.476364	-0.315603	0.999678	0.000137	2.0	OVERIDENTIFIED_SHARED_SIGNALS_ASSUMPTION_CONDITIONAL	NO_TWO_STAGE_BAYES_EVIDENCE	NO_TWO_STAGE_BAYES_EVIDENCE	NO_TWO_STAGE_FREQUENTIST_EVIDENCE	NOT_SELECTED_BY_EBH
matched_high	shared_mediation	12	21260916	0.9	0.9	4000	1000	3	10	bd39c66663ca3d7b993ad4964f89344cff765be17d351df0153875c91cbbe193	1.0	6.0	3.0	0.0	0.962672	0.754752	0.094282	1.720055	0.361397	-1.072612	0.999516	0.000484	2.0	OVERIDENTIFIED_SHARED_SIGNALS_ASSUMPTION_CONDITIONAL	NO_TWO_STAGE_BAYES_EVIDENCE	NO_TWO_STAGE_BAYES_EVIDENCE	NO_TWO_STAGE_FREQUENTIST_EVIDENCE	NOT_SELECTED_BY_EBH
matched_high	shared_mediation	13	21260917	0.9	0.9	4000	1000	3	10	bd39c66663ca3d7b993ad4964f89344cff765be17d351df0153875c91cbbe193	1.0	6.0	3.0	0.0	0.648355	0.420147	0.154624	1.386928	1.068599	-1.12058	0.988078	0.000285	3.0	OVERIDENTIFIED_SHARED_SIGNALS_ASSUMPTION_CONDITIONAL	NO_TWO_STAGE_BAYES_EVIDENCE	NO_TWO_STAGE_BAYES_EVIDENCE	NO_TWO_STAGE_FREQUENTIST_EVIDENCE	NOT_SELECTED_BY_EBH
matched_high	shared_mediation	14	21260918	0.9	0.9	4000	1000	3	10	bd39c66663ca3d7b993ad4964f89344cff765be17d351df0153875c91cbbe193	1.0	6.0	3.0	0.0	1.064358	nan	0.968954	1.116239	-1.640315	-0.440325	0.826128	0.005911	1.0	UNRESOLVED_SINGLE_SHARED_SIGNAL	NO_TWO_STAGE_BAYES_EVIDENCE	NO_TWO_STAGE_BAYES_EVIDENCE	NO_TWO_STAGE_FREQUENTIST_EVIDENCE	NOT_SELECTED_BY_EBH
matched_high	shared_mediation	15	21260919	0.9	0.9	4000	1000	3	10	bd39c66663ca3d7b993ad4964f89344cff765be17d351df0153875c91cbbe193	1.0	6.0	3.0	0.0	0.819168	0.601059	0.485285	1.65564	-0.903086	-1.092115	0.999988	5e-06	1.0	UNRESOLVED_SINGLE_SHARED_SIGNAL	NO_TWO_STAGE_BAYES_EVIDENCE	NO_TWO_STAGE_BAYES_EVIDENCE	NO_TWO_STAGE_FREQUENTIST_EVIDENCE	NOT_SELECTED_BY_EBH
matched_high	shared_mediation	16	21260920	0.9	0.9	4000	1000	3	10	bd39c66663ca3d7b993ad4964f89344cff765be17d351df0153875c91cbbe193	1.0	6.0	3.0	0.0	0.743	nan	0.663254	1.406837	-1.356974	-1.214626	0.983971	0.006305	1.0	UNRESOLVED_SINGLE_SHARED_SIGNAL	NO_TWO_STAGE_BAYES_EVIDENCE	NO_TWO_STAGE_BAYES_EVIDENCE	NO_TWO_STAGE_FREQUENTIST_EVIDENCE	NOT_SELECTED_BY_EBH
matched_high	shared_mediation	17	21260921	0.9	0.9	4000	1000	3	10	bd39c66663ca3d7b993ad4964f89344cff765be17d351df0153875c91cbbe193	1.0	6.0	3.0	0.0	nan	0.751686	0.687764	1.35245	-1.596418	-0.58438	0.999956	4.2e-05	2.0	OVERIDENTIFIED_SHARED_SIGNALS_ASSUMPTION_CONDITIONAL	NO_TWO_STAGE_BAYES_EVIDENCE	NO_TWO_STAGE_BAYES_EVIDENCE	NO_TWO_STAGE_FREQUENTIST_EVIDENCE	NOT_SELECTED_BY_EBH
matched_high	shared_mediation	18	21260922	0.9	0.9	4000	1000	3	10	bd39c66663ca3d7b993ad4964f89344cff765be17d351df0153875c91cbbe193	1.0	6.0	3.0	0.0	nan	0.437441	0.706337	1.480151	-1.611608	-0.740915	7e-06	0.979651	0.0	LD_DISTINCT_SUPPORTED	NO_TWO_STAGE_BAYES_EVIDENCE	NO_TWO_STAGE_BAYES_EVIDENCE	NO_TWO_STAGE_FREQUENTIST_EVIDENCE	NOT_SELECTED_BY_EBH
matched_high	shared_mediation	19	21260923	0.9	0.9	4000	1000	3	10	bd39c66663ca3d7b993ad4964f89344cff765be17d351df0153875c91cbbe193	1.0	6.0	3.0	0.0	0.856903	0.73433	0.248567	1.393276	0.275402	-0.804442	0.995083	0.004902	2.0	OVERIDENTIFIED_SHARED_SIGNALS_ASSUMPTION_CONDITIONAL	NO_TWO_STAGE_BAYES_EVIDENCE	NO_TWO_STAGE_BAYES_EVIDENCE	NO_TWO_STAGE_FREQUENTIST_EVIDENCE	NOT_SELECTED_BY_EBH
matched_high	shared_mediation	20	21260924	0.9	0.9	4000	1000	3	10	bd39c66663ca3d7b993ad4964f89344cff765be17d351df0153875c91cbbe193	1.0	6.0	3.0	0.0	0.742027	0.687679	0.164601	1.348117	0.140505	-1.203527	0.917174	0.003994	1.0	UNRESOLVED_SINGLE_SHARED_SIGNAL	NO_TWO_STAGE_BAYES_EVIDENCE	NO_TWO_STAGE_BAYES_EVIDENCE	NO_TWO_STAGE_FREQUENTIST_EVIDENCE	NOT_SELECTED_BY_EBH
matched_high	shared_mediation	21	21260925	0.9	0.9	4000	1000	3	10	bd39c66663ca3d7b993ad4964f89344cff765be17d351df0153875c91cbbe193	1.0	6.0	3.0	0.0	0.586367	nan	0.458862	1.291548	-0.806147	-0.616591	0.996305	0.00253	2.0	OVERIDENTIFIED_SHARED_SIGNALS_ASSUMPTION_CONDITIONAL	NO_TWO_STAGE_BAYES_EVIDENCE	NO_TWO_STAGE_BAYES_EVIDENCE	NO_TWO_STAGE_FREQUENTIST_EVIDENCE	NOT_SELECTED_BY_EBH
matched_high	shared_mediation	22	21260926	0.9	0.9	4000	1000	3	10	bd39c66663ca3d7b993ad4964f89344cff765be17d351df0153875c91cbbe193	1.0	6.0	3.0	0.0	0.776767	nan	0.866758	1.267821	-1.600066	-0.805781	0.991924	0.008021	2.0	OVERIDENTIFIED_SHARED_SIGNALS_ASSUMPTION_CONDITIONAL	NO_TWO_STAGE_BAYES_EVIDENCE	NO_TWO_STAGE_BAYES_EVIDENCE	NO_TWO_STAGE_FREQUENTIST_EVIDENCE	NOT_SELECTED_BY_EBH
matched_high	shared_mediation	23	21260927	0.9	0.9	4000	1000	3	10	bd39c66663ca3d7b993ad4964f89344cff765be17d351df0153875c91cbbe193	1.0	6.0	3.0	0.0	0.623537	nan	0.684061	1.312566	-1.593251	-0.966459	0.000245	0.366139	0.0	LD_CONFIGURATION_AMBIGUOUS	NO_TWO_STAGE_BAYES_EVIDENCE	NO_TWO_STAGE_BAYES_EVIDENCE	NO_TWO_STAGE_FREQUENTIST_EVIDENCE	NOT_SELECTED_BY_EBH
matched_high	shared_mediation	24	21260928	0.9	0.9	4000	1000	3	10	bd39c66663ca3d7b993ad4964f89344cff765be17d351df0153875c91cbbe193	1.0	6.0	3.0	0.0	0.580821	0.54766	0.54845	1.395621	-1.441418	-1.293433	0.990001	0.007652	2.0	OVERIDENTIFIED_SHARED_SIGNALS_ASSUMPTION_CONDITIONAL	NO_TWO_STAGE_BAYES_EVIDENCE	NO_TWO_STAGE_BAYES_EVIDENCE	NO_TWO_STAGE_FREQUENTIST_EVIDENCE	NOT_SELECTED_BY_EBH
matched_high	shared_mediation	25	21260929	0.9	0.9	4000	1000	3	10	bd39c66663ca3d7b993ad4964f89344cff765be17d351df0153875c91cbbe193	1.0	6.0	3.0	0.0	nan	nan	0.718156	1.114835	-1.446239	-0.730696	0.982285	0.00594	1.0	UNRESOLVED_SINGLE_SHARED_SIGNAL	NO_TWO_STAGE_BAYES_EVIDENCE	NO_TWO_STAGE_BAYES_EVIDENCE	NO_TWO_STAGE_FREQUENTIST_EVIDENCE	NOT_SELECTED_BY_EBH
matched_high	shared_mediation	26	21260930	0.9	0.9	4000	1000	3	10	bd39c66663ca3d7b993ad4964f89344cff765be17d351df0153875c91cbbe193	1.0	6.0	3.0	0.0	0.635876	0.554567	0.079523	1.627698	0.530503	-1.373387	0.985217	0.001514	1.0	UNRESOLVED_SINGLE_SHARED_SIGNAL	NO_TWO_STAGE_BAYES_EVIDENCE	NO_TWO_STAGE_BAYES_EVIDENCE	NO_TWO_STAGE_FREQUENTIST_EVIDENCE	NOT_SELECTED_BY_EBH
matched_high	shared_mediation	27	21260931	0.9	0.9	4000	1000	3	10	bd39c66663ca3d7b993ad4964f89344cff765be17d351df0153875c91cbbe193	1.0	6.0	3.0	0.0	nan	nan	0.361656	1.312804	-1.069663	-1.115	0.879154	0.015742	1.0	UNRESOLVED_SINGLE_SHARED_SIGNAL	NO_TWO_STAGE_BAYES_EVIDENCE	NO_TWO_STAGE_BAYES_EVIDENCE	NO_TWO_STAGE_FREQUENTIST_EVIDENCE	NOT_SELECTED_BY_EBH
matched_high	shared_mediation	28	21260932	0.9	0.9	4000	1000	3	10	bd39c66663ca3d7b993ad4964f89344cff765be17d351df0153875c91cbbe193	1.0	6.0	3.0	0.0	nan	nan	0.644896	1.143554	-1.556827	-0.519808	0.997717	0.0018	2.0	OVERIDENTIFIED_SHARED_SIGNALS_ASSUMPTION_CONDITIONAL	NO_TWO_STAGE_BAYES_EVIDENCE	NO_TWO_STAGE_BAYES_EVIDENCE	NO_TWO_STAGE_FREQUENTIST_EVIDENCE	NOT_SELECTED_BY_EBH
matched_high	shared_mediation	29	21260933	0.9	0.9	4000	1000	3	10	bd39c66663ca3d7b993ad4964f89344cff765be17d351df0153875c91cbbe193	1.0	6.0	3.0	0.0	0.661203	0.787935	0.208934	1.613545	-0.22585	-0.673621	0.998166	0.001106	2.0	OVERIDENTIFIED_SHARED_SIGNALS_ASSUMPTION_CONDITIONAL	NO_TWO_STAGE_BAYES_EVIDENCE	NO_TWO_STAGE_BAYES_EVIDENCE	NO_TWO_STAGE_FREQUENTIST_EVIDENCE	NOT_SELECTED_BY_EBH
matched_high	shared_mediation	30	21260934	0.9	0.9	4000	1000	3	10	bd39c66663ca3d7b993ad4964f89344cff765be17d351df0153875c91cbbe193	1.0	6.0	3.0	0.0	0.703749	0.549452	0.579177	1.409268	-1.178809	-1.261852	0.614802	0.105892	0.0	LD_CONFIGURATION_AMBIGUOUS	NO_TWO_STAGE_BAYES_EVIDENCE	NO_TWO_STAGE_BAYES_EVIDENCE	NO_TWO_STAGE_FREQUENTIST_EVIDENCE	NOT_SELECTED_BY_EBH
matched_high	shared_mediation	31	21260935	0.9	0.9	4000	1000	3	10	bd39c66663ca3d7b993ad4964f89344cff765be17d351df0153875c91cbbe193	1.0	6.0	3.0	0.0	0.80928	nan	0.264769	1.183029	0.199276	-0.795627	0.999806	9.2e-05	2.0	OVERIDENTIFIED_SHARED_SIGNALS_ASSUMPTION_CONDITIONAL	NO_TWO_STAGE_BAYES_EVIDENCE	NO_TWO_STAGE_BAYES_EVIDENCE	NO_TWO_STAGE_FREQUENTIST_EVIDENCE	NOT_SELECTED_BY_EBH
matched_high	shared_mediation	32	21260936	0.9	0.9	4000	1000	3	10	bd39c66663ca3d7b993ad4964f89344cff765be17d351df0153875c91cbbe193	1.0	5.0	3.0	0.0	0.474458	0.551853	0.592445	1.686381	-1.465035	-1.329562	0.983468	0.014794	1.0	UNRESOLVED_SINGLE_SHARED_SIGNAL	NO_TWO_STAGE_BAYES_EVIDENCE	NO_TWO_STAGE_BAYES_EVIDENCE	NO_TWO_STAGE_FREQUENTIST_EVIDENCE	NOT_SELECTED_BY_EBH
matched_high	shared_mediation	33	21260937	0.9	0.9	4000	1000	3	10	bd39c66663ca3d7b993ad4964f89344cff765be17d351df0153875c91cbbe193	1.0	6.0	3.0	0.0	0.795556	0.613256	0.049907	1.521679	0.969028	-1.211178	0.999377	0.000544	2.0	OVERIDENTIFIED_SHARED_SIGNALS_ASSUMPTION_CONDITIONAL	NO_TWO_STAGE_BAYES_EVIDENCE	NO_TWO_STAGE_BAYES_EVIDENCE	SUPPORTED_SCALAR_DISPERSION_EXCLUSION_CONDITIONAL	NOT_SELECTED_BY_EBH
matched_high	shared_mediation	34	21260938	0.9	0.9	4000	1000	3	10	bd39c66663ca3d7b993ad4964f89344cff765be17d351df0153875c91cbbe193	1.0	6.0	3.0	0.0	0.640596	0.754703	0.684208	1.360892	-1.393343	-0.556079	0.919918	0.043258	1.0	UNRESOLVED_SINGLE_SHARED_SIGNAL	NO_TWO_STAGE_BAYES_EVIDENCE	NO_TWO_STAGE_BAYES_EVIDENCE	NO_TWO_STAGE_FREQUENTIST_EVIDENCE	NOT_SELECTED_BY_EBH
matched_high	shared_mediation	35	21260939	0.9	0.9	4000	1000	3	10	bd39c66663ca3d7b993ad4964f89344cff765be17d351df0153875c91cbbe193	1.0	6.0	3.0	0.0	0.797231	0.838683	0.418334	1.489759	-0.96625	-0.745289	0.999983	9e-06	1.0	UNRESOLVED_SINGLE_SHARED_SIGNAL	NO_TWO_STAGE_BAYES_EVIDENCE	NO_TWO_STAGE_BAYES_EVIDENCE	NO_TWO_STAGE_FREQUENTIST_EVIDENCE	NOT_SELECTED_BY_EBH
matched_high	shared_mediation	36	21260940	0.9	0.9	4000	1000	3	10	bd39c66663ca3d7b993ad4964f89344cff765be17d351df0153875c91cbbe193	1.0	6.0	3.0	0.0	0.7325	0.585214	0.993283	1.337256	-1.642499	-0.781043	0.694464	0.049638	0.0	LD_CONFIGURATION_AMBIGUOUS	NO_TWO_STAGE_BAYES_EVIDENCE	NO_TWO_STAGE_BAYES_EVIDENCE	NO_TWO_STAGE_FREQUENTIST_EVIDENCE	NOT_SELECTED_BY_EBH
matched_high	shared_mediation	37	21260941	0.9	0.9	4000	1000	3	10	bd39c66663ca3d7b993ad4964f89344cff765be17d351df0153875c91cbbe193	1.0	6.0	3.0	0.0	0.72802	0.739074	0.76258	1.170846	-1.504934	-0.44904	0.999187	0.000756	2.0	OVERIDENTIFIED_SHARED_SIGNALS_ASSUMPTION_CONDITIONAL	NO_TWO_STAGE_BAYES_EVIDENCE	NO_TWO_STAGE_BAYES_EVIDENCE	NO_TWO_STAGE_FREQUENTIST_EVIDENCE	NOT_SELECTED_BY_EBH
matched_high	shared_mediation	38	21260942	0.9	0.9	4000	1000	3	10	bd39c66663ca3d7b993ad4964f89344cff765be17d351df0153875c91cbbe193	1.0	6.0	3.0	0.0	0.94401	nan	0.863096	1.013096	-1.597675	0.276722	0.986798	0.001921	2.0	OVERIDENTIFIED_SHARED_SIGNALS_ASSUMPTION_CONDITIONAL	NO_TWO_STAGE_BAYES_EVIDENCE	NO_TWO_STAGE_BAYES_EVIDENCE	NO_TWO_STAGE_FREQUENTIST_EVIDENCE	NOT_SELECTED_BY_EBH
matched_high	shared_mediation	39	21260943	0.9	0.9	4000	1000	3	10	bd39c66663ca3d7b993ad4964f89344cff765be17d351df0153875c91cbbe193	1.0	6.0	3.0	0.0	0.582259	0.464189	0.917631	1.205342	-1.626434	-0.386878	0.992668	0.007116	1.0	UNRESOLVED_SINGLE_SHARED_SIGNAL	NO_TWO_STAGE_BAYES_EVIDENCE	NO_TWO_STAGE_BAYES_EVIDENCE	NO_TWO_STAGE_FREQUENTIST_EVIDENCE	NOT_SELECTED_BY_EBH
matched_high	shared_mediation	40	21260944	0.9	0.9	4000	1000	3	10	bd39c66663ca3d7b993ad4964f89344cff765be17d351df0153875c91cbbe193	1.0	6.0	3.0	0.0	0.640501	0.643985	0.039744	1.728099	0.986606	-1.28512	0.998069	0.001719	2.0	OVERIDENTIFIED_SHARED_SIGNALS_ASSUMPTION_CONDITIONAL	NO_TWO_STAGE_BAYES_EVIDENCE	NO_TWO_STAGE_BAYES_EVIDENCE	SUPPORTED_SCALAR_DISPERSION_EXCLUSION_CONDITIONAL	NOT_SELECTED_BY_EBH
matched_high	shared_mediation	41	21260945	0.9	0.9	4000	1000	3	10	bd39c66663ca3d7b993ad4964f89344cff765be17d351df0153875c91cbbe193	1.0	6.0	3.0	0.0	0.785679	nan	0.694294	1.320619	-1.414853	-0.811699	6e-05	0.992787	0.0	LD_DISTINCT_SUPPORTED	NO_TWO_STAGE_BAYES_EVIDENCE	NO_TWO_STAGE_BAYES_EVIDENCE	NO_TWO_STAGE_FREQUENTIST_EVIDENCE	NOT_SELECTED_BY_EBH
matched_high	shared_mediation	42	21260946	0.9	0.9	4000	1000	3	10	bd39c66663ca3d7b993ad4964f89344cff765be17d351df0153875c91cbbe193	1.0	6.0	3.0	0.0	0.906389	0.534677	0.34653	1.791992	-0.262905	-1.171908	0.0	0.994874	0.0	LD_DISTINCT_SUPPORTED	NO_TWO_STAGE_BAYES_EVIDENCE	NO_TWO_STAGE_BAYES_EVIDENCE	NO_TWO_STAGE_FREQUENTIST_EVIDENCE	NOT_SELECTED_BY_EBH
matched_high	shared_mediation	43	21260947	0.9	0.9	4000	1000	3	10	bd39c66663ca3d7b993ad4964f89344cff765be17d351df0153875c91cbbe193	1.0	6.0	3.0	0.0	0.768142	0.295479	0.285186	0.937198	-0.668029	-0.490333	0.0	0.993986	0.0	LD_DISTINCT_SUPPORTED	NO_TWO_STAGE_BAYES_EVIDENCE	NO_TWO_STAGE_BAYES_EVIDENCE	NO_TWO_STAGE_FREQUENTIST_EVIDENCE	NOT_SELECTED_BY_EBH
matched_high	shared_mediation	44	21260948	0.9	0.9	4000	1000	3	10	bd39c66663ca3d7b993ad4964f89344cff765be17d351df0153875c91cbbe193	1.0	6.0	3.0	0.0	0.762221	0.51493	0.708178	1.407159	-1.43144	-0.729883	0.868892	0.034376	1.0	UNRESOLVED_SINGLE_SHARED_SIGNAL	NO_TWO_STAGE_BAYES_EVIDENCE	NO_TWO_STAGE_BAYES_EVIDENCE	NO_TWO_STAGE_FREQUENTIST_EVIDENCE	NOT_SELECTED_BY_EBH
matched_high	shared_mediation	45	21260949	0.9	0.9	4000	1000	3	10	bd39c66663ca3d7b993ad4964f89344cff765be17d351df0153875c91cbbe193	1.0	6.0	3.0	0.0	0.680247	0.819595	0.3925	1.281904	-1.149333	-0.064658	0.999857	0.000129	1.0	UNRESOLVED_SINGLE_SHARED_SIGNAL	NO_TWO_STAGE_BAYES_EVIDENCE	NO_TWO_STAGE_BAYES_EVIDENCE	NO_TWO_STAGE_FREQUENTIST_EVIDENCE	NOT_SELECTED_BY_EBH
matched_high	shared_mediation	46	21260950	0.9	0.9	4000	1000	3	10	bd39c66663ca3d7b993ad4964f89344cff765be17d351df0153875c91cbbe193	1.0	6.0	3.0	0.0	0.822222	0.151681	0.224595	0.91551	-0.533036	-0.01917	0.980904	0.002812	1.0	UNRESOLVED_SINGLE_SHARED_SIGNAL	NO_TWO_STAGE_BAYES_EVIDENCE	NO_TWO_STAGE_BAYES_EVIDENCE	NO_TWO_STAGE_FREQUENTIST_EVIDENCE	NOT_SELECTED_BY_EBH
matched_high	shared_mediation	47	21260951	0.9	0.9	4000	1000	3	10	bd39c66663ca3d7b993ad4964f89344cff765be17d351df0153875c91cbbe193	1.0	5.0	3.0	0.0	nan	0.190801	0.630347	1.13717	-1.511582	-0.80819	0.0	0.0	0.0	UNRESOLVED_NO_OUTCOME_SIGNAL	NO_TWO_STAGE_BAYES_EVIDENCE	NO_TWO_STAGE_BAYES_EVIDENCE	NO_TWO_STAGE_FREQUENTIST_EVIDENCE	NOT_SELECTED_BY_EBH
matched_high	shared_mediation	48	21260952	0.9	0.9	4000	1000	3	10	bd39c66663ca3d7b993ad4964f89344cff765be17d351df0153875c91cbbe193	1.0	5.0	3.0	0.0	0.912694	0.450363	0.848661	1.494898	-1.587589	-1.128204	0.979088	0.001801	1.0	UNRESOLVED_SINGLE_SHARED_SIGNAL	NO_TWO_STAGE_BAYES_EVIDENCE	NO_TWO_STAGE_BAYES_EVIDENCE	NO_TWO_STAGE_FREQUENTIST_EVIDENCE	NOT_SELECTED_BY_EBH
matched_high	shared_mediation	49	21260953	0.9	0.9	4000	1000	3	10	bd39c66663ca3d7b993ad4964f89344cff765be17d351df0153875c91cbbe193	1.0	6.0	3.0	0.0	0.56185	0.033145	0.464984	0.478337	-1.304912	1.929598	0.99973	4.8e-05	2.0	OVERIDENTIFIED_SHARED_SIGNALS_ASSUMPTION_CONDITIONAL	NO_TWO_STAGE_BAYES_EVIDENCE	NO_TWO_STAGE_BAYES_EVIDENCE	NO_TWO_STAGE_FREQUENTIST_EVIDENCE	NOT_SELECTED_BY_EBH
matched_high	shared_mediation	50	21260954	0.9	0.9	4000	1000	3	10	bd39c66663ca3d7b993ad4964f89344cff765be17d351df0153875c91cbbe193	1.0	6.0	3.0	0.0	0.636608	nan	0.297686	1.30139	0.024626	-0.961087	0.886364	0.047104	1.0	UNRESOLVED_SINGLE_SHARED_SIGNAL	NO_TWO_STAGE_BAYES_EVIDENCE	NO_TWO_STAGE_BAYES_EVIDENCE	NO_TWO_STAGE_FREQUENTIST_EVIDENCE	NOT_SELECTED_BY_EBH
matched_high	shared_mediation	51	21260955	0.9	0.9	4000	1000	3	10	bd39c66663ca3d7b993ad4964f89344cff765be17d351df0153875c91cbbe193	1.0	6.0	3.0	0.0	0.729904	0.528542	0.322458	1.750131	-0.12086	-1.34247	0.0	0.784462	0.0	LD_CONFIGURATION_AMBIGUOUS	NO_TWO_STAGE_BAYES_EVIDENCE	NO_TWO_STAGE_BAYES_EVIDENCE	NO_TWO_STAGE_FREQUENTIST_EVIDENCE	NOT_SELECTED_BY_EBH
matched_high	shared_mediation	52	21260956	0.9	0.9	4000	1000	3	10	bd39c66663ca3d7b993ad4964f89344cff765be17d351df0153875c91cbbe193	1.0	6.0	3.0	0.0	0.583816	0.664222	0.764174	1.455639	-1.651907	-1.212721	0.985209	0.013867	1.0	UNRESOLVED_SINGLE_SHARED_SIGNAL	NO_TWO_STAGE_BAYES_EVIDENCE	NO_TWO_STAGE_BAYES_EVIDENCE	NO_TWO_STAGE_FREQUENTIST_EVIDENCE	NOT_SELECTED_BY_EBH
matched_high	shared_mediation	53	21260957	0.9	0.9	4000	1000	3	10	bd39c66663ca3d7b993ad4964f89344cff765be17d351df0153875c91cbbe193	1.0	6.0	3.0	0.0	0.74451	0.428894	0.722027	1.24833	-1.451817	-1.109367	0.0	0.954166	0.0	LD_DISTINCT_SUPPORTED	NO_TWO_STAGE_BAYES_EVIDENCE	NO_TWO_STAGE_BAYES_EVIDENCE	NO_TWO_STAGE_FREQUENTIST_EVIDENCE	NOT_SELECTED_BY_EBH
matched_high	shared_mediation	54	21260958	0.9	0.9	4000	1000	3	10	bd39c66663ca3d7b993ad4964f89344cff765be17d351df0153875c91cbbe193	1.0	6.0	3.0	0.0	0.717886	nan	0.619861	1.476837	-1.27187	-1.12574	0.920809	0.074576	1.0	UNRESOLVED_SINGLE_SHARED_SIGNAL	NO_TWO_STAGE_BAYES_EVIDENCE	NO_TWO_STAGE_BAYES_EVIDENCE	NO_TWO_STAGE_FREQUENTIST_EVIDENCE	NOT_SELECTED_BY_EBH
matched_high	shared_mediation	55	21260959	0.9	0.9	4000	1000	3	10	bd39c66663ca3d7b993ad4964f89344cff765be17d351df0153875c91cbbe193	1.0	6.0	3.0	0.0	0.634168	0.591482	0.509986	1.392288	-0.985196	-1.05026	0.991479	0.008389	2.0	OVERIDENTIFIED_SHARED_SIGNALS_ASSUMPTION_CONDITIONAL	NO_TWO_STAGE_BAYES_EVIDENCE	NO_TWO_STAGE_BAYES_EVIDENCE	NO_TWO_STAGE_FREQUENTIST_EVIDENCE	NOT_SELECTED_BY_EBH
matched_high	shared_mediation	56	21260960	0.9	0.9	4000	1000	3	10	bd39c66663ca3d7b993ad4964f89344cff765be17d351df0153875c91cbbe193	1.0	6.0	3.0	0.0	0.803756	nan	0.672729	0.785236	-1.373782	0.922669	0.999727	0.000231	1.0	UNRESOLVED_SINGLE_SHARED_SIGNAL	NO_TWO_STAGE_BAYES_EVIDENCE	NO_TWO_STAGE_BAYES_EVIDENCE	NO_TWO_STAGE_FREQUENTIST_EVIDENCE	NOT_SELECTED_BY_EBH
matched_high	shared_mediation	57	21260961	0.9	0.9	4000	1000	3	10	bd39c66663ca3d7b993ad4964f89344cff765be17d351df0153875c91cbbe193	1.0	5.0	3.0	0.0	nan	0.43726	0.93282	1.400111	-1.700097	-1.252083	0.006964	0.637655	0.0	LD_CONFIGURATION_AMBIGUOUS	NO_TWO_STAGE_BAYES_EVIDENCE	NO_TWO_STAGE_BAYES_EVIDENCE	NO_TWO_STAGE_FREQUENTIST_EVIDENCE	NOT_SELECTED_BY_EBH
matched_high	shared_mediation	58	21260962	0.9	0.9	4000	1000	3	10	bd39c66663ca3d7b993ad4964f89344cff765be17d351df0153875c91cbbe193	1.0	6.0	3.0	0.0	0.938732	0.467423	0.220835	1.731233	0.412461	-1.406564	0.876381	0.003534	1.0	UNRESOLVED_SINGLE_SHARED_SIGNAL	NO_TWO_STAGE_BAYES_EVIDENCE	NO_TWO_STAGE_BAYES_EVIDENCE	NO_TWO_STAGE_FREQUENTIST_EVIDENCE	NOT_SELECTED_BY_EBH
matched_high	shared_mediation	59	21260963	0.9	0.9	4000	1000	3	10	bd39c66663ca3d7b993ad4964f89344cff765be17d351df0153875c91cbbe193	1.0	6.0	3.0	0.0	0.777181	nan	0.959178	1.341391	-1.638644	-0.90393	0.999934	3.3e-05	2.0	OVERIDENTIFIED_SHARED_SIGNALS_ASSUMPTION_CONDITIONAL	NO_TWO_STAGE_BAYES_EVIDENCE	NO_TWO_STAGE_BAYES_EVIDENCE	NO_TWO_STAGE_FREQUENTIST_EVIDENCE	NOT_SELECTED_BY_EBH
matched_high	shared_mediation	60	21260964	0.9	0.9	4000	1000	3	10	bd39c66663ca3d7b993ad4964f89344cff765be17d351df0153875c91cbbe193	1.0	6.0	3.0	0.0	0.700199	nan	0.926299	1.45191	-1.629667	-1.323246	0.01651	0.385081	0.0	LD_CONFIGURATION_AMBIGUOUS	NO_TWO_STAGE_BAYES_EVIDENCE	NO_TWO_STAGE_BAYES_EVIDENCE	NO_TWO_STAGE_FREQUENTIST_EVIDENCE	NOT_SELECTED_BY_EBH
matched_high	shared_mediation	61	21260965	0.9	0.9	4000	1000	3	10	bd39c66663ca3d7b993ad4964f89344cff765be17d351df0153875c91cbbe193	0.9999999999999999	6.0	3.0	0.0	0.658349	0.40009	0.361167	0.81904	-0.346322	-0.452149	0.994171	0.001194	3.0	OVERIDENTIFIED_SHARED_SIGNALS_ASSUMPTION_CONDITIONAL	NO_TWO_STAGE_BAYES_EVIDENCE	NO_TWO_STAGE_BAYES_EVIDENCE	NO_TWO_STAGE_FREQUENTIST_EVIDENCE	NOT_SELECTED_BY_EBH
matched_high	shared_mediation	62	21260966	0.9	0.9	4000	1000	3	10	bd39c66663ca3d7b993ad4964f89344cff765be17d351df0153875c91cbbe193	1.0	6.0	3.0	0.0	0.612705	0.588791	0.624528	1.610014	-1.535657	-1.285539	0.986859	0.01129	2.0	OVERIDENTIFIED_SHARED_SIGNALS_ASSUMPTION_CONDITIONAL	NO_TWO_STAGE_BAYES_EVIDENCE	NO_TWO_STAGE_BAYES_EVIDENCE	NO_TWO_STAGE_FREQUENTIST_EVIDENCE	NOT_SELECTED_BY_EBH
matched_high	shared_mediation	63	21260967	0.9	0.9	4000	1000	3	10	bd39c66663ca3d7b993ad4964f89344cff765be17d351df0153875c91cbbe193	1.0	6.0	3.0	0.0	0.749186	nan	0.590884	1.028486	-1.207007	-0.014057	0.992391	0.001331	2.0	OVERIDENTIFIED_SHARED_SIGNALS_ASSUMPTION_CONDITIONAL	NO_TWO_STAGE_BAYES_EVIDENCE	NO_TWO_STAGE_BAYES_EVIDENCE	NO_TWO_STAGE_FREQUENTIST_EVIDENCE	NOT_SELECTED_BY_EBH
matched_high	shared_mediation	64	21260968	0.9	0.9	4000	1000	3	10	bd39c66663ca3d7b993ad4964f89344cff765be17d351df0153875c91cbbe193	0.9999999999999999	6.0	3.0	0.0	0.766443	nan	0.223928	1.211683	0.395172	-0.809665	0.001546	0.97754	0.0	LD_DISTINCT_SUPPORTED	NO_TWO_STAGE_BAYES_EVIDENCE	NO_TWO_STAGE_BAYES_EVIDENCE	NO_TWO_STAGE_FREQUENTIST_EVIDENCE	NOT_SELECTED_BY_EBH
matched_high	shared_mediation	65	21260969	0.9	0.9	4000	1000	3	10	bd39c66663ca3d7b993ad4964f89344cff765be17d351df0153875c91cbbe193	1.0	5.0	3.0	0.0	0.753249	0.266325	0.658602	0.938105	-1.348495	-0.44726	0.958321	0.017262	1.0	UNRESOLVED_SINGLE_SHARED_SIGNAL	NO_TWO_STAGE_BAYES_EVIDENCE	NO_TWO_STAGE_BAYES_EVIDENCE	NO_TWO_STAGE_FREQUENTIST_EVIDENCE	NOT_SELECTED_BY_EBH
matched_high	shared_mediation	66	21260970	0.9	0.9	4000	1000	3	10	bd39c66663ca3d7b993ad4964f89344cff765be17d351df0153875c91cbbe193	1.0	6.0	3.0	0.0	0.997025	0.722128	0.612445	1.504152	-1.255914	-0.57143	0.999132	0.00086	2.0	OVERIDENTIFIED_SHARED_SIGNALS_ASSUMPTION_CONDITIONAL	NO_TWO_STAGE_BAYES_EVIDENCE	NO_TWO_STAGE_BAYES_EVIDENCE	NO_TWO_STAGE_FREQUENTIST_EVIDENCE	NOT_SELECTED_BY_EBH
matched_high	shared_mediation	67	21260971	0.9	0.9	4000	1000	3	10	bd39c66663ca3d7b993ad4964f89344cff765be17d351df0153875c91cbbe193	1.0	6.0	3.0	0.0	0.517529	0.344534	0.609472	0.958637	-1.518968	0.218257	0.857697	0.141591	1.0	UNRESOLVED_SINGLE_SHARED_SIGNAL	NO_TWO_STAGE_BAYES_EVIDENCE	NO_TWO_STAGE_BAYES_EVIDENCE	NO_TWO_STAGE_FREQUENTIST_EVIDENCE	NOT_SELECTED_BY_EBH
matched_high	shared_mediation	68	21260972	0.9	0.9	4000	1000	3	10	bd39c66663ca3d7b993ad4964f89344cff765be17d351df0153875c91cbbe193	1.0	6.0	3.0	0.0	0.537444	0.573675	0.620297	1.53693	-1.42269	-1.08087	0.968139	0.027824	1.0	UNRESOLVED_SINGLE_SHARED_SIGNAL	NO_TWO_STAGE_BAYES_EVIDENCE	NO_TWO_STAGE_BAYES_EVIDENCE	NO_TWO_STAGE_FREQUENTIST_EVIDENCE	NOT_SELECTED_BY_EBH
matched_high	shared_mediation	69	21260973	0.9	0.9	4000	1000	3	10	bd39c66663ca3d7b993ad4964f89344cff765be17d351df0153875c91cbbe193	1.0	6.0	3.0	0.0	0.459568	0.665626	0.76526	1.364092	-1.652567	0.146661	0.999961	3.7e-05	1.0	UNRESOLVED_SINGLE_SHARED_SIGNAL	NO_TWO_STAGE_BAYES_EVIDENCE	NO_TWO_STAGE_BAYES_EVIDENCE	NO_TWO_STAGE_FREQUENTIST_EVIDENCE	NOT_SELECTED_BY_EBH
matched_high	shared_mediation	70	21260974	0.9	0.9	4000	1000	3	10	bd39c66663ca3d7b993ad4964f89344cff765be17d351df0153875c91cbbe193	1.0	6.0	3.0	0.0	0.585553	0.679332	0.900481	0.885071	-1.7094	-1.136039	0.937497	0.060952	1.0	UNRESOLVED_SINGLE_SHARED_SIGNAL	NO_TWO_STAGE_BAYES_EVIDENCE	NO_TWO_STAGE_BAYES_EVIDENCE	NO_TWO_STAGE_FREQUENTIST_EVIDENCE	NOT_SELECTED_BY_EBH
matched_high	shared_mediation	71	21260975	0.9	0.9	4000	1000	3	10	bd39c66663ca3d7b993ad4964f89344cff765be17d351df0153875c91cbbe193	1.0	6.0	3.0	0.0	0.713811	0.350596	0.726244	1.397783	-1.457789	-1.077732	0.9816	0.00041	1.0	UNRESOLVED_SINGLE_SHARED_SIGNAL	NO_TWO_STAGE_BAYES_EVIDENCE	NO_TWO_STAGE_BAYES_EVIDENCE	NO_TWO_STAGE_FREQUENTIST_EVIDENCE	NOT_SELECTED_BY_EBH
matched_high	shared_mediation	72	21260976	0.9	0.9	4000	1000	3	10	bd39c66663ca3d7b993ad4964f89344cff765be17d351df0153875c91cbbe193	1.0	6.0	3.0	0.0	0.74135	nan	0.201521	1.364427	0.004092	-1.110241	0.93768	0.016835	2.0	OVERIDENTIFIED_SHARED_SIGNALS_ASSUMPTION_CONDITIONAL	NO_TWO_STAGE_BAYES_EVIDENCE	NO_TWO_STAGE_BAYES_EVIDENCE	NO_TWO_STAGE_FREQUENTIST_EVIDENCE	NOT_SELECTED_BY_EBH
matched_high	shared_mediation	73	21260977	0.9	0.9	4000	1000	3	10	bd39c66663ca3d7b993ad4964f89344cff765be17d351df0153875c91cbbe193	1.0	6.0	3.0	0.0	0.760608	0.55602	0.653169	1.395362	-1.338404	-0.74882	0.999898	0.000101	2.0	OVERIDENTIFIED_SHARED_SIGNALS_ASSUMPTION_CONDITIONAL	NO_TWO_STAGE_BAYES_EVIDENCE	NO_TWO_STAGE_BAYES_EVIDENCE	NO_TWO_STAGE_FREQUENTIST_EVIDENCE	NOT_SELECTED_BY_EBH
matched_high	shared_mediation	74	21260978	0.9	0.9	4000	1000	3	10	bd39c66663ca3d7b993ad4964f89344cff765be17d351df0153875c91cbbe193	1.0	6.0	3.0	0.0	0.827929	0.379293	0.868323	1.49158	-1.601068	-1.36935	0.0	0.0	0.0	UNRESOLVED_NO_OUTCOME_SIGNAL	NO_TWO_STAGE_BAYES_EVIDENCE	NO_TWO_STAGE_BAYES_EVIDENCE	NO_TWO_STAGE_FREQUENTIST_EVIDENCE	NOT_SELECTED_BY_EBH
matched_high	shared_mediation	75	21260979	0.9	0.9	4000	1000	3	10	bd39c66663ca3d7b993ad4964f89344cff765be17d351df0153875c91cbbe193	1.0	6.0	3.0	0.0	0.852319	nan	0.989992	0.898231	-1.642368	1.792123	0.996502	0.003493	2.0	OVERIDENTIFIED_SHARED_SIGNALS_ASSUMPTION_CONDITIONAL	NO_TWO_STAGE_BAYES_EVIDENCE	NO_TWO_STAGE_BAYES_EVIDENCE	NO_TWO_STAGE_FREQUENTIST_EVIDENCE	NOT_SELECTED_BY_EBH
matched_high	shared_mediation	76	21260980	0.9	0.9	4000	1000	3	10	bd39c66663ca3d7b993ad4964f89344cff765be17d351df0153875c91cbbe193	1.0	6.0	3.0	0.0	0.633747	0.499393	0.484731	1.504467	-0.901153	-1.070607	0.999748	5.3e-05	1.0	UNRESOLVED_SINGLE_SHARED_SIGNAL	NO_TWO_STAGE_BAYES_EVIDENCE	NO_TWO_STAGE_BAYES_EVIDENCE	NO_TWO_STAGE_FREQUENTIST_EVIDENCE	NOT_SELECTED_BY_EBH
matched_high	shared_mediation	77	21260981	0.9	0.9	4000	1000	3	10	bd39c66663ca3d7b993ad4964f89344cff765be17d351df0153875c91cbbe193	1.0	6.0	3.0	0.0	nan	0.321487	0.75497	1.302618	-1.49569	-0.865111	0.910489	0.020212	1.0	UNRESOLVED_SINGLE_SHARED_SIGNAL	NO_TWO_STAGE_BAYES_EVIDENCE	NO_TWO_STAGE_BAYES_EVIDENCE	NO_TWO_STAGE_FREQUENTIST_EVIDENCE	NOT_SELECTED_BY_EBH
matched_high	shared_mediation	78	21260982	0.9	0.9	4000	1000	3	10	bd39c66663ca3d7b993ad4964f89344cff765be17d351df0153875c91cbbe193	1.0	6.0	3.0	0.0	0.734338	0.678758	0.300059	1.514152	-0.290585	-1.128101	0.969878	0.024258	2.0	OVERIDENTIFIED_SHARED_SIGNALS_ASSUMPTION_CONDITIONAL	NO_TWO_STAGE_BAYES_EVIDENCE	NO_TWO_STAGE_BAYES_EVIDENCE	NO_TWO_STAGE_FREQUENTIST_EVIDENCE	NOT_SELECTED_BY_EBH
matched_high	shared_mediation	79	21260983	0.9	0.9	4000	1000	3	10	bd39c66663ca3d7b993ad4964f89344cff765be17d351df0153875c91cbbe193	1.0	6.0	3.0	0.0	0.747884	0.507252	0.335053	1.806492	-0.993064	-1.392947	0.933832	0.002852	1.0	UNRESOLVED_SINGLE_SHARED_SIGNAL	NO_TWO_STAGE_BAYES_EVIDENCE	NO_TWO_STAGE_BAYES_EVIDENCE	NO_TWO_STAGE_FREQUENTIST_EVIDENCE	NOT_SELECTED_BY_EBH
matched_high	shared_mediation	80	21260984	0.9	0.9	4000	1000	3	10	bd39c66663ca3d7b993ad4964f89344cff765be17d351df0153875c91cbbe193	1.0	6.0	3.0	0.0	0.620453	0.564959	0.98574	1.130139	-1.642123	-0.898391	0.999587	0.000305	2.0	OVERIDENTIFIED_SHARED_SIGNALS_ASSUMPTION_CONDITIONAL	NO_TWO_STAGE_BAYES_EVIDENCE	NO_TWO_STAGE_BAYES_EVIDENCE	NO_TWO_STAGE_FREQUENTIST_EVIDENCE	NOT_SELECTED_BY_EBH
matched_high	shared_mediation	81	21260985	0.9	0.9	4000	1000	3	10	bd39c66663ca3d7b993ad4964f89344cff765be17d351df0153875c91cbbe193	1.0	6.0	3.0	0.0	0.602076	0.626058	0.889529	1.188144	-1.706579	-1.29406	0.998929	0.000736	2.0	OVERIDENTIFIED_SHARED_SIGNALS_ASSUMPTION_CONDITIONAL	NO_TWO_STAGE_BAYES_EVIDENCE	NO_TWO_STAGE_BAYES_EVIDENCE	NO_TWO_STAGE_FREQUENTIST_EVIDENCE	NOT_SELECTED_BY_EBH
matched_high	shared_mediation	82	21260986	0.9	0.9	4000	1000	3	10	bd39c66663ca3d7b993ad4964f89344cff765be17d351df0153875c91cbbe193	1.0	6.0	3.0	0.0	0.857807	0.554624	0.697983	1.319631	-1.415683	-1.208102	0.876205	0.005435	1.0	UNRESOLVED_SINGLE_SHARED_SIGNAL	NO_TWO_STAGE_BAYES_EVIDENCE	NO_TWO_STAGE_BAYES_EVIDENCE	NO_TWO_STAGE_FREQUENTIST_EVIDENCE	NOT_SELECTED_BY_EBH
matched_high	shared_mediation	83	21260987	0.9	0.9	4000	1000	3	10	bd39c66663ca3d7b993ad4964f89344cff765be17d351df0153875c91cbbe193	1.0	6.0	3.0	0.0	0.575262	0.558742	0.751555	1.07715	-1.643984	-1.168277	0.000643	0.94581	0.0	LD_DISTINCT_SUPPORTED	NO_TWO_STAGE_BAYES_EVIDENCE	NO_TWO_STAGE_BAYES_EVIDENCE	NO_TWO_STAGE_FREQUENTIST_EVIDENCE	NOT_SELECTED_BY_EBH
matched_high	shared_mediation	84	21260988	0.9	0.9	4000	1000	3	10	bd39c66663ca3d7b993ad4964f89344cff765be17d351df0153875c91cbbe193	1.0	6.0	3.0	0.0	0.586729	0.712333	0.640735	1.390796	-1.552631	-1.142533	0.999982	1.2e-05	2.0	OVERIDENTIFIED_SHARED_SIGNALS_ASSUMPTION_CONDITIONAL	NO_TWO_STAGE_BAYES_EVIDENCE	NO_TWO_STAGE_BAYES_EVIDENCE	NO_TWO_STAGE_FREQUENTIST_EVIDENCE	NOT_SELECTED_BY_EBH
matched_high	shared_mediation	85	21260989	0.9	0.9	4000	1000	3	10	bd39c66663ca3d7b993ad4964f89344cff765be17d351df0153875c91cbbe193	1.0	6.0	3.0	0.0	0.607978	nan	0.332463	1.014557	-0.395142	0.072696	0.97349	0.026464	1.0	UNRESOLVED_SINGLE_SHARED_SIGNAL	NO_TWO_STAGE_BAYES_EVIDENCE	NO_TWO_STAGE_BAYES_EVIDENCE	NO_TWO_STAGE_FREQUENTIST_EVIDENCE	NOT_SELECTED_BY_EBH
matched_high	shared_mediation	86	21260990	0.9	0.9	4000	1000	3	10	bd39c66663ca3d7b993ad4964f89344cff765be17d351df0153875c91cbbe193	1.0	6.0	3.0	0.0	0.615077	nan	0.313521	0.803512	-0.35032	1.082819	0.999926	3e-06	1.0	UNRESOLVED_SINGLE_SHARED_SIGNAL	NO_TWO_STAGE_BAYES_EVIDENCE	NO_TWO_STAGE_BAYES_EVIDENCE	NO_TWO_STAGE_FREQUENTIST_EVIDENCE	NOT_SELECTED_BY_EBH
matched_high	shared_mediation	87	21260991	0.9	0.9	4000	1000	3	10	bd39c66663ca3d7b993ad4964f89344cff765be17d351df0153875c91cbbe193	1.0	6.0	3.0	0.0	0.741773	0.770413	0.55156	1.453722	-1.107353	-0.787531	0.999959	4e-05	2.0	OVERIDENTIFIED_SHARED_SIGNALS_ASSUMPTION_CONDITIONAL	NO_TWO_STAGE_BAYES_EVIDENCE	NO_TWO_STAGE_BAYES_EVIDENCE	NO_TWO_STAGE_FREQUENTIST_EVIDENCE	NOT_SELECTED_BY_EBH
matched_high	shared_mediation	88	21260992	0.9	0.9	4000	1000	3	10	bd39c66663ca3d7b993ad4964f89344cff765be17d351df0153875c91cbbe193	1.0	6.0	3.0	0.0	0.855332	0.539588	0.30908	1.643515	-0.041541	-1.373932	0.987956	0.004305	2.0	OVERIDENTIFIED_SHARED_SIGNALS_ASSUMPTION_CONDITIONAL	NO_TWO_STAGE_BAYES_EVIDENCE	NO_TWO_STAGE_BAYES_EVIDENCE	NO_TWO_STAGE_FREQUENTIST_EVIDENCE	NOT_SELECTED_BY_EBH
matched_high	shared_mediation	89	21260993	0.9	0.9	4000	1000	3	10	bd39c66663ca3d7b993ad4964f89344cff765be17d351df0153875c91cbbe193	1.0	6.0	3.0	0.0	0.680772	0.698971	0.846599	1.251213	-1.586063	-0.342602	0.999672	0.0002	1.0	UNRESOLVED_SINGLE_SHARED_SIGNAL	NO_TWO_STAGE_BAYES_EVIDENCE	NO_TWO_STAGE_BAYES_EVIDENCE	NO_TWO_STAGE_FREQUENTIST_EVIDENCE	NOT_SELECTED_BY_EBH
matched_high	shared_mediation	90	21260994	0.9	0.9	4000	1000	3	10	bd39c66663ca3d7b993ad4964f89344cff765be17d351df0153875c91cbbe193	1.0	6.0	3.0	0.0	0.615991	0.648795	0.404127	1.471745	-0.569909	-1.187134	0.999987	7e-06	2.0	OVERIDENTIFIED_SHARED_SIGNALS_ASSUMPTION_CONDITIONAL	NO_TWO_STAGE_BAYES_EVIDENCE	NO_TWO_STAGE_BAYES_EVIDENCE	NO_TWO_STAGE_FREQUENTIST_EVIDENCE	NOT_SELECTED_BY_EBH
matched_high	shared_mediation	91	21260995	0.9	0.9	4000	1000	3	10	bd39c66663ca3d7b993ad4964f89344cff765be17d351df0153875c91cbbe193	1.0	6.0	3.0	0.0	0.607692	0.553719	0.595571	1.031547	-1.502737	-1.344965	0.999989	2e-06	2.0	OVERIDENTIFIED_SHARED_SIGNALS_ASSUMPTION_CONDITIONAL	NO_TWO_STAGE_BAYES_EVIDENCE	NO_TWO_STAGE_BAYES_EVIDENCE	NO_TWO_STAGE_FREQUENTIST_EVIDENCE	NOT_SELECTED_BY_EBH
matched_high	shared_mediation	92	21260996	0.9	0.9	4000	1000	3	10	bd39c66663ca3d7b993ad4964f89344cff765be17d351df0153875c91cbbe193	1.0	6.0	3.0	0.0	0.709648	nan	0.678772	1.157289	-1.384189	-0.680838	0.98521	0.012762	1.0	UNRESOLVED_SINGLE_SHARED_SIGNAL	NO_TWO_STAGE_BAYES_EVIDENCE	NO_TWO_STAGE_BAYES_EVIDENCE	NO_TWO_STAGE_FREQUENTIST_EVIDENCE	NOT_SELECTED_BY_EBH
matched_high	shared_mediation	93	21260997	0.9	0.9	4000	1000	3	10	bd39c66663ca3d7b993ad4964f89344cff765be17d351df0153875c91cbbe193	1.0	6.0	3.0	0.0	0.765555	0.817939	0.397075	1.449005	-0.535572	-0.789743	0.999998	1e-06	2.0	OVERIDENTIFIED_SHARED_SIGNALS_ASSUMPTION_CONDITIONAL	NO_TWO_STAGE_BAYES_EVIDENCE	NO_TWO_STAGE_BAYES_EVIDENCE	NO_TWO_STAGE_FREQUENTIST_EVIDENCE	NOT_SELECTED_BY_EBH
matched_high	shared_mediation	94	21260998	0.9	0.9	4000	1000	3	10	bd39c66663ca3d7b993ad4964f89344cff765be17d351df0153875c91cbbe193	1.0	5.0	3.0	0.0	0.736878	nan	0.173229	0.724369	0.337137	0.506794	0.999913	8.6e-05	3.0	OVERIDENTIFIED_SHARED_SIGNALS_ASSUMPTION_CONDITIONAL	NO_TWO_STAGE_BAYES_EVIDENCE	NO_TWO_STAGE_BAYES_EVIDENCE	NO_TWO_STAGE_FREQUENTIST_EVIDENCE	NOT_SELECTED_BY_EBH
matched_high	shared_mediation	95	21260999	0.9	0.9	4000	1000	3	10	bd39c66663ca3d7b993ad4964f89344cff765be17d351df0153875c91cbbe193	1.0	6.0	3.0	0.0	0.705637	0.386128	0.663833	1.13354	-1.358019	-0.528304	0.998706	0.000464	2.0	OVERIDENTIFIED_SHARED_SIGNALS_ASSUMPTION_CONDITIONAL	NO_TWO_STAGE_BAYES_EVIDENCE	NO_TWO_STAGE_BAYES_EVIDENCE	NO_TWO_STAGE_FREQUENTIST_EVIDENCE	NOT_SELECTED_BY_EBH
matched_high	shared_mediation	96	21261000	0.9	0.9	4000	1000	3	10	bd39c66663ca3d7b993ad4964f89344cff765be17d351df0153875c91cbbe193	1.0	6.0	3.0	0.0	0.818483	0.351172	0.839113	1.12687	-1.580339	-0.557599	0.986793	0.00214	1.0	UNRESOLVED_SINGLE_SHARED_SIGNAL	NO_TWO_STAGE_BAYES_EVIDENCE	NO_TWO_STAGE_BAYES_EVIDENCE	NO_TWO_STAGE_FREQUENTIST_EVIDENCE	NOT_SELECTED_BY_EBH
matched_high	shared_mediation	97	21261001	0.9	0.9	4000	1000	3	10	bd39c66663ca3d7b993ad4964f89344cff765be17d351df0153875c91cbbe193	1.0	6.0	3.0	0.0	0.624678	0.587414	0.677953	1.430048	-1.534423	-0.709422	0.0	0.990935	0.0	LD_DISTINCT_SUPPORTED	NO_TWO_STAGE_BAYES_EVIDENCE	NO_TWO_STAGE_BAYES_EVIDENCE	NO_TWO_STAGE_FREQUENTIST_EVIDENCE	NOT_SELECTED_BY_EBH
matched_high	shared_mediation	98	21261002	0.9	0.9	4000	1000	3	10	bd39c66663ca3d7b993ad4964f89344cff765be17d351df0153875c91cbbe193	1.0	6.0	3.0	0.0	0.713581	0.430721	0.105569	1.630543	0.85502	-1.332771	0.972724	0.001708	1.0	UNRESOLVED_SINGLE_SHARED_SIGNAL	NO_TWO_STAGE_BAYES_EVIDENCE	NO_TWO_STAGE_BAYES_EVIDENCE	NO_TWO_STAGE_FREQUENTIST_EVIDENCE	NOT_SELECTED_BY_EBH
matched_high	shared_mediation	99	21261003	0.9	0.9	4000	1000	3	10	bd39c66663ca3d7b993ad4964f89344cff765be17d351df0153875c91cbbe193	1.0	6.0	3.0	0.0	0.674368	0.460147	0.587559	1.588191	-1.493013	-1.449087	0.0	0.0	0.0	UNRESOLVED_NO_OUTCOME_SIGNAL	NO_TWO_STAGE_BAYES_EVIDENCE	NO_TWO_STAGE_BAYES_EVIDENCE	NO_TWO_STAGE_FREQUENTIST_EVIDENCE	NOT_SELECTED_BY_EBH
matched_high	shared_mediation	100	21261004	0.9	0.9	4000	1000	3	10	bd39c66663ca3d7b993ad4964f89344cff765be17d351df0153875c91cbbe193	1.0	6.0	3.0	0.0	0.523826	0.599508	0.319832	1.570605	-0.54422	-1.236442	0.769833	0.041209	1.0	UNRESOLVED_SINGLE_SHARED_SIGNAL	NO_TWO_STAGE_BAYES_EVIDENCE	NO_TWO_STAGE_BAYES_EVIDENCE	NO_TWO_STAGE_FREQUENTIST_EVIDENCE	NOT_SELECTED_BY_EBH
matched_moderate	distinct_ld	1	20360905	0.6	0.6	4000	1000	3	10	bd39c66663ca3d7b993ad4964f89344cff765be17d351df0153875c91cbbe193	0.4172834301763581	6.0	3.0	0.0	0.539563	0.301461	0.688089	0.613761	-1.39976	-0.99185	0.0	0.999988	0.0	LD_DISTINCT_SUPPORTED	NO_TWO_STAGE_BAYES_EVIDENCE	NO_TWO_STAGE_BAYES_EVIDENCE	NO_TWO_STAGE_FREQUENTIST_EVIDENCE	NOT_SELECTED_BY_EBH
matched_moderate	distinct_ld	2	20360906	0.6	0.6	4000	1000	3	10	bd39c66663ca3d7b993ad4964f89344cff765be17d351df0153875c91cbbe193	0.4153550537353799	6.0	3.0	0.0	0.761047	nan	0.803834	-0.210982	-1.549463	-0.41033	1e-06	0.951438	0.0	LD_DISTINCT_SUPPORTED	NO_TWO_STAGE_BAYES_EVIDENCE	NO_TWO_STAGE_BAYES_EVIDENCE	NO_TWO_STAGE_FREQUENTIST_EVIDENCE	NOT_SELECTED_BY_EBH
matched_moderate	distinct_ld	3	20360907	0.6	0.6	4000	1000	3	10	bd39c66663ca3d7b993ad4964f89344cff765be17d351df0153875c91cbbe193	0.4188550822735422	6.0	3.0	0.0	nan	0.316281	0.331477	0.270988	-0.98215	-1.388112	0.0	0.999959	0.0	LD_DISTINCT_SUPPORTED	NO_TWO_STAGE_BAYES_EVIDENCE	NO_TWO_STAGE_BAYES_EVIDENCE	NO_TWO_STAGE_FREQUENTIST_EVIDENCE	NOT_SELECTED_BY_EBH
matched_moderate	distinct_ld	4	20360908	0.6	0.6	4000	1000	3	10	bd39c66663ca3d7b993ad4964f89344cff765be17d351df0153875c91cbbe193	0.40401780313185354	6.0	3.0	0.0	0.750406	0.29663	0.104142	-0.157078	1.666932	-1.424895	1e-06	0.931219	0.0	LD_DISTINCT_SUPPORTED	NO_TWO_STAGE_BAYES_EVIDENCE	NO_TWO_STAGE_BAYES_EVIDENCE	NO_TWO_STAGE_FREQUENTIST_EVIDENCE	NOT_SELECTED_BY_EBH
matched_moderate	distinct_ld	5	20360909	0.6	0.6	4000	1000	3	10	bd39c66663ca3d7b993ad4964f89344cff765be17d351df0153875c91cbbe193	0.39191101821570035	6.0	3.0	0.0	1.063408	0.320527	0.886011	1.116713	-1.611542	-0.968669	0.0	1.0	0.0	LD_DISTINCT_SUPPORTED	NO_TWO_STAGE_BAYES_EVIDENCE	NO_TWO_STAGE_BAYES_EVIDENCE	NO_TWO_STAGE_FREQUENTIST_EVIDENCE	NOT_SELECTED_BY_EBH
matched_moderate	distinct_ld	6	20360910	0.6	0.6	4000	1000	3	10	bd39c66663ca3d7b993ad4964f89344cff765be17d351df0153875c91cbbe193	0.4200099450894354	6.0	3.0	0.0	0.488792	0.071631	0.473596	0.725017	-0.861431	-1.018266	0.0	0.999961	0.0	LD_DISTINCT_SUPPORTED	NO_TWO_STAGE_BAYES_EVIDENCE	NO_TWO_STAGE_BAYES_EVIDENCE	NO_TWO_STAGE_FREQUENTIST_EVIDENCE	NOT_SELECTED_BY_EBH
matched_moderate	distinct_ld	7	20360911	0.6	0.6	4000	1000	3	10	bd39c66663ca3d7b993ad4964f89344cff765be17d351df0153875c91cbbe193	0.41305769872858167	6.0	3.0	0.0	0.751485	0.155736	0.120999	0.635859	1.341112	-1.520206	0.0	0.999999	0.0	LD_DISTINCT_SUPPORTED	NO_TWO_STAGE_BAYES_EVIDENCE	NO_TWO_STAGE_BAYES_EVIDENCE	NO_TWO_STAGE_FREQUENTIST_EVIDENCE	NOT_SELECTED_BY_EBH
matched_moderate	distinct_ld	8	20360912	0.6	0.6	4000	1000	3	10	bd39c66663ca3d7b993ad4964f89344cff765be17d351df0153875c91cbbe193	0.40069946169078224	6.0	3.0	0.0	0.565745	nan	0.622526	0.437609	-1.53349	-0.354074	0.0	0.999829	0.0	LD_DISTINCT_SUPPORTED	NO_TWO_STAGE_BAYES_EVIDENCE	NO_TWO_STAGE_BAYES_EVIDENCE	NO_TWO_STAGE_FREQUENTIST_EVIDENCE	NOT_SELECTED_BY_EBH
matched_moderate	distinct_ld	9	20360913	0.6	0.6	4000	1000	3	10	bd39c66663ca3d7b993ad4964f89344cff765be17d351df0153875c91cbbe193	0.40642900456882297	6.0	3.0	0.0	0.737422	0.305063	0.404866	0.970017	-0.573454	-1.400167	0.000316	0.720265	0.0	LD_CONFIGURATION_AMBIGUOUS	NO_TWO_STAGE_BAYES_EVIDENCE	NO_TWO_STAGE_BAYES_EVIDENCE	NO_TWO_STAGE_FREQUENTIST_EVIDENCE	NOT_SELECTED_BY_EBH
matched_moderate	distinct_ld	10	20360914	0.6	0.6	4000	1000	3	10	bd39c66663ca3d7b993ad4964f89344cff765be17d351df0153875c91cbbe193	0.4054345597905571	6.0	3.0	0.0	0.725077	nan	0.695026	0.427402	-1.410989	-1.330136	4e-06	0.693595	0.0	LD_CONFIGURATION_AMBIGUOUS	NO_TWO_STAGE_BAYES_EVIDENCE	NO_TWO_STAGE_BAYES_EVIDENCE	NO_TWO_STAGE_FREQUENTIST_EVIDENCE	NOT_SELECTED_BY_EBH
matched_moderate	distinct_ld	11	20360915	0.6	0.6	4000	1000	3	10	bd39c66663ca3d7b993ad4964f89344cff765be17d351df0153875c91cbbe193	0.39574105810547305	6.0	3.0	0.0	0.494925	0.197902	0.54892	0.866263	-1.10014	-1.450555	6.4e-05	0.405988	0.0	LD_CONFIGURATION_AMBIGUOUS	NO_TWO_STAGE_BAYES_EVIDENCE	NO_TWO_STAGE_BAYES_EVIDENCE	NO_TWO_STAGE_FREQUENTIST_EVIDENCE	NOT_SELECTED_BY_EBH
matched_moderate	distinct_ld	12	20360916	0.6	0.6	4000	1000	3	10	bd39c66663ca3d7b993ad4964f89344cff765be17d351df0153875c91cbbe193	0.4152833523335861	6.0	3.0	0.0	0.591281	0.088757	0.84125	0.508544	-1.582002	-1.160271	0.0	0.997957	0.0	LD_DISTINCT_SUPPORTED	NO_TWO_STAGE_BAYES_EVIDENCE	NO_TWO_STAGE_BAYES_EVIDENCE	NO_TWO_STAGE_FREQUENTIST_EVIDENCE	NOT_SELECTED_BY_EBH
matched_moderate	distinct_ld	13	20360917	0.6	0.6	4000	1000	3	10	bd39c66663ca3d7b993ad4964f89344cff765be17d351df0153875c91cbbe193	0.41839251764599034	6.0	3.0	0.0	0.669526	0.048918	0.681078	0.673958	-1.388096	-1.063357	0.0	0.999857	0.0	LD_DISTINCT_SUPPORTED	NO_TWO_STAGE_BAYES_EVIDENCE	NO_TWO_STAGE_BAYES_EVIDENCE	NO_TWO_STAGE_FREQUENTIST_EVIDENCE	NOT_SELECTED_BY_EBH
matched_moderate	distinct_ld	14	20360918	0.6	0.6	4000	1000	3	10	bd39c66663ca3d7b993ad4964f89344cff765be17d351df0153875c91cbbe193	0.40829162429105187	6.0	3.0	0.0	0.741594	nan	0.455253	0.238546	-0.792106	-1.014433	0.0	0.999943	0.0	LD_DISTINCT_SUPPORTED	NO_TWO_STAGE_BAYES_EVIDENCE	NO_TWO_STAGE_BAYES_EVIDENCE	NO_TWO_STAGE_FREQUENTIST_EVIDENCE	NOT_SELECTED_BY_EBH
matched_moderate	distinct_ld	15	20360919	0.6	0.6	4000	1000	3	10	bd39c66663ca3d7b993ad4964f89344cff765be17d351df0153875c91cbbe193	0.40626070742284776	6.0	3.0	0.0	0.753121	0.409726	0.35562	1.330787	-1.052965	-1.452392	0.0	0.9999	0.0	LD_DISTINCT_SUPPORTED	NO_TWO_STAGE_BAYES_EVIDENCE	NO_TWO_STAGE_BAYES_EVIDENCE	NO_TWO_STAGE_FREQUENTIST_EVIDENCE	NOT_SELECTED_BY_EBH
matched_moderate	distinct_ld	16	20360920	0.6	0.6	4000	1000	3	10	bd39c66663ca3d7b993ad4964f89344cff765be17d351df0153875c91cbbe193	0.4223172015303604	6.0	3.0	0.0	0.70767	nan	0.037241	0.341619	0.983658	0.500027	0.0	0.999141	0.0	LD_DISTINCT_SUPPORTED	NO_TWO_STAGE_BAYES_EVIDENCE	NO_TWO_STAGE_BAYES_EVIDENCE	REJECTED_DISTINCT_REGIONAL_SIGNALS	NOT_SELECTED_BY_EBH
matched_moderate	distinct_ld	17	20360921	0.6	0.6	4000	1000	3	10	bd39c66663ca3d7b993ad4964f89344cff765be17d351df0153875c91cbbe193	0.410010729829078	6.0	3.0	0.0	nan	0.205061	0.717887	0.099187	-1.445847	-1.348512	2e-06	0.842922	0.0	LD_DISTINCT_SUPPORTED	NO_TWO_STAGE_BAYES_EVIDENCE	NO_TWO_STAGE_BAYES_EVIDENCE	NO_TWO_STAGE_FREQUENTIST_EVIDENCE	NOT_SELECTED_BY_EBH
matched_moderate	distinct_ld	18	20360922	0.6	0.6	4000	1000	3	10	bd39c66663ca3d7b993ad4964f89344cff765be17d351df0153875c91cbbe193	0.39302364292017794	6.0	3.0	0.0	0.686004	0.449355	0.220899	-0.005368	0.412093	-0.039439	0.0	0.985901	0.0	LD_DISTINCT_SUPPORTED	NO_TWO_STAGE_BAYES_EVIDENCE	NO_TWO_STAGE_BAYES_EVIDENCE	NO_TWO_STAGE_FREQUENTIST_EVIDENCE	NOT_SELECTED_BY_EBH
matched_moderate	distinct_ld	19	20360923	0.6	0.6	4000	1000	3	10	bd39c66663ca3d7b993ad4964f89344cff765be17d351df0153875c91cbbe193	0.4109755478971517	6.0	3.0	0.0	0.531251	0.1858	0.939819	0.409509	-1.633986	-1.174071	0.0	0.999616	0.0	LD_DISTINCT_SUPPORTED	NO_TWO_STAGE_BAYES_EVIDENCE	NO_TWO_STAGE_BAYES_EVIDENCE	NO_TWO_STAGE_FREQUENTIST_EVIDENCE	NOT_SELECTED_BY_EBH
matched_moderate	distinct_ld	20	20360924	0.6	0.6	4000	1000	3	10	bd39c66663ca3d7b993ad4964f89344cff765be17d351df0153875c91cbbe193	0.4033659516542379	6.0	3.0	0.0	0.724119	0.276548	0.534163	0.796991	-1.420751	-1.498613	0.0	0.999974	0.0	LD_DISTINCT_SUPPORTED	NO_TWO_STAGE_BAYES_EVIDENCE	NO_TWO_STAGE_BAYES_EVIDENCE	NO_TWO_STAGE_FREQUENTIST_EVIDENCE	NOT_SELECTED_BY_EBH
matched_moderate	distinct_ld	21	20360925	0.6	0.6	4000	1000	3	10	bd39c66663ca3d7b993ad4964f89344cff765be17d351df0153875c91cbbe193	0.4115378745546365	6.0	3.0	0.0	0.639193	0.205457	0.416885	0.45739	-0.668639	-1.5294	0.0	0.998909	0.0	LD_DISTINCT_SUPPORTED	NO_TWO_STAGE_BAYES_EVIDENCE	NO_TWO_STAGE_BAYES_EVIDENCE	NO_TWO_STAGE_FREQUENTIST_EVIDENCE	NOT_SELECTED_BY_EBH
matched_moderate	distinct_ld	22	20360926	0.6	0.6	4000	1000	3	10	bd39c66663ca3d7b993ad4964f89344cff765be17d351df0153875c91cbbe193	0.4134815022414564	6.0	3.0	0.0	0.615989	0.071224	0.863641	0.207684	-1.598035	0.205373	0.0	0.999998	0.0	LD_DISTINCT_SUPPORTED	NO_TWO_STAGE_BAYES_EVIDENCE	NO_TWO_STAGE_BAYES_EVIDENCE	NO_TWO_STAGE_FREQUENTIST_EVIDENCE	NOT_SELECTED_BY_EBH
matched_moderate	distinct_ld	23	20360927	0.6	0.6	4000	1000	3	10	bd39c66663ca3d7b993ad4964f89344cff765be17d351df0153875c91cbbe193	0.4170300187079207	6.0	3.0	0.0	0.599979	0.088808	0.976652	-0.06733	-1.641311	-1.139673	0.0	0.999996	0.0	LD_DISTINCT_SUPPORTED	NO_TWO_STAGE_BAYES_EVIDENCE	NO_TWO_STAGE_BAYES_EVIDENCE	NO_TWO_STAGE_FREQUENTIST_EVIDENCE	NOT_SELECTED_BY_EBH
matched_moderate	distinct_ld	24	20360928	0.6	0.6	4000	1000	3	10	bd39c66663ca3d7b993ad4964f89344cff765be17d351df0153875c91cbbe193	0.4121151217939378	6.0	3.0	0.0	0.685537	0.227753	0.768036	0.790468	-1.654238	-1.541071	0.0	0.999827	0.0	LD_DISTINCT_SUPPORTED	NO_TWO_STAGE_BAYES_EVIDENCE	NO_TWO_STAGE_BAYES_EVIDENCE	NO_TWO_STAGE_FREQUENTIST_EVIDENCE	NOT_SELECTED_BY_EBH
matched_moderate	distinct_ld	25	20360929	0.6	0.6	4000	1000	3	10	bd39c66663ca3d7b993ad4964f89344cff765be17d351df0153875c91cbbe193	0.40308642961816793	6.0	3.0	0.0	0.972197	nan	0.043331	0.577287	0.973749	-0.581165	0.0	0.999868	0.0	LD_DISTINCT_SUPPORTED	NO_TWO_STAGE_BAYES_EVIDENCE	NO_TWO_STAGE_BAYES_EVIDENCE	REJECTED_DISTINCT_REGIONAL_SIGNALS	NOT_SELECTED_BY_EBH
matched_moderate	distinct_ld	26	20360930	0.6	0.6	4000	1000	3	10	bd39c66663ca3d7b993ad4964f89344cff765be17d351df0153875c91cbbe193	0.4003634237748523	6.0	3.0	0.0	0.735768	0.008624	0.206616	0.710459	-0.186471	-0.715722	0.0	0.998066	0.0	LD_DISTINCT_SUPPORTED	NO_TWO_STAGE_BAYES_EVIDENCE	NO_TWO_STAGE_BAYES_EVIDENCE	NO_TWO_STAGE_FREQUENTIST_EVIDENCE	NOT_SELECTED_BY_EBH
matched_moderate	distinct_ld	27	20360931	0.6	0.6	4000	1000	3	10	bd39c66663ca3d7b993ad4964f89344cff765be17d351df0153875c91cbbe193	0.4077014522117916	6.0	3.0	0.0	0.724459	0.066335	0.591543	0.762679	-1.20856	-1.116899	1e-06	0.955018	0.0	LD_DISTINCT_SUPPORTED	NO_TWO_STAGE_BAYES_EVIDENCE	NO_TWO_STAGE_BAYES_EVIDENCE	NO_TWO_STAGE_FREQUENTIST_EVIDENCE	NOT_SELECTED_BY_EBH
matched_moderate	distinct_ld	28	20360932	0.6	0.6	4000	1000	3	10	bd39c66663ca3d7b993ad4964f89344cff765be17d351df0153875c91cbbe193	0.40115560387804555	6.0	3.0	0.0	0.675855	nan	0.625322	-0.681271	-1.283346	-0.32498	0.0	0.999867	0.0	LD_DISTINCT_SUPPORTED	NO_TWO_STAGE_BAYES_EVIDENCE	NO_TWO_STAGE_BAYES_EVIDENCE	NO_TWO_STAGE_FREQUENTIST_EVIDENCE	NOT_SELECTED_BY_EBH
matched_moderate	distinct_ld	29	20360933	0.6	0.6	4000	1000	3	10	bd39c66663ca3d7b993ad4964f89344cff765be17d351df0153875c91cbbe193	0.40904833803484153	6.0	3.0	0.0	0.72608	-0.099249	0.273766	0.480615	0.154505	-0.011011	0.0	0.999185	0.0	LD_DISTINCT_SUPPORTED	NO_TWO_STAGE_BAYES_EVIDENCE	NO_TWO_STAGE_BAYES_EVIDENCE	NO_TWO_STAGE_FREQUENTIST_EVIDENCE	NOT_SELECTED_BY_EBH
matched_moderate	distinct_ld	30	20360934	0.6	0.6	4000	1000	3	10	bd39c66663ca3d7b993ad4964f89344cff765be17d351df0153875c91cbbe193	0.4032713708290921	6.0	3.0	0.0	0.709715	0.147511	0.645931	0.845497	-1.324636	-1.169295	0.00013	0.446603	0.0	LD_CONFIGURATION_AMBIGUOUS	NO_TWO_STAGE_BAYES_EVIDENCE	NO_TWO_STAGE_BAYES_EVIDENCE	NO_TWO_STAGE_FREQUENTIST_EVIDENCE	NOT_SELECTED_BY_EBH
matched_moderate	distinct_ld	31	20360935	0.6	0.6	4000	1000	3	10	bd39c66663ca3d7b993ad4964f89344cff765be17d351df0153875c91cbbe193	0.40301225772783456	6.0	3.0	0.0	0.47661	nan	0.992327	0.121134	-1.72139	-0.271167	0.0	0.999997	0.0	LD_DISTINCT_SUPPORTED	NO_TWO_STAGE_BAYES_EVIDENCE	NO_TWO_STAGE_BAYES_EVIDENCE	NO_TWO_STAGE_FREQUENTIST_EVIDENCE	NOT_SELECTED_BY_EBH
matched_moderate	distinct_ld	32	20360936	0.6	0.6	4000	1000	3	10	bd39c66663ca3d7b993ad4964f89344cff765be17d351df0153875c91cbbe193	0.41017740316798923	6.0	3.0	0.0	0.86516	-0.05698	0.031506	0.574672	1.039978	-0.384625	0.0	0.995439	0.0	LD_DISTINCT_SUPPORTED	NO_TWO_STAGE_BAYES_EVIDENCE	NO_TWO_STAGE_BAYES_EVIDENCE	REJECTED_DISTINCT_REGIONAL_SIGNALS	NOT_SELECTED_BY_EBH
matched_moderate	distinct_ld	33	20360937	0.6	0.6	4000	1000	3	10	bd39c66663ca3d7b993ad4964f89344cff765be17d351df0153875c91cbbe193	0.40146144598378597	6.0	3.0	0.0	0.430196	0.25632	0.963131	0.587424	-1.719814	-0.87274	0.0	1.0	0.0	LD_DISTINCT_SUPPORTED	NO_TWO_STAGE_BAYES_EVIDENCE	NO_TWO_STAGE_BAYES_EVIDENCE	NO_TWO_STAGE_FREQUENTIST_EVIDENCE	NOT_SELECTED_BY_EBH
matched_moderate	distinct_ld	34	20360938	0.6	0.6	4000	1000	3	10	bd39c66663ca3d7b993ad4964f89344cff765be17d351df0153875c91cbbe193	0.4082860620550966	6.0	3.0	0.0	0.684667	0.168246	0.685822	0.455447	-1.396024	0.034274	1e-06	0.984681	0.0	LD_DISTINCT_SUPPORTED	NO_TWO_STAGE_BAYES_EVIDENCE	NO_TWO_STAGE_BAYES_EVIDENCE	NO_TWO_STAGE_FREQUENTIST_EVIDENCE	NOT_SELECTED_BY_EBH
matched_moderate	distinct_ld	35	20360939	0.6	0.6	4000	1000	3	10	bd39c66663ca3d7b993ad4964f89344cff765be17d351df0153875c91cbbe193	0.40437215817662825	6.0	3.0	0.0	nan	0.181111	0.713005	0.932945	-1.616786	-1.240298	1e-06	0.876615	0.0	LD_DISTINCT_SUPPORTED	NO_TWO_STAGE_BAYES_EVIDENCE	NO_TWO_STAGE_BAYES_EVIDENCE	NO_TWO_STAGE_FREQUENTIST_EVIDENCE	NOT_SELECTED_BY_EBH
matched_moderate	distinct_ld	36	20360940	0.6	0.6	4000	1000	3	10	bd39c66663ca3d7b993ad4964f89344cff765be17d351df0153875c91cbbe193	0.41317321873909857	6.0	3.0	0.0	nan	0.291382	0.628436	0.16386	-1.539842	-1.425243	0.0	0.999998	0.0	LD_DISTINCT_SUPPORTED	NO_TWO_STAGE_BAYES_EVIDENCE	NO_TWO_STAGE_BAYES_EVIDENCE	NO_TWO_STAGE_FREQUENTIST_EVIDENCE	NOT_SELECTED_BY_EBH
matched_moderate	distinct_ld	37	20360941	0.6	0.6	4000	1000	3	10	bd39c66663ca3d7b993ad4964f89344cff765be17d351df0153875c91cbbe193	0.4132515163688291	6.0	4.0	0.0	0.860648	0.252376	0.181906	1.346202	0.084636	-1.812353	0.0	0.996109	0.0	LD_DISTINCT_SUPPORTED	NO_TWO_STAGE_BAYES_EVIDENCE	NO_TWO_STAGE_BAYES_EVIDENCE	NO_TWO_STAGE_FREQUENTIST_EVIDENCE	NOT_SELECTED_BY_EBH
matched_moderate	distinct_ld	38	20360942	0.6	0.6	4000	1000	3	10	bd39c66663ca3d7b993ad4964f89344cff765be17d351df0153875c91cbbe193	0.41082550156620984	6.0	3.0	0.0	nan	0.35479	0.716207	0.702604	-1.443395	-1.218595	0.0	0.999981	0.0	LD_DISTINCT_SUPPORTED	NO_TWO_STAGE_BAYES_EVIDENCE	NO_TWO_STAGE_BAYES_EVIDENCE	NO_TWO_STAGE_FREQUENTIST_EVIDENCE	NOT_SELECTED_BY_EBH
matched_moderate	distinct_ld	39	20360943	0.6	0.6	4000	1000	3	10	bd39c66663ca3d7b993ad4964f89344cff765be17d351df0153875c91cbbe193	0.41066184537856393	6.0	3.0	0.0	0.711855	0.290707	0.365361	0.659953	-0.624345	-1.394597	4.1e-05	0.758639	0.0	LD_CONFIGURATION_AMBIGUOUS	NO_TWO_STAGE_BAYES_EVIDENCE	NO_TWO_STAGE_BAYES_EVIDENCE	NO_TWO_STAGE_FREQUENTIST_EVIDENCE	NOT_SELECTED_BY_EBH
matched_moderate	distinct_ld	40	20360944	0.6	0.6	4000	1000	3	10	bd39c66663ca3d7b993ad4964f89344cff765be17d351df0153875c91cbbe193	0.40571576188736524	6.0	3.0	0.0	0.844505	0.237892	0.917445	0.905943	-1.62636	-1.346221	0.0	0.99725	0.0	LD_DISTINCT_SUPPORTED	NO_TWO_STAGE_BAYES_EVIDENCE	NO_TWO_STAGE_BAYES_EVIDENCE	NO_TWO_STAGE_FREQUENTIST_EVIDENCE	NOT_SELECTED_BY_EBH
matched_moderate	distinct_ld	41	20360945	0.6	0.6	4000	1000	3	10	bd39c66663ca3d7b993ad4964f89344cff765be17d351df0153875c91cbbe193	0.4049417732822375	6.0	3.0	0.0	0.725396	0.264826	0.140577	0.437007	0.124457	-1.490914	5.3e-05	0.635936	0.0	LD_CONFIGURATION_AMBIGUOUS	NO_TWO_STAGE_BAYES_EVIDENCE	NO_TWO_STAGE_BAYES_EVIDENCE	NO_TWO_STAGE_FREQUENTIST_EVIDENCE	NOT_SELECTED_BY_EBH
matched_moderate	distinct_ld	42	20360946	0.6	0.6	4000	1000	3	10	bd39c66663ca3d7b993ad4964f89344cff765be17d351df0153875c91cbbe193	0.4146204386311017	6.0	3.0	0.0	nan	0.284087	0.563854	0.299143	-1.310975	-1.378538	0.0	0.999822	0.0	LD_DISTINCT_SUPPORTED	NO_TWO_STAGE_BAYES_EVIDENCE	NO_TWO_STAGE_BAYES_EVIDENCE	NO_TWO_STAGE_FREQUENTIST_EVIDENCE	NOT_SELECTED_BY_EBH
matched_moderate	distinct_ld	43	20360947	0.6	0.6	4000	1000	3	10	bd39c66663ca3d7b993ad4964f89344cff765be17d351df0153875c91cbbe193	0.41205998127552435	6.0	3.0	0.0	0.557932	0.378521	0.161402	0.638273	-0.204972	-1.151825	0.0	0.999976	0.0	LD_DISTINCT_SUPPORTED	NO_TWO_STAGE_BAYES_EVIDENCE	NO_TWO_STAGE_BAYES_EVIDENCE	NO_TWO_STAGE_FREQUENTIST_EVIDENCE	NOT_SELECTED_BY_EBH
matched_moderate	distinct_ld	44	20360948	0.6	0.6	4000	1000	3	10	bd39c66663ca3d7b993ad4964f89344cff765be17d351df0153875c91cbbe193	0.4119931238447052	6.0	3.0	0.0	0.607215	0.168378	0.62319	0.467233	-1.534211	-1.58381	0.0	0.955008	0.0	LD_DISTINCT_SUPPORTED	NO_TWO_STAGE_BAYES_EVIDENCE	NO_TWO_STAGE_BAYES_EVIDENCE	NO_TWO_STAGE_FREQUENTIST_EVIDENCE	NOT_SELECTED_BY_EBH
matched_moderate	distinct_ld	45	20360949	0.6	0.6	4000	1000	3	10	bd39c66663ca3d7b993ad4964f89344cff765be17d351df0153875c91cbbe193	0.41959475843757715	5.0	3.0	0.0	0.625145	0.216194	0.069899	1.130924	0.833516	-1.404461	0.0	0.999569	0.0	LD_DISTINCT_SUPPORTED	NO_TWO_STAGE_BAYES_EVIDENCE	NO_TWO_STAGE_BAYES_EVIDENCE	NO_TWO_STAGE_FREQUENTIST_EVIDENCE	NOT_SELECTED_BY_EBH
matched_moderate	distinct_ld	46	20360950	0.6	0.6	4000	1000	3	10	bd39c66663ca3d7b993ad4964f89344cff765be17d351df0153875c91cbbe193	0.40675176199986723	6.0	3.0	0.0	nan	nan	0.827534	0.300418	-1.68482	-0.998716	0.0	0.0	0.0	UNRESOLVED_NO_OUTCOME_SIGNAL	NO_TWO_STAGE_BAYES_EVIDENCE	NO_TWO_STAGE_BAYES_EVIDENCE	NO_TWO_STAGE_FREQUENTIST_EVIDENCE	NOT_SELECTED_BY_EBH
matched_moderate	distinct_ld	47	20360951	0.6	0.6	4000	1000	3	10	bd39c66663ca3d7b993ad4964f89344cff765be17d351df0153875c91cbbe193	0.41369378602200846	6.0	3.0	0.0	0.747183	0.401205	0.533655	0.70608	-1.057032	-1.02421	0.0	0.999958	0.0	LD_DISTINCT_SUPPORTED	NO_TWO_STAGE_BAYES_EVIDENCE	NO_TWO_STAGE_BAYES_EVIDENCE	NO_TWO_STAGE_FREQUENTIST_EVIDENCE	NOT_SELECTED_BY_EBH
matched_moderate	distinct_ld	48	20360952	0.6	0.6	4000	1000	3	10	bd39c66663ca3d7b993ad4964f89344cff765be17d351df0153875c91cbbe193	0.40071838971191026	6.0	3.0	0.0	0.595578	nan	0.334642	-0.074685	-0.49298	-0.451967	8e-06	0.659564	0.0	LD_CONFIGURATION_AMBIGUOUS	NO_TWO_STAGE_BAYES_EVIDENCE	NO_TWO_STAGE_BAYES_EVIDENCE	NO_TWO_STAGE_FREQUENTIST_EVIDENCE	NOT_SELECTED_BY_EBH
matched_moderate	distinct_ld	49	20360953	0.6	0.6	4000	1000	3	10	bd39c66663ca3d7b993ad4964f89344cff765be17d351df0153875c91cbbe193	0.40132493516147355	6.0	3.0	0.0	0.568664	nan	0.640559	0.502192	-1.314175	-0.345427	7e-06	0.798661	0.0	LD_CONFIGURATION_AMBIGUOUS	NO_TWO_STAGE_BAYES_EVIDENCE	NO_TWO_STAGE_BAYES_EVIDENCE	NO_TWO_STAGE_FREQUENTIST_EVIDENCE	NOT_SELECTED_BY_EBH
matched_moderate	distinct_ld	50	20360954	0.6	0.6	4000	1000	3	10	bd39c66663ca3d7b993ad4964f89344cff765be17d351df0153875c91cbbe193	0.42205129891740767	6.0	3.0	0.0	0.820206	0.019903	0.243355	0.013005	-0.092448	-1.140466	1e-06	0.95446	0.0	LD_DISTINCT_SUPPORTED	NO_TWO_STAGE_BAYES_EVIDENCE	NO_TWO_STAGE_BAYES_EVIDENCE	NO_TWO_STAGE_FREQUENTIST_EVIDENCE	NOT_SELECTED_BY_EBH
matched_moderate	distinct_ld	51	20360955	0.6	0.6	4000	1000	3	10	bd39c66663ca3d7b993ad4964f89344cff765be17d351df0153875c91cbbe193	0.4080953770728582	6.0	3.0	0.0	nan	0.201803	0.952283	0.957575	-1.63719	-1.181934	0.0	0.999999	0.0	LD_DISTINCT_SUPPORTED	NO_TWO_STAGE_BAYES_EVIDENCE	NO_TWO_STAGE_BAYES_EVIDENCE	NO_TWO_STAGE_FREQUENTIST_EVIDENCE	NOT_SELECTED_BY_EBH
matched_moderate	distinct_ld	52	20360956	0.6	0.6	4000	1000	3	10	bd39c66663ca3d7b993ad4964f89344cff765be17d351df0153875c91cbbe193	0.4041471834861843	6.0	3.0	0.0	0.584686	0.274605	0.612695	0.789218	-1.25646	-1.395771	3.4e-05	0.50313	0.0	LD_CONFIGURATION_AMBIGUOUS	NO_TWO_STAGE_BAYES_EVIDENCE	NO_TWO_STAGE_BAYES_EVIDENCE	NO_TWO_STAGE_FREQUENTIST_EVIDENCE	NOT_SELECTED_BY_EBH
matched_moderate	distinct_ld	53	20360957	0.6	0.6	4000	1000	3	10	bd39c66663ca3d7b993ad4964f89344cff765be17d351df0153875c91cbbe193	0.3998192931594715	6.0	3.0	0.0	0.644568	0.246825	0.191044	1.204743	-0.390063	-1.488408	0.0	0.99997	0.0	LD_DISTINCT_SUPPORTED	NO_TWO_STAGE_BAYES_EVIDENCE	NO_TWO_STAGE_BAYES_EVIDENCE	NO_TWO_STAGE_FREQUENTIST_EVIDENCE	NOT_SELECTED_BY_EBH
matched_moderate	distinct_ld	54	20360958	0.6	0.6	4000	1000	3	10	bd39c66663ca3d7b993ad4964f89344cff765be17d351df0153875c91cbbe193	0.40908989588057243	6.0	3.0	0.0	0.632218	0.008565	0.257279	-0.296754	0.234998	-1.305416	3e-06	0.718183	0.0	LD_CONFIGURATION_AMBIGUOUS	NO_TWO_STAGE_BAYES_EVIDENCE	NO_TWO_STAGE_BAYES_EVIDENCE	NO_TWO_STAGE_FREQUENTIST_EVIDENCE	NOT_SELECTED_BY_EBH
matched_moderate	distinct_ld	55	20360959	0.6	0.6	4000	1000	3	10	bd39c66663ca3d7b993ad4964f89344cff765be17d351df0153875c91cbbe193	0.4086258868142833	6.0	3.0	0.0	0.760872	nan	0.226889	1.117467	-0.258399	-1.248532	0.0	0.996355	0.0	LD_DISTINCT_SUPPORTED	NO_TWO_STAGE_BAYES_EVIDENCE	NO_TWO_STAGE_BAYES_EVIDENCE	NO_TWO_STAGE_FREQUENTIST_EVIDENCE	NOT_SELECTED_BY_EBH
matched_moderate	distinct_ld	56	20360960	0.6	0.6	4000	1000	3	10	bd39c66663ca3d7b993ad4964f89344cff765be17d351df0153875c91cbbe193	0.4059140749286681	6.0	3.0	0.0	0.483139	0.138117	0.666902	0.963244	-1.577963	-1.013381	0.0	0.965426	0.0	LD_DISTINCT_SUPPORTED	NO_TWO_STAGE_BAYES_EVIDENCE	NO_TWO_STAGE_BAYES_EVIDENCE	NO_TWO_STAGE_FREQUENTIST_EVIDENCE	NOT_SELECTED_BY_EBH
matched_moderate	distinct_ld	57	20360961	0.6	0.6	4000	1000	3	10	bd39c66663ca3d7b993ad4964f89344cff765be17d351df0153875c91cbbe193	0.4028986988830326	6.0	3.0	0.0	0.851243	0.289002	0.943689	1.348248	-1.635061	-1.430703	0.0	0.998965	0.0	LD_DISTINCT_SUPPORTED	NO_TWO_STAGE_BAYES_EVIDENCE	NO_TWO_STAGE_BAYES_EVIDENCE	NO_TWO_STAGE_FREQUENTIST_EVIDENCE	NOT_SELECTED_BY_EBH
matched_moderate	distinct_ld	58	20360962	0.6	0.6	4000	1000	3	10	bd39c66663ca3d7b993ad4964f89344cff765be17d351df0153875c91cbbe193	0.41084655348092003	6.0	3.0	0.0	0.850506	0.126279	0.524652	0.782595	-1.03045	-1.175745	0.0	0.999111	0.0	LD_DISTINCT_SUPPORTED	NO_TWO_STAGE_BAYES_EVIDENCE	NO_TWO_STAGE_BAYES_EVIDENCE	NO_TWO_STAGE_FREQUENTIST_EVIDENCE	NOT_SELECTED_BY_EBH
matched_moderate	distinct_ld	59	20360963	0.6	0.6	4000	1000	3	10	bd39c66663ca3d7b993ad4964f89344cff765be17d351df0153875c91cbbe193	0.41506388692391133	6.0	3.0	0.0	0.759021	0.276995	0.551678	0.895569	-1.107675	-1.365884	4e-06	0.804155	0.0	LD_DISTINCT_SUPPORTED	NO_TWO_STAGE_BAYES_EVIDENCE	NO_TWO_STAGE_BAYES_EVIDENCE	NO_TWO_STAGE_FREQUENTIST_EVIDENCE	NOT_SELECTED_BY_EBH
matched_moderate	distinct_ld	60	20360964	0.6	0.6	4000	1000	3	10	bd39c66663ca3d7b993ad4964f89344cff765be17d351df0153875c91cbbe193	0.418306610546904	6.0	3.0	0.0	0.673796	0.231887	0.185797	0.97728	0.705374	-1.557089	0.0	0.97896	0.0	LD_DISTINCT_SUPPORTED	NO_TWO_STAGE_BAYES_EVIDENCE	NO_TWO_STAGE_BAYES_EVIDENCE	NO_TWO_STAGE_FREQUENTIST_EVIDENCE	NOT_SELECTED_BY_EBH
matched_moderate	distinct_ld	61	20360965	0.6	0.6	4000	1000	3	10	bd39c66663ca3d7b993ad4964f89344cff765be17d351df0153875c91cbbe193	0.413612680711364	6.0	3.0	0.0	nan	0.432718	0.853418	1.278469	-1.695119	-1.28155	0.0	0.999985	0.0	LD_DISTINCT_SUPPORTED	NO_TWO_STAGE_BAYES_EVIDENCE	NO_TWO_STAGE_BAYES_EVIDENCE	NO_TWO_STAGE_FREQUENTIST_EVIDENCE	NOT_SELECTED_BY_EBH
matched_moderate	distinct_ld	62	20360966	0.6	0.6	4000	1000	3	10	bd39c66663ca3d7b993ad4964f89344cff765be17d351df0153875c91cbbe193	0.4138525047936364	6.0	3.0	0.0	0.760221	0.068483	0.391229	0.900387	-0.506391	-1.244631	9e-06	0.885648	0.0	LD_DISTINCT_SUPPORTED	NO_TWO_STAGE_BAYES_EVIDENCE	NO_TWO_STAGE_BAYES_EVIDENCE	NO_TWO_STAGE_FREQUENTIST_EVIDENCE	NOT_SELECTED_BY_EBH
matched_moderate	distinct_ld	63	20360967	0.6	0.6	4000	1000	3	10	bd39c66663ca3d7b993ad4964f89344cff765be17d351df0153875c91cbbe193	0.41716633874436876	6.0	3.0	0.0	0.718555	-0.541809	0.177317	-0.202834	-0.308042	1.550908	1e-06	0.917506	0.0	LD_DISTINCT_SUPPORTED	NO_TWO_STAGE_BAYES_EVIDENCE	NO_TWO_STAGE_BAYES_EVIDENCE	NO_TWO_STAGE_FREQUENTIST_EVIDENCE	NOT_SELECTED_BY_EBH
matched_moderate	distinct_ld	64	20360968	0.6	0.6	4000	1000	3	10	bd39c66663ca3d7b993ad4964f89344cff765be17d351df0153875c91cbbe193	0.4201207883043854	6.0	3.0	0.0	0.631113	nan	0.874493	0.563236	-1.604898	-1.137427	0.0	0.989532	0.0	LD_DISTINCT_SUPPORTED	NO_TWO_STAGE_BAYES_EVIDENCE	NO_TWO_STAGE_BAYES_EVIDENCE	NO_TWO_STAGE_FREQUENTIST_EVIDENCE	NOT_SELECTED_BY_EBH
matched_moderate	distinct_ld	65	20360969	0.6	0.6	4000	1000	3	10	bd39c66663ca3d7b993ad4964f89344cff765be17d351df0153875c91cbbe193	0.41129339098504075	6.0	3.0	0.0	0.765293	0.015404	0.100429	0.633947	0.717185	-1.187179	0.0	0.999993	0.0	LD_DISTINCT_SUPPORTED	NO_TWO_STAGE_BAYES_EVIDENCE	NO_TWO_STAGE_BAYES_EVIDENCE	NO_TWO_STAGE_FREQUENTIST_EVIDENCE	NOT_SELECTED_BY_EBH
matched_moderate	distinct_ld	66	20360970	0.6	0.6	4000	1000	3	10	bd39c66663ca3d7b993ad4964f89344cff765be17d351df0153875c91cbbe193	0.39292762310708435	6.0	3.0	0.0	0.492266	0.107908	0.768324	0.958608	-1.654411	-1.418929	0.0	0.999997	0.0	LD_DISTINCT_SUPPORTED	NO_TWO_STAGE_BAYES_EVIDENCE	NO_TWO_STAGE_BAYES_EVIDENCE	NO_TWO_STAGE_FREQUENTIST_EVIDENCE	NOT_SELECTED_BY_EBH
matched_moderate	distinct_ld	67	20360971	0.6	0.6	4000	1000	3	10	bd39c66663ca3d7b993ad4964f89344cff765be17d351df0153875c91cbbe193	0.4169203836207505	6.0	3.0	0.0	0.768344	0.188089	0.371952	0.701518	-0.405619	-1.547815	0.0	0.987045	0.0	LD_DISTINCT_SUPPORTED	NO_TWO_STAGE_BAYES_EVIDENCE	NO_TWO_STAGE_BAYES_EVIDENCE	NO_TWO_STAGE_FREQUENTIST_EVIDENCE	NOT_SELECTED_BY_EBH
matched_moderate	distinct_ld	68	20360972	0.6	0.6	4000	1000	3	10	bd39c66663ca3d7b993ad4964f89344cff765be17d351df0153875c91cbbe193	0.424229650641867	6.0	3.0	0.0	0.52292	nan	0.849547	0.613625	-1.588239	-1.365827	2e-06	0.921627	0.0	LD_DISTINCT_SUPPORTED	NO_TWO_STAGE_BAYES_EVIDENCE	NO_TWO_STAGE_BAYES_EVIDENCE	NO_TWO_STAGE_FREQUENTIST_EVIDENCE	NOT_SELECTED_BY_EBH
matched_moderate	distinct_ld	69	20360973	0.6	0.6	4000	1000	3	10	bd39c66663ca3d7b993ad4964f89344cff765be17d351df0153875c91cbbe193	0.41900102528836797	6.0	3.0	0.0	0.530436	0.228635	0.813718	0.327681	-1.678591	0.120151	0.0	0.999999	0.0	LD_DISTINCT_SUPPORTED	NO_TWO_STAGE_BAYES_EVIDENCE	NO_TWO_STAGE_BAYES_EVIDENCE	NO_TWO_STAGE_FREQUENTIST_EVIDENCE	NOT_SELECTED_BY_EBH
matched_moderate	distinct_ld	70	20360974	0.6	0.6	4000	1000	3	10	bd39c66663ca3d7b993ad4964f89344cff765be17d351df0153875c91cbbe193	0.41317242751679806	6.0	3.0	0.0	0.616481	nan	0.768144	0.334943	-1.654303	-0.323592	0.0	0.989826	0.0	LD_DISTINCT_SUPPORTED	NO_TWO_STAGE_BAYES_EVIDENCE	NO_TWO_STAGE_BAYES_EVIDENCE	NO_TWO_STAGE_FREQUENTIST_EVIDENCE	NOT_SELECTED_BY_EBH
matched_moderate	distinct_ld	71	20360975	0.6	0.6	4000	1000	3	10	bd39c66663ca3d7b993ad4964f89344cff765be17d351df0153875c91cbbe193	0.4100263508258628	6.0	3.0	0.0	0.705641	nan	0.666415	0.28068	-1.362649	-1.274152	5e-06	0.613037	0.0	LD_CONFIGURATION_AMBIGUOUS	NO_TWO_STAGE_BAYES_EVIDENCE	NO_TWO_STAGE_BAYES_EVIDENCE	NO_TWO_STAGE_FREQUENTIST_EVIDENCE	NOT_SELECTED_BY_EBH
matched_moderate	distinct_ld	72	20360976	0.6	0.6	4000	1000	3	10	bd39c66663ca3d7b993ad4964f89344cff765be17d351df0153875c91cbbe193	0.4088508541197693	6.0	3.0	0.0	0.676869	nan	0.742665	0.016997	-1.480044	-0.680134	2e-06	0.813541	0.0	LD_DISTINCT_SUPPORTED	NO_TWO_STAGE_BAYES_EVIDENCE	NO_TWO_STAGE_BAYES_EVIDENCE	NO_TWO_STAGE_FREQUENTIST_EVIDENCE	NOT_SELECTED_BY_EBH
matched_moderate	distinct_ld	73	20360977	0.6	0.6	4000	1000	3	10	bd39c66663ca3d7b993ad4964f89344cff765be17d351df0153875c91cbbe193	0.41853151382409276	6.0	3.0	0.0	nan	0.057016	0.976	0.12216	-1.720764	-1.367569	0.0	0.999888	0.0	LD_DISTINCT_SUPPORTED	NO_TWO_STAGE_BAYES_EVIDENCE	NO_TWO_STAGE_BAYES_EVIDENCE	NO_TWO_STAGE_FREQUENTIST_EVIDENCE	NOT_SELECTED_BY_EBH
matched_moderate	distinct_ld	74	20360978	0.6	0.6	4000	1000	3	10	bd39c66663ca3d7b993ad4964f89344cff765be17d351df0153875c91cbbe193	0.40725042349628243	5.0	3.0	0.0	0.492155	0.158719	0.882048	0.907949	-1.687661	-1.525706	0.0	0.999999	0.0	LD_DISTINCT_SUPPORTED	NO_TWO_STAGE_BAYES_EVIDENCE	NO_TWO_STAGE_BAYES_EVIDENCE	NO_TWO_STAGE_FREQUENTIST_EVIDENCE	NOT_SELECTED_BY_EBH
matched_moderate	distinct_ld	75	20360979	0.6	0.6	4000	1000	3	10	bd39c66663ca3d7b993ad4964f89344cff765be17d351df0153875c91cbbe193	0.3998686677070055	6.0	3.0	0.0	0.756813	nan	0.388869	0.514174	-0.494427	0.388396	0.0	0.999965	0.0	LD_DISTINCT_SUPPORTED	NO_TWO_STAGE_BAYES_EVIDENCE	NO_TWO_STAGE_BAYES_EVIDENCE	NO_TWO_STAGE_FREQUENTIST_EVIDENCE	NOT_SELECTED_BY_EBH
matched_moderate	distinct_ld	76	20360980	0.6	0.6	4000	1000	3	10	bd39c66663ca3d7b993ad4964f89344cff765be17d351df0153875c91cbbe193	0.4115435826985756	6.0	3.0	0.0	0.600804	0.263203	0.667875	0.991874	-1.570826	-1.477708	0.0	0.99991	0.0	LD_DISTINCT_SUPPORTED	NO_TWO_STAGE_BAYES_EVIDENCE	NO_TWO_STAGE_BAYES_EVIDENCE	NO_TWO_STAGE_FREQUENTIST_EVIDENCE	NOT_SELECTED_BY_EBH
matched_moderate	distinct_ld	77	20360981	0.6	0.6	4000	1000	3	10	bd39c66663ca3d7b993ad4964f89344cff765be17d351df0153875c91cbbe193	0.40625583861627934	6.0	3.0	0.0	0.449137	0.394293	0.757109	0.777699	-1.498321	-1.110947	0.0	0.989187	0.0	LD_DISTINCT_SUPPORTED	NO_TWO_STAGE_BAYES_EVIDENCE	NO_TWO_STAGE_BAYES_EVIDENCE	NO_TWO_STAGE_FREQUENTIST_EVIDENCE	NOT_SELECTED_BY_EBH
matched_moderate	distinct_ld	78	20360982	0.6	0.6	4000	1000	3	10	bd39c66663ca3d7b993ad4964f89344cff765be17d351df0153875c91cbbe193	0.4031602760938364	6.0	3.0	0.0	0.594495	0.328265	0.380291	0.485162	-0.74568	-1.017579	0.0	0.999997	0.0	LD_DISTINCT_SUPPORTED	NO_TWO_STAGE_BAYES_EVIDENCE	NO_TWO_STAGE_BAYES_EVIDENCE	NO_TWO_STAGE_FREQUENTIST_EVIDENCE	NOT_SELECTED_BY_EBH
matched_moderate	distinct_ld	79	20360983	0.6	0.6	4000	1000	3	10	bd39c66663ca3d7b993ad4964f89344cff765be17d351df0153875c91cbbe193	0.40297676359011786	6.0	3.0	0.0	0.615132	0.290528	0.432724	0.900969	-1.240595	-1.373477	0.0	0.999974	0.0	LD_DISTINCT_SUPPORTED	NO_TWO_STAGE_BAYES_EVIDENCE	NO_TWO_STAGE_BAYES_EVIDENCE	NO_TWO_STAGE_FREQUENTIST_EVIDENCE	NOT_SELECTED_BY_EBH
matched_moderate	distinct_ld	80	20360984	0.6	0.6	4000	1000	3	10	bd39c66663ca3d7b993ad4964f89344cff765be17d351df0153875c91cbbe193	0.42190081015816966	6.0	3.0	0.0	0.583139	0.204652	0.881118	1.10879	-1.704207	-1.469501	0.0	0.978668	0.0	LD_DISTINCT_SUPPORTED	NO_TWO_STAGE_BAYES_EVIDENCE	NO_TWO_STAGE_BAYES_EVIDENCE	NO_TWO_STAGE_FREQUENTIST_EVIDENCE	NOT_SELECTED_BY_EBH
matched_moderate	distinct_ld	81	20360985	0.6	0.6	4000	1000	3	10	bd39c66663ca3d7b993ad4964f89344cff765be17d351df0153875c91cbbe193	0.40151504193912685	6.0	4.0	0.0	nan	0.279843	0.767997	0.993742	-1.654215	-1.737132	0.0	0.994447	0.0	LD_DISTINCT_SUPPORTED	NO_TWO_STAGE_BAYES_EVIDENCE	NO_TWO_STAGE_BAYES_EVIDENCE	NO_TWO_STAGE_FREQUENTIST_EVIDENCE	NOT_SELECTED_BY_EBH
matched_moderate	distinct_ld	82	20360986	0.6	0.6	4000	1000	3	10	bd39c66663ca3d7b993ad4964f89344cff765be17d351df0153875c91cbbe193	0.41084047102686566	6.0	3.0	0.0	0.586169	0.247395	0.988397	1.073316	-1.642287	-1.486761	0.0	0.999993	0.0	LD_DISTINCT_SUPPORTED	NO_TWO_STAGE_BAYES_EVIDENCE	NO_TWO_STAGE_BAYES_EVIDENCE	NO_TWO_STAGE_FREQUENTIST_EVIDENCE	NOT_SELECTED_BY_EBH
matched_moderate	distinct_ld	83	20360987	0.6	0.6	4000	1000	3	10	bd39c66663ca3d7b993ad4964f89344cff765be17d351df0153875c91cbbe193	0.4104019092129239	6.0	3.0	0.0	0.86187	0.337859	0.056881	1.486558	0.856725	-1.520851	0.0	0.999657	0.0	LD_DISTINCT_SUPPORTED	NO_TWO_STAGE_BAYES_EVIDENCE	NO_TWO_STAGE_BAYES_EVIDENCE	NO_TWO_STAGE_FREQUENTIST_EVIDENCE	NOT_SELECTED_BY_EBH
matched_moderate	distinct_ld	84	20360988	0.6	0.6	4000	1000	3	10	bd39c66663ca3d7b993ad4964f89344cff765be17d351df0153875c91cbbe193	0.4174330690161339	6.0	3.0	0.0	0.666762	0.20374	0.814241	0.895073	-1.559249	-1.525843	0.0	0.999993	0.0	LD_DISTINCT_SUPPORTED	NO_TWO_STAGE_BAYES_EVIDENCE	NO_TWO_STAGE_BAYES_EVIDENCE	NO_TWO_STAGE_FREQUENTIST_EVIDENCE	NOT_SELECTED_BY_EBH
matched_moderate	distinct_ld	85	20360989	0.6	0.6	4000	1000	3	10	bd39c66663ca3d7b993ad4964f89344cff765be17d351df0153875c91cbbe193	0.4033079620216828	6.0	3.0	0.0	0.604899	0.449426	0.728021	0.762719	-1.627928	-1.170037	0.0	0.999999	0.0	LD_DISTINCT_SUPPORTED	NO_TWO_STAGE_BAYES_EVIDENCE	NO_TWO_STAGE_BAYES_EVIDENCE	NO_TWO_STAGE_FREQUENTIST_EVIDENCE	NOT_SELECTED_BY_EBH
matched_moderate	distinct_ld	86	20360990	0.6	0.6	4000	1000	3	10	bd39c66663ca3d7b993ad4964f89344cff765be17d351df0153875c91cbbe193	0.41218638389519774	6.0	4.0	0.0	0.530653	0.337224	0.335509	1.411932	-0.90606	-1.36162	0.0	0.999999	0.0	LD_DISTINCT_SUPPORTED	NO_TWO_STAGE_BAYES_EVIDENCE	NO_TWO_STAGE_BAYES_EVIDENCE	NO_TWO_STAGE_FREQUENTIST_EVIDENCE	NOT_SELECTED_BY_EBH
matched_moderate	distinct_ld	87	20360991	0.6	0.6	4000	1000	3	10	bd39c66663ca3d7b993ad4964f89344cff765be17d351df0153875c91cbbe193	0.4208218945342341	6.0	3.0	0.0	0.747657	0.290507	0.980508	1.125031	-1.641704	-1.253334	0.0	0.999997	0.0	LD_DISTINCT_SUPPORTED	NO_TWO_STAGE_BAYES_EVIDENCE	NO_TWO_STAGE_BAYES_EVIDENCE	NO_TWO_STAGE_FREQUENTIST_EVIDENCE	NOT_SELECTED_BY_EBH
matched_moderate	distinct_ld	88	20360992	0.6	0.6	4000	1000	3	10	bd39c66663ca3d7b993ad4964f89344cff765be17d351df0153875c91cbbe193	0.4043815361840777	6.0	3.0	0.0	0.659975	0.336505	0.971046	1.231279	-1.640614	-1.169978	0.0	0.999984	0.0	LD_DISTINCT_SUPPORTED	NO_TWO_STAGE_BAYES_EVIDENCE	NO_TWO_STAGE_BAYES_EVIDENCE	NO_TWO_STAGE_FREQUENTIST_EVIDENCE	NOT_SELECTED_BY_EBH
matched_moderate	distinct_ld	89	20360993	0.6	0.6	4000	1000	3	10	bd39c66663ca3d7b993ad4964f89344cff765be17d351df0153875c91cbbe193	0.41252921150553407	6.0	3.0	0.0	0.784393	0.33915	0.280604	0.920413	-0.80856	-1.495866	0.0	0.0	0.0	UNRESOLVED_NO_OUTCOME_SIGNAL	NO_TWO_STAGE_BAYES_EVIDENCE	NO_TWO_STAGE_BAYES_EVIDENCE	NO_TWO_STAGE_FREQUENTIST_EVIDENCE	NOT_SELECTED_BY_EBH
matched_moderate	distinct_ld	90	20360994	0.6	0.6	4000	1000	3	10	bd39c66663ca3d7b993ad4964f89344cff765be17d351df0153875c91cbbe193	0.4159509100657248	6.0	3.0	0.0	0.674975	0.197302	0.996761	0.873712	-1.642582	-1.499488	0.0	0.999899	0.0	LD_DISTINCT_SUPPORTED	NO_TWO_STAGE_BAYES_EVIDENCE	NO_TWO_STAGE_BAYES_EVIDENCE	NO_TWO_STAGE_FREQUENTIST_EVIDENCE	NOT_SELECTED_BY_EBH
matched_moderate	distinct_ld	91	20360995	0.6	0.6	4000	1000	3	10	bd39c66663ca3d7b993ad4964f89344cff765be17d351df0153875c91cbbe193	0.4077851616973633	6.0	3.0	0.0	0.804489	0.28593	0.551434	0.975964	-1.107011	-1.463186	0.000351	0.361345	0.0	LD_CONFIGURATION_AMBIGUOUS	NO_TWO_STAGE_BAYES_EVIDENCE	NO_TWO_STAGE_BAYES_EVIDENCE	NO_TWO_STAGE_FREQUENTIST_EVIDENCE	NOT_SELECTED_BY_EBH
matched_moderate	distinct_ld	92	20360996	0.6	0.6	4000	1000	3	10	bd39c66663ca3d7b993ad4964f89344cff765be17d351df0153875c91cbbe193	0.40459054848201337	6.0	3.0	0.0	0.618349	nan	0.942867	-0.037386	-1.717501	-1.389471	0.0	0.994821	0.0	LD_DISTINCT_SUPPORTED	NO_TWO_STAGE_BAYES_EVIDENCE	NO_TWO_STAGE_BAYES_EVIDENCE	NO_TWO_STAGE_FREQUENTIST_EVIDENCE	NOT_SELECTED_BY_EBH
matched_moderate	distinct_ld	93	20360997	0.6	0.6	4000	1000	3	10	bd39c66663ca3d7b993ad4964f89344cff765be17d351df0153875c91cbbe193	0.40743531668159316	6.0	3.0	0.0	0.687785	nan	0.574189	-0.215384	-1.47616	-0.050269	0.0	0.983694	0.0	LD_DISTINCT_SUPPORTED	NO_TWO_STAGE_BAYES_EVIDENCE	NO_TWO_STAGE_BAYES_EVIDENCE	NO_TWO_STAGE_FREQUENTIST_EVIDENCE	NOT_SELECTED_BY_EBH
matched_moderate	distinct_ld	94	20360998	0.6	0.6	4000	1000	3	10	bd39c66663ca3d7b993ad4964f89344cff765be17d351df0153875c91cbbe193	0.39971129092883895	6.0	3.0	0.0	nan	0.206367	0.376871	0.532918	-0.619503	-1.567579	0.0	0.986753	0.0	LD_DISTINCT_SUPPORTED	NO_TWO_STAGE_BAYES_EVIDENCE	NO_TWO_STAGE_BAYES_EVIDENCE	NO_TWO_STAGE_FREQUENTIST_EVIDENCE	NOT_SELECTED_BY_EBH
matched_moderate	distinct_ld	95	20360999	0.6	0.6	4000	1000	3	10	bd39c66663ca3d7b993ad4964f89344cff765be17d351df0153875c91cbbe193	0.42454098446756644	6.0	3.0	0.0	0.635534	0.137989	0.992722	0.638491	-1.642481	-1.481752	0.0	0.99077	0.0	LD_DISTINCT_SUPPORTED	NO_TWO_STAGE_BAYES_EVIDENCE	NO_TWO_STAGE_BAYES_EVIDENCE	NO_TWO_STAGE_FREQUENTIST_EVIDENCE	NOT_SELECTED_BY_EBH
matched_moderate	distinct_ld	96	20361000	0.6	0.6	4000	1000	3	10	bd39c66663ca3d7b993ad4964f89344cff765be17d351df0153875c91cbbe193	0.41301786713934	6.0	3.0	0.0	0.818943	nan	0.973711	-1.095176	-1.640964	-0.931356	1e-06	0.949072	0.0	LD_DISTINCT_SUPPORTED	NO_TWO_STAGE_BAYES_EVIDENCE	NO_TWO_STAGE_BAYES_EVIDENCE	NO_TWO_STAGE_FREQUENTIST_EVIDENCE	NOT_SELECTED_BY_EBH
matched_moderate	distinct_ld	97	20361001	0.6	0.6	4000	1000	3	10	bd39c66663ca3d7b993ad4964f89344cff765be17d351df0153875c91cbbe193	0.42790327291004204	6.0	3.0	0.0	0.563174	-0.028855	0.756811	-0.504916	-1.647341	-1.239266	0.0	0.983367	0.0	LD_DISTINCT_SUPPORTED	NO_TWO_STAGE_BAYES_EVIDENCE	NO_TWO_STAGE_BAYES_EVIDENCE	NO_TWO_STAGE_FREQUENTIST_EVIDENCE	NOT_SELECTED_BY_EBH
matched_moderate	distinct_ld	98	20361002	0.6	0.6	4000	1000	3	10	bd39c66663ca3d7b993ad4964f89344cff765be17d351df0153875c91cbbe193	0.4107496244285276	6.0	3.0	0.0	0.726158	0.093172	0.979133	-0.243547	-1.641572	-1.246657	2.7e-05	0.586699	0.0	LD_CONFIGURATION_AMBIGUOUS	NO_TWO_STAGE_BAYES_EVIDENCE	NO_TWO_STAGE_BAYES_EVIDENCE	NO_TWO_STAGE_FREQUENTIST_EVIDENCE	NOT_SELECTED_BY_EBH
matched_moderate	distinct_ld	99	20361003	0.6	0.6	4000	1000	3	10	bd39c66663ca3d7b993ad4964f89344cff765be17d351df0153875c91cbbe193	0.4066938768185823	6.0	3.0	0.0	0.776183	0.209565	0.980929	0.951147	-1.641742	-1.193926	0.0	0.998394	0.0	LD_DISTINCT_SUPPORTED	NO_TWO_STAGE_BAYES_EVIDENCE	NO_TWO_STAGE_BAYES_EVIDENCE	NO_TWO_STAGE_FREQUENTIST_EVIDENCE	NOT_SELECTED_BY_EBH
matched_moderate	distinct_ld	100	20361004	0.6	0.6	4000	1000	3	10	bd39c66663ca3d7b993ad4964f89344cff765be17d351df0153875c91cbbe193	0.4231555784739898	6.0	3.0	0.0	0.711437	0.041457	0.115869	0.639692	0.150017	-1.256472	5e-06	0.862542	0.0	LD_DISTINCT_SUPPORTED	NO_TWO_STAGE_BAYES_EVIDENCE	NO_TWO_STAGE_BAYES_EVIDENCE	NO_TWO_STAGE_FREQUENTIST_EVIDENCE	NOT_SELECTED_BY_EBH
matched_moderate	no_second_stage	1	20560905	0.6	0.6	4000	1000	3	10	bd39c66663ca3d7b993ad4964f89344cff765be17d351df0153875c91cbbe193	0.9999999999999999	6.0	3.0	0.0	0.669522	0.007106	0.79691	-1.109938	-1.542636	-1.277248	0.0	0.0	0.0	UNRESOLVED_NO_OUTCOME_SIGNAL	NO_TWO_STAGE_BAYES_EVIDENCE	NO_TWO_STAGE_BAYES_EVIDENCE	NO_TWO_STAGE_FREQUENTIST_EVIDENCE	NOT_SELECTED_BY_EBH
matched_moderate	no_second_stage	2	20560906	0.6	0.6	4000	1000	3	10	bd39c66663ca3d7b993ad4964f89344cff765be17d351df0153875c91cbbe193	1.0	6.0	3.0	0.0	0.712248	-0.018899	0.439471	-1.398505	-0.728297	-1.528298	0.0	0.0	0.0	UNRESOLVED_NO_OUTCOME_SIGNAL	NO_TWO_STAGE_BAYES_EVIDENCE	NO_TWO_STAGE_BAYES_EVIDENCE	NO_TWO_STAGE_FREQUENTIST_EVIDENCE	NOT_SELECTED_BY_EBH
matched_moderate	no_second_stage	3	20560907	0.6	0.6	4000	1000	3	10	bd39c66663ca3d7b993ad4964f89344cff765be17d351df0153875c91cbbe193	1.0	6.0	3.0	0.0	0.623775	0.014223	0.700613	-0.623709	-1.419809	-1.308557	0.0	0.0	0.0	UNRESOLVED_NO_OUTCOME_SIGNAL	NO_TWO_STAGE_BAYES_EVIDENCE	NO_TWO_STAGE_BAYES_EVIDENCE	NO_TWO_STAGE_FREQUENTIST_EVIDENCE	NOT_SELECTED_BY_EBH
matched_moderate	no_second_stage	4	20560908	0.6	0.6	4000	1000	3	10	bd39c66663ca3d7b993ad4964f89344cff765be17d351df0153875c91cbbe193	1.0	6.0	3.0	0.0	0.760034	nan	0.680014	-0.471988	-1.386298	-1.48686	0.0	0.0	0.0	UNRESOLVED_NO_OUTCOME_SIGNAL	NO_TWO_STAGE_BAYES_EVIDENCE	NO_TWO_STAGE_BAYES_EVIDENCE	NO_TWO_STAGE_FREQUENTIST_EVIDENCE	NOT_SELECTED_BY_EBH
matched_moderate	no_second_stage	5	20560909	0.6	0.6	4000	1000	3	10	bd39c66663ca3d7b993ad4964f89344cff765be17d351df0153875c91cbbe193	1.0	5.0	3.0	0.0	0.539096	0.02519	0.314449	-1.299703	-0.840628	-1.565427	0.0	0.0	0.0	UNRESOLVED_NO_OUTCOME_SIGNAL	NO_TWO_STAGE_BAYES_EVIDENCE	NO_TWO_STAGE_BAYES_EVIDENCE	NO_TWO_STAGE_FREQUENTIST_EVIDENCE	NOT_SELECTED_BY_EBH
matched_moderate	no_second_stage	6	20560910	0.6	0.6	4000	1000	3	10	bd39c66663ca3d7b993ad4964f89344cff765be17d351df0153875c91cbbe193	1.0	6.0	3.0	0.0	0.82605	-0.096364	0.730814	-1.176324	-1.464144	-0.759558	0.0	0.0	0.0	UNRESOLVED_NO_OUTCOME_SIGNAL	NO_TWO_STAGE_BAYES_EVIDENCE	NO_TWO_STAGE_BAYES_EVIDENCE	NO_TWO_STAGE_FREQUENTIST_EVIDENCE	NOT_SELECTED_BY_EBH
matched_moderate	no_second_stage	7	20560911	0.6	0.6	4000	1000	3	10	bd39c66663ca3d7b993ad4964f89344cff765be17d351df0153875c91cbbe193	1.0	6.0	3.0	0.0	0.656412	-0.157479	0.341794	-1.24179	-0.235317	-1.323557	0.0	0.0	0.0	UNRESOLVED_NO_OUTCOME_SIGNAL	NO_TWO_STAGE_BAYES_EVIDENCE	NO_TWO_STAGE_BAYES_EVIDENCE	NO_TWO_STAGE_FREQUENTIST_EVIDENCE	NOT_SELECTED_BY_EBH
matched_moderate	no_second_stage	8	20560912	0.6	0.6	4000	1000	3	10	bd39c66663ca3d7b993ad4964f89344cff765be17d351df0153875c91cbbe193	1.0	6.0	3.0	0.0	0.655779	nan	0.893346	-1.106066	-1.615432	-1.078036	0.0	0.0	0.0	UNRESOLVED_NO_OUTCOME_SIGNAL	NO_TWO_STAGE_BAYES_EVIDENCE	NO_TWO_STAGE_BAYES_EVIDENCE	NO_TWO_STAGE_FREQUENTIST_EVIDENCE	NOT_SELECTED_BY_EBH
matched_moderate	no_second_stage	9	20560913	0.6	0.6	4000	1000	3	10	bd39c66663ca3d7b993ad4964f89344cff765be17d351df0153875c91cbbe193	1.0	6.0	3.0	0.0	0.630646	-0.006597	0.974173	-1.231961	-1.641021	-1.344994	0.0	0.0	0.0	UNRESOLVED_NO_OUTCOME_SIGNAL	NO_TWO_STAGE_BAYES_EVIDENCE	NO_TWO_STAGE_BAYES_EVIDENCE	NO_TWO_STAGE_FREQUENTIST_EVIDENCE	NOT_SELECTED_BY_EBH
matched_moderate	no_second_stage	10	20560914	0.6	0.6	4000	1000	3	10	bd39c66663ca3d7b993ad4964f89344cff765be17d351df0153875c91cbbe193	1.0	6.0	3.0	0.0	0.638368	-0.007139	0.977183	-1.24067	-1.720831	-1.584515	0.0	0.0	0.0	UNRESOLVED_NO_OUTCOME_SIGNAL	NO_TWO_STAGE_BAYES_EVIDENCE	NO_TWO_STAGE_BAYES_EVIDENCE	NO_TWO_STAGE_FREQUENTIST_EVIDENCE	NOT_SELECTED_BY_EBH
matched_moderate	no_second_stage	11	20560915	0.6	0.6	4000	1000	3	10	bd39c66663ca3d7b993ad4964f89344cff765be17d351df0153875c91cbbe193	1.0	6.0	3.0	0.0	0.665949	0.086284	0.862743	-0.925384	-1.59744	-1.361414	0.0	0.0	0.0	UNRESOLVED_NO_OUTCOME_SIGNAL	NO_TWO_STAGE_BAYES_EVIDENCE	NO_TWO_STAGE_BAYES_EVIDENCE	NO_TWO_STAGE_FREQUENTIST_EVIDENCE	NOT_SELECTED_BY_EBH
matched_moderate	no_second_stage	12	20560916	0.6	0.6	4000	1000	3	10	bd39c66663ca3d7b993ad4964f89344cff765be17d351df0153875c91cbbe193	1.0	6.0	3.0	0.0	0.634969	0.21053	0.641965	-0.914056	-1.316933	-0.722973	0.0	0.0	0.0	UNRESOLVED_NO_OUTCOME_SIGNAL	NO_TWO_STAGE_BAYES_EVIDENCE	NO_TWO_STAGE_BAYES_EVIDENCE	NO_TWO_STAGE_FREQUENTIST_EVIDENCE	NOT_SELECTED_BY_EBH
matched_moderate	no_second_stage	13	20560917	0.6	0.6	4000	1000	3	10	bd39c66663ca3d7b993ad4964f89344cff765be17d351df0153875c91cbbe193	1.0	6.0	3.0	0.0	0.924529	-0.226183	0.154238	-0.989505	-0.06578	-1.089198	0.0	0.0	0.0	UNRESOLVED_NO_OUTCOME_SIGNAL	NO_TWO_STAGE_BAYES_EVIDENCE	NO_TWO_STAGE_BAYES_EVIDENCE	NO_TWO_STAGE_FREQUENTIST_EVIDENCE	NOT_SELECTED_BY_EBH
matched_moderate	no_second_stage	14	20560918	0.6	0.6	4000	1000	3	10	bd39c66663ca3d7b993ad4964f89344cff765be17d351df0153875c91cbbe193	1.0	6.0	3.0	0.0	0.637741	nan	0.523942	-1.083836	-1.028317	-0.268245	0.0	0.0	0.0	UNRESOLVED_NO_OUTCOME_SIGNAL	NO_TWO_STAGE_BAYES_EVIDENCE	NO_TWO_STAGE_BAYES_EVIDENCE	NO_TWO_STAGE_FREQUENTIST_EVIDENCE	NOT_SELECTED_BY_EBH
matched_moderate	no_second_stage	15	20560919	0.6	0.6	4000	1000	3	10	bd39c66663ca3d7b993ad4964f89344cff765be17d351df0153875c91cbbe193	1.0	6.0	3.0	0.0	0.706988	-0.065178	0.949484	-0.929241	-1.636536	-1.260546	0.0	0.0	0.0	UNRESOLVED_NO_OUTCOME_SIGNAL	NO_TWO_STAGE_BAYES_EVIDENCE	NO_TWO_STAGE_BAYES_EVIDENCE	NO_TWO_STAGE_FREQUENTIST_EVIDENCE	NOT_SELECTED_BY_EBH
matched_moderate	no_second_stage	16	20560920	0.6	0.6	4000	1000	3	10	bd39c66663ca3d7b993ad4964f89344cff765be17d351df0153875c91cbbe193	1.0	6.0	3.0	0.0	0.626153	0.071106	0.437247	-1.210539	-0.718977	-1.532275	0.0	0.0	0.0	UNRESOLVED_NO_OUTCOME_SIGNAL	NO_TWO_STAGE_BAYES_EVIDENCE	NO_TWO_STAGE_BAYES_EVIDENCE	NO_TWO_STAGE_FREQUENTIST_EVIDENCE	NOT_SELECTED_BY_EBH
matched_moderate	no_second_stage	17	20560921	0.6	0.6	4000	1000	3	10	bd39c66663ca3d7b993ad4964f89344cff765be17d351df0153875c91cbbe193	1.0	6.0	3.0	0.0	0.616873	-0.0402	0.906534	-1.198021	-1.710829	-1.518968	0.0	0.0	0.0	UNRESOLVED_NO_OUTCOME_SIGNAL	NO_TWO_STAGE_BAYES_EVIDENCE	NO_TWO_STAGE_BAYES_EVIDENCE	NO_TWO_STAGE_FREQUENTIST_EVIDENCE	NOT_SELECTED_BY_EBH
matched_moderate	no_second_stage	18	20560922	0.6	0.6	4000	1000	3	10	bd39c66663ca3d7b993ad4964f89344cff765be17d351df0153875c91cbbe193	1.0	6.0	3.0	0.0	0.507577	-0.105796	0.799092	-1.09801	-1.67143	-1.01082	0.0	0.0	0.0	UNRESOLVED_NO_OUTCOME_SIGNAL	NO_TWO_STAGE_BAYES_EVIDENCE	NO_TWO_STAGE_BAYES_EVIDENCE	NO_TWO_STAGE_FREQUENTIST_EVIDENCE	NOT_SELECTED_BY_EBH
matched_moderate	no_second_stage	19	20560923	0.6	0.6	4000	1000	3	10	bd39c66663ca3d7b993ad4964f89344cff765be17d351df0153875c91cbbe193	1.0	6.0	3.0	0.0	0.643524	-0.117607	0.477777	-1.124127	-1.328475	-1.225564	0.0	0.0	0.0	UNRESOLVED_NO_OUTCOME_SIGNAL	NO_TWO_STAGE_BAYES_EVIDENCE	NO_TWO_STAGE_BAYES_EVIDENCE	NO_TWO_STAGE_FREQUENTIST_EVIDENCE	NOT_SELECTED_BY_EBH
matched_moderate	no_second_stage	20	20560924	0.6	0.6	4000	1000	3	10	bd39c66663ca3d7b993ad4964f89344cff765be17d351df0153875c91cbbe193	1.0	6.0	3.0	0.0	0.722394	0.253348	0.124013	-1.050302	0.078661	-1.144622	0.0	0.0	0.0	UNRESOLVED_NO_OUTCOME_SIGNAL	NO_TWO_STAGE_BAYES_EVIDENCE	NO_TWO_STAGE_BAYES_EVIDENCE	NO_TWO_STAGE_FREQUENTIST_EVIDENCE	NOT_SELECTED_BY_EBH
matched_moderate	no_second_stage	21	20560925	0.6	0.6	4000	1000	3	10	bd39c66663ca3d7b993ad4964f89344cff765be17d351df0153875c91cbbe193	1.0	5.0	3.0	0.0	nan	nan	0.973518	-0.393039	-1.64094	-0.300702	0.0	0.0	0.0	UNRESOLVED_NO_OUTCOME_SIGNAL	NO_TWO_STAGE_BAYES_EVIDENCE	NO_TWO_STAGE_BAYES_EVIDENCE	NO_TWO_STAGE_FREQUENTIST_EVIDENCE	NOT_SELECTED_BY_EBH
matched_moderate	no_second_stage	22	20560926	0.6	0.6	4000	1000	3	10	bd39c66663ca3d7b993ad4964f89344cff765be17d351df0153875c91cbbe193	1.0	6.0	3.0	0.0	0.71299	-0.018735	0.949317	-1.165813	-1.636495	-1.511709	0.0	0.0	0.0	UNRESOLVED_NO_OUTCOME_SIGNAL	NO_TWO_STAGE_BAYES_EVIDENCE	NO_TWO_STAGE_BAYES_EVIDENCE	NO_TWO_STAGE_FREQUENTIST_EVIDENCE	NOT_SELECTED_BY_EBH
matched_moderate	no_second_stage	23	20560927	0.6	0.6	4000	1000	3	10	bd39c66663ca3d7b993ad4964f89344cff765be17d351df0153875c91cbbe193	1.0	6.0	3.0	0.0	0.607374	0.063143	0.26999	-0.976098	-0.767445	-1.244937	0.0	0.0	0.0	UNRESOLVED_NO_OUTCOME_SIGNAL	NO_TWO_STAGE_BAYES_EVIDENCE	NO_TWO_STAGE_BAYES_EVIDENCE	NO_TWO_STAGE_FREQUENTIST_EVIDENCE	NOT_SELECTED_BY_EBH
matched_moderate	no_second_stage	24	20560928	0.6	0.6	4000	1000	3	10	bd39c66663ca3d7b993ad4964f89344cff765be17d351df0153875c91cbbe193	1.0	6.0	3.0	0.0	0.631725	-0.271857	0.644961	-0.899942	-1.322763	1.071078	0.0	0.0	0.0	UNRESOLVED_NO_OUTCOME_SIGNAL	NO_TWO_STAGE_BAYES_EVIDENCE	NO_TWO_STAGE_BAYES_EVIDENCE	NO_TWO_STAGE_FREQUENTIST_EVIDENCE	NOT_SELECTED_BY_EBH
matched_moderate	no_second_stage	25	20560929	0.6	0.6	4000	1000	3	10	bd39c66663ca3d7b993ad4964f89344cff765be17d351df0153875c91cbbe193	1.0	6.0	3.0	0.0	0.56174	0.077776	0.639365	-0.776951	-1.551234	-1.302946	0.0	0.0	0.0	UNRESOLVED_NO_OUTCOME_SIGNAL	NO_TWO_STAGE_BAYES_EVIDENCE	NO_TWO_STAGE_BAYES_EVIDENCE	NO_TWO_STAGE_FREQUENTIST_EVIDENCE	NOT_SELECTED_BY_EBH
matched_moderate	no_second_stage	26	20560930	0.6	0.6	4000	1000	3	10	bd39c66663ca3d7b993ad4964f89344cff765be17d351df0153875c91cbbe193	1.0	6.0	3.0	0.0	0.615058	nan	0.787725	-0.552955	-1.53318	-0.575489	0.0	0.0	0.0	UNRESOLVED_NO_OUTCOME_SIGNAL	NO_TWO_STAGE_BAYES_EVIDENCE	NO_TWO_STAGE_BAYES_EVIDENCE	NO_TWO_STAGE_FREQUENTIST_EVIDENCE	NOT_SELECTED_BY_EBH
matched_moderate	no_second_stage	27	20560931	0.6	0.6	4000	1000	3	10	bd39c66663ca3d7b993ad4964f89344cff765be17d351df0153875c91cbbe193	1.0	6.0	3.0	0.0	nan	0.157284	0.540133	-1.026312	-1.429511	-1.016488	0.0	0.0	0.0	UNRESOLVED_NO_OUTCOME_SIGNAL	NO_TWO_STAGE_BAYES_EVIDENCE	NO_TWO_STAGE_BAYES_EVIDENCE	NO_TWO_STAGE_FREQUENTIST_EVIDENCE	NOT_SELECTED_BY_EBH
matched_moderate	no_second_stage	28	20560932	0.6	0.6	4000	1000	3	10	bd39c66663ca3d7b993ad4964f89344cff765be17d351df0153875c91cbbe193	1.0	5.0	3.0	0.0	1.000593	nan	0.161623	-0.776749	1.025955	-1.365598	0.0	0.0	0.0	UNRESOLVED_NO_OUTCOME_SIGNAL	NO_TWO_STAGE_BAYES_EVIDENCE	NO_TWO_STAGE_BAYES_EVIDENCE	NO_TWO_STAGE_FREQUENTIST_EVIDENCE	NOT_SELECTED_BY_EBH
matched_moderate	no_second_stage	29	20560933	0.6	0.6	4000	1000	3	10	bd39c66663ca3d7b993ad4964f89344cff765be17d351df0153875c91cbbe193	1.0	6.0	3.0	0.0	nan	-0.029475	0.829943	-1.050913	-1.685854	-0.962489	0.0	0.0	0.0	UNRESOLVED_NO_OUTCOME_SIGNAL	NO_TWO_STAGE_BAYES_EVIDENCE	NO_TWO_STAGE_BAYES_EVIDENCE	NO_TWO_STAGE_FREQUENTIST_EVIDENCE	NOT_SELECTED_BY_EBH
matched_moderate	no_second_stage	30	20560934	0.6	0.6	4000	1000	3	10	bd39c66663ca3d7b993ad4964f89344cff765be17d351df0153875c91cbbe193	1.0	6.0	3.0	0.0	0.548466	nan	0.898977	-1.011529	-1.61824	-0.867008	0.0	0.0	0.0	UNRESOLVED_NO_OUTCOME_SIGNAL	NO_TWO_STAGE_BAYES_EVIDENCE	NO_TWO_STAGE_BAYES_EVIDENCE	NO_TWO_STAGE_FREQUENTIST_EVIDENCE	NOT_SELECTED_BY_EBH
matched_moderate	no_second_stage	31	20560935	0.6	0.6	4000	1000	3	10	bd39c66663ca3d7b993ad4964f89344cff765be17d351df0153875c91cbbe193	1.0	6.0	3.0	0.0	nan	0.010248	0.861664	-0.937097	-1.698031	-1.47124	0.0	0.0	0.0	UNRESOLVED_NO_OUTCOME_SIGNAL	NO_TWO_STAGE_BAYES_EVIDENCE	NO_TWO_STAGE_BAYES_EVIDENCE	NO_TWO_STAGE_FREQUENTIST_EVIDENCE	NOT_SELECTED_BY_EBH
matched_moderate	no_second_stage	32	20560936	0.6	0.6	4000	1000	3	10	bd39c66663ca3d7b993ad4964f89344cff765be17d351df0153875c91cbbe193	1.0	6.0	3.0	0.0	0.773018	-0.020635	0.770315	-0.675247	-1.513996	-0.693386	0.0	0.0	0.0	UNRESOLVED_NO_OUTCOME_SIGNAL	NO_TWO_STAGE_BAYES_EVIDENCE	NO_TWO_STAGE_BAYES_EVIDENCE	NO_TWO_STAGE_FREQUENTIST_EVIDENCE	NOT_SELECTED_BY_EBH
matched_moderate	no_second_stage	33	20560937	0.6	0.6	4000	1000	3	10	bd39c66663ca3d7b993ad4964f89344cff765be17d351df0153875c91cbbe193	1.0	6.0	3.0	0.0	0.958848	nan	0.839571	-0.943163	-1.580697	-0.778631	0.0	0.0	0.0	UNRESOLVED_NO_OUTCOME_SIGNAL	NO_TWO_STAGE_BAYES_EVIDENCE	NO_TWO_STAGE_BAYES_EVIDENCE	NO_TWO_STAGE_FREQUENTIST_EVIDENCE	NOT_SELECTED_BY_EBH
matched_moderate	no_second_stage	34	20560938	0.6	0.6	4000	1000	3	10	bd39c66663ca3d7b993ad4964f89344cff765be17d351df0153875c91cbbe193	1.0	6.0	3.0	0.0	0.67289	0.055352	0.317954	-0.585816	-0.094059	-1.112183	0.0	0.0	0.0	UNRESOLVED_NO_OUTCOME_SIGNAL	NO_TWO_STAGE_BAYES_EVIDENCE	NO_TWO_STAGE_BAYES_EVIDENCE	NO_TWO_STAGE_FREQUENTIST_EVIDENCE	NOT_SELECTED_BY_EBH
matched_moderate	no_second_stage	35	20560939	0.6	0.6	4000	1000	3	10	bd39c66663ca3d7b993ad4964f89344cff765be17d351df0153875c91cbbe193	1.0	6.0	3.0	0.0	0.760832	0.01388	0.444129	-1.228587	-1.246967	-1.622661	0.0	0.0	0.0	UNRESOLVED_NO_OUTCOME_SIGNAL	NO_TWO_STAGE_BAYES_EVIDENCE	NO_TWO_STAGE_BAYES_EVIDENCE	NO_TWO_STAGE_FREQUENTIST_EVIDENCE	NOT_SELECTED_BY_EBH
matched_moderate	no_second_stage	36	20560940	0.6	0.6	4000	1000	3	10	bd39c66663ca3d7b993ad4964f89344cff765be17d351df0153875c91cbbe193	1.0	6.0	3.0	0.0	0.61974	nan	0.591336	-1.122474	-1.208074	-0.393107	0.0	0.0	0.0	UNRESOLVED_NO_OUTCOME_SIGNAL	NO_TWO_STAGE_BAYES_EVIDENCE	NO_TWO_STAGE_BAYES_EVIDENCE	NO_TWO_STAGE_FREQUENTIST_EVIDENCE	NOT_SELECTED_BY_EBH
matched_moderate	no_second_stage	37	20560941	0.6	0.6	4000	1000	3	10	bd39c66663ca3d7b993ad4964f89344cff765be17d351df0153875c91cbbe193	1.0	5.0	3.0	0.0	0.585171	0.319912	0.275223	-0.714915	0.037734	-1.135311	0.0	0.0	0.0	UNRESOLVED_NO_OUTCOME_SIGNAL	NO_TWO_STAGE_BAYES_EVIDENCE	NO_TWO_STAGE_BAYES_EVIDENCE	NO_TWO_STAGE_FREQUENTIST_EVIDENCE	NOT_SELECTED_BY_EBH
matched_moderate	no_second_stage	38	20560942	0.6	0.6	4000	1000	3	10	bd39c66663ca3d7b993ad4964f89344cff765be17d351df0153875c91cbbe193	1.0	6.0	3.0	0.0	0.747787	-0.071932	0.218412	-0.925608	0.426627	-1.194029	0.0	0.0	0.0	UNRESOLVED_NO_OUTCOME_SIGNAL	NO_TWO_STAGE_BAYES_EVIDENCE	NO_TWO_STAGE_BAYES_EVIDENCE	NO_TWO_STAGE_FREQUENTIST_EVIDENCE	NOT_SELECTED_BY_EBH
matched_moderate	no_second_stage	39	20560943	0.6	0.6	4000	1000	3	10	bd39c66663ca3d7b993ad4964f89344cff765be17d351df0153875c91cbbe193	1.0	6.0	3.0	0.0	0.733308	0.147816	0.783623	-1.213167	-1.663209	-1.320897	0.0	0.0	0.0	UNRESOLVED_NO_OUTCOME_SIGNAL	NO_TWO_STAGE_BAYES_EVIDENCE	NO_TWO_STAGE_BAYES_EVIDENCE	NO_TWO_STAGE_FREQUENTIST_EVIDENCE	NOT_SELECTED_BY_EBH
matched_moderate	no_second_stage	40	20560944	0.6	0.6	4000	1000	3	10	bd39c66663ca3d7b993ad4964f89344cff765be17d351df0153875c91cbbe193	1.0	6.0	3.0	0.0	0.658688	nan	0.967686	-0.781094	-1.640124	-0.727655	0.0	0.0	0.0	UNRESOLVED_NO_OUTCOME_SIGNAL	NO_TWO_STAGE_BAYES_EVIDENCE	NO_TWO_STAGE_BAYES_EVIDENCE	NO_TWO_STAGE_FREQUENTIST_EVIDENCE	NOT_SELECTED_BY_EBH
matched_moderate	no_second_stage	41	20560945	0.6	0.6	4000	1000	3	10	bd39c66663ca3d7b993ad4964f89344cff765be17d351df0153875c91cbbe193	1.0	6.0	3.0	0.0	0.764453	0.019857	0.414617	-1.371193	-0.892931	-1.59691	0.0	0.0	0.0	UNRESOLVED_NO_OUTCOME_SIGNAL	NO_TWO_STAGE_BAYES_EVIDENCE	NO_TWO_STAGE_BAYES_EVIDENCE	NO_TWO_STAGE_FREQUENTIST_EVIDENCE	NOT_SELECTED_BY_EBH
matched_moderate	no_second_stage	42	20560946	0.6	0.6	4000	1000	3	10	bd39c66663ca3d7b993ad4964f89344cff765be17d351df0153875c91cbbe193	1.0	6.0	4.0	0.0	0.69331	0.220264	0.1728	-1.109164	0.147899	-1.147983	0.0	0.0	0.0	UNRESOLVED_NO_OUTCOME_SIGNAL	NO_TWO_STAGE_BAYES_EVIDENCE	NO_TWO_STAGE_BAYES_EVIDENCE	NO_TWO_STAGE_FREQUENTIST_EVIDENCE	NOT_SELECTED_BY_EBH
matched_moderate	no_second_stage	43	20560947	0.6	0.6	4000	1000	3	10	bd39c66663ca3d7b993ad4964f89344cff765be17d351df0153875c91cbbe193	1.0	6.0	3.0	0.0	0.865512	nan	0.549083	-0.23923	-1.100587	-1.215989	0.0	0.0	0.0	UNRESOLVED_NO_OUTCOME_SIGNAL	NO_TWO_STAGE_BAYES_EVIDENCE	NO_TWO_STAGE_BAYES_EVIDENCE	NO_TWO_STAGE_FREQUENTIST_EVIDENCE	NOT_SELECTED_BY_EBH
matched_moderate	no_second_stage	44	20560948	0.6	0.6	4000	1000	3	10	bd39c66663ca3d7b993ad4964f89344cff765be17d351df0153875c91cbbe193	1.0	6.0	3.0	0.0	0.601261	0.009469	0.813003	-1.309285	-1.558114	-1.534554	0.0	0.0	0.0	UNRESOLVED_NO_OUTCOME_SIGNAL	NO_TWO_STAGE_BAYES_EVIDENCE	NO_TWO_STAGE_BAYES_EVIDENCE	NO_TWO_STAGE_FREQUENTIST_EVIDENCE	NOT_SELECTED_BY_EBH
matched_moderate	no_second_stage	45	20560949	0.6	0.6	4000	1000	3	10	bd39c66663ca3d7b993ad4964f89344cff765be17d351df0153875c91cbbe193	1.0	6.0	3.0	0.0	0.557522	nan	0.246138	-0.992329	-0.667747	-1.07352	0.0	0.0	0.0	UNRESOLVED_NO_OUTCOME_SIGNAL	NO_TWO_STAGE_BAYES_EVIDENCE	NO_TWO_STAGE_BAYES_EVIDENCE	NO_TWO_STAGE_FREQUENTIST_EVIDENCE	NOT_SELECTED_BY_EBH
matched_moderate	no_second_stage	46	20560950	0.6	0.6	4000	1000	3	10	bd39c66663ca3d7b993ad4964f89344cff765be17d351df0153875c91cbbe193	1.0	6.0	3.0	0.0	0.633315	0.021689	0.981344	-1.043221	-1.641779	-1.272916	0.0	0.0	0.0	UNRESOLVED_NO_OUTCOME_SIGNAL	NO_TWO_STAGE_BAYES_EVIDENCE	NO_TWO_STAGE_BAYES_EVIDENCE	NO_TWO_STAGE_FREQUENTIST_EVIDENCE	NOT_SELECTED_BY_EBH
matched_moderate	no_second_stage	47	20560951	0.6	0.6	4000	1000	3	10	bd39c66663ca3d7b993ad4964f89344cff765be17d351df0153875c91cbbe193	1.0	6.0	3.0	0.0	0.643	0.232611	0.328574	-0.835264	-0.75064	-1.236812	0.0	0.0	0.0	UNRESOLVED_NO_OUTCOME_SIGNAL	NO_TWO_STAGE_BAYES_EVIDENCE	NO_TWO_STAGE_BAYES_EVIDENCE	NO_TWO_STAGE_FREQUENTIST_EVIDENCE	NOT_SELECTED_BY_EBH
matched_moderate	no_second_stage	48	20560952	0.6	0.6	4000	1000	3	10	bd39c66663ca3d7b993ad4964f89344cff765be17d351df0153875c91cbbe193	1.0	6.0	3.0	0.0	0.553951	-0.033209	0.94456	-1.073435	-1.635293	-1.528362	0.0	0.0	0.0	UNRESOLVED_NO_OUTCOME_SIGNAL	NO_TWO_STAGE_BAYES_EVIDENCE	NO_TWO_STAGE_BAYES_EVIDENCE	NO_TWO_STAGE_FREQUENTIST_EVIDENCE	NOT_SELECTED_BY_EBH
matched_moderate	no_second_stage	49	20560953	0.6	0.6	4000	1000	3	10	bd39c66663ca3d7b993ad4964f89344cff765be17d351df0153875c91cbbe193	1.0	6.0	3.0	0.0	0.70238	nan	0.381183	-1.242515	-0.454738	-1.496784	0.0	0.0	0.0	UNRESOLVED_NO_OUTCOME_SIGNAL	NO_TWO_STAGE_BAYES_EVIDENCE	NO_TWO_STAGE_BAYES_EVIDENCE	NO_TWO_STAGE_FREQUENTIST_EVIDENCE	NOT_SELECTED_BY_EBH
matched_moderate	no_second_stage	50	20560954	0.6	0.6	4000	1000	3	10	bd39c66663ca3d7b993ad4964f89344cff765be17d351df0153875c91cbbe193	1.0	6.0	3.0	0.0	0.605863	-0.062873	0.379924	-1.103584	-0.690486	-1.604603	0.0	0.0	0.0	UNRESOLVED_NO_OUTCOME_SIGNAL	NO_TWO_STAGE_BAYES_EVIDENCE	NO_TWO_STAGE_BAYES_EVIDENCE	NO_TWO_STAGE_FREQUENTIST_EVIDENCE	NOT_SELECTED_BY_EBH
matched_moderate	no_second_stage	51	20560955	0.6	0.6	4000	1000	3	10	bd39c66663ca3d7b993ad4964f89344cff765be17d351df0153875c91cbbe193	1.0	6.0	3.0	0.0	0.823514	-0.075711	0.86144	-0.985196	-1.596571	-1.453842	0.0	0.0	0.0	UNRESOLVED_NO_OUTCOME_SIGNAL	NO_TWO_STAGE_BAYES_EVIDENCE	NO_TWO_STAGE_BAYES_EVIDENCE	NO_TWO_STAGE_FREQUENTIST_EVIDENCE	NOT_SELECTED_BY_EBH
matched_moderate	no_second_stage	52	20560956	0.6	0.6	4000	1000	3	10	bd39c66663ca3d7b993ad4964f89344cff765be17d351df0153875c91cbbe193	1.0	6.0	3.0	0.0	0.946254	-0.02406	0.153544	-0.950043	1.114784	-1.527881	0.0	0.0	0.0	UNRESOLVED_NO_OUTCOME_SIGNAL	NO_TWO_STAGE_BAYES_EVIDENCE	NO_TWO_STAGE_BAYES_EVIDENCE	NO_TWO_STAGE_FREQUENTIST_EVIDENCE	NOT_SELECTED_BY_EBH
matched_moderate	no_second_stage	53	20560957	0.6	0.6	4000	1000	3	10	bd39c66663ca3d7b993ad4964f89344cff765be17d351df0153875c91cbbe193	1.0	6.0	3.0	0.0	0.557518	-0.048267	0.617317	-0.839128	-1.266444	-1.568403	0.0	0.0	0.0	UNRESOLVED_NO_OUTCOME_SIGNAL	NO_TWO_STAGE_BAYES_EVIDENCE	NO_TWO_STAGE_BAYES_EVIDENCE	NO_TWO_STAGE_FREQUENTIST_EVIDENCE	NOT_SELECTED_BY_EBH
matched_moderate	no_second_stage	54	20560958	0.6	0.6	4000	1000	3	10	bd39c66663ca3d7b993ad4964f89344cff765be17d351df0153875c91cbbe193	1.0	6.0	3.0	0.0	0.642591	-0.226085	0.78247	-1.102606	-1.662569	-1.081111	0.0	0.0	0.0	UNRESOLVED_NO_OUTCOME_SIGNAL	NO_TWO_STAGE_BAYES_EVIDENCE	NO_TWO_STAGE_BAYES_EVIDENCE	NO_TWO_STAGE_FREQUENTIST_EVIDENCE	NOT_SELECTED_BY_EBH
matched_moderate	no_second_stage	55	20560959	0.6	0.6	4000	1000	3	10	bd39c66663ca3d7b993ad4964f89344cff765be17d351df0153875c91cbbe193	1.0	6.0	3.0	0.0	0.910037	0.048701	0.904815	-0.671404	-1.620986	-1.590677	0.0	0.0	0.0	UNRESOLVED_NO_OUTCOME_SIGNAL	NO_TWO_STAGE_BAYES_EVIDENCE	NO_TWO_STAGE_BAYES_EVIDENCE	NO_TWO_STAGE_FREQUENTIST_EVIDENCE	NOT_SELECTED_BY_EBH
matched_moderate	no_second_stage	56	20560960	0.6	0.6	4000	1000	3	10	bd39c66663ca3d7b993ad4964f89344cff765be17d351df0153875c91cbbe193	1.0	6.0	3.0	0.0	0.801169	-0.022456	0.964355	-0.993876	-1.639586	-0.734966	0.0	0.0	0.0	UNRESOLVED_NO_OUTCOME_SIGNAL	NO_TWO_STAGE_BAYES_EVIDENCE	NO_TWO_STAGE_BAYES_EVIDENCE	NO_TWO_STAGE_FREQUENTIST_EVIDENCE	NOT_SELECTED_BY_EBH
matched_moderate	no_second_stage	57	20560961	0.6	0.6	4000	1000	3	10	bd39c66663ca3d7b993ad4964f89344cff765be17d351df0153875c91cbbe193	1.0	6.0	3.0	0.0	0.645925	nan	0.592671	-0.725712	-1.211207	1.255778	0.0	0.0	0.0	UNRESOLVED_NO_OUTCOME_SIGNAL	NO_TWO_STAGE_BAYES_EVIDENCE	NO_TWO_STAGE_BAYES_EVIDENCE	NO_TWO_STAGE_FREQUENTIST_EVIDENCE	NOT_SELECTED_BY_EBH
matched_moderate	no_second_stage	58	20560962	0.6	0.6	4000	1000	3	10	bd39c66663ca3d7b993ad4964f89344cff765be17d351df0153875c91cbbe193	1.0	6.0	4.0	0.0	0.921371	-0.376601	0.054759	-0.947528	1.595209	-1.196423	0.0	0.0	0.0	UNRESOLVED_NO_OUTCOME_SIGNAL	NO_TWO_STAGE_BAYES_EVIDENCE	NO_TWO_STAGE_BAYES_EVIDENCE	NO_TWO_STAGE_FREQUENTIST_EVIDENCE	NOT_SELECTED_BY_EBH
matched_moderate	no_second_stage	59	20560963	0.6	0.6	4000	1000	3	10	bd39c66663ca3d7b993ad4964f89344cff765be17d351df0153875c91cbbe193	1.0	6.0	3.0	0.0	0.534656	0.014838	0.970341	-1.174363	-1.640515	-1.176519	0.0	0.0	0.0	UNRESOLVED_NO_OUTCOME_SIGNAL	NO_TWO_STAGE_BAYES_EVIDENCE	NO_TWO_STAGE_BAYES_EVIDENCE	NO_TWO_STAGE_FREQUENTIST_EVIDENCE	NOT_SELECTED_BY_EBH
matched_moderate	no_second_stage	60	20560964	0.6	0.6	4000	1000	3	10	bd39c66663ca3d7b993ad4964f89344cff765be17d351df0153875c91cbbe193	1.0	6.0	3.0	0.0	nan	0.105669	0.885898	-0.645314	-1.705577	-1.532345	0.0	0.0	0.0	UNRESOLVED_NO_OUTCOME_SIGNAL	NO_TWO_STAGE_BAYES_EVIDENCE	NO_TWO_STAGE_BAYES_EVIDENCE	NO_TWO_STAGE_FREQUENTIST_EVIDENCE	NOT_SELECTED_BY_EBH
matched_moderate	no_second_stage	61	20560965	0.6	0.6	4000	1000	3	10	bd39c66663ca3d7b993ad4964f89344cff765be17d351df0153875c91cbbe193	1.0	6.0	3.0	0.0	0.882564	-0.045124	0.741644	-0.993399	-1.478705	-0.490503	0.0	0.0	0.0	UNRESOLVED_NO_OUTCOME_SIGNAL	NO_TWO_STAGE_BAYES_EVIDENCE	NO_TWO_STAGE_BAYES_EVIDENCE	NO_TWO_STAGE_FREQUENTIST_EVIDENCE	NOT_SELECTED_BY_EBH
matched_moderate	no_second_stage	62	20560966	0.6	0.6	4000	1000	3	10	bd39c66663ca3d7b993ad4964f89344cff765be17d351df0153875c91cbbe193	1.0	6.0	3.0	0.0	0.729929	-0.014931	0.794132	-0.800294	-1.539823	-1.338596	0.0	0.0	0.0	UNRESOLVED_NO_OUTCOME_SIGNAL	NO_TWO_STAGE_BAYES_EVIDENCE	NO_TWO_STAGE_BAYES_EVIDENCE	NO_TWO_STAGE_FREQUENTIST_EVIDENCE	NOT_SELECTED_BY_EBH
matched_moderate	no_second_stage	63	20560967	0.6	0.6	4000	1000	3	10	bd39c66663ca3d7b993ad4964f89344cff765be17d351df0153875c91cbbe193	1.0	6.0	3.0	0.0	0.506841	0.139156	0.943992	-1.154992	-1.717656	-0.977253	0.0	0.0	0.0	UNRESOLVED_NO_OUTCOME_SIGNAL	NO_TWO_STAGE_BAYES_EVIDENCE	NO_TWO_STAGE_BAYES_EVIDENCE	NO_TWO_STAGE_FREQUENTIST_EVIDENCE	NOT_SELECTED_BY_EBH
matched_moderate	no_second_stage	64	20560968	0.6	0.6	4000	1000	3	10	bd39c66663ca3d7b993ad4964f89344cff765be17d351df0153875c91cbbe193	1.0	6.0	3.0	0.0	0.50296	0.013863	0.295294	-0.748581	-0.862476	-1.466965	0.0	0.0	0.0	UNRESOLVED_NO_OUTCOME_SIGNAL	NO_TWO_STAGE_BAYES_EVIDENCE	NO_TWO_STAGE_BAYES_EVIDENCE	NO_TWO_STAGE_FREQUENTIST_EVIDENCE	NOT_SELECTED_BY_EBH
matched_moderate	no_second_stage	65	20560969	0.6	0.6	4000	1000	3	10	bd39c66663ca3d7b993ad4964f89344cff765be17d351df0153875c91cbbe193	1.0	6.0	3.0	0.0	0.840356	0.109923	0.52826	-1.056192	-1.041209	-1.366497	0.0	0.0	0.0	UNRESOLVED_NO_OUTCOME_SIGNAL	NO_TWO_STAGE_BAYES_EVIDENCE	NO_TWO_STAGE_BAYES_EVIDENCE	NO_TWO_STAGE_FREQUENTIST_EVIDENCE	NOT_SELECTED_BY_EBH
matched_moderate	no_second_stage	66	20560970	0.6	0.6	4000	1000	3	10	bd39c66663ca3d7b993ad4964f89344cff765be17d351df0153875c91cbbe193	1.0	6.0	3.0	0.0	0.613551	-0.102496	0.428886	-0.991952	-0.683183	-1.063231	0.0	0.0	0.0	UNRESOLVED_NO_OUTCOME_SIGNAL	NO_TWO_STAGE_BAYES_EVIDENCE	NO_TWO_STAGE_BAYES_EVIDENCE	NO_TWO_STAGE_FREQUENTIST_EVIDENCE	NOT_SELECTED_BY_EBH
matched_moderate	no_second_stage	67	20560971	0.6	0.6	4000	1000	3	10	bd39c66663ca3d7b993ad4964f89344cff765be17d351df0153875c91cbbe193	1.0	6.0	4.0	0.0	0.721389	-0.067214	0.796103	-1.293625	-1.616259	-1.410947	0.0	0.0	0.0	UNRESOLVED_NO_OUTCOME_SIGNAL	NO_TWO_STAGE_BAYES_EVIDENCE	NO_TWO_STAGE_BAYES_EVIDENCE	NO_TWO_STAGE_FREQUENTIST_EVIDENCE	NOT_SELECTED_BY_EBH
matched_moderate	no_second_stage	68	20560972	0.6	0.6	4000	1000	3	10	bd39c66663ca3d7b993ad4964f89344cff765be17d351df0153875c91cbbe193	1.0	6.0	3.0	0.0	0.847305	nan	0.103341	-0.955699	0.268292	0.124651	0.0	0.0	0.0	UNRESOLVED_NO_OUTCOME_SIGNAL	NO_TWO_STAGE_BAYES_EVIDENCE	NO_TWO_STAGE_BAYES_EVIDENCE	NO_TWO_STAGE_FREQUENTIST_EVIDENCE	NOT_SELECTED_BY_EBH
matched_moderate	no_second_stage	69	20560973	0.6	0.6	4000	1000	3	10	bd39c66663ca3d7b993ad4964f89344cff765be17d351df0153875c91cbbe193	1.0	6.0	3.0	0.0	0.514335	nan	0.630212	0.000603	-1.541725	-1.310601	0.0	0.0	0.0	UNRESOLVED_NO_OUTCOME_SIGNAL	NO_TWO_STAGE_BAYES_EVIDENCE	NO_TWO_STAGE_BAYES_EVIDENCE	NO_TWO_STAGE_FREQUENTIST_EVIDENCE	NOT_SELECTED_BY_EBH
matched_moderate	no_second_stage	70	20560974	0.6	0.6	4000	1000	3	10	bd39c66663ca3d7b993ad4964f89344cff765be17d351df0153875c91cbbe193	1.0	6.0	3.0	0.0	0.675707	-0.018875	0.590874	-0.999612	-1.206985	-1.303803	0.0	0.0	0.0	UNRESOLVED_NO_OUTCOME_SIGNAL	NO_TWO_STAGE_BAYES_EVIDENCE	NO_TWO_STAGE_BAYES_EVIDENCE	NO_TWO_STAGE_FREQUENTIST_EVIDENCE	NOT_SELECTED_BY_EBH
matched_moderate	no_second_stage	71	20560975	0.6	0.6	4000	1000	3	10	bd39c66663ca3d7b993ad4964f89344cff765be17d351df0153875c91cbbe193	1.0	6.0	3.0	0.0	0.968282	nan	0.424312	-0.739014	-0.663093	2.096533	0.0	0.0	0.0	UNRESOLVED_NO_OUTCOME_SIGNAL	NO_TWO_STAGE_BAYES_EVIDENCE	NO_TWO_STAGE_BAYES_EVIDENCE	NO_TWO_STAGE_FREQUENTIST_EVIDENCE	NOT_SELECTED_BY_EBH
matched_moderate	no_second_stage	72	20560976	0.6	0.6	4000	1000	3	10	bd39c66663ca3d7b993ad4964f89344cff765be17d351df0153875c91cbbe193	1.0	6.0	3.0	0.0	0.717759	0.077999	0.29853	-1.185436	-0.433901	-1.582056	0.0	0.0	0.0	UNRESOLVED_NO_OUTCOME_SIGNAL	NO_TWO_STAGE_BAYES_EVIDENCE	NO_TWO_STAGE_BAYES_EVIDENCE	NO_TWO_STAGE_FREQUENTIST_EVIDENCE	NOT_SELECTED_BY_EBH
matched_moderate	no_second_stage	73	20560977	0.6	0.6	4000	1000	3	10	bd39c66663ca3d7b993ad4964f89344cff765be17d351df0153875c91cbbe193	1.0	6.0	3.0	0.0	0.724481	0.069341	0.599136	-1.244471	-1.226179	-1.511993	0.0	0.0	0.0	UNRESOLVED_NO_OUTCOME_SIGNAL	NO_TWO_STAGE_BAYES_EVIDENCE	NO_TWO_STAGE_BAYES_EVIDENCE	NO_TWO_STAGE_FREQUENTIST_EVIDENCE	NOT_SELECTED_BY_EBH
matched_moderate	no_second_stage	74	20560978	0.6	0.6	4000	1000	3	10	bd39c66663ca3d7b993ad4964f89344cff765be17d351df0153875c91cbbe193	1.0	6.0	3.0	0.0	0.602699	0.004375	0.777843	-1.042949	-1.522496	-1.493651	0.0	0.0	0.0	UNRESOLVED_NO_OUTCOME_SIGNAL	NO_TWO_STAGE_BAYES_EVIDENCE	NO_TWO_STAGE_BAYES_EVIDENCE	NO_TWO_STAGE_FREQUENTIST_EVIDENCE	NOT_SELECTED_BY_EBH
matched_moderate	no_second_stage	75	20560979	0.6	0.6	4000	1000	3	10	bd39c66663ca3d7b993ad4964f89344cff765be17d351df0153875c91cbbe193	1.0	6.0	3.0	0.0	0.672179	0.017647	0.261195	-1.214534	0.216473	-1.506545	0.0	0.0	0.0	UNRESOLVED_NO_OUTCOME_SIGNAL	NO_TWO_STAGE_BAYES_EVIDENCE	NO_TWO_STAGE_BAYES_EVIDENCE	NO_TWO_STAGE_FREQUENTIST_EVIDENCE	NOT_SELECTED_BY_EBH
matched_moderate	no_second_stage	76	20560980	0.6	0.6	4000	1000	3	10	bd39c66663ca3d7b993ad4964f89344cff765be17d351df0153875c91cbbe193	1.0	6.0	3.0	0.0	0.641093	-0.259752	0.370513	-1.0903	-1.093489	-1.099899	0.0	0.0	0.0	UNRESOLVED_NO_OUTCOME_SIGNAL	NO_TWO_STAGE_BAYES_EVIDENCE	NO_TWO_STAGE_BAYES_EVIDENCE	NO_TWO_STAGE_FREQUENTIST_EVIDENCE	NOT_SELECTED_BY_EBH
matched_moderate	no_second_stage	77	20560981	0.6	0.6	4000	1000	3	10	bd39c66663ca3d7b993ad4964f89344cff765be17d351df0153875c91cbbe193	1.0	6.0	3.0	0.0	0.739549	-0.10622	0.228532	-0.85168	0.370829	-0.846815	0.0	0.0	0.0	UNRESOLVED_NO_OUTCOME_SIGNAL	NO_TWO_STAGE_BAYES_EVIDENCE	NO_TWO_STAGE_BAYES_EVIDENCE	NO_TWO_STAGE_FREQUENTIST_EVIDENCE	NOT_SELECTED_BY_EBH
matched_moderate	no_second_stage	78	20560982	0.6	0.6	4000	1000	3	10	bd39c66663ca3d7b993ad4964f89344cff765be17d351df0153875c91cbbe193	0.9999999999999999	6.0	3.0	0.0	0.63299	0.338983	0.414671	-0.982459	-1.201266	-0.530343	0.0	0.0	0.0	UNRESOLVED_NO_OUTCOME_SIGNAL	NO_TWO_STAGE_BAYES_EVIDENCE	NO_TWO_STAGE_BAYES_EVIDENCE	NO_TWO_STAGE_FREQUENTIST_EVIDENCE	NOT_SELECTED_BY_EBH
matched_moderate	no_second_stage	79	20560983	0.6	0.6	4000	1000	3	10	bd39c66663ca3d7b993ad4964f89344cff765be17d351df0153875c91cbbe193	1.0	6.0	3.0	0.0	0.697204	-0.218854	0.511343	-1.018413	-1.136863	-0.632565	0.0	0.0	0.0	UNRESOLVED_NO_OUTCOME_SIGNAL	NO_TWO_STAGE_BAYES_EVIDENCE	NO_TWO_STAGE_BAYES_EVIDENCE	NO_TWO_STAGE_FREQUENTIST_EVIDENCE	NOT_SELECTED_BY_EBH
matched_moderate	no_second_stage	80	20560984	0.6	0.6	4000	1000	3	10	bd39c66663ca3d7b993ad4964f89344cff765be17d351df0153875c91cbbe193	1.0	6.0	3.0	0.0	0.677777	0.026082	0.806419	-1.010369	-1.551947	-1.522339	0.0	0.0	0.0	UNRESOLVED_NO_OUTCOME_SIGNAL	NO_TWO_STAGE_BAYES_EVIDENCE	NO_TWO_STAGE_BAYES_EVIDENCE	NO_TWO_STAGE_FREQUENTIST_EVIDENCE	NOT_SELECTED_BY_EBH
matched_moderate	no_second_stage	81	20560985	0.6	0.6	4000	1000	3	10	bd39c66663ca3d7b993ad4964f89344cff765be17d351df0153875c91cbbe193	1.0	6.0	3.0	0.0	0.815208	-0.225599	0.407466	-0.945024	-0.585844	-0.790172	0.0	0.0	0.0	UNRESOLVED_NO_OUTCOME_SIGNAL	NO_TWO_STAGE_BAYES_EVIDENCE	NO_TWO_STAGE_BAYES_EVIDENCE	NO_TWO_STAGE_FREQUENTIST_EVIDENCE	NOT_SELECTED_BY_EBH
matched_moderate	no_second_stage	82	20560986	0.6	0.6	4000	1000	3	10	bd39c66663ca3d7b993ad4964f89344cff765be17d351df0153875c91cbbe193	1.0	6.0	3.0	0.0	0.66963	nan	0.827153	-0.379474	-1.570598	-0.761418	0.0	0.0	0.0	UNRESOLVED_NO_OUTCOME_SIGNAL	NO_TWO_STAGE_BAYES_EVIDENCE	NO_TWO_STAGE_BAYES_EVIDENCE	NO_TWO_STAGE_FREQUENTIST_EVIDENCE	NOT_SELECTED_BY_EBH
matched_moderate	no_second_stage	83	20560987	0.6	0.6	4000	1000	3	10	bd39c66663ca3d7b993ad4964f89344cff765be17d351df0153875c91cbbe193	1.0	6.0	3.0	0.0	0.616283	nan	0.224561	-1.074057	-0.567717	-0.297529	0.0	0.0	0.0	UNRESOLVED_NO_OUTCOME_SIGNAL	NO_TWO_STAGE_BAYES_EVIDENCE	NO_TWO_STAGE_BAYES_EVIDENCE	NO_TWO_STAGE_FREQUENTIST_EVIDENCE	NOT_SELECTED_BY_EBH
matched_moderate	no_second_stage	84	20560988	0.6	0.6	4000	1000	3	10	bd39c66663ca3d7b993ad4964f89344cff765be17d351df0153875c91cbbe193	1.0	6.0	3.0	0.0	0.812602	-0.51833	0.313554	-0.487484	-0.925062	-0.313091	0.0	0.0	0.0	UNRESOLVED_NO_OUTCOME_SIGNAL	NO_TWO_STAGE_BAYES_EVIDENCE	NO_TWO_STAGE_BAYES_EVIDENCE	NO_TWO_STAGE_FREQUENTIST_EVIDENCE	NOT_SELECTED_BY_EBH
matched_moderate	no_second_stage	85	20560989	0.6	0.6	4000	1000	3	10	bd39c66663ca3d7b993ad4964f89344cff765be17d351df0153875c91cbbe193	1.0	6.0	3.0	0.0	0.610808	-0.256535	0.77728	-0.534336	-1.659643	-1.30166	0.0	0.0	0.0	UNRESOLVED_NO_OUTCOME_SIGNAL	NO_TWO_STAGE_BAYES_EVIDENCE	NO_TWO_STAGE_BAYES_EVIDENCE	NO_TWO_STAGE_FREQUENTIST_EVIDENCE	NOT_SELECTED_BY_EBH
matched_moderate	no_second_stage	86	20560990	0.6	0.6	4000	1000	3	10	bd39c66663ca3d7b993ad4964f89344cff765be17d351df0153875c91cbbe193	1.0	6.0	3.0	0.0	nan	-0.267618	0.738272	-0.836663	-1.635129	-0.746828	0.0	0.0	0.0	UNRESOLVED_NO_OUTCOME_SIGNAL	NO_TWO_STAGE_BAYES_EVIDENCE	NO_TWO_STAGE_BAYES_EVIDENCE	NO_TWO_STAGE_FREQUENTIST_EVIDENCE	NOT_SELECTED_BY_EBH
matched_moderate	no_second_stage	87	20560991	0.6	0.6	4000	1000	3	10	bd39c66663ca3d7b993ad4964f89344cff765be17d351df0153875c91cbbe193	1.0	6.0	3.0	0.0	0.685436	nan	0.539308	-0.652433	-1.073278	-0.959966	0.0	0.0	0.0	UNRESOLVED_NO_OUTCOME_SIGNAL	NO_TWO_STAGE_BAYES_EVIDENCE	NO_TWO_STAGE_BAYES_EVIDENCE	NO_TWO_STAGE_FREQUENTIST_EVIDENCE	NOT_SELECTED_BY_EBH
matched_moderate	no_second_stage	88	20560992	0.6	0.6	4000	1000	3	10	bd39c66663ca3d7b993ad4964f89344cff765be17d351df0153875c91cbbe193	1.0	6.0	3.0	0.0	0.634695	0.044636	0.986584	-1.019163	-1.642179	-1.466482	0.0	0.0	0.0	UNRESOLVED_NO_OUTCOME_SIGNAL	NO_TWO_STAGE_BAYES_EVIDENCE	NO_TWO_STAGE_BAYES_EVIDENCE	NO_TWO_STAGE_FREQUENTIST_EVIDENCE	NOT_SELECTED_BY_EBH
matched_moderate	no_second_stage	89	20560993	0.6	0.6	4000	1000	3	10	bd39c66663ca3d7b993ad4964f89344cff765be17d351df0153875c91cbbe193	1.0	6.0	3.0	0.0	0.715459	nan	0.647021	-1.177554	-1.326732	-0.650761	0.0	0.0	0.0	UNRESOLVED_NO_OUTCOME_SIGNAL	NO_TWO_STAGE_BAYES_EVIDENCE	NO_TWO_STAGE_BAYES_EVIDENCE	NO_TWO_STAGE_FREQUENTIST_EVIDENCE	NOT_SELECTED_BY_EBH
matched_moderate	no_second_stage	90	20560994	0.6	0.6	4000	1000	3	10	bd39c66663ca3d7b993ad4964f89344cff765be17d351df0153875c91cbbe193	1.0	6.0	3.0	0.0	0.574365	0.030119	0.700911	-1.159958	-1.420275	-1.245946	0.0	0.0	0.0	UNRESOLVED_NO_OUTCOME_SIGNAL	NO_TWO_STAGE_BAYES_EVIDENCE	NO_TWO_STAGE_BAYES_EVIDENCE	NO_TWO_STAGE_FREQUENTIST_EVIDENCE	NOT_SELECTED_BY_EBH
matched_moderate	no_second_stage	91	20560995	0.6	0.6	4000	1000	3	10	bd39c66663ca3d7b993ad4964f89344cff765be17d351df0153875c91cbbe193	1.0	6.0	3.0	0.0	0.626604	-0.034019	0.976733	-0.965325	-1.686483	-1.260583	0.0	0.0	0.0	UNRESOLVED_NO_OUTCOME_SIGNAL	NO_TWO_STAGE_BAYES_EVIDENCE	NO_TWO_STAGE_BAYES_EVIDENCE	NO_TWO_STAGE_FREQUENTIST_EVIDENCE	NOT_SELECTED_BY_EBH
matched_moderate	no_second_stage	92	20560996	0.6	0.6	4000	1000	3	10	bd39c66663ca3d7b993ad4964f89344cff765be17d351df0153875c91cbbe193	1.0	6.0	3.0	0.0	nan	-0.253235	0.439631	0.563245	-1.248315	-1.526614	0.0	0.0	0.0	UNRESOLVED_NO_OUTCOME_SIGNAL	NO_TWO_STAGE_BAYES_EVIDENCE	NO_TWO_STAGE_BAYES_EVIDENCE	NO_TWO_STAGE_FREQUENTIST_EVIDENCE	NOT_SELECTED_BY_EBH
matched_moderate	no_second_stage	93	20560997	0.6	0.6	4000	1000	3	10	bd39c66663ca3d7b993ad4964f89344cff765be17d351df0153875c91cbbe193	1.0	6.0	3.0	0.0	0.932035	-0.193711	0.200144	-0.975217	0.558431	-1.239802	0.0	0.0	0.0	UNRESOLVED_NO_OUTCOME_SIGNAL	NO_TWO_STAGE_BAYES_EVIDENCE	NO_TWO_STAGE_BAYES_EVIDENCE	NO_TWO_STAGE_FREQUENTIST_EVIDENCE	NOT_SELECTED_BY_EBH
matched_moderate	no_second_stage	94	20560998	0.6	0.6	4000	1000	3	10	bd39c66663ca3d7b993ad4964f89344cff765be17d351df0153875c91cbbe193	0.9999999999999999	6.0	3.0	0.0	0.748348	0.046995	0.575302	-1.135747	-1.169209	-1.168313	0.0	0.0	0.0	UNRESOLVED_NO_OUTCOME_SIGNAL	NO_TWO_STAGE_BAYES_EVIDENCE	NO_TWO_STAGE_BAYES_EVIDENCE	NO_TWO_STAGE_FREQUENTIST_EVIDENCE	NOT_SELECTED_BY_EBH
matched_moderate	no_second_stage	95	20560999	0.6	0.6	4000	1000	3	10	bd39c66663ca3d7b993ad4964f89344cff765be17d351df0153875c91cbbe193	1.0	6.0	3.0	0.0	0.536178	-0.081575	0.636866	-0.820068	-1.30686	-1.585445	0.0	0.0	0.0	UNRESOLVED_NO_OUTCOME_SIGNAL	NO_TWO_STAGE_BAYES_EVIDENCE	NO_TWO_STAGE_BAYES_EVIDENCE	NO_TWO_STAGE_FREQUENTIST_EVIDENCE	NOT_SELECTED_BY_EBH
matched_moderate	no_second_stage	96	20561000	0.6	0.6	4000	1000	3	10	bd39c66663ca3d7b993ad4964f89344cff765be17d351df0153875c91cbbe193	1.0	6.0	3.0	0.0	0.804297	0.004805	0.880374	-1.175168	-1.608373	-1.529164	0.0	0.0	0.0	UNRESOLVED_NO_OUTCOME_SIGNAL	NO_TWO_STAGE_BAYES_EVIDENCE	NO_TWO_STAGE_BAYES_EVIDENCE	NO_TWO_STAGE_FREQUENTIST_EVIDENCE	NOT_SELECTED_BY_EBH
matched_moderate	no_second_stage	97	20561001	0.6	0.6	4000	1000	3	10	bd39c66663ca3d7b993ad4964f89344cff765be17d351df0153875c91cbbe193	1.0	6.0	3.0	0.0	0.698245	nan	0.649968	-0.698245	-1.33236	-0.243542	0.0	0.0	0.0	UNRESOLVED_NO_OUTCOME_SIGNAL	NO_TWO_STAGE_BAYES_EVIDENCE	NO_TWO_STAGE_BAYES_EVIDENCE	NO_TWO_STAGE_FREQUENTIST_EVIDENCE	NOT_SELECTED_BY_EBH
matched_moderate	no_second_stage	98	20561002	0.6	0.6	4000	1000	3	10	bd39c66663ca3d7b993ad4964f89344cff765be17d351df0153875c91cbbe193	1.0	6.0	3.0	0.0	0.630072	0.166083	0.543617	-0.439093	-1.085436	-1.478647	0.0	0.0	0.0	UNRESOLVED_NO_OUTCOME_SIGNAL	NO_TWO_STAGE_BAYES_EVIDENCE	NO_TWO_STAGE_BAYES_EVIDENCE	NO_TWO_STAGE_FREQUENTIST_EVIDENCE	NOT_SELECTED_BY_EBH
matched_moderate	no_second_stage	99	20561003	0.6	0.6	4000	1000	3	10	bd39c66663ca3d7b993ad4964f89344cff765be17d351df0153875c91cbbe193	1.0	6.0	3.0	0.0	0.690302	nan	0.86811	-0.671005	-1.600932	-0.349075	0.0	0.0	0.0	UNRESOLVED_NO_OUTCOME_SIGNAL	NO_TWO_STAGE_BAYES_EVIDENCE	NO_TWO_STAGE_BAYES_EVIDENCE	NO_TWO_STAGE_FREQUENTIST_EVIDENCE	NOT_SELECTED_BY_EBH
matched_moderate	no_second_stage	100	20561004	0.6	0.6	4000	1000	3	10	bd39c66663ca3d7b993ad4964f89344cff765be17d351df0153875c91cbbe193	1.0	6.0	3.0	0.0	0.734887	-0.144245	0.173221	-1.114383	0.868494	-1.347179	0.0	0.0	0.0	UNRESOLVED_NO_OUTCOME_SIGNAL	NO_TWO_STAGE_BAYES_EVIDENCE	NO_TWO_STAGE_BAYES_EVIDENCE	NO_TWO_STAGE_FREQUENTIST_EVIDENCE	NOT_SELECTED_BY_EBH
matched_moderate	same_variant_pleiotropy	1	20460905	0.6	0.6	4000	1000	3	10	bd39c66663ca3d7b993ad4964f89344cff765be17d351df0153875c91cbbe193	1.0	6.0	3.0	0.0	0.781634	nan	0.708997	1.291937	-1.432678	-0.112572	0.999989	1e-06	1.0	UNRESOLVED_SINGLE_SHARED_SIGNAL	NO_TWO_STAGE_BAYES_EVIDENCE	NO_TWO_STAGE_BAYES_EVIDENCE	NO_TWO_STAGE_FREQUENTIST_EVIDENCE	NOT_SELECTED_BY_EBH
matched_moderate	same_variant_pleiotropy	2	20460906	0.6	0.6	4000	1000	3	10	bd39c66663ca3d7b993ad4964f89344cff765be17d351df0153875c91cbbe193	1.0	6.0	3.0	0.0	0.871595	0.435185	0.860991	1.44828	-1.596269	-1.130167	0.972003	0.00272	1.0	UNRESOLVED_SINGLE_SHARED_SIGNAL	NO_TWO_STAGE_BAYES_EVIDENCE	NO_TWO_STAGE_BAYES_EVIDENCE	NO_TWO_STAGE_FREQUENTIST_EVIDENCE	NOT_SELECTED_BY_EBH
matched_moderate	same_variant_pleiotropy	3	20460907	0.6	0.6	4000	1000	3	10	bd39c66663ca3d7b993ad4964f89344cff765be17d351df0153875c91cbbe193	1.0	6.0	3.0	0.0	0.593395	0.529587	0.445466	1.269559	-1.054117	-1.184863	0.817188	0.000192	1.0	UNRESOLVED_SINGLE_SHARED_SIGNAL	NO_TWO_STAGE_BAYES_EVIDENCE	NO_TWO_STAGE_BAYES_EVIDENCE	NO_TWO_STAGE_FREQUENTIST_EVIDENCE	NOT_SELECTED_BY_EBH
matched_moderate	same_variant_pleiotropy	4	20460908	0.6	0.6	4000	1000	3	10	bd39c66663ca3d7b993ad4964f89344cff765be17d351df0153875c91cbbe193	1.0	6.0	3.0	0.0	0.607044	nan	0.507918	0.981995	-1.266614	-0.530328	0.995187	0.00216	2.0	OVERIDENTIFIED_SHARED_SIGNALS_ASSUMPTION_CONDITIONAL	NO_TWO_STAGE_BAYES_EVIDENCE	NO_TWO_STAGE_BAYES_EVIDENCE	NO_TWO_STAGE_FREQUENTIST_EVIDENCE	NOT_SELECTED_BY_EBH
matched_moderate	same_variant_pleiotropy	5	20460909	0.6	0.6	4000	1000	3	10	bd39c66663ca3d7b993ad4964f89344cff765be17d351df0153875c91cbbe193	1.0	6.0	3.0	0.0	0.809703	nan	0.871207	0.949267	-1.602882	0.788363	0.999991	0.0	1.0	UNRESOLVED_SINGLE_SHARED_SIGNAL	NO_TWO_STAGE_BAYES_EVIDENCE	NO_TWO_STAGE_BAYES_EVIDENCE	NO_TWO_STAGE_FREQUENTIST_EVIDENCE	NOT_SELECTED_BY_EBH
matched_moderate	same_variant_pleiotropy	6	20460910	0.6	0.6	4000	1000	3	10	bd39c66663ca3d7b993ad4964f89344cff765be17d351df0153875c91cbbe193	1.0	6.0	3.0	0.0	0.772205	nan	0.893779	1.227395	-1.615654	-0.131057	0.999968	0.0	1.0	UNRESOLVED_SINGLE_SHARED_SIGNAL	NO_TWO_STAGE_BAYES_EVIDENCE	NO_TWO_STAGE_BAYES_EVIDENCE	NO_TWO_STAGE_FREQUENTIST_EVIDENCE	NOT_SELECTED_BY_EBH
matched_moderate	same_variant_pleiotropy	7	20460911	0.6	0.6	4000	1000	3	10	bd39c66663ca3d7b993ad4964f89344cff765be17d351df0153875c91cbbe193	1.0	6.0	3.0	0.0	0.637807	0.590985	0.52116	1.407096	-1.019897	-1.279825	0.895309	8.4e-05	1.0	UNRESOLVED_SINGLE_SHARED_SIGNAL	NO_TWO_STAGE_BAYES_EVIDENCE	NO_TWO_STAGE_BAYES_EVIDENCE	NO_TWO_STAGE_FREQUENTIST_EVIDENCE	NOT_SELECTED_BY_EBH
matched_moderate	same_variant_pleiotropy	8	20460912	0.6	0.6	4000	1000	3	10	bd39c66663ca3d7b993ad4964f89344cff765be17d351df0153875c91cbbe193	1.0	6.0	3.0	0.0	0.600377	0.464839	0.306474	1.783977	-0.659084	-1.325336	0.971476	0.001147	2.0	OVERIDENTIFIED_SHARED_SIGNALS_ASSUMPTION_CONDITIONAL	NO_TWO_STAGE_BAYES_EVIDENCE	NO_TWO_STAGE_BAYES_EVIDENCE	NO_TWO_STAGE_FREQUENTIST_EVIDENCE	NOT_SELECTED_BY_EBH
matched_moderate	same_variant_pleiotropy	9	20460913	0.6	0.6	4000	1000	3	10	bd39c66663ca3d7b993ad4964f89344cff765be17d351df0153875c91cbbe193	1.0	6.0	3.0	0.0	0.752016	0.506532	0.615286	1.536927	-1.262079	-1.22261	0.906848	0.004097	2.0	OVERIDENTIFIED_SHARED_SIGNALS_ASSUMPTION_CONDITIONAL	NO_TWO_STAGE_BAYES_EVIDENCE	NO_TWO_STAGE_BAYES_EVIDENCE	NO_TWO_STAGE_FREQUENTIST_EVIDENCE	NOT_SELECTED_BY_EBH
matched_moderate	same_variant_pleiotropy	10	20460914	0.6	0.6	4000	1000	3	10	bd39c66663ca3d7b993ad4964f89344cff765be17d351df0153875c91cbbe193	1.0	5.0	3.0	0.0	0.612435	0.855536	0.858012	1.08402	-1.594243	-0.331901	1.0	0.0	3.0	OVERIDENTIFIED_SHARED_SIGNALS_ASSUMPTION_CONDITIONAL	NO_TWO_STAGE_BAYES_EVIDENCE	NO_TWO_STAGE_BAYES_EVIDENCE	NO_TWO_STAGE_FREQUENTIST_EVIDENCE	NOT_SELECTED_BY_EBH
matched_moderate	same_variant_pleiotropy	11	20460915	0.6	0.6	4000	1000	3	10	bd39c66663ca3d7b993ad4964f89344cff765be17d351df0153875c91cbbe193	1.0	6.0	3.0	0.0	0.691245	nan	0.727488	1.32687	-1.459532	-1.132766	0.997576	2e-06	3.0	OVERIDENTIFIED_SHARED_SIGNALS_ASSUMPTION_CONDITIONAL	NO_TWO_STAGE_BAYES_EVIDENCE	NO_TWO_STAGE_BAYES_EVIDENCE	NO_TWO_STAGE_FREQUENTIST_EVIDENCE	NOT_SELECTED_BY_EBH
matched_moderate	same_variant_pleiotropy	12	20460916	0.6	0.6	4000	1000	3	10	bd39c66663ca3d7b993ad4964f89344cff765be17d351df0153875c91cbbe193	0.9999999999999999	6.0	3.0	0.0	0.732222	nan	0.63475	1.292031	-1.302624	0.018334	0.995272	0.004276	1.0	UNRESOLVED_SINGLE_SHARED_SIGNAL	NO_TWO_STAGE_BAYES_EVIDENCE	NO_TWO_STAGE_BAYES_EVIDENCE	NO_TWO_STAGE_FREQUENTIST_EVIDENCE	NOT_SELECTED_BY_EBH
matched_moderate	same_variant_pleiotropy	13	20460917	0.6	0.6	4000	1000	3	10	bd39c66663ca3d7b993ad4964f89344cff765be17d351df0153875c91cbbe193	1.0	6.0	3.0	0.0	nan	0.500227	0.62849	1.204524	-1.5399	-1.409599	0.414188	0.035455	0.0	LD_CONFIGURATION_AMBIGUOUS	NO_TWO_STAGE_BAYES_EVIDENCE	NO_TWO_STAGE_BAYES_EVIDENCE	NO_TWO_STAGE_FREQUENTIST_EVIDENCE	NOT_SELECTED_BY_EBH
matched_moderate	same_variant_pleiotropy	14	20460918	0.6	0.6	4000	1000	3	10	bd39c66663ca3d7b993ad4964f89344cff765be17d351df0153875c91cbbe193	1.0	6.0	3.0	0.0	0.752098	0.650279	0.282108	1.866244	-0.814235	-1.328716	0.999828	7.8e-05	1.0	UNRESOLVED_SINGLE_SHARED_SIGNAL	NO_TWO_STAGE_BAYES_EVIDENCE	NO_TWO_STAGE_BAYES_EVIDENCE	NO_TWO_STAGE_FREQUENTIST_EVIDENCE	NOT_SELECTED_BY_EBH
matched_moderate	same_variant_pleiotropy	15	20460919	0.6	0.6	4000	1000	3	10	bd39c66663ca3d7b993ad4964f89344cff765be17d351df0153875c91cbbe193	1.0	6.0	3.0	0.0	0.875273	nan	0.807913	1.444685	-1.553368	-1.269576	0.261558	0.149567	0.0	LD_CONFIGURATION_AMBIGUOUS	NO_TWO_STAGE_BAYES_EVIDENCE	NO_TWO_STAGE_BAYES_EVIDENCE	NO_TWO_STAGE_FREQUENTIST_EVIDENCE	NOT_SELECTED_BY_EBH
matched_moderate	same_variant_pleiotropy	16	20460920	0.6	0.6	4000	1000	3	10	bd39c66663ca3d7b993ad4964f89344cff765be17d351df0153875c91cbbe193	1.0	6.0	3.0	0.0	0.903362	0.724113	0.644987	1.29181	-1.322811	-0.353878	0.999998	0.0	2.0	OVERIDENTIFIED_SHARED_SIGNALS_ASSUMPTION_CONDITIONAL	NO_TWO_STAGE_BAYES_EVIDENCE	NO_TWO_STAGE_BAYES_EVIDENCE	NO_TWO_STAGE_FREQUENTIST_EVIDENCE	NOT_SELECTED_BY_EBH
matched_moderate	same_variant_pleiotropy	17	20460921	0.6	0.6	4000	1000	3	10	bd39c66663ca3d7b993ad4964f89344cff765be17d351df0153875c91cbbe193	1.0	6.0	3.0	0.0	0.63205	0.732934	0.216641	1.641331	0.437377	-1.117722	0.999764	8e-06	2.0	OVERIDENTIFIED_SHARED_SIGNALS_ASSUMPTION_CONDITIONAL	NO_TWO_STAGE_BAYES_EVIDENCE	NO_TWO_STAGE_BAYES_EVIDENCE	NO_TWO_STAGE_FREQUENTIST_EVIDENCE	NOT_SELECTED_BY_EBH
matched_moderate	same_variant_pleiotropy	18	20460922	0.6	0.6	4000	1000	3	10	bd39c66663ca3d7b993ad4964f89344cff765be17d351df0153875c91cbbe193	1.0	6.0	3.0	0.0	0.612362	0.316884	0.637358	1.081373	-1.31198	-0.47576	0.990723	0.002912	1.0	UNRESOLVED_SINGLE_SHARED_SIGNAL	NO_TWO_STAGE_BAYES_EVIDENCE	NO_TWO_STAGE_BAYES_EVIDENCE	NO_TWO_STAGE_FREQUENTIST_EVIDENCE	NOT_SELECTED_BY_EBH
matched_moderate	same_variant_pleiotropy	19	20460923	0.6	0.6	4000	1000	3	10	bd39c66663ca3d7b993ad4964f89344cff765be17d351df0153875c91cbbe193	1.0	6.0	3.0	0.0	0.461211	0.467256	0.57654	0.986616	-1.479182	-1.39651	0.948859	0.00677	1.0	UNRESOLVED_SINGLE_SHARED_SIGNAL	NO_TWO_STAGE_BAYES_EVIDENCE	NO_TWO_STAGE_BAYES_EVIDENCE	NO_TWO_STAGE_FREQUENTIST_EVIDENCE	NOT_SELECTED_BY_EBH
matched_moderate	same_variant_pleiotropy	20	20460924	0.6	0.6	4000	1000	3	10	bd39c66663ca3d7b993ad4964f89344cff765be17d351df0153875c91cbbe193	1.0	6.0	3.0	0.0	0.786913	0.414252	0.885999	0.796065	-1.611535	-0.15722	0.999753	1e-06	2.0	OVERIDENTIFIED_SHARED_SIGNALS_ASSUMPTION_CONDITIONAL	NO_TWO_STAGE_BAYES_EVIDENCE	NO_TWO_STAGE_BAYES_EVIDENCE	NO_TWO_STAGE_FREQUENTIST_EVIDENCE	NOT_SELECTED_BY_EBH
matched_moderate	same_variant_pleiotropy	21	20460925	0.6	0.6	4000	1000	3	10	bd39c66663ca3d7b993ad4964f89344cff765be17d351df0153875c91cbbe193	1.0	6.0	3.0	0.0	0.824	0.439229	0.765695	1.335747	-1.508623	-1.044927	0.954014	0.01472	1.0	UNRESOLVED_SINGLE_SHARED_SIGNAL	NO_TWO_STAGE_BAYES_EVIDENCE	NO_TWO_STAGE_BAYES_EVIDENCE	NO_TWO_STAGE_FREQUENTIST_EVIDENCE	NOT_SELECTED_BY_EBH
matched_moderate	same_variant_pleiotropy	22	20460926	0.6	0.6	4000	1000	3	10	bd39c66663ca3d7b993ad4964f89344cff765be17d351df0153875c91cbbe193	1.0	6.0	3.0	0.0	0.510345	0.603841	0.883651	1.436741	-1.610234	-1.158644	0.983512	0.002347	1.0	UNRESOLVED_SINGLE_SHARED_SIGNAL	NO_TWO_STAGE_BAYES_EVIDENCE	NO_TWO_STAGE_BAYES_EVIDENCE	NO_TWO_STAGE_FREQUENTIST_EVIDENCE	NOT_SELECTED_BY_EBH
matched_moderate	same_variant_pleiotropy	23	20460927	0.6	0.6	4000	1000	3	10	bd39c66663ca3d7b993ad4964f89344cff765be17d351df0153875c91cbbe193	1.0	6.0	3.0	0.0	0.782264	0.325254	0.874031	1.204026	-1.604618	-0.666932	0.972043	0.000577	1.0	UNRESOLVED_SINGLE_SHARED_SIGNAL	NO_TWO_STAGE_BAYES_EVIDENCE	NO_TWO_STAGE_BAYES_EVIDENCE	NO_TWO_STAGE_FREQUENTIST_EVIDENCE	NOT_SELECTED_BY_EBH
matched_moderate	same_variant_pleiotropy	24	20460928	0.6	0.6	4000	1000	3	10	bd39c66663ca3d7b993ad4964f89344cff765be17d351df0153875c91cbbe193	1.0	6.0	3.0	0.0	0.624555	0.63852	0.851027	1.35689	-1.589315	-1.162043	0.999088	1e-06	2.0	OVERIDENTIFIED_SHARED_SIGNALS_ASSUMPTION_CONDITIONAL	NO_TWO_STAGE_BAYES_EVIDENCE	NO_TWO_STAGE_BAYES_EVIDENCE	NO_TWO_STAGE_FREQUENTIST_EVIDENCE	NOT_SELECTED_BY_EBH
matched_moderate	same_variant_pleiotropy	25	20460929	0.6	0.6	4000	1000	3	10	bd39c66663ca3d7b993ad4964f89344cff765be17d351df0153875c91cbbe193	1.0	6.0	3.0	0.0	0.736667	nan	0.860712	1.150318	-1.596081	-0.142995	0.999954	8e-06	1.0	UNRESOLVED_SINGLE_SHARED_SIGNAL	NO_TWO_STAGE_BAYES_EVIDENCE	NO_TWO_STAGE_BAYES_EVIDENCE	NO_TWO_STAGE_FREQUENTIST_EVIDENCE	NOT_SELECTED_BY_EBH
matched_moderate	same_variant_pleiotropy	26	20460930	0.6	0.6	4000	1000	3	10	bd39c66663ca3d7b993ad4964f89344cff765be17d351df0153875c91cbbe193	1.0	6.0	3.0	0.0	0.653111	0.861438	0.344067	1.112016	-1.019904	-0.359566	0.999997	0.0	2.0	OVERIDENTIFIED_SHARED_SIGNALS_ASSUMPTION_CONDITIONAL	NO_TWO_STAGE_BAYES_EVIDENCE	NO_TWO_STAGE_BAYES_EVIDENCE	NO_TWO_STAGE_FREQUENTIST_EVIDENCE	NOT_SELECTED_BY_EBH
matched_moderate	same_variant_pleiotropy	27	20460931	0.6	0.6	4000	1000	3	10	bd39c66663ca3d7b993ad4964f89344cff765be17d351df0153875c91cbbe193	1.0	6.0	3.0	0.0	0.558261	0.71101	0.137417	2.023043	0.135526	-1.12236	1.0	0.0	1.0	UNRESOLVED_SINGLE_SHARED_SIGNAL	NO_TWO_STAGE_BAYES_EVIDENCE	NO_TWO_STAGE_BAYES_EVIDENCE	NO_TWO_STAGE_FREQUENTIST_EVIDENCE	NOT_SELECTED_BY_EBH
matched_moderate	same_variant_pleiotropy	28	20460932	0.6	0.6	4000	1000	3	10	bd39c66663ca3d7b993ad4964f89344cff765be17d351df0153875c91cbbe193	1.0	6.0	3.0	0.0	0.63015	0.587137	0.111433	1.741812	1.54729	-1.339396	0.957623	0.000962	1.0	UNRESOLVED_SINGLE_SHARED_SIGNAL	NO_TWO_STAGE_BAYES_EVIDENCE	NO_TWO_STAGE_BAYES_EVIDENCE	NO_TWO_STAGE_FREQUENTIST_EVIDENCE	NOT_SELECTED_BY_EBH
matched_moderate	same_variant_pleiotropy	29	20460933	0.6	0.6	4000	1000	3	10	bd39c66663ca3d7b993ad4964f89344cff765be17d351df0153875c91cbbe193	1.0	6.0	3.0	0.0	0.965735	nan	0.98422	1.357554	-1.642015	-0.649282	0.992312	1.3e-05	1.0	UNRESOLVED_SINGLE_SHARED_SIGNAL	NO_TWO_STAGE_BAYES_EVIDENCE	NO_TWO_STAGE_BAYES_EVIDENCE	NO_TWO_STAGE_FREQUENTIST_EVIDENCE	NOT_SELECTED_BY_EBH
matched_moderate	same_variant_pleiotropy	30	20460934	0.6	0.6	4000	1000	3	10	bd39c66663ca3d7b993ad4964f89344cff765be17d351df0153875c91cbbe193	1.0	5.0	3.0	0.0	0.764287	0.525367	0.648004	1.604955	-1.328616	-1.067376	0.912684	0.000615	2.0	OVERIDENTIFIED_SHARED_SIGNALS_ASSUMPTION_CONDITIONAL	NO_TWO_STAGE_BAYES_EVIDENCE	NO_TWO_STAGE_BAYES_EVIDENCE	NO_TWO_STAGE_FREQUENTIST_EVIDENCE	NOT_SELECTED_BY_EBH
matched_moderate	same_variant_pleiotropy	31	20460935	0.6	0.6	4000	1000	3	10	bd39c66663ca3d7b993ad4964f89344cff765be17d351df0153875c91cbbe193	1.0	6.0	3.0	0.0	0.804704	0.521007	0.305569	1.577082	-0.020955	-1.343907	0.970884	0.009038	1.0	UNRESOLVED_SINGLE_SHARED_SIGNAL	NO_TWO_STAGE_BAYES_EVIDENCE	NO_TWO_STAGE_BAYES_EVIDENCE	NO_TWO_STAGE_FREQUENTIST_EVIDENCE	NOT_SELECTED_BY_EBH
matched_moderate	same_variant_pleiotropy	32	20460936	0.6	0.6	4000	1000	3	10	bd39c66663ca3d7b993ad4964f89344cff765be17d351df0153875c91cbbe193	1.0	6.0	3.0	0.0	0.668267	0.487917	0.588444	1.625272	-1.4941	-1.361249	0.913425	0.004218	1.0	UNRESOLVED_SINGLE_SHARED_SIGNAL	NO_TWO_STAGE_BAYES_EVIDENCE	NO_TWO_STAGE_BAYES_EVIDENCE	NO_TWO_STAGE_FREQUENTIST_EVIDENCE	NOT_SELECTED_BY_EBH
matched_moderate	same_variant_pleiotropy	33	20460937	0.6	0.6	4000	1000	3	10	bd39c66663ca3d7b993ad4964f89344cff765be17d351df0153875c91cbbe193	1.0	6.0	3.0	0.0	0.637765	0.490804	0.096279	1.612976	1.590835	-1.388968	0.554632	0.121258	0.0	LD_CONFIGURATION_AMBIGUOUS	NO_TWO_STAGE_BAYES_EVIDENCE	NO_TWO_STAGE_BAYES_EVIDENCE	NO_TWO_STAGE_FREQUENTIST_EVIDENCE	NOT_SELECTED_BY_EBH
matched_moderate	same_variant_pleiotropy	34	20460938	0.6	0.6	4000	1000	3	10	bd39c66663ca3d7b993ad4964f89344cff765be17d351df0153875c91cbbe193	1.0	6.0	3.0	0.0	0.619077	0.378456	0.218473	1.245841	0.426261	-1.015677	0.992714	1.6e-05	2.0	OVERIDENTIFIED_SHARED_SIGNALS_ASSUMPTION_CONDITIONAL	NO_TWO_STAGE_BAYES_EVIDENCE	NO_TWO_STAGE_BAYES_EVIDENCE	NO_TWO_STAGE_FREQUENTIST_EVIDENCE	NOT_SELECTED_BY_EBH
matched_moderate	same_variant_pleiotropy	35	20460939	0.6	0.6	4000	1000	3	10	bd39c66663ca3d7b993ad4964f89344cff765be17d351df0153875c91cbbe193	1.0	6.0	3.0	0.0	0.746263	nan	0.250655	0.987612	-0.687457	0.590398	0.999999	0.0	2.0	OVERIDENTIFIED_SHARED_SIGNALS_ASSUMPTION_CONDITIONAL	NO_TWO_STAGE_BAYES_EVIDENCE	NO_TWO_STAGE_BAYES_EVIDENCE	NO_TWO_STAGE_FREQUENTIST_EVIDENCE	NOT_SELECTED_BY_EBH
matched_moderate	same_variant_pleiotropy	36	20460940	0.6	0.6	4000	1000	3	10	bd39c66663ca3d7b993ad4964f89344cff765be17d351df0153875c91cbbe193	1.0	6.0	3.0	0.0	0.5972	0.12063	0.741278	0.85185	-1.63718	-0.214452	0.014555	0.771331	0.0	LD_CONFIGURATION_AMBIGUOUS	NO_TWO_STAGE_BAYES_EVIDENCE	NO_TWO_STAGE_BAYES_EVIDENCE	NO_TWO_STAGE_FREQUENTIST_EVIDENCE	NOT_SELECTED_BY_EBH
matched_moderate	same_variant_pleiotropy	37	20460941	0.6	0.6	4000	1000	3	10	bd39c66663ca3d7b993ad4964f89344cff765be17d351df0153875c91cbbe193	1.0	6.0	3.0	0.0	0.75599	0.645023	0.918665	1.401881	-1.626838	-0.693101	0.999326	6e-06	2.0	OVERIDENTIFIED_SHARED_SIGNALS_ASSUMPTION_CONDITIONAL	NO_TWO_STAGE_BAYES_EVIDENCE	NO_TWO_STAGE_BAYES_EVIDENCE	NO_TWO_STAGE_FREQUENTIST_EVIDENCE	NOT_SELECTED_BY_EBH
matched_moderate	same_variant_pleiotropy	38	20460942	0.6	0.6	4000	1000	3	10	bd39c66663ca3d7b993ad4964f89344cff765be17d351df0153875c91cbbe193	1.0	6.0	3.0	0.0	nan	0.633109	0.964032	1.622066	-1.719894	-0.991369	0.890933	0.000487	1.0	UNRESOLVED_SINGLE_SHARED_SIGNAL	NO_TWO_STAGE_BAYES_EVIDENCE	NO_TWO_STAGE_BAYES_EVIDENCE	NO_TWO_STAGE_FREQUENTIST_EVIDENCE	NOT_SELECTED_BY_EBH
matched_moderate	same_variant_pleiotropy	39	20460943	0.6	0.6	4000	1000	3	10	bd39c66663ca3d7b993ad4964f89344cff765be17d351df0153875c91cbbe193	1.0	6.0	3.0	0.0	0.591715	nan	0.691846	1.120066	-1.405881	-0.828018	0.999948	0.0	3.0	OVERIDENTIFIED_SHARED_SIGNALS_ASSUMPTION_CONDITIONAL	NO_TWO_STAGE_BAYES_EVIDENCE	NO_TWO_STAGE_BAYES_EVIDENCE	NO_TWO_STAGE_FREQUENTIST_EVIDENCE	NOT_SELECTED_BY_EBH
matched_moderate	same_variant_pleiotropy	40	20460944	0.6	0.6	4000	1000	3	10	bd39c66663ca3d7b993ad4964f89344cff765be17d351df0153875c91cbbe193	1.0	6.0	3.0	0.0	0.494382	0.508693	0.551218	1.074939	-1.445304	-1.019077	0.987974	8.2e-05	3.0	OVERIDENTIFIED_SHARED_SIGNALS_ASSUMPTION_CONDITIONAL	NO_TWO_STAGE_BAYES_EVIDENCE	NO_TWO_STAGE_BAYES_EVIDENCE	NO_TWO_STAGE_FREQUENTIST_EVIDENCE	NOT_SELECTED_BY_EBH
matched_moderate	same_variant_pleiotropy	41	20460945	0.6	0.6	4000	1000	3	10	bd39c66663ca3d7b993ad4964f89344cff765be17d351df0153875c91cbbe193	1.0	6.0	3.0	0.0	nan	0.650721	0.774809	0.962823	-1.658222	-1.146756	0.964839	9e-05	2.0	OVERIDENTIFIED_SHARED_SIGNALS_ASSUMPTION_CONDITIONAL	NO_TWO_STAGE_BAYES_EVIDENCE	NO_TWO_STAGE_BAYES_EVIDENCE	NO_TWO_STAGE_FREQUENTIST_EVIDENCE	NOT_SELECTED_BY_EBH
matched_moderate	same_variant_pleiotropy	42	20460946	0.6	0.6	4000	1000	3	10	bd39c66663ca3d7b993ad4964f89344cff765be17d351df0153875c91cbbe193	1.0	6.0	3.0	0.0	nan	0.763222	0.800167	1.538232	-1.671976	-0.597561	0.999923	3.4e-05	1.0	UNRESOLVED_SINGLE_SHARED_SIGNAL	NO_TWO_STAGE_BAYES_EVIDENCE	NO_TWO_STAGE_BAYES_EVIDENCE	NO_TWO_STAGE_FREQUENTIST_EVIDENCE	NOT_SELECTED_BY_EBH
matched_moderate	same_variant_pleiotropy	43	20460947	0.6	0.6	4000	1000	3	10	bd39c66663ca3d7b993ad4964f89344cff765be17d351df0153875c91cbbe193	1.0	6.0	3.0	0.0	0.588485	0.439704	0.229053	1.597356	-0.122405	-1.288534	0.99957	0.0	2.0	OVERIDENTIFIED_SHARED_SIGNALS_ASSUMPTION_CONDITIONAL	NO_TWO_STAGE_BAYES_EVIDENCE	NO_TWO_STAGE_BAYES_EVIDENCE	NO_TWO_STAGE_FREQUENTIST_EVIDENCE	NOT_SELECTED_BY_EBH
matched_moderate	same_variant_pleiotropy	44	20460948	0.6	0.6	4000	1000	3	10	bd39c66663ca3d7b993ad4964f89344cff765be17d351df0153875c91cbbe193	1.0	6.0	3.0	0.0	0.682282	nan	0.320203	1.182679	-0.946719	0.707292	1.0	0.0	2.0	OVERIDENTIFIED_SHARED_SIGNALS_ASSUMPTION_CONDITIONAL	NO_TWO_STAGE_BAYES_EVIDENCE	NO_TWO_STAGE_BAYES_EVIDENCE	NO_TWO_STAGE_FREQUENTIST_EVIDENCE	NOT_SELECTED_BY_EBH
matched_moderate	same_variant_pleiotropy	45	20460949	0.6	0.6	4000	1000	3	10	bd39c66663ca3d7b993ad4964f89344cff765be17d351df0153875c91cbbe193	1.0	6.0	3.0	0.0	0.550871	0.467252	0.909801	1.017909	-1.711563	-1.092986	0.997554	0.000186	1.0	UNRESOLVED_SINGLE_SHARED_SIGNAL	NO_TWO_STAGE_BAYES_EVIDENCE	NO_TWO_STAGE_BAYES_EVIDENCE	NO_TWO_STAGE_FREQUENTIST_EVIDENCE	NOT_SELECTED_BY_EBH
matched_moderate	same_variant_pleiotropy	46	20460950	0.6	0.6	4000	1000	3	10	bd39c66663ca3d7b993ad4964f89344cff765be17d351df0153875c91cbbe193	1.0	6.0	3.0	0.0	0.786853	nan	0.782735	1.229728	-1.527851	0.031601	0.999987	0.0	2.0	OVERIDENTIFIED_SHARED_SIGNALS_ASSUMPTION_CONDITIONAL	NO_TWO_STAGE_BAYES_EVIDENCE	NO_TWO_STAGE_BAYES_EVIDENCE	NO_TWO_STAGE_FREQUENTIST_EVIDENCE	NOT_SELECTED_BY_EBH
matched_moderate	same_variant_pleiotropy	47	20460951	0.6	0.6	4000	1000	3	10	bd39c66663ca3d7b993ad4964f89344cff765be17d351df0153875c91cbbe193	1.0	6.0	3.0	0.0	0.77194	0.582353	0.551782	1.319034	-1.107957	-1.257184	0.373572	0.01265	0.0	LD_CONFIGURATION_AMBIGUOUS	NO_TWO_STAGE_BAYES_EVIDENCE	NO_TWO_STAGE_BAYES_EVIDENCE	NO_TWO_STAGE_FREQUENTIST_EVIDENCE	NOT_SELECTED_BY_EBH
matched_moderate	same_variant_pleiotropy	48	20460952	0.6	0.6	4000	1000	3	10	bd39c66663ca3d7b993ad4964f89344cff765be17d351df0153875c91cbbe193	1.0	6.0	3.0	0.0	0.547396	0.400485	0.694228	1.305977	-1.409713	-0.970977	0.999546	6e-06	3.0	OVERIDENTIFIED_SHARED_SIGNALS_ASSUMPTION_CONDITIONAL	NO_TWO_STAGE_BAYES_EVIDENCE	NO_TWO_STAGE_BAYES_EVIDENCE	NO_TWO_STAGE_FREQUENTIST_EVIDENCE	NOT_SELECTED_BY_EBH
matched_moderate	same_variant_pleiotropy	49	20460953	0.6	0.6	4000	1000	3	10	bd39c66663ca3d7b993ad4964f89344cff765be17d351df0153875c91cbbe193	1.0	6.0	3.0	0.0	0.683694	0.332642	0.684954	1.066369	-1.394584	-0.150691	0.9944	0.000121	1.0	UNRESOLVED_SINGLE_SHARED_SIGNAL	NO_TWO_STAGE_BAYES_EVIDENCE	NO_TWO_STAGE_BAYES_EVIDENCE	NO_TWO_STAGE_FREQUENTIST_EVIDENCE	NOT_SELECTED_BY_EBH
matched_moderate	same_variant_pleiotropy	50	20460954	0.6	0.6	4000	1000	3	10	bd39c66663ca3d7b993ad4964f89344cff765be17d351df0153875c91cbbe193	1.0	6.0	3.0	0.0	0.550457	0.099211	0.421991	0.801698	-1.169121	-0.299383	0.125043	0.374507	0.0	LD_CONFIGURATION_AMBIGUOUS	NO_TWO_STAGE_BAYES_EVIDENCE	NO_TWO_STAGE_BAYES_EVIDENCE	NO_TWO_STAGE_FREQUENTIST_EVIDENCE	NOT_SELECTED_BY_EBH
matched_moderate	same_variant_pleiotropy	51	20460955	0.6	0.6	4000	1000	3	10	bd39c66663ca3d7b993ad4964f89344cff765be17d351df0153875c91cbbe193	1.0	6.0	3.0	0.0	0.661593	0.608501	0.899596	1.400062	-1.709183	-1.281528	0.998426	1e-06	2.0	OVERIDENTIFIED_SHARED_SIGNALS_ASSUMPTION_CONDITIONAL	NO_TWO_STAGE_BAYES_EVIDENCE	NO_TWO_STAGE_BAYES_EVIDENCE	NO_TWO_STAGE_FREQUENTIST_EVIDENCE	NOT_SELECTED_BY_EBH
matched_moderate	same_variant_pleiotropy	52	20460956	0.6	0.6	4000	1000	3	10	bd39c66663ca3d7b993ad4964f89344cff765be17d351df0153875c91cbbe193	1.0	6.0	3.0	0.0	0.676678	0.662596	0.510476	1.535013	-0.986748	-0.961114	0.999733	6e-06	2.0	OVERIDENTIFIED_SHARED_SIGNALS_ASSUMPTION_CONDITIONAL	NO_TWO_STAGE_BAYES_EVIDENCE	NO_TWO_STAGE_BAYES_EVIDENCE	NO_TWO_STAGE_FREQUENTIST_EVIDENCE	NOT_SELECTED_BY_EBH
matched_moderate	same_variant_pleiotropy	53	20460957	0.6	0.6	4000	1000	3	10	bd39c66663ca3d7b993ad4964f89344cff765be17d351df0153875c91cbbe193	1.0	6.0	3.0	0.0	0.573279	0.732849	0.128164	1.503284	0.043785	-1.162163	0.99982	7e-06	2.0	OVERIDENTIFIED_SHARED_SIGNALS_ASSUMPTION_CONDITIONAL	NO_TWO_STAGE_BAYES_EVIDENCE	NO_TWO_STAGE_BAYES_EVIDENCE	NO_TWO_STAGE_FREQUENTIST_EVIDENCE	NOT_SELECTED_BY_EBH
matched_moderate	same_variant_pleiotropy	54	20460958	0.6	0.6	4000	1000	3	10	bd39c66663ca3d7b993ad4964f89344cff765be17d351df0153875c91cbbe193	1.0	6.0	3.0	0.0	0.776381	nan	0.454808	0.76176	-1.091793	0.892921	0.755809	0.089982	1.0	UNRESOLVED_SINGLE_SHARED_SIGNAL	NO_TWO_STAGE_BAYES_EVIDENCE	NO_TWO_STAGE_BAYES_EVIDENCE	NO_TWO_STAGE_FREQUENTIST_EVIDENCE	NOT_SELECTED_BY_EBH
matched_moderate	same_variant_pleiotropy	55	20460959	0.6	0.6	4000	1000	3	10	bd39c66663ca3d7b993ad4964f89344cff765be17d351df0153875c91cbbe193	1.0	6.0	3.0	0.0	0.618231	0.773012	0.805599	1.224293	-1.551164	-0.836974	0.999999	1e-06	3.0	OVERIDENTIFIED_SHARED_SIGNALS_ASSUMPTION_CONDITIONAL	NO_TWO_STAGE_BAYES_EVIDENCE	NO_TWO_STAGE_BAYES_EVIDENCE	NO_TWO_STAGE_FREQUENTIST_EVIDENCE	NOT_SELECTED_BY_EBH
matched_moderate	same_variant_pleiotropy	56	20460960	0.6	0.6	4000	1000	3	10	bd39c66663ca3d7b993ad4964f89344cff765be17d351df0153875c91cbbe193	1.0	6.0	3.0	0.0	0.944669	0.44791	0.365926	1.492676	-0.372732	-1.317424	0.821576	0.037903	1.0	UNRESOLVED_SINGLE_SHARED_SIGNAL	NO_TWO_STAGE_BAYES_EVIDENCE	NO_TWO_STAGE_BAYES_EVIDENCE	NO_TWO_STAGE_FREQUENTIST_EVIDENCE	NOT_SELECTED_BY_EBH
matched_moderate	same_variant_pleiotropy	57	20460961	0.6	0.6	4000	1000	3	10	bd39c66663ca3d7b993ad4964f89344cff765be17d351df0153875c91cbbe193	1.0	6.0	3.0	0.0	0.818615	nan	0.976562	0.988932	-1.641301	0.503937	0.999898	6.8e-05	1.0	UNRESOLVED_SINGLE_SHARED_SIGNAL	NO_TWO_STAGE_BAYES_EVIDENCE	NO_TWO_STAGE_BAYES_EVIDENCE	NO_TWO_STAGE_FREQUENTIST_EVIDENCE	NOT_SELECTED_BY_EBH
matched_moderate	same_variant_pleiotropy	58	20460962	0.6	0.6	4000	1000	3	10	bd39c66663ca3d7b993ad4964f89344cff765be17d351df0153875c91cbbe193	0.9999999999999999	6.0	3.0	0.0	nan	0.659763	0.670907	0.898573	-1.581623	-1.093431	0.99498	3.8e-05	1.0	UNRESOLVED_SINGLE_SHARED_SIGNAL	NO_TWO_STAGE_BAYES_EVIDENCE	NO_TWO_STAGE_BAYES_EVIDENCE	NO_TWO_STAGE_FREQUENTIST_EVIDENCE	NOT_SELECTED_BY_EBH
matched_moderate	same_variant_pleiotropy	59	20460963	0.6	0.6	4000	1000	3	10	bd39c66663ca3d7b993ad4964f89344cff765be17d351df0153875c91cbbe193	1.0	6.0	3.0	0.0	0.791569	0.33893	0.909139	1.253609	-1.622913	-0.782186	0.994436	6.1e-05	2.0	OVERIDENTIFIED_SHARED_SIGNALS_ASSUMPTION_CONDITIONAL	NO_TWO_STAGE_BAYES_EVIDENCE	NO_TWO_STAGE_BAYES_EVIDENCE	NO_TWO_STAGE_FREQUENTIST_EVIDENCE	NOT_SELECTED_BY_EBH
matched_moderate	same_variant_pleiotropy	60	20460964	0.6	0.6	4000	1000	3	10	bd39c66663ca3d7b993ad4964f89344cff765be17d351df0153875c91cbbe193	1.0	6.0	3.0	0.0	0.526144	0.513689	0.58043	0.682044	-1.484126	-1.406515	0.994234	0.000166	1.0	UNRESOLVED_SINGLE_SHARED_SIGNAL	NO_TWO_STAGE_BAYES_EVIDENCE	NO_TWO_STAGE_BAYES_EVIDENCE	NO_TWO_STAGE_FREQUENTIST_EVIDENCE	NOT_SELECTED_BY_EBH
matched_moderate	same_variant_pleiotropy	61	20460965	0.6	0.6	4000	1000	3	10	bd39c66663ca3d7b993ad4964f89344cff765be17d351df0153875c91cbbe193	1.0	6.0	3.0	0.0	0.768758	0.524848	0.078399	1.366254	0.544466	-1.230289	0.984037	1.5e-05	1.0	UNRESOLVED_SINGLE_SHARED_SIGNAL	NO_TWO_STAGE_BAYES_EVIDENCE	NO_TWO_STAGE_BAYES_EVIDENCE	NO_TWO_STAGE_FREQUENTIST_EVIDENCE	NOT_SELECTED_BY_EBH
matched_moderate	same_variant_pleiotropy	62	20460966	0.6	0.6	4000	1000	3	10	bd39c66663ca3d7b993ad4964f89344cff765be17d351df0153875c91cbbe193	1.0	6.0	3.0	0.0	0.585636	0.635548	0.648569	1.281709	-1.475182	-0.251277	0.953559	0.000287	1.0	UNRESOLVED_SINGLE_SHARED_SIGNAL	NO_TWO_STAGE_BAYES_EVIDENCE	NO_TWO_STAGE_BAYES_EVIDENCE	NO_TWO_STAGE_FREQUENTIST_EVIDENCE	NOT_SELECTED_BY_EBH
matched_moderate	same_variant_pleiotropy	63	20460967	0.6	0.6	4000	1000	3	10	bd39c66663ca3d7b993ad4964f89344cff765be17d351df0153875c91cbbe193	1.0	6.0	3.0	0.0	0.594619	0.742006	0.252904	1.582976	-0.697119	-0.969228	0.999965	2e-06	2.0	OVERIDENTIFIED_SHARED_SIGNALS_ASSUMPTION_CONDITIONAL	NO_TWO_STAGE_BAYES_EVIDENCE	NO_TWO_STAGE_BAYES_EVIDENCE	NO_TWO_STAGE_FREQUENTIST_EVIDENCE	NOT_SELECTED_BY_EBH
matched_moderate	same_variant_pleiotropy	64	20460968	0.6	0.6	4000	1000	3	10	bd39c66663ca3d7b993ad4964f89344cff765be17d351df0153875c91cbbe193	1.0	6.0	3.0	0.0	0.768101	0.668243	0.219394	1.797949	0.420817	-1.109354	0.999874	6e-06	1.0	UNRESOLVED_SINGLE_SHARED_SIGNAL	NO_TWO_STAGE_BAYES_EVIDENCE	NO_TWO_STAGE_BAYES_EVIDENCE	NO_TWO_STAGE_FREQUENTIST_EVIDENCE	NOT_SELECTED_BY_EBH
matched_moderate	same_variant_pleiotropy	65	20460969	0.6	0.6	4000	1000	3	10	bd39c66663ca3d7b993ad4964f89344cff765be17d351df0153875c91cbbe193	1.0	6.0	3.0	0.0	0.729975	0.589162	0.377388	1.450082	-0.434736	-1.280135	0.983198	2.4e-05	1.0	UNRESOLVED_SINGLE_SHARED_SIGNAL	NO_TWO_STAGE_BAYES_EVIDENCE	NO_TWO_STAGE_BAYES_EVIDENCE	NO_TWO_STAGE_FREQUENTIST_EVIDENCE	NOT_SELECTED_BY_EBH
matched_moderate	same_variant_pleiotropy	66	20460970	0.6	0.6	4000	1000	3	10	bd39c66663ca3d7b993ad4964f89344cff765be17d351df0153875c91cbbe193	1.0	6.0	3.0	0.0	0.656307	0.195564	0.639499	0.97987	-1.312085	-0.393281	0.001745	0.791203	0.0	LD_CONFIGURATION_AMBIGUOUS	NO_TWO_STAGE_BAYES_EVIDENCE	NO_TWO_STAGE_BAYES_EVIDENCE	NO_TWO_STAGE_FREQUENTIST_EVIDENCE	NOT_SELECTED_BY_EBH
matched_moderate	same_variant_pleiotropy	67	20460971	0.6	0.6	4000	1000	3	10	bd39c66663ca3d7b993ad4964f89344cff765be17d351df0153875c91cbbe193	1.0	6.0	3.0	0.0	nan	0.127532	0.893106	0.891985	-1.707533	-0.188545	0.001803	0.7494	0.0	LD_CONFIGURATION_AMBIGUOUS	NO_TWO_STAGE_BAYES_EVIDENCE	NO_TWO_STAGE_BAYES_EVIDENCE	NO_TWO_STAGE_FREQUENTIST_EVIDENCE	NOT_SELECTED_BY_EBH
matched_moderate	same_variant_pleiotropy	68	20460972	0.6	0.6	4000	1000	3	10	bd39c66663ca3d7b993ad4964f89344cff765be17d351df0153875c91cbbe193	1.0	6.0	3.0	0.0	0.631276	nan	0.732077	1.07861	-1.465877	-0.803274	0.999285	2e-06	3.0	OVERIDENTIFIED_SHARED_SIGNALS_ASSUMPTION_CONDITIONAL	NO_TWO_STAGE_BAYES_EVIDENCE	NO_TWO_STAGE_BAYES_EVIDENCE	NO_TWO_STAGE_FREQUENTIST_EVIDENCE	NOT_SELECTED_BY_EBH
matched_moderate	same_variant_pleiotropy	69	20460973	0.6	0.6	4000	1000	3	10	bd39c66663ca3d7b993ad4964f89344cff765be17d351df0153875c91cbbe193	1.0	6.0	3.0	0.0	0.762072	nan	0.687857	0.935973	-1.39938	0.471362	1.0	0.0	3.0	OVERIDENTIFIED_SHARED_SIGNALS_ASSUMPTION_CONDITIONAL	NO_TWO_STAGE_BAYES_EVIDENCE	NO_TWO_STAGE_BAYES_EVIDENCE	NO_TWO_STAGE_FREQUENTIST_EVIDENCE	NOT_SELECTED_BY_EBH
matched_moderate	same_variant_pleiotropy	70	20460974	0.6	0.6	4000	1000	3	10	bd39c66663ca3d7b993ad4964f89344cff765be17d351df0153875c91cbbe193	1.0	6.0	3.0	0.0	0.689122	0.20638	0.905783	0.978452	-1.621426	0.431555	0.999048	0.000124	1.0	UNRESOLVED_SINGLE_SHARED_SIGNAL	NO_TWO_STAGE_BAYES_EVIDENCE	NO_TWO_STAGE_BAYES_EVIDENCE	NO_TWO_STAGE_FREQUENTIST_EVIDENCE	NOT_SELECTED_BY_EBH
matched_moderate	same_variant_pleiotropy	71	20460975	0.6	0.6	4000	1000	3	10	bd39c66663ca3d7b993ad4964f89344cff765be17d351df0153875c91cbbe193	1.0	6.0	3.0	0.0	0.684424	0.570705	0.354161	1.523653	-0.935519	-1.292185	0.962986	2.3e-05	2.0	OVERIDENTIFIED_SHARED_SIGNALS_ASSUMPTION_CONDITIONAL	NO_TWO_STAGE_BAYES_EVIDENCE	NO_TWO_STAGE_BAYES_EVIDENCE	NO_TWO_STAGE_FREQUENTIST_EVIDENCE	NOT_SELECTED_BY_EBH
matched_moderate	same_variant_pleiotropy	72	20460976	0.6	0.6	4000	1000	3	10	bd39c66663ca3d7b993ad4964f89344cff765be17d351df0153875c91cbbe193	1.0	6.0	3.0	0.0	0.546328	0.288155	0.739985	1.063195	-1.47652	-0.343078	0.99982	4.7e-05	1.0	UNRESOLVED_SINGLE_SHARED_SIGNAL	NO_TWO_STAGE_BAYES_EVIDENCE	NO_TWO_STAGE_BAYES_EVIDENCE	NO_TWO_STAGE_FREQUENTIST_EVIDENCE	NOT_SELECTED_BY_EBH
matched_moderate	same_variant_pleiotropy	73	20460977	0.6	0.6	4000	1000	3	10	bd39c66663ca3d7b993ad4964f89344cff765be17d351df0153875c91cbbe193	1.0	6.0	3.0	0.0	0.746079	0.448186	0.670512	1.330295	-1.369904	-1.001543	0.989382	0.000158	1.0	UNRESOLVED_SINGLE_SHARED_SIGNAL	NO_TWO_STAGE_BAYES_EVIDENCE	NO_TWO_STAGE_BAYES_EVIDENCE	NO_TWO_STAGE_FREQUENTIST_EVIDENCE	NOT_SELECTED_BY_EBH
matched_moderate	same_variant_pleiotropy	74	20460978	0.6	0.6	4000	1000	3	10	bd39c66663ca3d7b993ad4964f89344cff765be17d351df0153875c91cbbe193	1.0	5.0	3.0	0.0	0.666722	0.105761	0.901548	0.814727	-1.619469	0.110985	0.972417	0.004509	1.0	UNRESOLVED_SINGLE_SHARED_SIGNAL	NO_TWO_STAGE_BAYES_EVIDENCE	NO_TWO_STAGE_BAYES_EVIDENCE	NO_TWO_STAGE_FREQUENTIST_EVIDENCE	NOT_SELECTED_BY_EBH
matched_moderate	same_variant_pleiotropy	75	20460979	0.6	0.6	4000	1000	3	10	bd39c66663ca3d7b993ad4964f89344cff765be17d351df0153875c91cbbe193	1.0	6.0	3.0	0.0	0.726721	nan	0.965933	1.059259	-1.639847	-0.000666	0.999997	1e-06	1.0	UNRESOLVED_SINGLE_SHARED_SIGNAL	NO_TWO_STAGE_BAYES_EVIDENCE	NO_TWO_STAGE_BAYES_EVIDENCE	NO_TWO_STAGE_FREQUENTIST_EVIDENCE	NOT_SELECTED_BY_EBH
matched_moderate	same_variant_pleiotropy	76	20460980	0.6	0.6	4000	1000	3	10	bd39c66663ca3d7b993ad4964f89344cff765be17d351df0153875c91cbbe193	1.0	6.0	3.0	0.0	0.57573	0.737518	0.144956	1.424569	-0.08816	-1.07672	0.999948	0.0	1.0	UNRESOLVED_SINGLE_SHARED_SIGNAL	NO_TWO_STAGE_BAYES_EVIDENCE	NO_TWO_STAGE_BAYES_EVIDENCE	NO_TWO_STAGE_FREQUENTIST_EVIDENCE	NOT_SELECTED_BY_EBH
matched_moderate	same_variant_pleiotropy	77	20460981	0.6	0.6	4000	1000	3	10	bd39c66663ca3d7b993ad4964f89344cff765be17d351df0153875c91cbbe193	1.0	5.0	3.0	0.0	nan	0.592068	0.643334	1.530621	-1.319605	-1.005836	0.999247	3.9e-05	2.0	OVERIDENTIFIED_SHARED_SIGNALS_ASSUMPTION_CONDITIONAL	NO_TWO_STAGE_BAYES_EVIDENCE	NO_TWO_STAGE_BAYES_EVIDENCE	NO_TWO_STAGE_FREQUENTIST_EVIDENCE	NOT_SELECTED_BY_EBH
matched_moderate	same_variant_pleiotropy	78	20460982	0.6	0.6	4000	1000	3	10	bd39c66663ca3d7b993ad4964f89344cff765be17d351df0153875c91cbbe193	1.0	6.0	3.0	0.0	0.508402	0.516135	0.917719	1.048584	-1.713231	-1.140869	0.981332	0.000528	1.0	UNRESOLVED_SINGLE_SHARED_SIGNAL	NO_TWO_STAGE_BAYES_EVIDENCE	NO_TWO_STAGE_BAYES_EVIDENCE	NO_TWO_STAGE_FREQUENTIST_EVIDENCE	NOT_SELECTED_BY_EBH
matched_moderate	same_variant_pleiotropy	79	20460983	0.6	0.6	4000	1000	3	10	bd39c66663ca3d7b993ad4964f89344cff765be17d351df0153875c91cbbe193	1.0	6.0	3.0	0.0	0.563757	0.778659	0.497936	1.430426	-1.363545	-0.853545	1.0	0.0	2.0	OVERIDENTIFIED_SHARED_SIGNALS_ASSUMPTION_CONDITIONAL	NO_TWO_STAGE_BAYES_EVIDENCE	NO_TWO_STAGE_BAYES_EVIDENCE	NO_TWO_STAGE_FREQUENTIST_EVIDENCE	NOT_SELECTED_BY_EBH
matched_moderate	same_variant_pleiotropy	80	20460984	0.6	0.6	4000	1000	3	10	bd39c66663ca3d7b993ad4964f89344cff765be17d351df0153875c91cbbe193	1.0	6.0	3.0	0.0	0.639623	0.489939	0.331633	1.55514	-0.98263	-1.262744	0.998972	2.7e-05	2.0	OVERIDENTIFIED_SHARED_SIGNALS_ASSUMPTION_CONDITIONAL	NO_TWO_STAGE_BAYES_EVIDENCE	NO_TWO_STAGE_BAYES_EVIDENCE	NO_TWO_STAGE_FREQUENTIST_EVIDENCE	NOT_SELECTED_BY_EBH
matched_moderate	same_variant_pleiotropy	81	20460985	0.6	0.6	4000	1000	3	10	bd39c66663ca3d7b993ad4964f89344cff765be17d351df0153875c91cbbe193	1.0	6.0	3.0	0.0	0.791352	0.69649	0.255141	1.546203	-0.523449	-1.18204	0.998238	0.000111	2.0	OVERIDENTIFIED_SHARED_SIGNALS_ASSUMPTION_CONDITIONAL	NO_TWO_STAGE_BAYES_EVIDENCE	NO_TWO_STAGE_BAYES_EVIDENCE	NO_TWO_STAGE_FREQUENTIST_EVIDENCE	NOT_SELECTED_BY_EBH
matched_moderate	same_variant_pleiotropy	82	20460986	0.6	0.6	4000	1000	3	10	bd39c66663ca3d7b993ad4964f89344cff765be17d351df0153875c91cbbe193	1.0	6.0	3.0	0.0	0.800391	0.938466	0.651241	1.215834	-1.334772	-0.164247	1.0	0.0	2.0	OVERIDENTIFIED_SHARED_SIGNALS_ASSUMPTION_CONDITIONAL	NO_TWO_STAGE_BAYES_EVIDENCE	NO_TWO_STAGE_BAYES_EVIDENCE	NO_TWO_STAGE_FREQUENTIST_EVIDENCE	NOT_SELECTED_BY_EBH
matched_moderate	same_variant_pleiotropy	83	20460987	0.6	0.6	4000	1000	3	10	bd39c66663ca3d7b993ad4964f89344cff765be17d351df0153875c91cbbe193	1.0	5.0	3.0	0.0	0.616685	0.594864	0.746914	1.504102	-1.485545	-1.097066	0.99898	6e-05	1.0	UNRESOLVED_SINGLE_SHARED_SIGNAL	NO_TWO_STAGE_BAYES_EVIDENCE	NO_TWO_STAGE_BAYES_EVIDENCE	NO_TWO_STAGE_FREQUENTIST_EVIDENCE	NOT_SELECTED_BY_EBH
matched_moderate	same_variant_pleiotropy	84	20460988	0.6	0.6	4000	1000	3	10	bd39c66663ca3d7b993ad4964f89344cff765be17d351df0153875c91cbbe193	1.0	6.0	4.0	0.0	nan	0.597361	0.307408	2.231977	-0.904515	-1.717657	0.508554	0.029316	0.0	LD_CONFIGURATION_AMBIGUOUS	NO_TWO_STAGE_BAYES_EVIDENCE	NO_TWO_STAGE_BAYES_EVIDENCE	NO_TWO_STAGE_FREQUENTIST_EVIDENCE	NOT_SELECTED_BY_EBH
matched_moderate	same_variant_pleiotropy	85	20460989	0.6	0.6	4000	1000	3	10	bd39c66663ca3d7b993ad4964f89344cff765be17d351df0153875c91cbbe193	1.0	6.0	3.0	0.0	0.706358	0.511067	0.751454	1.429139	-1.491307	-1.176017	0.994493	6e-06	2.0	OVERIDENTIFIED_SHARED_SIGNALS_ASSUMPTION_CONDITIONAL	NO_TWO_STAGE_BAYES_EVIDENCE	NO_TWO_STAGE_BAYES_EVIDENCE	NO_TWO_STAGE_FREQUENTIST_EVIDENCE	NOT_SELECTED_BY_EBH
matched_moderate	same_variant_pleiotropy	86	20460990	0.6	0.6	4000	1000	3	10	bd39c66663ca3d7b993ad4964f89344cff765be17d351df0153875c91cbbe193	1.0	6.0	3.0	0.0	0.704972	0.412863	0.168395	1.203138	0.796144	-1.039397	0.829188	0.000117	1.0	UNRESOLVED_SINGLE_SHARED_SIGNAL	NO_TWO_STAGE_BAYES_EVIDENCE	NO_TWO_STAGE_BAYES_EVIDENCE	NO_TWO_STAGE_FREQUENTIST_EVIDENCE	NOT_SELECTED_BY_EBH
matched_moderate	same_variant_pleiotropy	87	20460991	0.6	0.6	4000	1000	3	10	bd39c66663ca3d7b993ad4964f89344cff765be17d351df0153875c91cbbe193	1.0	6.0	3.0	0.0	nan	nan	0.963076	0.89195	-1.719809	0.241647	0.999999	0.0	2.0	OVERIDENTIFIED_SHARED_SIGNALS_ASSUMPTION_CONDITIONAL	NO_TWO_STAGE_BAYES_EVIDENCE	NO_TWO_STAGE_BAYES_EVIDENCE	NO_TWO_STAGE_FREQUENTIST_EVIDENCE	NOT_SELECTED_BY_EBH
matched_moderate	same_variant_pleiotropy	88	20460992	0.6	0.6	4000	1000	3	10	bd39c66663ca3d7b993ad4964f89344cff765be17d351df0153875c91cbbe193	1.0	6.0	3.0	0.0	0.951645	0.425477	0.921318	1.391817	-1.627853	-1.065964	0.918543	0.009204	1.0	UNRESOLVED_SINGLE_SHARED_SIGNAL	NO_TWO_STAGE_BAYES_EVIDENCE	NO_TWO_STAGE_BAYES_EVIDENCE	NO_TWO_STAGE_FREQUENTIST_EVIDENCE	NOT_SELECTED_BY_EBH
matched_moderate	same_variant_pleiotropy	89	20460993	0.6	0.6	4000	1000	3	10	bd39c66663ca3d7b993ad4964f89344cff765be17d351df0153875c91cbbe193	1.0	6.0	3.0	0.0	0.656635	0.486758	0.256205	1.266421	-0.711126	-1.005175	0.999896	2e-06	2.0	OVERIDENTIFIED_SHARED_SIGNALS_ASSUMPTION_CONDITIONAL	NO_TWO_STAGE_BAYES_EVIDENCE	NO_TWO_STAGE_BAYES_EVIDENCE	NO_TWO_STAGE_FREQUENTIST_EVIDENCE	NOT_SELECTED_BY_EBH
matched_moderate	same_variant_pleiotropy	90	20460994	0.6	0.6	4000	1000	3	10	bd39c66663ca3d7b993ad4964f89344cff765be17d351df0153875c91cbbe193	1.0	6.0	3.0	0.0	0.519397	nan	0.578614	1.408909	-1.481826	-1.215185	0.968104	0.000874	2.0	OVERIDENTIFIED_SHARED_SIGNALS_ASSUMPTION_CONDITIONAL	NO_TWO_STAGE_BAYES_EVIDENCE	NO_TWO_STAGE_BAYES_EVIDENCE	NO_TWO_STAGE_FREQUENTIST_EVIDENCE	NOT_SELECTED_BY_EBH
matched_moderate	same_variant_pleiotropy	91	20460995	0.6	0.6	4000	1000	3	10	bd39c66663ca3d7b993ad4964f89344cff765be17d351df0153875c91cbbe193	1.0	6.0	3.0	0.0	0.70554	nan	0.832867	1.373396	-1.575343	-0.892669	0.002611	0.641225	0.0	LD_CONFIGURATION_AMBIGUOUS	NO_TWO_STAGE_BAYES_EVIDENCE	NO_TWO_STAGE_BAYES_EVIDENCE	NO_TWO_STAGE_FREQUENTIST_EVIDENCE	NOT_SELECTED_BY_EBH
matched_moderate	same_variant_pleiotropy	92	20460996	0.6	0.6	4000	1000	3	10	bd39c66663ca3d7b993ad4964f89344cff765be17d351df0153875c91cbbe193	1.0	6.0	3.0	0.0	0.628916	0.323229	0.870263	1.252004	-1.602293	-0.764872	0.672619	0.00111	0.0	LD_CONFIGURATION_AMBIGUOUS	NO_TWO_STAGE_BAYES_EVIDENCE	NO_TWO_STAGE_BAYES_EVIDENCE	NO_TWO_STAGE_FREQUENTIST_EVIDENCE	NOT_SELECTED_BY_EBH
matched_moderate	same_variant_pleiotropy	93	20460997	0.6	0.6	4000	1000	3	10	bd39c66663ca3d7b993ad4964f89344cff765be17d351df0153875c91cbbe193	1.0	6.0	3.0	0.0	0.779285	nan	0.387767	0.508081	-0.488807	4.098217	0.99522	2.7e-05	1.0	UNRESOLVED_SINGLE_SHARED_SIGNAL	NO_TWO_STAGE_BAYES_EVIDENCE	NO_TWO_STAGE_BAYES_EVIDENCE	NO_TWO_STAGE_FREQUENTIST_EVIDENCE	NOT_SELECTED_BY_EBH
matched_moderate	same_variant_pleiotropy	94	20460998	0.6	0.6	4000	1000	3	10	bd39c66663ca3d7b993ad4964f89344cff765be17d351df0153875c91cbbe193	1.0	6.0	3.0	0.0	0.69617	nan	0.179689	0.813112	0.10273	1.854989	0.999728	0.0	2.0	OVERIDENTIFIED_SHARED_SIGNALS_ASSUMPTION_CONDITIONAL	NO_TWO_STAGE_BAYES_EVIDENCE	NO_TWO_STAGE_BAYES_EVIDENCE	NO_TWO_STAGE_FREQUENTIST_EVIDENCE	NOT_SELECTED_BY_EBH
matched_moderate	same_variant_pleiotropy	95	20460999	0.6	0.6	4000	1000	3	10	bd39c66663ca3d7b993ad4964f89344cff765be17d351df0153875c91cbbe193	1.0	6.0	3.0	0.0	0.914789	0.595151	0.435771	1.60123	-0.712743	-1.078771	0.999708	2.2e-05	1.0	UNRESOLVED_SINGLE_SHARED_SIGNAL	NO_TWO_STAGE_BAYES_EVIDENCE	NO_TWO_STAGE_BAYES_EVIDENCE	NO_TWO_STAGE_FREQUENTIST_EVIDENCE	NOT_SELECTED_BY_EBH
matched_moderate	same_variant_pleiotropy	96	20461000	0.6	0.6	4000	1000	3	10	bd39c66663ca3d7b993ad4964f89344cff765be17d351df0153875c91cbbe193	1.0	5.0	3.0	0.0	0.594137	0.577797	0.60971	1.716813	-1.487031	-1.185595	0.977083	0.000341	2.0	OVERIDENTIFIED_SHARED_SIGNALS_ASSUMPTION_CONDITIONAL	NO_TWO_STAGE_BAYES_EVIDENCE	NO_TWO_STAGE_BAYES_EVIDENCE	NO_TWO_STAGE_FREQUENTIST_EVIDENCE	NOT_SELECTED_BY_EBH
matched_moderate	same_variant_pleiotropy	97	20461001	0.6	0.6	4000	1000	3	10	bd39c66663ca3d7b993ad4964f89344cff765be17d351df0153875c91cbbe193	1.0	6.0	3.0	0.0	0.764053	0.272693	0.773146	1.269001	-1.517228	-0.991029	0.799838	0.00039	1.0	UNRESOLVED_SINGLE_SHARED_SIGNAL	NO_TWO_STAGE_BAYES_EVIDENCE	NO_TWO_STAGE_BAYES_EVIDENCE	NO_TWO_STAGE_FREQUENTIST_EVIDENCE	NOT_SELECTED_BY_EBH
matched_moderate	same_variant_pleiotropy	98	20461002	0.6	0.6	4000	1000	3	10	bd39c66663ca3d7b993ad4964f89344cff765be17d351df0153875c91cbbe193	1.0	6.0	3.0	0.0	0.629947	0.40598	0.875767	1.378558	-1.605665	-1.160335	0.07528	0.672663	0.0	LD_CONFIGURATION_AMBIGUOUS	NO_TWO_STAGE_BAYES_EVIDENCE	NO_TWO_STAGE_BAYES_EVIDENCE	NO_TWO_STAGE_FREQUENTIST_EVIDENCE	NOT_SELECTED_BY_EBH
matched_moderate	same_variant_pleiotropy	99	20461003	0.6	0.6	4000	1000	3	10	bd39c66663ca3d7b993ad4964f89344cff765be17d351df0153875c91cbbe193	1.0	6.0	3.0	0.0	0.682375	0.709036	0.430797	1.226983	-0.691473	-1.129867	0.999388	2e-06	3.0	OVERIDENTIFIED_SHARED_SIGNALS_ASSUMPTION_CONDITIONAL	NO_TWO_STAGE_BAYES_EVIDENCE	NO_TWO_STAGE_BAYES_EVIDENCE	NO_TWO_STAGE_FREQUENTIST_EVIDENCE	NOT_SELECTED_BY_EBH
matched_moderate	same_variant_pleiotropy	100	20461004	0.6	0.6	4000	1000	3	10	bd39c66663ca3d7b993ad4964f89344cff765be17d351df0153875c91cbbe193	1.0	6.0	3.0	0.0	nan	nan	0.736526	0.976867	-1.560683	0.147167	0.999998	0.0	1.0	UNRESOLVED_SINGLE_SHARED_SIGNAL	NO_TWO_STAGE_BAYES_EVIDENCE	NO_TWO_STAGE_BAYES_EVIDENCE	NO_TWO_STAGE_FREQUENTIST_EVIDENCE	NOT_SELECTED_BY_EBH
matched_moderate	shared_mediation	1	20260905	0.6	0.6	4000	1000	3	10	bd39c66663ca3d7b993ad4964f89344cff765be17d351df0153875c91cbbe193	1.0	6.0	3.0	0.0	0.60986	0.518464	0.344798	1.571066	-1.02204	-1.205674	0.999985	0.0	3.0	OVERIDENTIFIED_SHARED_SIGNALS_ASSUMPTION_CONDITIONAL	NO_TWO_STAGE_BAYES_EVIDENCE	NO_TWO_STAGE_BAYES_EVIDENCE	NO_TWO_STAGE_FREQUENTIST_EVIDENCE	NOT_SELECTED_BY_EBH
matched_moderate	shared_mediation	2	20260906	0.6	0.6	4000	1000	3	10	bd39c66663ca3d7b993ad4964f89344cff765be17d351df0153875c91cbbe193	1.0	6.0	4.0	0.0	0.610581	0.909833	0.249138	2.006878	-0.680882	-0.734825	0.98576	0.00029	1.0	UNRESOLVED_SINGLE_SHARED_SIGNAL	NO_TWO_STAGE_BAYES_EVIDENCE	NO_TWO_STAGE_BAYES_EVIDENCE	NO_TWO_STAGE_FREQUENTIST_EVIDENCE	NOT_SELECTED_BY_EBH
matched_moderate	shared_mediation	3	20260907	0.6	0.6	4000	1000	3	10	bd39c66663ca3d7b993ad4964f89344cff765be17d351df0153875c91cbbe193	1.0	6.0	3.0	0.0	0.502818	0.385012	0.796408	1.17903	-1.580876	-0.827618	0.934736	0.008767	1.0	UNRESOLVED_SINGLE_SHARED_SIGNAL	NO_TWO_STAGE_BAYES_EVIDENCE	NO_TWO_STAGE_BAYES_EVIDENCE	NO_TWO_STAGE_FREQUENTIST_EVIDENCE	NOT_SELECTED_BY_EBH
matched_moderate	shared_mediation	4	20260908	0.6	0.6	4000	1000	3	10	bd39c66663ca3d7b993ad4964f89344cff765be17d351df0153875c91cbbe193	1.0	6.0	3.0	0.0	0.50978	0.374369	0.951107	1.172675	-1.63692	-0.40996	0.999178	5.6e-05	2.0	OVERIDENTIFIED_SHARED_SIGNALS_ASSUMPTION_CONDITIONAL	NO_TWO_STAGE_BAYES_EVIDENCE	NO_TWO_STAGE_BAYES_EVIDENCE	NO_TWO_STAGE_FREQUENTIST_EVIDENCE	NOT_SELECTED_BY_EBH
matched_moderate	shared_mediation	5	20260909	0.6	0.6	4000	1000	3	10	bd39c66663ca3d7b993ad4964f89344cff765be17d351df0153875c91cbbe193	1.0	6.0	3.0	0.0	0.787347	0.673434	0.38229	1.594953	-0.460524	-0.734719	1.0	0.0	2.0	OVERIDENTIFIED_SHARED_SIGNALS_ASSUMPTION_CONDITIONAL	NO_TWO_STAGE_BAYES_EVIDENCE	NO_TWO_STAGE_BAYES_EVIDENCE	NO_TWO_STAGE_FREQUENTIST_EVIDENCE	NOT_SELECTED_BY_EBH
matched_moderate	shared_mediation	6	20260910	0.6	0.6	4000	1000	3	10	bd39c66663ca3d7b993ad4964f89344cff765be17d351df0153875c91cbbe193	1.0	5.0	3.0	0.0	0.648124	nan	0.65558	1.405116	-1.342908	-1.144984	0.840596	0.023202	1.0	UNRESOLVED_SINGLE_SHARED_SIGNAL	NO_TWO_STAGE_BAYES_EVIDENCE	NO_TWO_STAGE_BAYES_EVIDENCE	NO_TWO_STAGE_FREQUENTIST_EVIDENCE	NOT_SELECTED_BY_EBH
matched_moderate	shared_mediation	7	20260911	0.6	0.6	4000	1000	3	10	bd39c66663ca3d7b993ad4964f89344cff765be17d351df0153875c91cbbe193	1.0	6.0	3.0	0.0	0.585503	0.528556	0.819636	1.395101	-1.564096	-0.548484	0.999997	1e-06	2.0	OVERIDENTIFIED_SHARED_SIGNALS_ASSUMPTION_CONDITIONAL	NO_TWO_STAGE_BAYES_EVIDENCE	NO_TWO_STAGE_BAYES_EVIDENCE	NO_TWO_STAGE_FREQUENTIST_EVIDENCE	NOT_SELECTED_BY_EBH
matched_moderate	shared_mediation	8	20260912	0.6	0.6	4000	1000	3	10	bd39c66663ca3d7b993ad4964f89344cff765be17d351df0153875c91cbbe193	1.0	6.0	3.0	0.0	0.652937	0.525714	0.854516	1.129732	-1.688818	-0.880063	0.999953	0.0	3.0	OVERIDENTIFIED_SHARED_SIGNALS_ASSUMPTION_CONDITIONAL	NO_TWO_STAGE_BAYES_EVIDENCE	NO_TWO_STAGE_BAYES_EVIDENCE	NO_TWO_STAGE_FREQUENTIST_EVIDENCE	NOT_SELECTED_BY_EBH
matched_moderate	shared_mediation	9	20260913	0.6	0.6	4000	1000	3	10	bd39c66663ca3d7b993ad4964f89344cff765be17d351df0153875c91cbbe193	1.0	6.0	3.0	0.0	0.555893	0.594404	0.522436	1.530256	-1.392225	-1.129132	0.972998	0.000971	1.0	UNRESOLVED_SINGLE_SHARED_SIGNAL	NO_TWO_STAGE_BAYES_EVIDENCE	NO_TWO_STAGE_BAYES_EVIDENCE	NO_TWO_STAGE_FREQUENTIST_EVIDENCE	NOT_SELECTED_BY_EBH
matched_moderate	shared_mediation	10	20260914	0.6	0.6	4000	1000	3	10	bd39c66663ca3d7b993ad4964f89344cff765be17d351df0153875c91cbbe193	1.0	6.0	3.0	0.0	0.568468	0.557866	0.706856	1.192976	-1.612016	-1.30877	0.992774	7e-06	2.0	OVERIDENTIFIED_SHARED_SIGNALS_ASSUMPTION_CONDITIONAL	NO_TWO_STAGE_BAYES_EVIDENCE	NO_TWO_STAGE_BAYES_EVIDENCE	NO_TWO_STAGE_FREQUENTIST_EVIDENCE	NOT_SELECTED_BY_EBH
matched_moderate	shared_mediation	11	20260915	0.6	0.6	4000	1000	3	10	bd39c66663ca3d7b993ad4964f89344cff765be17d351df0153875c91cbbe193	1.0	6.0	3.0	0.0	0.62372	0.354216	0.430341	1.275334	-1.119395	-1.061553	0.933932	0.013053	1.0	UNRESOLVED_SINGLE_SHARED_SIGNAL	NO_TWO_STAGE_BAYES_EVIDENCE	NO_TWO_STAGE_BAYES_EVIDENCE	NO_TWO_STAGE_FREQUENTIST_EVIDENCE	NOT_SELECTED_BY_EBH
matched_moderate	shared_mediation	12	20260916	0.6	0.6	4000	1000	3	10	bd39c66663ca3d7b993ad4964f89344cff765be17d351df0153875c91cbbe193	1.0	6.0	3.0	0.0	0.636399	0.222466	0.707844	0.774254	-1.430934	1.157812	0.997141	1.2e-05	1.0	UNRESOLVED_SINGLE_SHARED_SIGNAL	NO_TWO_STAGE_BAYES_EVIDENCE	NO_TWO_STAGE_BAYES_EVIDENCE	NO_TWO_STAGE_FREQUENTIST_EVIDENCE	NOT_SELECTED_BY_EBH
matched_moderate	shared_mediation	13	20260917	0.6	0.6	4000	1000	3	10	bd39c66663ca3d7b993ad4964f89344cff765be17d351df0153875c91cbbe193	1.0	6.0	3.0	0.0	nan	nan	0.858516	1.137702	-1.594589	-0.277	0.999083	0.00012	1.0	UNRESOLVED_SINGLE_SHARED_SIGNAL	NO_TWO_STAGE_BAYES_EVIDENCE	NO_TWO_STAGE_BAYES_EVIDENCE	NO_TWO_STAGE_FREQUENTIST_EVIDENCE	NOT_SELECTED_BY_EBH
matched_moderate	shared_mediation	14	20260918	0.6	0.6	4000	1000	3	10	bd39c66663ca3d7b993ad4964f89344cff765be17d351df0153875c91cbbe193	1.0	6.0	3.0	0.0	0.663213	0.795787	0.566326	1.394205	-1.146447	-0.65922	0.999122	4e-06	2.0	OVERIDENTIFIED_SHARED_SIGNALS_ASSUMPTION_CONDITIONAL	NO_TWO_STAGE_BAYES_EVIDENCE	NO_TWO_STAGE_BAYES_EVIDENCE	NO_TWO_STAGE_FREQUENTIST_EVIDENCE	NOT_SELECTED_BY_EBH
matched_moderate	shared_mediation	15	20260919	0.6	0.6	4000	1000	3	10	bd39c66663ca3d7b993ad4964f89344cff765be17d351df0153875c91cbbe193	1.0	6.0	3.0	0.0	0.63894	nan	0.226059	1.265459	-0.574996	-0.690941	0.000115	0.489105	0.0	LD_CONFIGURATION_AMBIGUOUS	NO_TWO_STAGE_BAYES_EVIDENCE	NO_TWO_STAGE_BAYES_EVIDENCE	NO_TWO_STAGE_FREQUENTIST_EVIDENCE	NOT_SELECTED_BY_EBH
matched_moderate	shared_mediation	16	20260920	0.6	0.6	4000	1000	3	10	bd39c66663ca3d7b993ad4964f89344cff765be17d351df0153875c91cbbe193	1.0	6.0	3.0	0.0	0.6291	0.491441	0.462408	1.644618	-0.819745	-1.280389	0.96991	0.000749	1.0	UNRESOLVED_SINGLE_SHARED_SIGNAL	NO_TWO_STAGE_BAYES_EVIDENCE	NO_TWO_STAGE_BAYES_EVIDENCE	NO_TWO_STAGE_FREQUENTIST_EVIDENCE	NOT_SELECTED_BY_EBH
matched_moderate	shared_mediation	17	20260921	0.6	0.6	4000	1000	3	10	bd39c66663ca3d7b993ad4964f89344cff765be17d351df0153875c91cbbe193	1.0	6.0	3.0	0.0	0.552458	nan	0.576019	0.986848	-1.478514	-0.49664	0.993799	0.002482	1.0	UNRESOLVED_SINGLE_SHARED_SIGNAL	NO_TWO_STAGE_BAYES_EVIDENCE	NO_TWO_STAGE_BAYES_EVIDENCE	NO_TWO_STAGE_FREQUENTIST_EVIDENCE	NOT_SELECTED_BY_EBH
matched_moderate	shared_mediation	18	20260922	0.6	0.6	4000	1000	3	10	bd39c66663ca3d7b993ad4964f89344cff765be17d351df0153875c91cbbe193	1.0	6.0	3.0	0.0	0.719101	0.831741	0.478861	1.454211	-1.330422	-1.061501	0.999916	4.2e-05	1.0	UNRESOLVED_SINGLE_SHARED_SIGNAL	NO_TWO_STAGE_BAYES_EVIDENCE	NO_TWO_STAGE_BAYES_EVIDENCE	NO_TWO_STAGE_FREQUENTIST_EVIDENCE	NOT_SELECTED_BY_EBH
matched_moderate	shared_mediation	19	20260923	0.6	0.6	4000	1000	3	10	bd39c66663ca3d7b993ad4964f89344cff765be17d351df0153875c91cbbe193	1.0	6.0	3.0	0.0	nan	0.281222	0.888143	0.858851	-1.6127	-0.543678	0.91671	0.003042	1.0	UNRESOLVED_SINGLE_SHARED_SIGNAL	NO_TWO_STAGE_BAYES_EVIDENCE	NO_TWO_STAGE_BAYES_EVIDENCE	NO_TWO_STAGE_FREQUENTIST_EVIDENCE	NOT_SELECTED_BY_EBH
matched_moderate	shared_mediation	20	20260924	0.6	0.6	4000	1000	3	10	bd39c66663ca3d7b993ad4964f89344cff765be17d351df0153875c91cbbe193	1.0	6.0	3.0	0.0	0.736327	nan	0.85677	1.096642	-1.593385	-0.211034	0.981587	0.000312	1.0	UNRESOLVED_SINGLE_SHARED_SIGNAL	NO_TWO_STAGE_BAYES_EVIDENCE	NO_TWO_STAGE_BAYES_EVIDENCE	NO_TWO_STAGE_FREQUENTIST_EVIDENCE	NOT_SELECTED_BY_EBH
matched_moderate	shared_mediation	21	20260925	0.6	0.6	4000	1000	3	10	bd39c66663ca3d7b993ad4964f89344cff765be17d351df0153875c91cbbe193	1.0	6.0	3.0	0.0	0.616543	nan	0.32196	0.966794	-0.117894	0.681845	0.999999	0.0	2.0	OVERIDENTIFIED_SHARED_SIGNALS_ASSUMPTION_CONDITIONAL	NO_TWO_STAGE_BAYES_EVIDENCE	NO_TWO_STAGE_BAYES_EVIDENCE	NO_TWO_STAGE_FREQUENTIST_EVIDENCE	NOT_SELECTED_BY_EBH
matched_moderate	shared_mediation	22	20260926	0.6	0.6	4000	1000	3	10	bd39c66663ca3d7b993ad4964f89344cff765be17d351df0153875c91cbbe193	1.0	6.0	3.0	0.0	nan	0.755393	0.763236	0.861546	-1.651334	-0.621467	1.0	0.0	2.0	OVERIDENTIFIED_SHARED_SIGNALS_ASSUMPTION_CONDITIONAL	NO_TWO_STAGE_BAYES_EVIDENCE	NO_TWO_STAGE_BAYES_EVIDENCE	NO_TWO_STAGE_FREQUENTIST_EVIDENCE	NOT_SELECTED_BY_EBH
matched_moderate	shared_mediation	23	20260927	0.6	0.6	4000	1000	3	10	bd39c66663ca3d7b993ad4964f89344cff765be17d351df0153875c91cbbe193	1.0	6.0	3.0	0.0	0.620685	0.52487	0.440748	1.08851	-1.257281	-1.361202	0.757456	0.024894	0.0	LD_CONFIGURATION_AMBIGUOUS	NO_TWO_STAGE_BAYES_EVIDENCE	NO_TWO_STAGE_BAYES_EVIDENCE	NO_TWO_STAGE_FREQUENTIST_EVIDENCE	NOT_SELECTED_BY_EBH
matched_moderate	shared_mediation	24	20260928	0.6	0.6	4000	1000	3	10	bd39c66663ca3d7b993ad4964f89344cff765be17d351df0153875c91cbbe193	1.0	6.0	3.0	0.0	0.868719	0.833725	0.331213	1.618429	-0.172921	-0.654387	1.0	0.0	2.0	OVERIDENTIFIED_SHARED_SIGNALS_ASSUMPTION_CONDITIONAL	NO_TWO_STAGE_BAYES_EVIDENCE	NO_TWO_STAGE_BAYES_EVIDENCE	NO_TWO_STAGE_FREQUENTIST_EVIDENCE	NOT_SELECTED_BY_EBH
matched_moderate	shared_mediation	25	20260929	0.6	0.6	4000	1000	3	10	bd39c66663ca3d7b993ad4964f89344cff765be17d351df0153875c91cbbe193	1.0	6.0	3.0	0.0	0.761001	0.612545	0.271096	1.521627	-0.771819	-1.201618	0.999997	0.0	2.0	OVERIDENTIFIED_SHARED_SIGNALS_ASSUMPTION_CONDITIONAL	NO_TWO_STAGE_BAYES_EVIDENCE	NO_TWO_STAGE_BAYES_EVIDENCE	NO_TWO_STAGE_FREQUENTIST_EVIDENCE	NOT_SELECTED_BY_EBH
matched_moderate	shared_mediation	26	20260930	0.6	0.6	4000	1000	3	10	bd39c66663ca3d7b993ad4964f89344cff765be17d351df0153875c91cbbe193	1.0	6.0	3.0	0.0	0.719815	0.346756	0.902011	0.987077	-1.619688	-0.398577	0.999793	9.7e-05	2.0	OVERIDENTIFIED_SHARED_SIGNALS_ASSUMPTION_CONDITIONAL	NO_TWO_STAGE_BAYES_EVIDENCE	NO_TWO_STAGE_BAYES_EVIDENCE	NO_TWO_STAGE_FREQUENTIST_EVIDENCE	NOT_SELECTED_BY_EBH
matched_moderate	shared_mediation	27	20260931	0.6	0.6	4000	1000	3	10	bd39c66663ca3d7b993ad4964f89344cff765be17d351df0153875c91cbbe193	1.0	6.0	3.0	0.0	0.585051	0.79272	0.5243	1.271007	-1.029394	-0.452808	0.885836	0.000453	1.0	UNRESOLVED_SINGLE_SHARED_SIGNAL	NO_TWO_STAGE_BAYES_EVIDENCE	NO_TWO_STAGE_BAYES_EVIDENCE	NO_TWO_STAGE_FREQUENTIST_EVIDENCE	NOT_SELECTED_BY_EBH
matched_moderate	shared_mediation	28	20260932	0.6	0.6	4000	1000	3	10	bd39c66663ca3d7b993ad4964f89344cff765be17d351df0153875c91cbbe193	1.0	6.0	3.0	0.0	0.74092	nan	0.944335	1.33203	-1.635233	-0.783497	0.990462	0.000319	2.0	OVERIDENTIFIED_SHARED_SIGNALS_ASSUMPTION_CONDITIONAL	NO_TWO_STAGE_BAYES_EVIDENCE	NO_TWO_STAGE_BAYES_EVIDENCE	NO_TWO_STAGE_FREQUENTIST_EVIDENCE	NOT_SELECTED_BY_EBH
matched_moderate	shared_mediation	29	20260933	0.6	0.6	4000	1000	3	10	bd39c66663ca3d7b993ad4964f89344cff765be17d351df0153875c91cbbe193	1.0	6.0	3.0	0.0	0.574322	0.548317	0.964538	1.018464	-1.70742	-0.438533	0.999992	1e-06	2.0	OVERIDENTIFIED_SHARED_SIGNALS_ASSUMPTION_CONDITIONAL	NO_TWO_STAGE_BAYES_EVIDENCE	NO_TWO_STAGE_BAYES_EVIDENCE	NO_TWO_STAGE_FREQUENTIST_EVIDENCE	NOT_SELECTED_BY_EBH
matched_moderate	shared_mediation	30	20260934	0.6	0.6	4000	1000	3	10	bd39c66663ca3d7b993ad4964f89344cff765be17d351df0153875c91cbbe193	1.0	6.0	3.0	0.0	0.777974	nan	0.227493	1.222362	0.376192	-0.649107	0.956639	0.001237	2.0	OVERIDENTIFIED_SHARED_SIGNALS_ASSUMPTION_CONDITIONAL	NO_TWO_STAGE_BAYES_EVIDENCE	NO_TWO_STAGE_BAYES_EVIDENCE	NO_TWO_STAGE_FREQUENTIST_EVIDENCE	NOT_SELECTED_BY_EBH
matched_moderate	shared_mediation	31	20260935	0.6	0.6	4000	1000	3	10	bd39c66663ca3d7b993ad4964f89344cff765be17d351df0153875c91cbbe193	1.0	6.0	3.0	0.0	nan	0.679221	0.987013	1.321989	-1.721257	-1.093733	0.999857	1e-06	2.0	OVERIDENTIFIED_SHARED_SIGNALS_ASSUMPTION_CONDITIONAL	NO_TWO_STAGE_BAYES_EVIDENCE	NO_TWO_STAGE_BAYES_EVIDENCE	NO_TWO_STAGE_FREQUENTIST_EVIDENCE	NOT_SELECTED_BY_EBH
matched_moderate	shared_mediation	32	20260936	0.6	0.6	4000	1000	3	10	bd39c66663ca3d7b993ad4964f89344cff765be17d351df0153875c91cbbe193	1.0	6.0	3.0	0.0	0.856253	0.835596	0.594173	1.437324	-1.214717	-0.380781	1.0	0.0	2.0	OVERIDENTIFIED_SHARED_SIGNALS_ASSUMPTION_CONDITIONAL	NO_TWO_STAGE_BAYES_EVIDENCE	NO_TWO_STAGE_BAYES_EVIDENCE	NO_TWO_STAGE_FREQUENTIST_EVIDENCE	NOT_SELECTED_BY_EBH
matched_moderate	shared_mediation	33	20260937	0.6	0.6	4000	1000	3	10	bd39c66663ca3d7b993ad4964f89344cff765be17d351df0153875c91cbbe193	1.0	6.0	3.0	0.0	nan	0.695601	0.259706	1.684943	-0.725756	-1.173952	0.999692	2.1e-05	1.0	UNRESOLVED_SINGLE_SHARED_SIGNAL	NO_TWO_STAGE_BAYES_EVIDENCE	NO_TWO_STAGE_BAYES_EVIDENCE	NO_TWO_STAGE_FREQUENTIST_EVIDENCE	NOT_SELECTED_BY_EBH
matched_moderate	shared_mediation	34	20260938	0.6	0.6	4000	1000	3	10	bd39c66663ca3d7b993ad4964f89344cff765be17d351df0153875c91cbbe193	1.0	6.0	3.0	0.0	0.708643	0.164451	0.583459	0.983054	-1.487928	-0.546014	0.012212	0.421489	0.0	LD_CONFIGURATION_AMBIGUOUS	NO_TWO_STAGE_BAYES_EVIDENCE	NO_TWO_STAGE_BAYES_EVIDENCE	NO_TWO_STAGE_FREQUENTIST_EVIDENCE	NOT_SELECTED_BY_EBH
matched_moderate	shared_mediation	35	20260939	0.6	0.6	4000	1000	3	10	bd39c66663ca3d7b993ad4964f89344cff765be17d351df0153875c91cbbe193	1.0	6.0	3.0	0.0	0.965185	0.771017	0.026177	1.579484	1.041197	-0.804172	0.998032	8e-06	2.0	OVERIDENTIFIED_SHARED_SIGNALS_ASSUMPTION_CONDITIONAL	NO_TWO_STAGE_BAYES_EVIDENCE	NO_TWO_STAGE_BAYES_EVIDENCE	SUPPORTED_SCALAR_DISPERSION_EXCLUSION_CONDITIONAL	NOT_SELECTED_BY_EBH
matched_moderate	shared_mediation	36	20260940	0.6	0.6	4000	1000	3	10	bd39c66663ca3d7b993ad4964f89344cff765be17d351df0153875c91cbbe193	1.0	6.0	3.0	0.0	0.686904	0.855326	0.270689	1.408791	-0.770211	-0.429391	0.985317	2e-05	2.0	OVERIDENTIFIED_SHARED_SIGNALS_ASSUMPTION_CONDITIONAL	NO_TWO_STAGE_BAYES_EVIDENCE	NO_TWO_STAGE_BAYES_EVIDENCE	NO_TWO_STAGE_FREQUENTIST_EVIDENCE	NOT_SELECTED_BY_EBH
matched_moderate	shared_mediation	37	20260941	0.6	0.6	4000	1000	3	10	bd39c66663ca3d7b993ad4964f89344cff765be17d351df0153875c91cbbe193	1.0	6.0	3.0	0.0	0.767323	nan	0.374441	1.012349	-0.419018	-0.227099	0.971204	0.00373	1.0	UNRESOLVED_SINGLE_SHARED_SIGNAL	NO_TWO_STAGE_BAYES_EVIDENCE	NO_TWO_STAGE_BAYES_EVIDENCE	NO_TWO_STAGE_FREQUENTIST_EVIDENCE	NOT_SELECTED_BY_EBH
matched_moderate	shared_mediation	38	20260942	0.6	0.6	4000	1000	3	10	bd39c66663ca3d7b993ad4964f89344cff765be17d351df0153875c91cbbe193	1.0	6.0	3.0	0.0	0.661111	0.432245	0.338249	1.629735	-0.409481	-1.288	0.0	0.731509	0.0	LD_CONFIGURATION_AMBIGUOUS	NO_TWO_STAGE_BAYES_EVIDENCE	NO_TWO_STAGE_BAYES_EVIDENCE	NO_TWO_STAGE_FREQUENTIST_EVIDENCE	NOT_SELECTED_BY_EBH
matched_moderate	shared_mediation	39	20260943	0.6	0.6	4000	1000	3	10	bd39c66663ca3d7b993ad4964f89344cff765be17d351df0153875c91cbbe193	1.0	5.0	3.0	0.0	0.718933	0.563129	0.483192	1.488669	-0.895765	-1.239796	0.000439	0.874325	0.0	LD_DISTINCT_SUPPORTED	NO_TWO_STAGE_BAYES_EVIDENCE	NO_TWO_STAGE_BAYES_EVIDENCE	NO_TWO_STAGE_FREQUENTIST_EVIDENCE	NOT_SELECTED_BY_EBH
matched_moderate	shared_mediation	40	20260944	0.6	0.6	4000	1000	3	10	bd39c66663ca3d7b993ad4964f89344cff765be17d351df0153875c91cbbe193	1.0	6.0	3.0	0.0	0.680598	0.660347	0.402386	0.941241	-1.173005	-1.115679	0.99999	2e-06	1.0	UNRESOLVED_SINGLE_SHARED_SIGNAL	NO_TWO_STAGE_BAYES_EVIDENCE	NO_TWO_STAGE_BAYES_EVIDENCE	NO_TWO_STAGE_FREQUENTIST_EVIDENCE	NOT_SELECTED_BY_EBH
matched_moderate	shared_mediation	41	20260945	0.6	0.6	4000	1000	3	10	bd39c66663ca3d7b993ad4964f89344cff765be17d351df0153875c91cbbe193	1.0	6.0	3.0	0.0	0.433992	0.538061	0.842735	1.085542	-1.691083	-1.383564	0.65191	0.001124	0.0	LD_CONFIGURATION_AMBIGUOUS	NO_TWO_STAGE_BAYES_EVIDENCE	NO_TWO_STAGE_BAYES_EVIDENCE	NO_TWO_STAGE_FREQUENTIST_EVIDENCE	NOT_SELECTED_BY_EBH
matched_moderate	shared_mediation	42	20260946	0.6	0.6	4000	1000	3	10	bd39c66663ca3d7b993ad4964f89344cff765be17d351df0153875c91cbbe193	1.0	6.0	3.0	0.0	nan	0.241194	0.92641	1.044857	-1.685095	0.066253	0.999594	1.1e-05	2.0	OVERIDENTIFIED_SHARED_SIGNALS_ASSUMPTION_CONDITIONAL	NO_TWO_STAGE_BAYES_EVIDENCE	NO_TWO_STAGE_BAYES_EVIDENCE	NO_TWO_STAGE_FREQUENTIST_EVIDENCE	NOT_SELECTED_BY_EBH
matched_moderate	shared_mediation	43	20260947	0.6	0.6	4000	1000	3	10	bd39c66663ca3d7b993ad4964f89344cff765be17d351df0153875c91cbbe193	1.0	6.0	3.0	0.0	0.688186	0.499546	0.701495	1.504086	-1.421184	-1.30846	0.885025	7e-05	2.0	OVERIDENTIFIED_SHARED_SIGNALS_ASSUMPTION_CONDITIONAL	NO_TWO_STAGE_BAYES_EVIDENCE	NO_TWO_STAGE_BAYES_EVIDENCE	NO_TWO_STAGE_FREQUENTIST_EVIDENCE	NOT_SELECTED_BY_EBH
matched_moderate	shared_mediation	44	20260948	0.6	0.6	4000	1000	3	10	bd39c66663ca3d7b993ad4964f89344cff765be17d351df0153875c91cbbe193	1.0	6.0	3.0	0.0	0.633214	nan	0.892271	1.05086	-1.707313	-0.540958	0.00829	0.723266	0.0	LD_CONFIGURATION_AMBIGUOUS	NO_TWO_STAGE_BAYES_EVIDENCE	NO_TWO_STAGE_BAYES_EVIDENCE	NO_TWO_STAGE_FREQUENTIST_EVIDENCE	NOT_SELECTED_BY_EBH
matched_moderate	shared_mediation	45	20260949	0.6	0.6	4000	1000	3	10	bd39c66663ca3d7b993ad4964f89344cff765be17d351df0153875c91cbbe193	1.0	6.0	3.0	0.0	0.518459	nan	0.954983	0.987229	-1.719005	-1.159866	0.977974	3.3e-05	3.0	OVERIDENTIFIED_SHARED_SIGNALS_ASSUMPTION_CONDITIONAL	NO_TWO_STAGE_BAYES_EVIDENCE	NO_TWO_STAGE_BAYES_EVIDENCE	NO_TWO_STAGE_FREQUENTIST_EVIDENCE	NOT_SELECTED_BY_EBH
matched_moderate	shared_mediation	46	20260950	0.6	0.6	4000	1000	3	10	bd39c66663ca3d7b993ad4964f89344cff765be17d351df0153875c91cbbe193	1.0	5.0	4.0	0.0	0.606177	0.561121	0.025573	2.523738	2.026569	-1.731954	0.72948	0.010351	0.0	LD_CONFIGURATION_AMBIGUOUS	TWO_STAGE_EVIDENCE	UNRESOLVED_REGIONAL_CONFIGURATION	UNRESOLVED_REGIONAL_CONFIGURATION	NOT_SELECTED_BY_EBH
matched_moderate	shared_mediation	47	20260951	0.6	0.6	4000	1000	3	10	bd39c66663ca3d7b993ad4964f89344cff765be17d351df0153875c91cbbe193	1.0	4.0	3.0	0.0	0.498983	nan	0.821891	0.873503	-1.632009	0.161496	0.011316	0.64945	0.0	LD_CONFIGURATION_AMBIGUOUS	NO_TWO_STAGE_BAYES_EVIDENCE	NO_TWO_STAGE_BAYES_EVIDENCE	NO_TWO_STAGE_FREQUENTIST_EVIDENCE	NOT_SELECTED_BY_EBH
matched_moderate	shared_mediation	48	20260952	0.6	0.6	4000	1000	3	10	bd39c66663ca3d7b993ad4964f89344cff765be17d351df0153875c91cbbe193	1.0	6.0	3.0	0.0	0.722871	0.730501	0.09694	1.487711	0.527375	-1.037997	0.940009	0.000124	2.0	OVERIDENTIFIED_SHARED_SIGNALS_ASSUMPTION_CONDITIONAL	NO_TWO_STAGE_BAYES_EVIDENCE	NO_TWO_STAGE_BAYES_EVIDENCE	NO_TWO_STAGE_FREQUENTIST_EVIDENCE	NOT_SELECTED_BY_EBH
matched_moderate	shared_mediation	49	20260953	0.6	0.6	4000	1000	3	10	bd39c66663ca3d7b993ad4964f89344cff765be17d351df0153875c91cbbe193	1.0	6.0	3.0	0.0	0.66044	nan	0.666505	0.699394	-1.36281	1.896955	0.999873	2e-06	1.0	UNRESOLVED_SINGLE_SHARED_SIGNAL	NO_TWO_STAGE_BAYES_EVIDENCE	NO_TWO_STAGE_BAYES_EVIDENCE	NO_TWO_STAGE_FREQUENTIST_EVIDENCE	NOT_SELECTED_BY_EBH
matched_moderate	shared_mediation	50	20260954	0.6	0.6	4000	1000	3	10	bd39c66663ca3d7b993ad4964f89344cff765be17d351df0153875c91cbbe193	1.0	6.0	3.0	0.0	0.86915	0.146849	0.276056	0.952606	-0.251743	-0.379275	0.00285	0.533151	0.0	LD_CONFIGURATION_AMBIGUOUS	NO_TWO_STAGE_BAYES_EVIDENCE	NO_TWO_STAGE_BAYES_EVIDENCE	NO_TWO_STAGE_FREQUENTIST_EVIDENCE	NOT_SELECTED_BY_EBH
matched_moderate	shared_mediation	51	20260955	0.6	0.6	4000	1000	3	10	bd39c66663ca3d7b993ad4964f89344cff765be17d351df0153875c91cbbe193	1.0	6.0	3.0	0.0	0.501446	0.582234	0.772793	1.049475	-1.65705	-1.258998	1.0	0.0	2.0	OVERIDENTIFIED_SHARED_SIGNALS_ASSUMPTION_CONDITIONAL	NO_TWO_STAGE_BAYES_EVIDENCE	NO_TWO_STAGE_BAYES_EVIDENCE	NO_TWO_STAGE_FREQUENTIST_EVIDENCE	NOT_SELECTED_BY_EBH
matched_moderate	shared_mediation	52	20260956	0.6	0.6	4000	1000	3	10	bd39c66663ca3d7b993ad4964f89344cff765be17d351df0153875c91cbbe193	1.0	6.0	3.0	0.0	0.889147	0.485492	0.201574	1.703693	-0.060945	-1.437692	0.088825	0.470178	0.0	LD_CONFIGURATION_AMBIGUOUS	NO_TWO_STAGE_BAYES_EVIDENCE	NO_TWO_STAGE_BAYES_EVIDENCE	NO_TWO_STAGE_FREQUENTIST_EVIDENCE	NOT_SELECTED_BY_EBH
matched_moderate	shared_mediation	53	20260957	0.6	0.6	4000	1000	3	10	bd39c66663ca3d7b993ad4964f89344cff765be17d351df0153875c91cbbe193	1.0	6.0	3.0	0.0	0.770466	0.480476	0.503316	1.523372	-0.963776	-1.257545	0.951727	0.003767	2.0	OVERIDENTIFIED_SHARED_SIGNALS_ASSUMPTION_CONDITIONAL	NO_TWO_STAGE_BAYES_EVIDENCE	NO_TWO_STAGE_BAYES_EVIDENCE	NO_TWO_STAGE_FREQUENTIST_EVIDENCE	NOT_SELECTED_BY_EBH
matched_moderate	shared_mediation	54	20260958	0.6	0.6	4000	1000	3	10	bd39c66663ca3d7b993ad4964f89344cff765be17d351df0153875c91cbbe193	1.0	6.0	3.0	0.0	0.848354	0.489082	0.179881	1.644954	0.778818	-1.40798	0.0	0.582915	0.0	LD_CONFIGURATION_AMBIGUOUS	NO_TWO_STAGE_BAYES_EVIDENCE	NO_TWO_STAGE_BAYES_EVIDENCE	NO_TWO_STAGE_FREQUENTIST_EVIDENCE	NOT_SELECTED_BY_EBH
matched_moderate	shared_mediation	55	20260959	0.6	0.6	4000	1000	3	10	bd39c66663ca3d7b993ad4964f89344cff765be17d351df0153875c91cbbe193	1.0	6.0	3.0	0.0	0.833268	0.4929	0.656312	1.493506	-1.344268	-1.081842	0.979982	0.007551	1.0	UNRESOLVED_SINGLE_SHARED_SIGNAL	NO_TWO_STAGE_BAYES_EVIDENCE	NO_TWO_STAGE_BAYES_EVIDENCE	NO_TWO_STAGE_FREQUENTIST_EVIDENCE	NOT_SELECTED_BY_EBH
matched_moderate	shared_mediation	56	20260960	0.6	0.6	4000	1000	3	10	bd39c66663ca3d7b993ad4964f89344cff765be17d351df0153875c91cbbe193	1.0	6.0	3.0	0.0	0.73291	0.406626	0.45162	1.630058	-0.777772	-1.456435	0.0	0.0	0.0	UNRESOLVED_NO_OUTCOME_SIGNAL	NO_TWO_STAGE_BAYES_EVIDENCE	NO_TWO_STAGE_BAYES_EVIDENCE	NO_TWO_STAGE_FREQUENTIST_EVIDENCE	NOT_SELECTED_BY_EBH
matched_moderate	shared_mediation	57	20260961	0.6	0.6	4000	1000	3	10	bd39c66663ca3d7b993ad4964f89344cff765be17d351df0153875c91cbbe193	1.0	6.0	3.0	0.0	0.715451	nan	0.757373	1.165688	-1.498644	-0.552118	0.999711	5.6e-05	1.0	UNRESOLVED_SINGLE_SHARED_SIGNAL	NO_TWO_STAGE_BAYES_EVIDENCE	NO_TWO_STAGE_BAYES_EVIDENCE	NO_TWO_STAGE_FREQUENTIST_EVIDENCE	NOT_SELECTED_BY_EBH
matched_moderate	shared_mediation	58	20260962	0.6	0.6	4000	1000	3	10	bd39c66663ca3d7b993ad4964f89344cff765be17d351df0153875c91cbbe193	1.0	6.0	3.0	0.0	0.706154	0.548319	0.117518	1.829328	1.407468	-1.371408	0.987036	0.000663	1.0	UNRESOLVED_SINGLE_SHARED_SIGNAL	NO_TWO_STAGE_BAYES_EVIDENCE	NO_TWO_STAGE_BAYES_EVIDENCE	NO_TWO_STAGE_FREQUENTIST_EVIDENCE	NOT_SELECTED_BY_EBH
matched_moderate	shared_mediation	59	20260963	0.6	0.6	4000	1000	3	10	bd39c66663ca3d7b993ad4964f89344cff765be17d351df0153875c91cbbe193	1.0	6.0	3.0	0.0	0.611949	0.502453	0.686326	1.616462	-1.595194	-1.222301	0.845492	0.003232	1.0	UNRESOLVED_SINGLE_SHARED_SIGNAL	NO_TWO_STAGE_BAYES_EVIDENCE	NO_TWO_STAGE_BAYES_EVIDENCE	NO_TWO_STAGE_FREQUENTIST_EVIDENCE	NOT_SELECTED_BY_EBH
matched_moderate	shared_mediation	60	20260964	0.6	0.6	4000	1000	3	10	bd39c66663ca3d7b993ad4964f89344cff765be17d351df0153875c91cbbe193	1.0	6.0	3.0	0.0	0.828688	0.650454	0.75853	1.27156	-1.500055	-1.00874	0.999685	1.5e-05	2.0	OVERIDENTIFIED_SHARED_SIGNALS_ASSUMPTION_CONDITIONAL	NO_TWO_STAGE_BAYES_EVIDENCE	NO_TWO_STAGE_BAYES_EVIDENCE	NO_TWO_STAGE_FREQUENTIST_EVIDENCE	NOT_SELECTED_BY_EBH
matched_moderate	shared_mediation	61	20260965	0.6	0.6	4000	1000	3	10	bd39c66663ca3d7b993ad4964f89344cff765be17d351df0153875c91cbbe193	1.0	6.0	3.0	0.0	0.68574	0.686088	0.693542	1.300917	-1.408614	-1.097787	0.998152	7e-06	2.0	OVERIDENTIFIED_SHARED_SIGNALS_ASSUMPTION_CONDITIONAL	NO_TWO_STAGE_BAYES_EVIDENCE	NO_TWO_STAGE_BAYES_EVIDENCE	NO_TWO_STAGE_FREQUENTIST_EVIDENCE	NOT_SELECTED_BY_EBH
matched_moderate	shared_mediation	62	20260966	0.6	0.6	4000	1000	3	10	bd39c66663ca3d7b993ad4964f89344cff765be17d351df0153875c91cbbe193	1.0	6.0	3.0	0.0	0.532291	0.595273	0.654757	1.414207	-1.566515	-1.194837	0.995733	1.3e-05	1.0	UNRESOLVED_SINGLE_SHARED_SIGNAL	NO_TWO_STAGE_BAYES_EVIDENCE	NO_TWO_STAGE_BAYES_EVIDENCE	NO_TWO_STAGE_FREQUENTIST_EVIDENCE	NOT_SELECTED_BY_EBH
matched_moderate	shared_mediation	63	20260967	0.6	0.6	4000	1000	3	10	bd39c66663ca3d7b993ad4964f89344cff765be17d351df0153875c91cbbe193	1.0	6.0	3.0	0.0	0.53584	nan	0.944394	1.133311	-1.635249	-0.171248	0.999984	1e-06	1.0	UNRESOLVED_SINGLE_SHARED_SIGNAL	NO_TWO_STAGE_BAYES_EVIDENCE	NO_TWO_STAGE_BAYES_EVIDENCE	NO_TWO_STAGE_FREQUENTIST_EVIDENCE	NOT_SELECTED_BY_EBH
matched_moderate	shared_mediation	64	20260968	0.6	0.6	4000	1000	3	10	bd39c66663ca3d7b993ad4964f89344cff765be17d351df0153875c91cbbe193	1.0	6.0	3.0	0.0	0.902447	0.731538	0.371871	1.419386	-0.405183	-1.003841	0.999516	9e-06	1.0	UNRESOLVED_SINGLE_SHARED_SIGNAL	NO_TWO_STAGE_BAYES_EVIDENCE	NO_TWO_STAGE_BAYES_EVIDENCE	NO_TWO_STAGE_FREQUENTIST_EVIDENCE	NOT_SELECTED_BY_EBH
matched_moderate	shared_mediation	65	20260969	0.6	0.6	4000	1000	3	10	bd39c66663ca3d7b993ad4964f89344cff765be17d351df0153875c91cbbe193	1.0	6.0	3.0	0.0	0.755523	0.669712	0.359243	1.423734	-0.335539	-1.105953	0.999986	0.0	1.0	UNRESOLVED_SINGLE_SHARED_SIGNAL	NO_TWO_STAGE_BAYES_EVIDENCE	NO_TWO_STAGE_BAYES_EVIDENCE	NO_TWO_STAGE_FREQUENTIST_EVIDENCE	NOT_SELECTED_BY_EBH
matched_moderate	shared_mediation	66	20260970	0.6	0.6	4000	1000	3	10	bd39c66663ca3d7b993ad4964f89344cff765be17d351df0153875c91cbbe193	1.0	6.0	3.0	0.0	0.68392	nan	0.537302	1.196483	-1.067553	-0.966535	0.011612	0.358904	0.0	LD_CONFIGURATION_AMBIGUOUS	NO_TWO_STAGE_BAYES_EVIDENCE	NO_TWO_STAGE_BAYES_EVIDENCE	NO_TWO_STAGE_FREQUENTIST_EVIDENCE	NOT_SELECTED_BY_EBH
matched_moderate	shared_mediation	67	20260971	0.6	0.6	4000	1000	3	10	bd39c66663ca3d7b993ad4964f89344cff765be17d351df0153875c91cbbe193	1.0	6.0	3.0	0.0	nan	0.878904	0.336663	1.165209	-0.997928	-0.913086	0.999993	0.0	2.0	OVERIDENTIFIED_SHARED_SIGNALS_ASSUMPTION_CONDITIONAL	NO_TWO_STAGE_BAYES_EVIDENCE	NO_TWO_STAGE_BAYES_EVIDENCE	NO_TWO_STAGE_FREQUENTIST_EVIDENCE	NOT_SELECTED_BY_EBH
matched_moderate	shared_mediation	68	20260972	0.6	0.6	4000	1000	3	10	bd39c66663ca3d7b993ad4964f89344cff765be17d351df0153875c91cbbe193	1.0	6.0	3.0	0.0	0.703147	0.596241	0.078612	1.588183	0.541805	-1.32604	0.991626	0.000306	1.0	UNRESOLVED_SINGLE_SHARED_SIGNAL	NO_TWO_STAGE_BAYES_EVIDENCE	NO_TWO_STAGE_BAYES_EVIDENCE	NO_TWO_STAGE_FREQUENTIST_EVIDENCE	NOT_SELECTED_BY_EBH
matched_moderate	shared_mediation	69	20260973	0.6	0.6	4000	1000	3	10	bd39c66663ca3d7b993ad4964f89344cff765be17d351df0153875c91cbbe193	1.0	6.0	3.0	0.0	0.885318	nan	0.405024	1.234918	-0.598085	-0.856369	0.99286	0.001647	1.0	UNRESOLVED_SINGLE_SHARED_SIGNAL	NO_TWO_STAGE_BAYES_EVIDENCE	NO_TWO_STAGE_BAYES_EVIDENCE	NO_TWO_STAGE_FREQUENTIST_EVIDENCE	NOT_SELECTED_BY_EBH
matched_moderate	shared_mediation	70	20260974	0.6	0.6	4000	1000	3	10	bd39c66663ca3d7b993ad4964f89344cff765be17d351df0153875c91cbbe193	1.0	6.0	3.0	0.0	0.700992	0.675036	0.757993	1.402139	-1.499401	-0.980602	0.999619	2.2e-05	1.0	UNRESOLVED_SINGLE_SHARED_SIGNAL	NO_TWO_STAGE_BAYES_EVIDENCE	NO_TWO_STAGE_BAYES_EVIDENCE	NO_TWO_STAGE_FREQUENTIST_EVIDENCE	NOT_SELECTED_BY_EBH
matched_moderate	shared_mediation	71	20260975	0.6	0.6	4000	1000	3	10	bd39c66663ca3d7b993ad4964f89344cff765be17d351df0153875c91cbbe193	1.0	6.0	3.0	0.0	0.811182	0.198813	0.062495	0.830098	0.992817	-0.3894	0.774899	0.04377	2.0	OVERIDENTIFIED_SHARED_SIGNALS_ASSUMPTION_CONDITIONAL	NO_TWO_STAGE_BAYES_EVIDENCE	NO_TWO_STAGE_BAYES_EVIDENCE	NO_TWO_STAGE_FREQUENTIST_EVIDENCE	NOT_SELECTED_BY_EBH
matched_moderate	shared_mediation	72	20260976	0.6	0.6	4000	1000	3	10	bd39c66663ca3d7b993ad4964f89344cff765be17d351df0153875c91cbbe193	1.0	6.0	3.0	0.0	0.926171	nan	0.078587	0.907456	1.154228	0.357861	0.983258	0.000285	1.0	UNRESOLVED_SINGLE_SHARED_SIGNAL	NO_TWO_STAGE_BAYES_EVIDENCE	NO_TWO_STAGE_BAYES_EVIDENCE	NO_TWO_STAGE_FREQUENTIST_EVIDENCE	NOT_SELECTED_BY_EBH
matched_moderate	shared_mediation	73	20260977	0.6	0.6	4000	1000	3	10	bd39c66663ca3d7b993ad4964f89344cff765be17d351df0153875c91cbbe193	0.9999999999999999	6.0	3.0	0.0	0.688071	nan	0.79042	1.484579	-1.536002	-1.12732	0.913048	0.007127	1.0	UNRESOLVED_SINGLE_SHARED_SIGNAL	NO_TWO_STAGE_BAYES_EVIDENCE	NO_TWO_STAGE_BAYES_EVIDENCE	NO_TWO_STAGE_FREQUENTIST_EVIDENCE	NOT_SELECTED_BY_EBH
matched_moderate	shared_mediation	74	20260978	0.6	0.6	4000	1000	3	10	bd39c66663ca3d7b993ad4964f89344cff765be17d351df0153875c91cbbe193	1.0	6.0	3.0	0.0	0.352732	0.684381	0.547487	1.069077	-1.096195	-1.068311	0.999903	4e-06	3.0	OVERIDENTIFIED_SHARED_SIGNALS_ASSUMPTION_CONDITIONAL	NO_TWO_STAGE_BAYES_EVIDENCE	NO_TWO_STAGE_BAYES_EVIDENCE	NO_TWO_STAGE_FREQUENTIST_EVIDENCE	NOT_SELECTED_BY_EBH
matched_moderate	shared_mediation	75	20260979	0.6	0.6	4000	1000	3	10	bd39c66663ca3d7b993ad4964f89344cff765be17d351df0153875c91cbbe193	1.0	6.0	3.0	0.0	0.71988	0.794111	0.418381	1.416246	-1.2027	-0.916439	1.0	0.0	2.0	OVERIDENTIFIED_SHARED_SIGNALS_ASSUMPTION_CONDITIONAL	NO_TWO_STAGE_BAYES_EVIDENCE	NO_TWO_STAGE_BAYES_EVIDENCE	NO_TWO_STAGE_FREQUENTIST_EVIDENCE	NOT_SELECTED_BY_EBH
matched_moderate	shared_mediation	76	20260980	0.6	0.6	4000	1000	3	10	bd39c66663ca3d7b993ad4964f89344cff765be17d351df0153875c91cbbe193	1.0	6.0	3.0	0.0	0.797354	0.723642	0.775032	1.332829	-1.519358	-0.520711	0.999999	0.0	2.0	OVERIDENTIFIED_SHARED_SIGNALS_ASSUMPTION_CONDITIONAL	NO_TWO_STAGE_BAYES_EVIDENCE	NO_TWO_STAGE_BAYES_EVIDENCE	NO_TWO_STAGE_FREQUENTIST_EVIDENCE	NOT_SELECTED_BY_EBH
matched_moderate	shared_mediation	77	20260981	0.6	0.6	4000	1000	3	10	bd39c66663ca3d7b993ad4964f89344cff765be17d351df0153875c91cbbe193	1.0	6.0	3.0	0.0	0.712334	nan	0.437891	1.364775	-1.251394	-1.10094	0.010846	0.750558	0.0	LD_CONFIGURATION_AMBIGUOUS	NO_TWO_STAGE_BAYES_EVIDENCE	NO_TWO_STAGE_BAYES_EVIDENCE	NO_TWO_STAGE_FREQUENTIST_EVIDENCE	NOT_SELECTED_BY_EBH
matched_moderate	shared_mediation	78	20260982	0.6	0.6	4000	1000	3	10	bd39c66663ca3d7b993ad4964f89344cff765be17d351df0153875c91cbbe193	1.0	5.0	3.0	0.0	0.501857	0.300354	0.756565	1.175315	-1.497655	-0.878391	0.002652	0.34121	0.0	LD_CONFIGURATION_AMBIGUOUS	NO_TWO_STAGE_BAYES_EVIDENCE	NO_TWO_STAGE_BAYES_EVIDENCE	NO_TWO_STAGE_FREQUENTIST_EVIDENCE	NOT_SELECTED_BY_EBH
matched_moderate	shared_mediation	79	20260983	0.6	0.6	4000	1000	3	10	bd39c66663ca3d7b993ad4964f89344cff765be17d351df0153875c91cbbe193	1.0	6.0	3.0	0.0	0.640948	0.48169	0.184039	1.720664	-0.348955	-1.334658	0.994996	0.001392	1.0	UNRESOLVED_SINGLE_SHARED_SIGNAL	NO_TWO_STAGE_BAYES_EVIDENCE	NO_TWO_STAGE_BAYES_EVIDENCE	NO_TWO_STAGE_FREQUENTIST_EVIDENCE	NOT_SELECTED_BY_EBH
matched_moderate	shared_mediation	80	20260984	0.6	0.6	4000	1000	3	10	bd39c66663ca3d7b993ad4964f89344cff765be17d351df0153875c91cbbe193	1.0	6.0	3.0	0.0	nan	0.664511	0.77702	1.66103	-1.659494	-1.171478	0.999988	2e-06	1.0	UNRESOLVED_SINGLE_SHARED_SIGNAL	NO_TWO_STAGE_BAYES_EVIDENCE	NO_TWO_STAGE_BAYES_EVIDENCE	NO_TWO_STAGE_FREQUENTIST_EVIDENCE	NOT_SELECTED_BY_EBH
matched_moderate	shared_mediation	81	20260985	0.6	0.6	4000	1000	3	10	bd39c66663ca3d7b993ad4964f89344cff765be17d351df0153875c91cbbe193	1.0	6.0	3.0	0.0	0.595881	0.494696	0.984292	1.079456	-1.721163	-1.297498	0.970498	0.001167	2.0	OVERIDENTIFIED_SHARED_SIGNALS_ASSUMPTION_CONDITIONAL	NO_TWO_STAGE_BAYES_EVIDENCE	NO_TWO_STAGE_BAYES_EVIDENCE	NO_TWO_STAGE_FREQUENTIST_EVIDENCE	NOT_SELECTED_BY_EBH
matched_moderate	shared_mediation	82	20260986	0.6	0.6	4000	1000	3	10	bd39c66663ca3d7b993ad4964f89344cff765be17d351df0153875c91cbbe193	1.0	6.0	3.0	0.0	0.826085	0.428925	0.719516	1.595491	-1.448209	-1.208112	0.970837	0.004185	1.0	UNRESOLVED_SINGLE_SHARED_SIGNAL	NO_TWO_STAGE_BAYES_EVIDENCE	NO_TWO_STAGE_BAYES_EVIDENCE	NO_TWO_STAGE_FREQUENTIST_EVIDENCE	NOT_SELECTED_BY_EBH
matched_moderate	shared_mediation	83	20260987	0.6	0.6	4000	1000	3	10	bd39c66663ca3d7b993ad4964f89344cff765be17d351df0153875c91cbbe193	1.0	6.0	3.0	0.0	1.041328	0.180507	0.209385	1.206354	0.257499	-0.992129	0.0	0.0	0.0	UNRESOLVED_NO_OUTCOME_SIGNAL	NO_TWO_STAGE_BAYES_EVIDENCE	NO_TWO_STAGE_BAYES_EVIDENCE	NO_TWO_STAGE_FREQUENTIST_EVIDENCE	NOT_SELECTED_BY_EBH
matched_moderate	shared_mediation	84	20260988	0.6	0.6	4000	1000	3	10	bd39c66663ca3d7b993ad4964f89344cff765be17d351df0153875c91cbbe193	1.0	6.0	3.0	0.0	0.634699	nan	0.723989	1.03688	-1.454609	-0.357435	0.949748	0.001962	2.0	OVERIDENTIFIED_SHARED_SIGNALS_ASSUMPTION_CONDITIONAL	NO_TWO_STAGE_BAYES_EVIDENCE	NO_TWO_STAGE_BAYES_EVIDENCE	NO_TWO_STAGE_FREQUENTIST_EVIDENCE	NOT_SELECTED_BY_EBH
matched_moderate	shared_mediation	85	20260989	0.6	0.6	4000	1000	3	10	bd39c66663ca3d7b993ad4964f89344cff765be17d351df0153875c91cbbe193	1.0	6.0	3.0	0.0	0.598258	0.603789	0.504397	1.48357	-1.184457	-0.77569	1.0	0.0	2.0	OVERIDENTIFIED_SHARED_SIGNALS_ASSUMPTION_CONDITIONAL	NO_TWO_STAGE_BAYES_EVIDENCE	NO_TWO_STAGE_BAYES_EVIDENCE	NO_TWO_STAGE_FREQUENTIST_EVIDENCE	NOT_SELECTED_BY_EBH
matched_moderate	shared_mediation	86	20260990	0.6	0.6	4000	1000	3	10	bd39c66663ca3d7b993ad4964f89344cff765be17d351df0153875c91cbbe193	1.0	6.0	3.0	0.0	0.459249	0.482389	0.910067	1.604717	-1.711622	-1.405472	0.575857	0.0183	0.0	LD_CONFIGURATION_AMBIGUOUS	NO_TWO_STAGE_BAYES_EVIDENCE	NO_TWO_STAGE_BAYES_EVIDENCE	NO_TWO_STAGE_FREQUENTIST_EVIDENCE	NOT_SELECTED_BY_EBH
matched_moderate	shared_mediation	87	20260991	0.6	0.6	4000	1000	3	10	bd39c66663ca3d7b993ad4964f89344cff765be17d351df0153875c91cbbe193	1.0	6.0	3.0	0.0	0.612338	0.758418	0.913565	0.949432	-1.624792	0.670983	0.999395	1e-05	1.0	UNRESOLVED_SINGLE_SHARED_SIGNAL	NO_TWO_STAGE_BAYES_EVIDENCE	NO_TWO_STAGE_BAYES_EVIDENCE	NO_TWO_STAGE_FREQUENTIST_EVIDENCE	NOT_SELECTED_BY_EBH
matched_moderate	shared_mediation	88	20260992	0.6	0.6	4000	1000	3	10	bd39c66663ca3d7b993ad4964f89344cff765be17d351df0153875c91cbbe193	0.9999999999999999	6.0	3.0	0.0	0.683537	0.480611	0.765034	1.414805	-1.507845	-1.195325	0.987603	2.5e-05	2.0	OVERIDENTIFIED_SHARED_SIGNALS_ASSUMPTION_CONDITIONAL	NO_TWO_STAGE_BAYES_EVIDENCE	NO_TWO_STAGE_BAYES_EVIDENCE	NO_TWO_STAGE_FREQUENTIST_EVIDENCE	NOT_SELECTED_BY_EBH
matched_moderate	shared_mediation	89	20260993	0.6	0.6	4000	1000	3	10	bd39c66663ca3d7b993ad4964f89344cff765be17d351df0153875c91cbbe193	1.0	6.0	3.0	0.0	0.542922	0.438231	0.722401	1.263006	-1.452351	-0.811662	0.999805	2e-06	1.0	UNRESOLVED_SINGLE_SHARED_SIGNAL	NO_TWO_STAGE_BAYES_EVIDENCE	NO_TWO_STAGE_BAYES_EVIDENCE	NO_TWO_STAGE_FREQUENTIST_EVIDENCE	NOT_SELECTED_BY_EBH
matched_moderate	shared_mediation	90	20260994	0.6	0.6	4000	1000	3	10	bd39c66663ca3d7b993ad4964f89344cff765be17d351df0153875c91cbbe193	1.0	5.0	3.0	0.0	0.387581	0.50245	0.760552	1.591721	-1.628386	-1.367708	0.857985	0.000183	1.0	UNRESOLVED_SINGLE_SHARED_SIGNAL	NO_TWO_STAGE_BAYES_EVIDENCE	NO_TWO_STAGE_BAYES_EVIDENCE	NO_TWO_STAGE_FREQUENTIST_EVIDENCE	NOT_SELECTED_BY_EBH
matched_moderate	shared_mediation	91	20260995	0.6	0.6	4000	1000	3	10	bd39c66663ca3d7b993ad4964f89344cff765be17d351df0153875c91cbbe193	1.0	6.0	3.0	0.0	0.83222	0.707494	0.593088	1.169957	-1.212183	-1.04472	0.999987	0.0	3.0	OVERIDENTIFIED_SHARED_SIGNALS_ASSUMPTION_CONDITIONAL	NO_TWO_STAGE_BAYES_EVIDENCE	NO_TWO_STAGE_BAYES_EVIDENCE	NO_TWO_STAGE_FREQUENTIST_EVIDENCE	NOT_SELECTED_BY_EBH
matched_moderate	shared_mediation	92	20260996	0.6	0.6	4000	1000	3	10	bd39c66663ca3d7b993ad4964f89344cff765be17d351df0153875c91cbbe193	1.0	6.0	3.0	0.0	nan	nan	0.870724	1.126539	-1.602581	-0.684695	0.997533	0.00174	1.0	UNRESOLVED_SINGLE_SHARED_SIGNAL	NO_TWO_STAGE_BAYES_EVIDENCE	NO_TWO_STAGE_BAYES_EVIDENCE	NO_TWO_STAGE_FREQUENTIST_EVIDENCE	NOT_SELECTED_BY_EBH
matched_moderate	shared_mediation	93	20260997	0.6	0.6	4000	1000	3	10	bd39c66663ca3d7b993ad4964f89344cff765be17d351df0153875c91cbbe193	1.0	6.0	3.0	0.0	0.834325	0.622337	0.92224	1.216158	-1.628198	-0.812705	0.999915	0.0	2.0	OVERIDENTIFIED_SHARED_SIGNALS_ASSUMPTION_CONDITIONAL	NO_TWO_STAGE_BAYES_EVIDENCE	NO_TWO_STAGE_BAYES_EVIDENCE	NO_TWO_STAGE_FREQUENTIST_EVIDENCE	NOT_SELECTED_BY_EBH
matched_moderate	shared_mediation	94	20260998	0.6	0.6	4000	1000	3	10	bd39c66663ca3d7b993ad4964f89344cff765be17d351df0153875c91cbbe193	1.0	5.0	3.0	0.0	nan	nan	0.815192	0.899449	-1.660411	-0.539368	0.999807	1e-06	3.0	OVERIDENTIFIED_SHARED_SIGNALS_ASSUMPTION_CONDITIONAL	NO_TWO_STAGE_BAYES_EVIDENCE	NO_TWO_STAGE_BAYES_EVIDENCE	NO_TWO_STAGE_FREQUENTIST_EVIDENCE	NOT_SELECTED_BY_EBH
matched_moderate	shared_mediation	95	20260999	0.6	0.6	4000	1000	3	10	bd39c66663ca3d7b993ad4964f89344cff765be17d351df0153875c91cbbe193	1.0	6.0	3.0	0.0	0.781045	0.437133	0.549662	1.451263	-1.102175	-1.305959	0.229536	0.100125	0.0	LD_CONFIGURATION_AMBIGUOUS	NO_TWO_STAGE_BAYES_EVIDENCE	NO_TWO_STAGE_BAYES_EVIDENCE	NO_TWO_STAGE_FREQUENTIST_EVIDENCE	NOT_SELECTED_BY_EBH
matched_moderate	shared_mediation	96	20261000	0.6	0.6	4000	1000	3	10	bd39c66663ca3d7b993ad4964f89344cff765be17d351df0153875c91cbbe193	1.0	6.0	3.0	0.0	0.88702	0.737479	0.145005	1.756	0.858944	-1.124428	0.999942	2e-06	1.0	UNRESOLVED_SINGLE_SHARED_SIGNAL	NO_TWO_STAGE_BAYES_EVIDENCE	NO_TWO_STAGE_BAYES_EVIDENCE	NO_TWO_STAGE_FREQUENTIST_EVIDENCE	NOT_SELECTED_BY_EBH
matched_moderate	shared_mediation	97	20261001	0.6	0.6	4000	1000	3	10	bd39c66663ca3d7b993ad4964f89344cff765be17d351df0153875c91cbbe193	1.0	6.0	3.0	0.0	0.818575	nan	0.280429	1.320269	0.119863	-0.983435	0.993485	0.001237	1.0	UNRESOLVED_SINGLE_SHARED_SIGNAL	NO_TWO_STAGE_BAYES_EVIDENCE	NO_TWO_STAGE_BAYES_EVIDENCE	NO_TWO_STAGE_FREQUENTIST_EVIDENCE	NOT_SELECTED_BY_EBH
matched_moderate	shared_mediation	98	20261002	0.6	0.6	4000	1000	3	10	bd39c66663ca3d7b993ad4964f89344cff765be17d351df0153875c91cbbe193	1.0	5.0	3.0	0.0	nan	0.310119	0.230116	0.838735	-0.426794	-1.23781	0.552441	0.028885	0.0	LD_CONFIGURATION_AMBIGUOUS	NO_TWO_STAGE_BAYES_EVIDENCE	NO_TWO_STAGE_BAYES_EVIDENCE	NO_TWO_STAGE_FREQUENTIST_EVIDENCE	NOT_SELECTED_BY_EBH
matched_moderate	shared_mediation	99	20261003	0.6	0.6	4000	1000	3	10	bd39c66663ca3d7b993ad4964f89344cff765be17d351df0153875c91cbbe193	1.0	6.0	3.0	0.0	0.5502	0.950476	0.469744	1.302656	-1.140271	0.153569	1.0	0.0	1.0	UNRESOLVED_SINGLE_SHARED_SIGNAL	NO_TWO_STAGE_BAYES_EVIDENCE	NO_TWO_STAGE_BAYES_EVIDENCE	NO_TWO_STAGE_FREQUENTIST_EVIDENCE	NOT_SELECTED_BY_EBH
matched_moderate	shared_mediation	100	20261004	0.6	0.6	4000	1000	3	10	bd39c66663ca3d7b993ad4964f89344cff765be17d351df0153875c91cbbe193	1.0	6.0	3.0	0.0	0.672585	nan	0.722866	1.034892	-1.453013	0.402408	0.999844	2.4e-05	2.0	OVERIDENTIFIED_SHARED_SIGNALS_ASSUMPTION_CONDITIONAL	NO_TWO_STAGE_BAYES_EVIDENCE	NO_TWO_STAGE_BAYES_EVIDENCE	NO_TWO_STAGE_FREQUENTIST_EVIDENCE	NOT_SELECTED_BY_EBH
mismatch_high_to_moderate	distinct_ld	1	22360905	0.9	0.6	4000	1000	3	10	bd39c66663ca3d7b993ad4964f89344cff765be17d351df0153875c91cbbe193	0.7105740069370702	6.0	6.0	0.0	0.625834	0.496988	0.865469	1.032764	-1.699316	-1.32345	0.0	0.995701	0.0	LD_DISTINCT_SUPPORTED	NO_TWO_STAGE_BAYES_EVIDENCE	NO_TWO_STAGE_BAYES_EVIDENCE	NO_TWO_STAGE_FREQUENTIST_EVIDENCE	NOT_SELECTED_BY_EBH
mismatch_high_to_moderate	distinct_ld	2	22360906	0.9	0.6	4000	1000	3	10	bd39c66663ca3d7b993ad4964f89344cff765be17d351df0153875c91cbbe193	0.7194990939551881	6.0	7.0	0.0	nan	0.150695	0.632822	0.977904	-1.562959	-0.812403	0.0	0.997681	0.0	LD_DISTINCT_SUPPORTED	NO_TWO_STAGE_BAYES_EVIDENCE	NO_TWO_STAGE_BAYES_EVIDENCE	NO_TWO_STAGE_FREQUENTIST_EVIDENCE	NOT_SELECTED_BY_EBH
mismatch_high_to_moderate	distinct_ld	3	22360907	0.9	0.6	4000	1000	3	10	bd39c66663ca3d7b993ad4964f89344cff765be17d351df0153875c91cbbe193	0.7182965027619238	6.0	9.0	0.0	0.58068	0.15273	0.460957	0.922177	-1.362872	-1.673153	0.0	0.999709	0.0	LD_DISTINCT_SUPPORTED	NO_TWO_STAGE_BAYES_EVIDENCE	NO_TWO_STAGE_BAYES_EVIDENCE	NO_TWO_STAGE_FREQUENTIST_EVIDENCE	NOT_SELECTED_BY_EBH
mismatch_high_to_moderate	distinct_ld	4	22360908	0.9	0.6	4000	1000	3	10	bd39c66663ca3d7b993ad4964f89344cff765be17d351df0153875c91cbbe193	0.718303991706882	6.0	8.0	0.0	0.604913	0.33894	0.447772	2.00702	-1.271505	-1.357935	0.999695	0.000303	1.0	UNRESOLVED_SINGLE_SHARED_SIGNAL	NO_TWO_STAGE_BAYES_EVIDENCE	NO_TWO_STAGE_BAYES_EVIDENCE	NO_TWO_STAGE_FREQUENTIST_EVIDENCE	NOT_SELECTED_BY_EBH
mismatch_high_to_moderate	distinct_ld	5	22360909	0.9	0.6	4000	1000	3	10	bd39c66663ca3d7b993ad4964f89344cff765be17d351df0153875c91cbbe193	0.7097853665693189	6.0	9.0	0.0	0.604503	0.061966	0.864392	-0.463974	-1.724169	-0.892718	0.0	0.999751	0.0	LD_DISTINCT_SUPPORTED	NO_TWO_STAGE_BAYES_EVIDENCE	NO_TWO_STAGE_BAYES_EVIDENCE	NO_TWO_STAGE_FREQUENTIST_EVIDENCE	NOT_SELECTED_BY_EBH
mismatch_high_to_moderate	distinct_ld	6	22360910	0.9	0.6	4000	1000	3	10	bd39c66663ca3d7b993ad4964f89344cff765be17d351df0153875c91cbbe193	0.718706085028689	6.0	8.0	0.0	0.699716	0.485851	0.256584	2.389049	-0.817835	-1.075255	1e-06	0.990813	0.0	LD_DISTINCT_SUPPORTED	TWO_STAGE_EVIDENCE	REJECTED_DISTINCT_REGIONAL_SIGNALS	NO_TWO_STAGE_FREQUENTIST_EVIDENCE	NOT_SELECTED_BY_EBH
mismatch_high_to_moderate	distinct_ld	7	22360911	0.9	0.6	4000	1000	3	10	bd39c66663ca3d7b993ad4964f89344cff765be17d351df0153875c91cbbe193	0.7111207382366436	6.0	7.0	0.0	nan	nan	0.818695	1.237481	-1.680895	-1.19539	2e-06	0.999281	0.0	LD_DISTINCT_SUPPORTED	NO_TWO_STAGE_BAYES_EVIDENCE	NO_TWO_STAGE_BAYES_EVIDENCE	NO_TWO_STAGE_FREQUENTIST_EVIDENCE	NOT_SELECTED_BY_EBH
mismatch_high_to_moderate	distinct_ld	8	22360912	0.9	0.6	4000	1000	3	10	bd39c66663ca3d7b993ad4964f89344cff765be17d351df0153875c91cbbe193	0.7125495323810732	6.0	6.0	0.0	0.635678	0.109077	0.750298	0.249313	-1.643169	-1.089284	0.0	0.998117	0.0	LD_DISTINCT_SUPPORTED	NO_TWO_STAGE_BAYES_EVIDENCE	NO_TWO_STAGE_BAYES_EVIDENCE	NO_TWO_STAGE_FREQUENTIST_EVIDENCE	NOT_SELECTED_BY_EBH
mismatch_high_to_moderate	distinct_ld	9	22360913	0.9	0.6	4000	1000	3	10	bd39c66663ca3d7b993ad4964f89344cff765be17d351df0153875c91cbbe193	0.7147571848562454	6.0	7.0	0.0	0.57017	0.239447	0.654982	1.123552	-1.584168	-0.675329	0.0	0.999909	0.0	LD_DISTINCT_SUPPORTED	NO_TWO_STAGE_BAYES_EVIDENCE	NO_TWO_STAGE_BAYES_EVIDENCE	NO_TWO_STAGE_FREQUENTIST_EVIDENCE	NOT_SELECTED_BY_EBH
mismatch_high_to_moderate	distinct_ld	10	22360914	0.9	0.6	4000	1000	3	10	bd39c66663ca3d7b993ad4964f89344cff765be17d351df0153875c91cbbe193	0.7079026801205205	6.0	9.0	0.0	0.511333	nan	0.943122	1.348046	-1.735767	0.731082	0.0	0.998539	0.0	LD_DISTINCT_SUPPORTED	NO_TWO_STAGE_BAYES_EVIDENCE	NO_TWO_STAGE_BAYES_EVIDENCE	NO_TWO_STAGE_FREQUENTIST_EVIDENCE	NOT_SELECTED_BY_EBH
mismatch_high_to_moderate	distinct_ld	11	22360915	0.9	0.6	4000	1000	3	10	bd39c66663ca3d7b993ad4964f89344cff765be17d351df0153875c91cbbe193	0.7200497250398047	6.0	5.0	0.0	0.588659	nan	0.939442	1.393846	-1.70121	0.048722	0.0	0.999574	0.0	LD_DISTINCT_SUPPORTED	NO_TWO_STAGE_BAYES_EVIDENCE	NO_TWO_STAGE_BAYES_EVIDENCE	NO_TWO_STAGE_FREQUENTIST_EVIDENCE	NOT_SELECTED_BY_EBH
mismatch_high_to_moderate	distinct_ld	12	22360916	0.9	0.6	4000	1000	3	10	bd39c66663ca3d7b993ad4964f89344cff765be17d351df0153875c91cbbe193	0.7153631136188342	6.0	9.0	0.0	0.533337	nan	0.299304	1.175956	-0.876626	-0.442575	0.0	0.999999	0.0	LD_DISTINCT_SUPPORTED	NO_TWO_STAGE_BAYES_EVIDENCE	NO_TWO_STAGE_BAYES_EVIDENCE	NO_TWO_STAGE_FREQUENTIST_EVIDENCE	NOT_SELECTED_BY_EBH
mismatch_high_to_moderate	distinct_ld	13	22360917	0.9	0.6	4000	1000	3	10	bd39c66663ca3d7b993ad4964f89344cff765be17d351df0153875c91cbbe193	0.7117235114565389	6.0	9.0	0.0	nan	0.302007	0.719031	0.775655	-1.621343	-1.79335	0.0	0.999934	0.0	LD_DISTINCT_SUPPORTED	NO_TWO_STAGE_BAYES_EVIDENCE	NO_TWO_STAGE_BAYES_EVIDENCE	NO_TWO_STAGE_FREQUENTIST_EVIDENCE	NOT_SELECTED_BY_EBH
mismatch_high_to_moderate	distinct_ld	14	22360918	0.9	0.6	4000	1000	3	10	bd39c66663ca3d7b993ad4964f89344cff765be17d351df0153875c91cbbe193	0.7079097441434407	6.0	7.0	0.0	0.64769	0.33162	0.589436	1.073423	-1.495315	-2.004008	0.0	0.999486	0.0	LD_DISTINCT_SUPPORTED	NO_TWO_STAGE_BAYES_EVIDENCE	NO_TWO_STAGE_BAYES_EVIDENCE	NO_TWO_STAGE_FREQUENTIST_EVIDENCE	NOT_SELECTED_BY_EBH
mismatch_high_to_moderate	distinct_ld	15	22360919	0.9	0.6	4000	1000	3	10	bd39c66663ca3d7b993ad4964f89344cff765be17d351df0153875c91cbbe193	0.7143566277721368	6.0	8.0	0.0	0.803987	0.550202	0.133277	2.238524	0.002108	-2.132133	0.0	0.999997	0.0	LD_DISTINCT_SUPPORTED	NO_TWO_STAGE_BAYES_EVIDENCE	NO_TWO_STAGE_BAYES_EVIDENCE	NO_TWO_STAGE_FREQUENTIST_EVIDENCE	NOT_SELECTED_BY_EBH
mismatch_high_to_moderate	distinct_ld	16	22360920	0.9	0.6	4000	1000	3	10	bd39c66663ca3d7b993ad4964f89344cff765be17d351df0153875c91cbbe193	0.7087242709845526	6.0	7.0	0.0	nan	nan	0.32779	2.189856	-1.019437	0.362433	0.0	0.999485	0.0	LD_DISTINCT_SUPPORTED	NO_TWO_STAGE_BAYES_EVIDENCE	NO_TWO_STAGE_BAYES_EVIDENCE	NO_TWO_STAGE_FREQUENTIST_EVIDENCE	NOT_SELECTED_BY_EBH
mismatch_high_to_moderate	distinct_ld	17	22360921	0.9	0.6	4000	1000	3	10	bd39c66663ca3d7b993ad4964f89344cff765be17d351df0153875c91cbbe193	0.7145457830180436	6.0	8.0	0.0	0.611926	0.260913	0.369865	2.182879	-1.16116	-1.703766	0.0	0.99755	0.0	LD_DISTINCT_SUPPORTED	NO_TWO_STAGE_BAYES_EVIDENCE	NO_TWO_STAGE_BAYES_EVIDENCE	NO_TWO_STAGE_FREQUENTIST_EVIDENCE	NOT_SELECTED_BY_EBH
mismatch_high_to_moderate	distinct_ld	18	22360922	0.9	0.6	4000	1000	3	10	bd39c66663ca3d7b993ad4964f89344cff765be17d351df0153875c91cbbe193	0.7156208066113529	6.0	9.0	0.0	0.516294	0.324733	0.550206	1.079077	-1.443888	-2.206508	0.0	0.999981	0.0	LD_DISTINCT_SUPPORTED	NO_TWO_STAGE_BAYES_EVIDENCE	NO_TWO_STAGE_BAYES_EVIDENCE	NO_TWO_STAGE_FREQUENTIST_EVIDENCE	NOT_SELECTED_BY_EBH
mismatch_high_to_moderate	distinct_ld	19	22360923	0.9	0.6	4000	1000	3	10	bd39c66663ca3d7b993ad4964f89344cff765be17d351df0153875c91cbbe193	0.7134210322154212	6.0	8.0	0.0	0.641733	nan	0.524956	1.612216	-1.448852	-0.432861	0.0	0.998828	0.0	LD_DISTINCT_SUPPORTED	NO_TWO_STAGE_BAYES_EVIDENCE	NO_TWO_STAGE_BAYES_EVIDENCE	NO_TWO_STAGE_FREQUENTIST_EVIDENCE	NOT_SELECTED_BY_EBH
mismatch_high_to_moderate	distinct_ld	20	22360924	0.9	0.6	4000	1000	3	10	bd39c66663ca3d7b993ad4964f89344cff765be17d351df0153875c91cbbe193	0.7191700479142588	6.0	6.0	0.0	nan	nan	0.798305	1.66361	-1.671028	-1.09219	0.0	0.999492	0.0	LD_DISTINCT_SUPPORTED	NO_TWO_STAGE_BAYES_EVIDENCE	NO_TWO_STAGE_BAYES_EVIDENCE	NO_TWO_STAGE_FREQUENTIST_EVIDENCE	NOT_SELECTED_BY_EBH
mismatch_high_to_moderate	distinct_ld	21	22360925	0.9	0.6	4000	1000	3	10	bd39c66663ca3d7b993ad4964f89344cff765be17d351df0153875c91cbbe193	0.7105296823002764	6.0	7.0	0.0	0.669275	0.555788	0.217959	1.617255	-0.535011	-2.245594	0.0	0.99998	0.0	LD_DISTINCT_SUPPORTED	NO_TWO_STAGE_BAYES_EVIDENCE	NO_TWO_STAGE_BAYES_EVIDENCE	NO_TWO_STAGE_FREQUENTIST_EVIDENCE	NOT_SELECTED_BY_EBH
mismatch_high_to_moderate	distinct_ld	22	22360926	0.9	0.6	4000	1000	3	10	bd39c66663ca3d7b993ad4964f89344cff765be17d351df0153875c91cbbe193	0.7157353181362374	6.0	8.0	0.0	0.799741	0.212769	0.32829	1.453697	-1.052745	-1.74534	3e-06	0.949996	0.0	LD_DISTINCT_SUPPORTED	NO_TWO_STAGE_BAYES_EVIDENCE	NO_TWO_STAGE_BAYES_EVIDENCE	NO_TWO_STAGE_FREQUENTIST_EVIDENCE	NOT_SELECTED_BY_EBH
mismatch_high_to_moderate	distinct_ld	23	22360927	0.9	0.6	4000	1000	3	10	bd39c66663ca3d7b993ad4964f89344cff765be17d351df0153875c91cbbe193	0.7049236922980594	6.0	7.0	0.0	0.672709	0.313555	0.440593	1.390267	-1.256963	-2.148347	0.0	0.0	0.0	UNRESOLVED_NO_OUTCOME_SIGNAL	NO_TWO_STAGE_BAYES_EVIDENCE	NO_TWO_STAGE_BAYES_EVIDENCE	NO_TWO_STAGE_FREQUENTIST_EVIDENCE	NOT_SELECTED_BY_EBH
mismatch_high_to_moderate	distinct_ld	24	22360928	0.9	0.6	4000	1000	3	10	bd39c66663ca3d7b993ad4964f89344cff765be17d351df0153875c91cbbe193	0.7136856826366745	6.0	5.0	0.0	0.642217	nan	0.79807	1.156377	-1.651353	-0.330068	0.0	0.99937	0.0	LD_DISTINCT_SUPPORTED	NO_TWO_STAGE_BAYES_EVIDENCE	NO_TWO_STAGE_BAYES_EVIDENCE	NO_TWO_STAGE_FREQUENTIST_EVIDENCE	NOT_SELECTED_BY_EBH
mismatch_high_to_moderate	distinct_ld	25	22360929	0.9	0.6	4000	1000	3	10	bd39c66663ca3d7b993ad4964f89344cff765be17d351df0153875c91cbbe193	0.7074826239879242	6.0	7.0	0.0	0.777042	-0.067116	0.503261	0.352309	-1.399355	0.337181	1e-06	0.965716	0.0	LD_DISTINCT_SUPPORTED	NO_TWO_STAGE_BAYES_EVIDENCE	NO_TWO_STAGE_BAYES_EVIDENCE	NO_TWO_STAGE_FREQUENTIST_EVIDENCE	NOT_SELECTED_BY_EBH
mismatch_high_to_moderate	distinct_ld	26	22360930	0.9	0.6	4000	1000	3	10	bd39c66663ca3d7b993ad4964f89344cff765be17d351df0153875c91cbbe193	0.7126806399944821	6.0	11.0	0.0	0.658751	0.249248	0.347406	1.803495	-1.153212	-2.243245	0.000282	0.549386	0.0	LD_CONFIGURATION_AMBIGUOUS	NO_TWO_STAGE_BAYES_EVIDENCE	NO_TWO_STAGE_BAYES_EVIDENCE	NO_TWO_STAGE_FREQUENTIST_EVIDENCE	NOT_SELECTED_BY_EBH
mismatch_high_to_moderate	distinct_ld	27	22360931	0.9	0.6	4000	1000	3	10	bd39c66663ca3d7b993ad4964f89344cff765be17d351df0153875c91cbbe193	0.7129177382312367	6.0	8.0	0.0	0.587202	0.254087	0.633704	1.114731	-1.54539	-2.153464	0.0	0.999705	0.0	LD_DISTINCT_SUPPORTED	NO_TWO_STAGE_BAYES_EVIDENCE	NO_TWO_STAGE_BAYES_EVIDENCE	NO_TWO_STAGE_FREQUENTIST_EVIDENCE	NOT_SELECTED_BY_EBH
mismatch_high_to_moderate	distinct_ld	28	22360932	0.9	0.6	4000	1000	3	10	bd39c66663ca3d7b993ad4964f89344cff765be17d351df0153875c91cbbe193	0.7058467360580233	6.0	8.0	0.0	0.992184	nan	0.460605	1.683279	-1.347833	-0.426999	0.0	0.999502	0.0	LD_DISTINCT_SUPPORTED	NO_TWO_STAGE_BAYES_EVIDENCE	NO_TWO_STAGE_BAYES_EVIDENCE	NO_TWO_STAGE_FREQUENTIST_EVIDENCE	NOT_SELECTED_BY_EBH
mismatch_high_to_moderate	distinct_ld	29	22360933	0.9	0.6	4000	1000	3	10	bd39c66663ca3d7b993ad4964f89344cff765be17d351df0153875c91cbbe193	0.7120715357818433	6.0	6.0	0.0	0.43924	0.003249	0.826054	1.031154	-1.684178	2.367294	0.0	0.998104	0.0	LD_DISTINCT_SUPPORTED	NO_TWO_STAGE_BAYES_EVIDENCE	NO_TWO_STAGE_BAYES_EVIDENCE	NO_TWO_STAGE_FREQUENTIST_EVIDENCE	NOT_SELECTED_BY_EBH
mismatch_high_to_moderate	distinct_ld	30	22360934	0.9	0.6	4000	1000	3	10	bd39c66663ca3d7b993ad4964f89344cff765be17d351df0153875c91cbbe193	0.7101531423466562	6.0	9.0	0.0	0.489154	0.232745	0.895614	0.879972	-1.708183	-2.067897	0.0	0.999857	0.0	LD_DISTINCT_SUPPORTED	NO_TWO_STAGE_BAYES_EVIDENCE	NO_TWO_STAGE_BAYES_EVIDENCE	NO_TWO_STAGE_FREQUENTIST_EVIDENCE	NOT_SELECTED_BY_EBH
mismatch_high_to_moderate	distinct_ld	31	22360935	0.9	0.6	4000	1000	3	10	bd39c66663ca3d7b993ad4964f89344cff765be17d351df0153875c91cbbe193	0.7193994904307552	6.0	8.0	0.0	0.692774	0.462554	0.098172	2.436036	0.161114	-1.97447	0.0	1.0	0.0	LD_DISTINCT_SUPPORTED	TWO_STAGE_EVIDENCE	REJECTED_DISTINCT_REGIONAL_SIGNALS	NO_TWO_STAGE_FREQUENTIST_EVIDENCE	NOT_SELECTED_BY_EBH
mismatch_high_to_moderate	distinct_ld	32	22360936	0.9	0.6	4000	1000	3	10	bd39c66663ca3d7b993ad4964f89344cff765be17d351df0153875c91cbbe193	0.7063670795349144	6.0	6.0	0.0	0.863896	0.645879	0.133284	2.529553	0.002054	-1.58727	0.0	1.0	0.0	LD_DISTINCT_SUPPORTED	TWO_STAGE_EVIDENCE	REJECTED_DISTINCT_REGIONAL_SIGNALS	NO_TWO_STAGE_FREQUENTIST_EVIDENCE	NOT_SELECTED_BY_EBH
mismatch_high_to_moderate	distinct_ld	33	22360937	0.9	0.6	4000	1000	3	10	bd39c66663ca3d7b993ad4964f89344cff765be17d351df0153875c91cbbe193	0.7159183310960198	6.0	7.0	0.0	0.652516	0.247775	0.422292	1.508251	-1.218177	-1.610529	0.0	1.0	0.0	LD_DISTINCT_SUPPORTED	NO_TWO_STAGE_BAYES_EVIDENCE	NO_TWO_STAGE_BAYES_EVIDENCE	NO_TWO_STAGE_FREQUENTIST_EVIDENCE	NOT_SELECTED_BY_EBH
mismatch_high_to_moderate	distinct_ld	34	22360938	0.9	0.6	4000	1000	3	10	bd39c66663ca3d7b993ad4964f89344cff765be17d351df0153875c91cbbe193	0.720271150187017	6.0	8.0	0.0	nan	0.237226	0.462405	1.348349	-1.300033	-2.151315	3e-06	0.99866	0.0	LD_DISTINCT_SUPPORTED	NO_TWO_STAGE_BAYES_EVIDENCE	NO_TWO_STAGE_BAYES_EVIDENCE	NO_TWO_STAGE_FREQUENTIST_EVIDENCE	NOT_SELECTED_BY_EBH
mismatch_high_to_moderate	distinct_ld	35	22360939	0.9	0.6	4000	1000	3	10	bd39c66663ca3d7b993ad4964f89344cff765be17d351df0153875c91cbbe193	0.7078202230553744	6.0	9.0	0.0	0.581091	0.037987	0.891453	0.565299	-1.731562	-0.518294	0.0	0.998785	0.0	LD_DISTINCT_SUPPORTED	NO_TWO_STAGE_BAYES_EVIDENCE	NO_TWO_STAGE_BAYES_EVIDENCE	NO_TWO_STAGE_FREQUENTIST_EVIDENCE	NOT_SELECTED_BY_EBH
mismatch_high_to_moderate	distinct_ld	36	22360940	0.9	0.6	4000	1000	3	10	bd39c66663ca3d7b993ad4964f89344cff765be17d351df0153875c91cbbe193	0.7015140282952809	6.0	8.0	0.0	nan	0.343439	0.209233	0.557254	-0.490138	-1.966132	0.0	0.992717	0.0	LD_DISTINCT_SUPPORTED	NO_TWO_STAGE_BAYES_EVIDENCE	NO_TWO_STAGE_BAYES_EVIDENCE	NO_TWO_STAGE_FREQUENTIST_EVIDENCE	NOT_SELECTED_BY_EBH
mismatch_high_to_moderate	distinct_ld	37	22360941	0.9	0.6	4000	1000	3	10	bd39c66663ca3d7b993ad4964f89344cff765be17d351df0153875c91cbbe193	0.7228996090641931	6.0	5.0	0.0	0.476007	0.150355	0.707274	1.24805	-1.612344	-1.163425	0.0	0.0	0.0	UNRESOLVED_NO_OUTCOME_SIGNAL	NO_TWO_STAGE_BAYES_EVIDENCE	NO_TWO_STAGE_BAYES_EVIDENCE	NO_TWO_STAGE_FREQUENTIST_EVIDENCE	NOT_SELECTED_BY_EBH
mismatch_high_to_moderate	distinct_ld	38	22360942	0.9	0.6	4000	1000	3	10	bd39c66663ca3d7b993ad4964f89344cff765be17d351df0153875c91cbbe193	0.7219469625774527	6.0	5.0	0.0	0.782109	0.553478	0.584365	1.365307	-1.489058	-1.815159	0.0	0.999999	0.0	LD_DISTINCT_SUPPORTED	NO_TWO_STAGE_BAYES_EVIDENCE	NO_TWO_STAGE_BAYES_EVIDENCE	NO_TWO_STAGE_FREQUENTIST_EVIDENCE	NOT_SELECTED_BY_EBH
mismatch_high_to_moderate	distinct_ld	39	22360943	0.9	0.6	4000	1000	3	10	bd39c66663ca3d7b993ad4964f89344cff765be17d351df0153875c91cbbe193	0.7186800650050835	6.0	7.0	0.0	0.554149	0.261596	0.832607	1.302444	-1.698875	-0.884311	0.0	0.999999	0.0	LD_DISTINCT_SUPPORTED	NO_TWO_STAGE_BAYES_EVIDENCE	NO_TWO_STAGE_BAYES_EVIDENCE	NO_TWO_STAGE_FREQUENTIST_EVIDENCE	NOT_SELECTED_BY_EBH
mismatch_high_to_moderate	distinct_ld	40	22360944	0.9	0.6	4000	1000	3	10	bd39c66663ca3d7b993ad4964f89344cff765be17d351df0153875c91cbbe193	0.7125826892033573	6.0	7.0	0.0	0.577773	0.405964	0.501958	1.474014	-1.370255	-1.104299	0.0	0.999577	0.0	LD_DISTINCT_SUPPORTED	NO_TWO_STAGE_BAYES_EVIDENCE	NO_TWO_STAGE_BAYES_EVIDENCE	NO_TWO_STAGE_FREQUENTIST_EVIDENCE	NOT_SELECTED_BY_EBH
mismatch_high_to_moderate	distinct_ld	41	22360945	0.9	0.6	4000	1000	3	10	bd39c66663ca3d7b993ad4964f89344cff765be17d351df0153875c91cbbe193	0.7126752563010488	6.0	8.0	0.0	0.507184	0.506818	0.287833	1.704297	-0.835508	-2.239829	0.0	0.99999	0.0	LD_DISTINCT_SUPPORTED	NO_TWO_STAGE_BAYES_EVIDENCE	NO_TWO_STAGE_BAYES_EVIDENCE	NO_TWO_STAGE_FREQUENTIST_EVIDENCE	NOT_SELECTED_BY_EBH
mismatch_high_to_moderate	distinct_ld	42	22360946	0.9	0.6	4000	1000	3	10	bd39c66663ca3d7b993ad4964f89344cff765be17d351df0153875c91cbbe193	0.7059909781024588	5.0	9.0	0.0	0.455402	0.29852	0.764851	1.151056	-1.63124	-2.140686	0.0	0.997963	0.0	LD_DISTINCT_SUPPORTED	NO_TWO_STAGE_BAYES_EVIDENCE	NO_TWO_STAGE_BAYES_EVIDENCE	NO_TWO_STAGE_FREQUENTIST_EVIDENCE	NOT_SELECTED_BY_EBH
mismatch_high_to_moderate	distinct_ld	43	22360947	0.9	0.6	4000	1000	3	10	bd39c66663ca3d7b993ad4964f89344cff765be17d351df0153875c91cbbe193	0.714493560068969	6.0	7.0	0.0	0.924242	nan	0.704038	1.783036	-1.625213	-0.854292	0.0	0.999952	0.0	LD_DISTINCT_SUPPORTED	NO_TWO_STAGE_BAYES_EVIDENCE	NO_TWO_STAGE_BAYES_EVIDENCE	NO_TWO_STAGE_FREQUENTIST_EVIDENCE	NOT_SELECTED_BY_EBH
mismatch_high_to_moderate	distinct_ld	44	22360948	0.9	0.6	4000	1000	3	10	bd39c66663ca3d7b993ad4964f89344cff765be17d351df0153875c91cbbe193	0.7154268067182191	6.0	6.0	0.0	0.495166	0.214687	0.879065	1.199793	-1.703601	-1.718469	0.0	0.999988	0.0	LD_DISTINCT_SUPPORTED	NO_TWO_STAGE_BAYES_EVIDENCE	NO_TWO_STAGE_BAYES_EVIDENCE	NO_TWO_STAGE_FREQUENTIST_EVIDENCE	NOT_SELECTED_BY_EBH
mismatch_high_to_moderate	distinct_ld	45	22360949	0.9	0.6	4000	1000	3	10	bd39c66663ca3d7b993ad4964f89344cff765be17d351df0153875c91cbbe193	0.711473114314053	6.0	7.0	0.0	0.868332	0.50733	0.215815	2.553073	-0.598475	-1.892944	1e-06	0.98622	0.0	LD_DISTINCT_SUPPORTED	TWO_STAGE_EVIDENCE	REJECTED_DISTINCT_REGIONAL_SIGNALS	NO_TWO_STAGE_FREQUENTIST_EVIDENCE	NOT_SELECTED_BY_EBH
mismatch_high_to_moderate	distinct_ld	46	22360950	0.9	0.6	4000	1000	3	10	bd39c66663ca3d7b993ad4964f89344cff765be17d351df0153875c91cbbe193	0.7116799346358733	6.0	5.0	0.0	0.694063	0.75186	0.71105	1.688186	-1.615283	-1.762284	0.0	0.999993	0.0	LD_DISTINCT_SUPPORTED	NO_TWO_STAGE_BAYES_EVIDENCE	NO_TWO_STAGE_BAYES_EVIDENCE	NO_TWO_STAGE_FREQUENTIST_EVIDENCE	NOT_SELECTED_BY_EBH
mismatch_high_to_moderate	distinct_ld	47	22360951	0.9	0.6	4000	1000	3	10	bd39c66663ca3d7b993ad4964f89344cff765be17d351df0153875c91cbbe193	0.7117902612137991	6.0	7.0	0.0	0.792162	0.304457	0.125105	1.603391	-0.03213	-1.750957	0.0	0.998621	0.0	LD_DISTINCT_SUPPORTED	NO_TWO_STAGE_BAYES_EVIDENCE	NO_TWO_STAGE_BAYES_EVIDENCE	NO_TWO_STAGE_FREQUENTIST_EVIDENCE	NOT_SELECTED_BY_EBH
mismatch_high_to_moderate	distinct_ld	48	22360952	0.9	0.6	4000	1000	3	10	bd39c66663ca3d7b993ad4964f89344cff765be17d351df0153875c91cbbe193	0.7091402304140981	6.0	7.0	0.0	0.926039	0.50626	0.07461	2.714103	0.592898	-2.318613	0.0	0.99649	0.0	LD_DISTINCT_SUPPORTED	TWO_STAGE_EVIDENCE	REJECTED_DISTINCT_REGIONAL_SIGNALS	NO_TWO_STAGE_FREQUENTIST_EVIDENCE	NOT_SELECTED_BY_EBH
mismatch_high_to_moderate	distinct_ld	49	22360953	0.9	0.6	4000	1000	3	10	bd39c66663ca3d7b993ad4964f89344cff765be17d351df0153875c91cbbe193	0.7050229760513145	6.0	7.0	0.0	0.842087	0.261766	0.488107	0.963193	-1.375005	-1.521144	1e-06	0.999282	0.0	LD_DISTINCT_SUPPORTED	NO_TWO_STAGE_BAYES_EVIDENCE	NO_TWO_STAGE_BAYES_EVIDENCE	NO_TWO_STAGE_FREQUENTIST_EVIDENCE	NOT_SELECTED_BY_EBH
mismatch_high_to_moderate	distinct_ld	50	22360954	0.9	0.6	4000	1000	3	10	bd39c66663ca3d7b993ad4964f89344cff765be17d351df0153875c91cbbe193	0.7079559044258713	6.0	9.0	0.0	0.580722	0.198264	0.437179	1.290124	-1.320721	-0.842329	3.8e-05	0.914683	0.0	LD_DISTINCT_SUPPORTED	NO_TWO_STAGE_BAYES_EVIDENCE	NO_TWO_STAGE_BAYES_EVIDENCE	NO_TWO_STAGE_FREQUENTIST_EVIDENCE	NOT_SELECTED_BY_EBH
mismatch_high_to_moderate	distinct_ld	51	22360955	0.9	0.6	4000	1000	3	10	bd39c66663ca3d7b993ad4964f89344cff765be17d351df0153875c91cbbe193	0.706911182809871	6.0	9.0	0.0	0.742673	0.444598	0.076073	2.702365	0.328685	-1.870943	0.0	0.998558	0.0	LD_DISTINCT_SUPPORTED	TWO_STAGE_EVIDENCE	REJECTED_DISTINCT_REGIONAL_SIGNALS	NO_TWO_STAGE_FREQUENTIST_EVIDENCE	NOT_SELECTED_BY_EBH
mismatch_high_to_moderate	distinct_ld	52	22360956	0.9	0.6	4000	1000	3	10	bd39c66663ca3d7b993ad4964f89344cff765be17d351df0153875c91cbbe193	0.7120303330258331	6.0	5.0	0.0	0.50578	0.306835	0.784903	1.195149	-1.663915	-1.595256	0.0	0.999284	0.0	LD_DISTINCT_SUPPORTED	NO_TWO_STAGE_BAYES_EVIDENCE	NO_TWO_STAGE_BAYES_EVIDENCE	NO_TWO_STAGE_FREQUENTIST_EVIDENCE	NOT_SELECTED_BY_EBH
mismatch_high_to_moderate	distinct_ld	53	22360957	0.9	0.6	4000	1000	3	10	bd39c66663ca3d7b993ad4964f89344cff765be17d351df0153875c91cbbe193	0.7023893039992858	6.0	9.0	0.0	0.922342	0.125025	0.193859	2.064329	-0.577157	-2.504812	0.0	0.0	0.0	UNRESOLVED_NO_OUTCOME_SIGNAL	NO_TWO_STAGE_BAYES_EVIDENCE	NO_TWO_STAGE_BAYES_EVIDENCE	NO_TWO_STAGE_FREQUENTIST_EVIDENCE	NOT_SELECTED_BY_EBH
mismatch_high_to_moderate	distinct_ld	54	22360958	0.9	0.6	4000	1000	3	10	bd39c66663ca3d7b993ad4964f89344cff765be17d351df0153875c91cbbe193	0.7148809524335961	5.0	6.0	0.0	0.860088	0.390424	0.084324	2.588272	0.588357	-2.003956	0.0	0.999982	0.0	LD_DISTINCT_SUPPORTED	TWO_STAGE_EVIDENCE	REJECTED_DISTINCT_REGIONAL_SIGNALS	NO_TWO_STAGE_FREQUENTIST_EVIDENCE	NOT_SELECTED_BY_EBH
mismatch_high_to_moderate	distinct_ld	55	22360959	0.9	0.6	4000	1000	3	10	bd39c66663ca3d7b993ad4964f89344cff765be17d351df0153875c91cbbe193	0.7142599891925112	6.0	7.0	0.0	0.625213	nan	0.270974	2.135311	-0.831514	-0.636223	1e-06	0.87702	0.0	LD_DISTINCT_SUPPORTED	NO_TWO_STAGE_BAYES_EVIDENCE	NO_TWO_STAGE_BAYES_EVIDENCE	NO_TWO_STAGE_FREQUENTIST_EVIDENCE	NOT_SELECTED_BY_EBH
mismatch_high_to_moderate	distinct_ld	56	22360960	0.9	0.6	4000	1000	3	10	bd39c66663ca3d7b993ad4964f89344cff765be17d351df0153875c91cbbe193	0.71633662293978	6.0	8.0	0.0	0.716442	0.344882	0.301499	2.569013	-0.884271	-2.00195	0.0	0.999957	0.0	LD_DISTINCT_SUPPORTED	TWO_STAGE_EVIDENCE	REJECTED_DISTINCT_REGIONAL_SIGNALS	NO_TWO_STAGE_FREQUENTIST_EVIDENCE	NOT_SELECTED_BY_EBH
mismatch_high_to_moderate	distinct_ld	57	22360961	0.9	0.6	4000	1000	3	10	bd39c66663ca3d7b993ad4964f89344cff765be17d351df0153875c91cbbe193	0.7067489089743639	6.0	9.0	0.0	0.625937	0.655187	0.153636	1.654657	-0.151213	-2.113368	9e-06	0.968276	0.0	LD_DISTINCT_SUPPORTED	NO_TWO_STAGE_BAYES_EVIDENCE	NO_TWO_STAGE_BAYES_EVIDENCE	NO_TWO_STAGE_FREQUENTIST_EVIDENCE	NOT_SELECTED_BY_EBH
mismatch_high_to_moderate	distinct_ld	58	22360962	0.9	0.6	4000	1000	3	10	bd39c66663ca3d7b993ad4964f89344cff765be17d351df0153875c91cbbe193	0.7186610377208561	6.0	7.0	0.0	0.775216	0.326204	0.32965	1.733888	-1.024889	-1.113355	0.0	0.999999	0.0	LD_DISTINCT_SUPPORTED	NO_TWO_STAGE_BAYES_EVIDENCE	NO_TWO_STAGE_BAYES_EVIDENCE	NO_TWO_STAGE_FREQUENTIST_EVIDENCE	NOT_SELECTED_BY_EBH
mismatch_high_to_moderate	distinct_ld	59	22360963	0.9	0.6	4000	1000	3	10	bd39c66663ca3d7b993ad4964f89344cff765be17d351df0153875c91cbbe193	0.7080995420049456	6.0	5.0	0.0	0.702643	0.387535	0.396026	1.839507	-1.093021	-1.665635	0.0	0.999993	0.0	LD_DISTINCT_SUPPORTED	NO_TWO_STAGE_BAYES_EVIDENCE	NO_TWO_STAGE_BAYES_EVIDENCE	NO_TWO_STAGE_FREQUENTIST_EVIDENCE	NOT_SELECTED_BY_EBH
mismatch_high_to_moderate	distinct_ld	60	22360964	0.9	0.6	4000	1000	3	10	bd39c66663ca3d7b993ad4964f89344cff765be17d351df0153875c91cbbe193	0.7138791396159779	6.0	8.0	0.0	nan	0.279289	0.221074	2.644844	-0.67104	-1.778892	0.0	0.998121	0.0	LD_DISTINCT_SUPPORTED	TWO_STAGE_EVIDENCE	REJECTED_DISTINCT_REGIONAL_SIGNALS	NO_TWO_STAGE_FREQUENTIST_EVIDENCE	NOT_SELECTED_BY_EBH
mismatch_high_to_moderate	distinct_ld	61	22360965	0.9	0.6	4000	1000	3	10	bd39c66663ca3d7b993ad4964f89344cff765be17d351df0153875c91cbbe193	0.7157882626181227	5.0	10.0	0.0	0.660827	0.111676	0.892714	1.12986	-1.736259	-1.495128	0.0	0.999072	0.0	LD_DISTINCT_SUPPORTED	NO_TWO_STAGE_BAYES_EVIDENCE	NO_TWO_STAGE_BAYES_EVIDENCE	NO_TWO_STAGE_FREQUENTIST_EVIDENCE	NOT_SELECTED_BY_EBH
mismatch_high_to_moderate	distinct_ld	62	22360966	0.9	0.6	4000	1000	3	10	bd39c66663ca3d7b993ad4964f89344cff765be17d351df0153875c91cbbe193	0.7097607729513383	6.0	7.0	0.0	0.61963	0.378881	0.015168	2.060278	2.315299	-2.41616	0.0	0.99848	0.0	LD_DISTINCT_SUPPORTED	NO_TWO_STAGE_BAYES_EVIDENCE	NO_TWO_STAGE_BAYES_EVIDENCE	REJECTED_DISTINCT_REGIONAL_SIGNALS	NOT_SELECTED_BY_EBH
mismatch_high_to_moderate	distinct_ld	63	22360967	0.9	0.6	4000	1000	3	10	bd39c66663ca3d7b993ad4964f89344cff765be17d351df0153875c91cbbe193	0.7145719491917856	6.0	4.0	0.0	0.620061	0.269702	0.727625	1.565006	-1.627643	-1.740526	0.0	1.0	0.0	LD_DISTINCT_SUPPORTED	NO_TWO_STAGE_BAYES_EVIDENCE	NO_TWO_STAGE_BAYES_EVIDENCE	NO_TWO_STAGE_FREQUENTIST_EVIDENCE	NOT_SELECTED_BY_EBH
mismatch_high_to_moderate	distinct_ld	64	22360968	0.9	0.6	4000	1000	3	10	bd39c66663ca3d7b993ad4964f89344cff765be17d351df0153875c91cbbe193	0.7156397138794913	6.0	9.0	0.0	nan	0.562782	0.480123	2.082973	-1.332683	-0.791041	0.0	0.999994	0.0	LD_DISTINCT_SUPPORTED	NO_TWO_STAGE_BAYES_EVIDENCE	NO_TWO_STAGE_BAYES_EVIDENCE	NO_TWO_STAGE_FREQUENTIST_EVIDENCE	NOT_SELECTED_BY_EBH
mismatch_high_to_moderate	distinct_ld	65	22360969	0.9	0.6	4000	1000	3	10	bd39c66663ca3d7b993ad4964f89344cff765be17d351df0153875c91cbbe193	0.7217939175556127	6.0	8.0	0.0	0.786511	nan	0.4965	2.083589	-1.406892	-1.122726	0.018972	0.714452	0.0	LD_CONFIGURATION_AMBIGUOUS	NO_TWO_STAGE_BAYES_EVIDENCE	NO_TWO_STAGE_BAYES_EVIDENCE	NO_TWO_STAGE_FREQUENTIST_EVIDENCE	NOT_SELECTED_BY_EBH
mismatch_high_to_moderate	distinct_ld	66	22360970	0.9	0.6	4000	1000	3	10	bd39c66663ca3d7b993ad4964f89344cff765be17d351df0153875c91cbbe193	0.7275117299515216	6.0	7.0	0.0	0.541541	0.350619	0.461396	1.537685	-1.298112	-2.161167	0.0	0.999992	0.0	LD_DISTINCT_SUPPORTED	NO_TWO_STAGE_BAYES_EVIDENCE	NO_TWO_STAGE_BAYES_EVIDENCE	NO_TWO_STAGE_FREQUENTIST_EVIDENCE	NOT_SELECTED_BY_EBH
mismatch_high_to_moderate	distinct_ld	67	22360971	0.9	0.6	4000	1000	3	10	bd39c66663ca3d7b993ad4964f89344cff765be17d351df0153875c91cbbe193	0.7149457029175608	6.0	6.0	0.0	0.704507	0.237805	0.46709	2.173047	-1.308863	-1.742313	5e-06	0.978475	0.0	LD_DISTINCT_SUPPORTED	NO_TWO_STAGE_BAYES_EVIDENCE	NO_TWO_STAGE_BAYES_EVIDENCE	NO_TWO_STAGE_FREQUENTIST_EVIDENCE	NOT_SELECTED_BY_EBH
mismatch_high_to_moderate	distinct_ld	68	22360972	0.9	0.6	4000	1000	3	10	bd39c66663ca3d7b993ad4964f89344cff765be17d351df0153875c91cbbe193	0.7124889295752973	6.0	5.0	0.0	0.854159	0.655513	0.195178	2.258252	-0.413631	-1.663621	6e-06	0.929035	0.0	LD_DISTINCT_SUPPORTED	NO_TWO_STAGE_BAYES_EVIDENCE	NO_TWO_STAGE_BAYES_EVIDENCE	NO_TWO_STAGE_FREQUENTIST_EVIDENCE	NOT_SELECTED_BY_EBH
mismatch_high_to_moderate	distinct_ld	69	22360973	0.9	0.6	4000	1000	3	10	bd39c66663ca3d7b993ad4964f89344cff765be17d351df0153875c91cbbe193	0.7253238552663993	6.0	5.0	0.0	0.645386	0.760102	0.153127	2.485664	-0.147604	-1.22644	5e-06	0.834103	0.0	LD_DISTINCT_SUPPORTED	TWO_STAGE_EVIDENCE	REJECTED_DISTINCT_REGIONAL_SIGNALS	NO_TWO_STAGE_FREQUENTIST_EVIDENCE	NOT_SELECTED_BY_EBH
mismatch_high_to_moderate	distinct_ld	70	22360974	0.9	0.6	4000	1000	3	10	bd39c66663ca3d7b993ad4964f89344cff765be17d351df0153875c91cbbe193	0.7109425761042041	6.0	11.0	0.0	0.755884	0.372982	0.37612	1.98651	-1.108167	-2.214472	1e-06	0.993831	0.0	LD_DISTINCT_SUPPORTED	NO_TWO_STAGE_BAYES_EVIDENCE	NO_TWO_STAGE_BAYES_EVIDENCE	NO_TWO_STAGE_FREQUENTIST_EVIDENCE	NOT_SELECTED_BY_EBH
mismatch_high_to_moderate	distinct_ld	71	22360975	0.9	0.6	4000	1000	3	10	bd39c66663ca3d7b993ad4964f89344cff765be17d351df0153875c91cbbe193	0.7184210282330139	6.0	7.0	0.0	0.475651	0.462106	0.086619	2.164449	0.336884	-2.121925	0.006139	0.701504	0.0	LD_CONFIGURATION_AMBIGUOUS	NO_TWO_STAGE_BAYES_EVIDENCE	NO_TWO_STAGE_BAYES_EVIDENCE	NO_TWO_STAGE_FREQUENTIST_EVIDENCE	NOT_SELECTED_BY_EBH
mismatch_high_to_moderate	distinct_ld	72	22360976	0.9	0.6	4000	1000	3	10	bd39c66663ca3d7b993ad4964f89344cff765be17d351df0153875c91cbbe193	0.7200774515310552	6.0	8.0	0.0	0.636625	0.399638	0.284902	2.585623	-0.919103	-1.458714	0.0	0.999999	0.0	LD_DISTINCT_SUPPORTED	TWO_STAGE_EVIDENCE	REJECTED_DISTINCT_REGIONAL_SIGNALS	NO_TWO_STAGE_FREQUENTIST_EVIDENCE	NOT_SELECTED_BY_EBH
mismatch_high_to_moderate	distinct_ld	73	22360977	0.9	0.6	4000	1000	3	10	bd39c66663ca3d7b993ad4964f89344cff765be17d351df0153875c91cbbe193	0.7115021401611674	5.0	5.0	0.0	0.693428	0.1349	0.842513	1.09757	-1.673081	-1.328158	0.0	0.995015	0.0	LD_DISTINCT_SUPPORTED	NO_TWO_STAGE_BAYES_EVIDENCE	NO_TWO_STAGE_BAYES_EVIDENCE	NO_TWO_STAGE_FREQUENTIST_EVIDENCE	NOT_SELECTED_BY_EBH
mismatch_high_to_moderate	distinct_ld	74	22360978	0.9	0.6	4000	1000	3	10	bd39c66663ca3d7b993ad4964f89344cff765be17d351df0153875c91cbbe193	0.7093787100301551	6.0	4.0	0.0	0.436964	0.498277	0.746008	1.407794	-1.640351	-0.974988	0.0	0.999886	0.0	LD_DISTINCT_SUPPORTED	NO_TWO_STAGE_BAYES_EVIDENCE	NO_TWO_STAGE_BAYES_EVIDENCE	NO_TWO_STAGE_FREQUENTIST_EVIDENCE	NOT_SELECTED_BY_EBH
mismatch_high_to_moderate	distinct_ld	75	22360979	0.9	0.6	4000	1000	3	10	bd39c66663ca3d7b993ad4964f89344cff765be17d351df0153875c91cbbe193	0.7253431904871945	6.0	6.0	0.0	0.584024	nan	0.586014	1.833954	-1.491106	-1.029594	0.0	0.983025	0.0	LD_DISTINCT_SUPPORTED	NO_TWO_STAGE_BAYES_EVIDENCE	NO_TWO_STAGE_BAYES_EVIDENCE	NO_TWO_STAGE_FREQUENTIST_EVIDENCE	NOT_SELECTED_BY_EBH
mismatch_high_to_moderate	distinct_ld	76	22360980	0.9	0.6	4000	1000	3	10	bd39c66663ca3d7b993ad4964f89344cff765be17d351df0153875c91cbbe193	0.7053426345789798	6.0	7.0	0.0	0.897061	0.311126	0.148349	3.000717	-0.208013	-1.959215	8.8e-05	0.834599	0.0	LD_DISTINCT_SUPPORTED	TWO_STAGE_EVIDENCE	REJECTED_DISTINCT_REGIONAL_SIGNALS	NO_TWO_STAGE_FREQUENTIST_EVIDENCE	NOT_SELECTED_BY_EBH
mismatch_high_to_moderate	distinct_ld	77	22360981	0.9	0.6	4000	1000	3	10	bd39c66663ca3d7b993ad4964f89344cff765be17d351df0153875c91cbbe193	0.7115809374598933	6.0	9.0	0.0	0.51515	0.471511	0.280094	0.817729	-0.806626	-2.219444	0.862689	0.127505	1.0	UNRESOLVED_SINGLE_SHARED_SIGNAL	NO_TWO_STAGE_BAYES_EVIDENCE	NO_TWO_STAGE_BAYES_EVIDENCE	NO_TWO_STAGE_FREQUENTIST_EVIDENCE	NOT_SELECTED_BY_EBH
mismatch_high_to_moderate	distinct_ld	78	22360982	0.9	0.6	4000	1000	3	10	bd39c66663ca3d7b993ad4964f89344cff765be17d351df0153875c91cbbe193	0.7160114144162605	6.0	6.0	0.0	0.658968	0.073919	0.800693	1.045343	-1.672243	-0.834967	1.7e-05	0.980956	0.0	LD_DISTINCT_SUPPORTED	NO_TWO_STAGE_BAYES_EVIDENCE	NO_TWO_STAGE_BAYES_EVIDENCE	NO_TWO_STAGE_FREQUENTIST_EVIDENCE	NOT_SELECTED_BY_EBH
mismatch_high_to_moderate	distinct_ld	79	22360983	0.9	0.6	4000	1000	3	10	bd39c66663ca3d7b993ad4964f89344cff765be17d351df0153875c91cbbe193	0.7141519402139415	6.0	9.0	0.0	0.561377	nan	0.787894	1.401413	-1.665546	-0.360569	0.0	1.0	0.0	LD_DISTINCT_SUPPORTED	NO_TWO_STAGE_BAYES_EVIDENCE	NO_TWO_STAGE_BAYES_EVIDENCE	NO_TWO_STAGE_FREQUENTIST_EVIDENCE	NOT_SELECTED_BY_EBH
mismatch_high_to_moderate	distinct_ld	80	22360984	0.9	0.6	4000	1000	3	10	bd39c66663ca3d7b993ad4964f89344cff765be17d351df0153875c91cbbe193	0.7126168706954914	6.0	7.0	0.0	0.494519	0.486016	0.541798	1.285656	-1.431922	-1.024635	0.0	0.997532	0.0	LD_DISTINCT_SUPPORTED	NO_TWO_STAGE_BAYES_EVIDENCE	NO_TWO_STAGE_BAYES_EVIDENCE	NO_TWO_STAGE_FREQUENTIST_EVIDENCE	NOT_SELECTED_BY_EBH
mismatch_high_to_moderate	distinct_ld	81	22360985	0.9	0.6	4000	1000	3	10	bd39c66663ca3d7b993ad4964f89344cff765be17d351df0153875c91cbbe193	0.7084282744438354	6.0	5.0	0.0	0.574435	0.444115	0.42701	1.332508	-1.228419	-1.650733	0.0	0.0	0.0	UNRESOLVED_NO_OUTCOME_SIGNAL	NO_TWO_STAGE_BAYES_EVIDENCE	NO_TWO_STAGE_BAYES_EVIDENCE	NO_TWO_STAGE_FREQUENTIST_EVIDENCE	NOT_SELECTED_BY_EBH
mismatch_high_to_moderate	distinct_ld	82	22360986	0.9	0.6	4000	1000	3	10	bd39c66663ca3d7b993ad4964f89344cff765be17d351df0153875c91cbbe193	0.7181032505461334	6.0	8.0	0.0	0.986649	0.590758	0.161458	2.570843	-0.205351	-1.410594	0.0	1.0	0.0	LD_DISTINCT_SUPPORTED	TWO_STAGE_EVIDENCE	REJECTED_DISTINCT_REGIONAL_SIGNALS	NO_TWO_STAGE_FREQUENTIST_EVIDENCE	NOT_SELECTED_BY_EBH
mismatch_high_to_moderate	distinct_ld	83	22360987	0.9	0.6	4000	1000	3	10	bd39c66663ca3d7b993ad4964f89344cff765be17d351df0153875c91cbbe193	0.7149534168925752	6.0	5.0	0.0	0.520142	0.202138	0.804255	1.336091	-1.674025	-1.532889	3e-06	0.970373	0.0	LD_DISTINCT_SUPPORTED	NO_TWO_STAGE_BAYES_EVIDENCE	NO_TWO_STAGE_BAYES_EVIDENCE	NO_TWO_STAGE_FREQUENTIST_EVIDENCE	NOT_SELECTED_BY_EBH
mismatch_high_to_moderate	distinct_ld	84	22360988	0.9	0.6	4000	1000	3	10	bd39c66663ca3d7b993ad4964f89344cff765be17d351df0153875c91cbbe193	0.7153493581380003	6.0	7.0	0.0	0.608498	0.346528	0.681759	1.413705	-1.591259	-2.123638	1e-06	0.956564	0.0	LD_DISTINCT_SUPPORTED	NO_TWO_STAGE_BAYES_EVIDENCE	NO_TWO_STAGE_BAYES_EVIDENCE	NO_TWO_STAGE_FREQUENTIST_EVIDENCE	NOT_SELECTED_BY_EBH
mismatch_high_to_moderate	distinct_ld	85	22360989	0.9	0.6	4000	1000	3	10	bd39c66663ca3d7b993ad4964f89344cff765be17d351df0153875c91cbbe193	0.7262554606325228	6.0	6.0	0.0	0.811192	nan	0.59368	1.060133	-1.500466	1.918444	0.0	0.996933	0.0	LD_DISTINCT_SUPPORTED	NO_TWO_STAGE_BAYES_EVIDENCE	NO_TWO_STAGE_BAYES_EVIDENCE	NO_TWO_STAGE_FREQUENTIST_EVIDENCE	NOT_SELECTED_BY_EBH
mismatch_high_to_moderate	distinct_ld	86	22360990	0.9	0.6	4000	1000	3	10	bd39c66663ca3d7b993ad4964f89344cff765be17d351df0153875c91cbbe193	0.7055850371897293	6.0	9.0	0.0	nan	nan	0.908561	1.075009	-1.735369	2.356329	0.0	0.998783	0.0	LD_DISTINCT_SUPPORTED	NO_TWO_STAGE_BAYES_EVIDENCE	NO_TWO_STAGE_BAYES_EVIDENCE	NO_TWO_STAGE_FREQUENTIST_EVIDENCE	NOT_SELECTED_BY_EBH
mismatch_high_to_moderate	distinct_ld	87	22360991	0.9	0.6	4000	1000	3	10	bd39c66663ca3d7b993ad4964f89344cff765be17d351df0153875c91cbbe193	0.708833618417358	6.0	10.0	0.0	0.600136	0.230489	0.164685	1.351162	-0.403799	-2.093779	1e-06	0.992185	0.0	LD_DISTINCT_SUPPORTED	NO_TWO_STAGE_BAYES_EVIDENCE	NO_TWO_STAGE_BAYES_EVIDENCE	NO_TWO_STAGE_FREQUENTIST_EVIDENCE	NOT_SELECTED_BY_EBH
mismatch_high_to_moderate	distinct_ld	88	22360992	0.9	0.6	4000	1000	3	10	bd39c66663ca3d7b993ad4964f89344cff765be17d351df0153875c91cbbe193	0.7088557776688815	6.0	7.0	0.0	0.604878	0.627353	0.567442	1.544932	-1.467352	-1.634455	0.0	0.999998	0.0	LD_DISTINCT_SUPPORTED	NO_TWO_STAGE_BAYES_EVIDENCE	NO_TWO_STAGE_BAYES_EVIDENCE	NO_TWO_STAGE_FREQUENTIST_EVIDENCE	NOT_SELECTED_BY_EBH
mismatch_high_to_moderate	distinct_ld	89	22360993	0.9	0.6	4000	1000	3	10	bd39c66663ca3d7b993ad4964f89344cff765be17d351df0153875c91cbbe193	0.7111526385375798	6.0	5.0	0.0	nan	0.347118	0.9882	1.318255	-1.71421	-0.935603	3e-06	0.985016	0.0	LD_DISTINCT_SUPPORTED	NO_TWO_STAGE_BAYES_EVIDENCE	NO_TWO_STAGE_BAYES_EVIDENCE	NO_TWO_STAGE_FREQUENTIST_EVIDENCE	NOT_SELECTED_BY_EBH
mismatch_high_to_moderate	distinct_ld	90	22360994	0.9	0.6	4000	1000	3	10	bd39c66663ca3d7b993ad4964f89344cff765be17d351df0153875c91cbbe193	0.7068230534989821	6.0	6.0	0.0	0.578724	0.199235	0.780696	1.788475	-1.661578	-1.737882	3e-06	0.863214	0.0	LD_DISTINCT_SUPPORTED	NO_TWO_STAGE_BAYES_EVIDENCE	NO_TWO_STAGE_BAYES_EVIDENCE	NO_TWO_STAGE_FREQUENTIST_EVIDENCE	NOT_SELECTED_BY_EBH
mismatch_high_to_moderate	distinct_ld	91	22360995	0.9	0.6	4000	1000	3	10	bd39c66663ca3d7b993ad4964f89344cff765be17d351df0153875c91cbbe193	0.7070342803962871	6.0	10.0	0.0	0.730525	0.224393	0.185247	1.201454	-0.561471	-1.925072	0.0	0.999326	0.0	LD_DISTINCT_SUPPORTED	NO_TWO_STAGE_BAYES_EVIDENCE	NO_TWO_STAGE_BAYES_EVIDENCE	NO_TWO_STAGE_FREQUENTIST_EVIDENCE	NOT_SELECTED_BY_EBH
mismatch_high_to_moderate	distinct_ld	92	22360996	0.9	0.6	4000	1000	3	10	bd39c66663ca3d7b993ad4964f89344cff765be17d351df0153875c91cbbe193	0.706191413409352	6.0	10.0	0.0	0.754263	0.322197	0.187901	1.932258	-0.541075	-2.167513	2e-06	0.973695	0.0	LD_DISTINCT_SUPPORTED	NO_TWO_STAGE_BAYES_EVIDENCE	NO_TWO_STAGE_BAYES_EVIDENCE	NO_TWO_STAGE_FREQUENTIST_EVIDENCE	NOT_SELECTED_BY_EBH
mismatch_high_to_moderate	distinct_ld	93	22360997	0.9	0.6	4000	1000	3	10	bd39c66663ca3d7b993ad4964f89344cff765be17d351df0153875c91cbbe193	0.708896715443096	6.0	6.0	0.0	0.794189	0.107403	0.805975	1.262827	-1.674873	-0.634004	1e-05	0.826798	0.0	LD_DISTINCT_SUPPORTED	NO_TWO_STAGE_BAYES_EVIDENCE	NO_TWO_STAGE_BAYES_EVIDENCE	NO_TWO_STAGE_FREQUENTIST_EVIDENCE	NOT_SELECTED_BY_EBH
mismatch_high_to_moderate	distinct_ld	94	22360998	0.9	0.6	4000	1000	3	10	bd39c66663ca3d7b993ad4964f89344cff765be17d351df0153875c91cbbe193	0.7163681249055683	6.0	5.0	0.0	0.648368	0.387326	0.497473	1.799599	-1.362767	-1.664934	0.0	0.0	0.0	UNRESOLVED_NO_OUTCOME_SIGNAL	NO_TWO_STAGE_BAYES_EVIDENCE	NO_TWO_STAGE_BAYES_EVIDENCE	NO_TWO_STAGE_FREQUENTIST_EVIDENCE	NOT_SELECTED_BY_EBH
mismatch_high_to_moderate	distinct_ld	95	22360999	0.9	0.6	4000	1000	3	10	bd39c66663ca3d7b993ad4964f89344cff765be17d351df0153875c91cbbe193	0.7153344090790382	6.0	7.0	0.0	0.822557	0.21277	0.567521	1.085106	-1.489663	-1.278973	0.0	1.0	0.0	LD_DISTINCT_SUPPORTED	NO_TWO_STAGE_BAYES_EVIDENCE	NO_TWO_STAGE_BAYES_EVIDENCE	NO_TWO_STAGE_FREQUENTIST_EVIDENCE	NOT_SELECTED_BY_EBH
mismatch_high_to_moderate	distinct_ld	96	22361000	0.9	0.6	4000	1000	3	10	bd39c66663ca3d7b993ad4964f89344cff765be17d351df0153875c91cbbe193	0.7056248972513751	6.0	9.0	0.0	0.734307	nan	0.588056	1.756792	-1.538615	-0.322492	0.0	0.999969	0.0	LD_DISTINCT_SUPPORTED	NO_TWO_STAGE_BAYES_EVIDENCE	NO_TWO_STAGE_BAYES_EVIDENCE	NO_TWO_STAGE_FREQUENTIST_EVIDENCE	NOT_SELECTED_BY_EBH
mismatch_high_to_moderate	distinct_ld	97	22361001	0.9	0.6	4000	1000	3	10	bd39c66663ca3d7b993ad4964f89344cff765be17d351df0153875c91cbbe193	0.7147888852903593	6.0	6.0	0.0	0.623539	nan	0.513243	1.939725	-1.388592	-0.115946	1e-06	0.997956	0.0	LD_DISTINCT_SUPPORTED	NO_TWO_STAGE_BAYES_EVIDENCE	NO_TWO_STAGE_BAYES_EVIDENCE	NO_TWO_STAGE_FREQUENTIST_EVIDENCE	NOT_SELECTED_BY_EBH
mismatch_high_to_moderate	distinct_ld	98	22361002	0.9	0.6	4000	1000	3	10	bd39c66663ca3d7b993ad4964f89344cff765be17d351df0153875c91cbbe193	0.7022728440985601	6.0	9.0	0.0	0.551298	0.40815	0.740815	1.151515	-1.636866	-2.523631	7e-06	0.954664	0.0	LD_DISTINCT_SUPPORTED	NO_TWO_STAGE_BAYES_EVIDENCE	NO_TWO_STAGE_BAYES_EVIDENCE	NO_TWO_STAGE_FREQUENTIST_EVIDENCE	NOT_SELECTED_BY_EBH
mismatch_high_to_moderate	distinct_ld	99	22361003	0.9	0.6	4000	1000	3	10	bd39c66663ca3d7b993ad4964f89344cff765be17d351df0153875c91cbbe193	0.7174131263843143	6.0	9.0	0.0	0.605732	0.396182	0.90634	1.012343	-1.710785	-2.316275	5e-06	0.977678	0.0	LD_DISTINCT_SUPPORTED	NO_TWO_STAGE_BAYES_EVIDENCE	NO_TWO_STAGE_BAYES_EVIDENCE	NO_TWO_STAGE_FREQUENTIST_EVIDENCE	NOT_SELECTED_BY_EBH
mismatch_high_to_moderate	distinct_ld	100	22361004	0.9	0.6	4000	1000	3	10	bd39c66663ca3d7b993ad4964f89344cff765be17d351df0153875c91cbbe193	0.7144819341033548	6.0	8.0	0.0	0.802639	nan	0.312247	2.332669	-1.006036	-1.082577	0.0	0.999934	0.0	LD_DISTINCT_SUPPORTED	TWO_STAGE_EVIDENCE	REJECTED_DISTINCT_REGIONAL_SIGNALS	NO_TWO_STAGE_FREQUENTIST_EVIDENCE	NOT_SELECTED_BY_EBH
mismatch_high_to_moderate	no_second_stage	1	22560905	0.9	0.6	4000	1000	3	10	bd39c66663ca3d7b993ad4964f89344cff765be17d351df0153875c91cbbe193	1.0	6.0	6.0	0.0	0.55291	nan	0.430927	-1.361547	-1.236792	-0.69682	0.0	0.0	0.0	UNRESOLVED_NO_OUTCOME_SIGNAL	NO_TWO_STAGE_BAYES_EVIDENCE	NO_TWO_STAGE_BAYES_EVIDENCE	NO_TWO_STAGE_FREQUENTIST_EVIDENCE	NOT_SELECTED_BY_EBH
mismatch_high_to_moderate	no_second_stage	2	22560906	0.9	0.6	4000	1000	3	10	bd39c66663ca3d7b993ad4964f89344cff765be17d351df0153875c91cbbe193	1.0	6.0	7.0	0.0	0.755564	0.132302	0.285037	-1.342873	-0.882244	-2.29289	0.0	0.0	0.0	UNRESOLVED_NO_OUTCOME_SIGNAL	NO_TWO_STAGE_BAYES_EVIDENCE	NO_TWO_STAGE_BAYES_EVIDENCE	NO_TWO_STAGE_FREQUENTIST_EVIDENCE	NOT_SELECTED_BY_EBH
mismatch_high_to_moderate	no_second_stage	3	22560907	0.9	0.6	4000	1000	3	10	bd39c66663ca3d7b993ad4964f89344cff765be17d351df0153875c91cbbe193	1.0	6.0	6.0	0.0	0.70051	0.042639	0.782323	-1.428964	-1.662488	-1.921913	0.0	0.0	0.0	UNRESOLVED_NO_OUTCOME_SIGNAL	NO_TWO_STAGE_BAYES_EVIDENCE	NO_TWO_STAGE_BAYES_EVIDENCE	NO_TWO_STAGE_FREQUENTIST_EVIDENCE	NOT_SELECTED_BY_EBH
mismatch_high_to_moderate	no_second_stage	4	22560908	0.9	0.6	4000	1000	3	10	bd39c66663ca3d7b993ad4964f89344cff765be17d351df0153875c91cbbe193	1.0	6.0	8.0	0.0	0.93953	0.198882	0.116512	-0.925785	-0.02957	-2.014985	0.0	0.0	0.0	UNRESOLVED_NO_OUTCOME_SIGNAL	NO_TWO_STAGE_BAYES_EVIDENCE	NO_TWO_STAGE_BAYES_EVIDENCE	NO_TWO_STAGE_FREQUENTIST_EVIDENCE	NOT_SELECTED_BY_EBH
mismatch_high_to_moderate	no_second_stage	5	22560909	0.9	0.6	4000	1000	3	10	bd39c66663ca3d7b993ad4964f89344cff765be17d351df0153875c91cbbe193	1.0	6.0	6.0	0.0	0.593897	nan	0.988133	-0.213086	-1.721291	-0.285133	2e-06	0.832447	0.0	LD_DISTINCT_SUPPORTED	NO_TWO_STAGE_BAYES_EVIDENCE	NO_TWO_STAGE_BAYES_EVIDENCE	NO_TWO_STAGE_FREQUENTIST_EVIDENCE	NOT_SELECTED_BY_EBH
mismatch_high_to_moderate	no_second_stage	6	22560910	0.9	0.6	4000	1000	3	10	bd39c66663ca3d7b993ad4964f89344cff765be17d351df0153875c91cbbe193	1.0	6.0	5.0	0.0	0.642705	-0.031033	0.873456	-1.061045	-1.684862	-1.912777	0.0	0.0	0.0	UNRESOLVED_NO_OUTCOME_SIGNAL	NO_TWO_STAGE_BAYES_EVIDENCE	NO_TWO_STAGE_BAYES_EVIDENCE	NO_TWO_STAGE_FREQUENTIST_EVIDENCE	NOT_SELECTED_BY_EBH
mismatch_high_to_moderate	no_second_stage	7	22560911	0.9	0.6	4000	1000	3	10	bd39c66663ca3d7b993ad4964f89344cff765be17d351df0153875c91cbbe193	1.0	6.0	9.0	0.0	0.648554	0.195421	0.443717	0.802384	-1.332655	-2.150947	0.0	0.0	0.0	UNRESOLVED_NO_OUTCOME_SIGNAL	NO_TWO_STAGE_BAYES_EVIDENCE	NO_TWO_STAGE_BAYES_EVIDENCE	NO_TWO_STAGE_FREQUENTIST_EVIDENCE	NOT_SELECTED_BY_EBH
mismatch_high_to_moderate	no_second_stage	8	22560912	0.9	0.6	4000	1000	3	10	bd39c66663ca3d7b993ad4964f89344cff765be17d351df0153875c91cbbe193	1.0	6.0	10.0	0.0	0.598047	0.094631	0.592411	-0.650115	-1.498934	-0.873264	0.0	0.0	0.0	UNRESOLVED_NO_OUTCOME_SIGNAL	NO_TWO_STAGE_BAYES_EVIDENCE	NO_TWO_STAGE_BAYES_EVIDENCE	NO_TWO_STAGE_FREQUENTIST_EVIDENCE	NOT_SELECTED_BY_EBH
mismatch_high_to_moderate	no_second_stage	9	22560913	0.9	0.6	4000	1000	3	10	bd39c66663ca3d7b993ad4964f89344cff765be17d351df0153875c91cbbe193	1.0	6.0	8.0	0.0	0.84068	0.162223	0.408502	-1.47852	-1.248015	-1.495322	0.0	0.0	0.0	UNRESOLVED_NO_OUTCOME_SIGNAL	NO_TWO_STAGE_BAYES_EVIDENCE	NO_TWO_STAGE_BAYES_EVIDENCE	NO_TWO_STAGE_FREQUENTIST_EVIDENCE	NOT_SELECTED_BY_EBH
mismatch_high_to_moderate	no_second_stage	10	22560914	0.9	0.6	4000	1000	3	10	bd39c66663ca3d7b993ad4964f89344cff765be17d351df0153875c91cbbe193	1.0	6.0	8.0	0.0	0.518265	-0.145087	0.973323	-0.936309	-1.7206	-1.848173	0.0	0.0	0.0	UNRESOLVED_NO_OUTCOME_SIGNAL	NO_TWO_STAGE_BAYES_EVIDENCE	NO_TWO_STAGE_BAYES_EVIDENCE	NO_TWO_STAGE_FREQUENTIST_EVIDENCE	NOT_SELECTED_BY_EBH
mismatch_high_to_moderate	no_second_stage	11	22560915	0.9	0.6	4000	1000	3	10	bd39c66663ca3d7b993ad4964f89344cff765be17d351df0153875c91cbbe193	1.0	6.0	10.0	0.0	0.571008	0.009896	0.978542	-1.608878	-1.747239	-1.94639	0.0	0.0	0.0	UNRESOLVED_NO_OUTCOME_SIGNAL	NO_TWO_STAGE_BAYES_EVIDENCE	NO_TWO_STAGE_BAYES_EVIDENCE	NO_TWO_STAGE_FREQUENTIST_EVIDENCE	NOT_SELECTED_BY_EBH
mismatch_high_to_moderate	no_second_stage	12	22560916	0.9	0.6	4000	1000	3	10	bd39c66663ca3d7b993ad4964f89344cff765be17d351df0153875c91cbbe193	1.0	6.0	7.0	0.0	0.744508	0.123588	0.399503	-1.376196	-1.203991	-2.055944	0.0	0.0	0.0	UNRESOLVED_NO_OUTCOME_SIGNAL	NO_TWO_STAGE_BAYES_EVIDENCE	NO_TWO_STAGE_BAYES_EVIDENCE	NO_TWO_STAGE_FREQUENTIST_EVIDENCE	NOT_SELECTED_BY_EBH
mismatch_high_to_moderate	no_second_stage	13	22560917	0.9	0.6	4000	1000	3	10	bd39c66663ca3d7b993ad4964f89344cff765be17d351df0153875c91cbbe193	1.0	6.0	4.0	0.0	0.730539	-0.173488	0.629064	-0.565734	-1.452171	-1.717866	0.0	0.0	0.0	UNRESOLVED_NO_OUTCOME_SIGNAL	NO_TWO_STAGE_BAYES_EVIDENCE	NO_TWO_STAGE_BAYES_EVIDENCE	NO_TWO_STAGE_FREQUENTIST_EVIDENCE	NOT_SELECTED_BY_EBH
mismatch_high_to_moderate	no_second_stage	14	22560918	0.9	0.6	4000	1000	3	10	bd39c66663ca3d7b993ad4964f89344cff765be17d351df0153875c91cbbe193	1.0	6.0	7.0	0.0	0.630369	-0.047427	0.835844	-1.494005	-1.700156	-1.623281	0.0	0.0	0.0	UNRESOLVED_NO_OUTCOME_SIGNAL	NO_TWO_STAGE_BAYES_EVIDENCE	NO_TWO_STAGE_BAYES_EVIDENCE	NO_TWO_STAGE_FREQUENTIST_EVIDENCE	NOT_SELECTED_BY_EBH
mismatch_high_to_moderate	no_second_stage	15	22560919	0.9	0.6	4000	1000	3	10	bd39c66663ca3d7b993ad4964f89344cff765be17d351df0153875c91cbbe193	1.0	6.0	9.0	0.0	0.730564	-0.199064	0.11293	-1.452963	0.079681	-2.056618	0.0	0.0	0.0	UNRESOLVED_NO_OUTCOME_SIGNAL	NO_TWO_STAGE_BAYES_EVIDENCE	NO_TWO_STAGE_BAYES_EVIDENCE	NO_TWO_STAGE_FREQUENTIST_EVIDENCE	NOT_SELECTED_BY_EBH
mismatch_high_to_moderate	no_second_stage	16	22560920	0.9	0.6	4000	1000	3	10	bd39c66663ca3d7b993ad4964f89344cff765be17d351df0153875c91cbbe193	1.0	6.0	9.0	0.0	0.702342	-0.096274	0.569734	-1.507767	-1.517714	-1.850078	0.0	0.0	0.0	UNRESOLVED_NO_OUTCOME_SIGNAL	NO_TWO_STAGE_BAYES_EVIDENCE	NO_TWO_STAGE_BAYES_EVIDENCE	NO_TWO_STAGE_FREQUENTIST_EVIDENCE	NOT_SELECTED_BY_EBH
mismatch_high_to_moderate	no_second_stage	17	22560921	0.9	0.6	4000	1000	3	10	bd39c66663ca3d7b993ad4964f89344cff765be17d351df0153875c91cbbe193	1.0	6.0	7.0	0.0	0.518069	0.123901	0.867754	-1.320785	-1.700069	-1.857843	0.0	0.0	0.0	UNRESOLVED_NO_OUTCOME_SIGNAL	NO_TWO_STAGE_BAYES_EVIDENCE	NO_TWO_STAGE_BAYES_EVIDENCE	NO_TWO_STAGE_FREQUENTIST_EVIDENCE	NOT_SELECTED_BY_EBH
mismatch_high_to_moderate	no_second_stage	18	22560922	0.9	0.6	4000	1000	3	10	bd39c66663ca3d7b993ad4964f89344cff765be17d351df0153875c91cbbe193	1.0	6.0	6.0	0.0	0.669587	0.204991	0.123079	-1.401264	0.086642	-2.116603	0.0	0.0	0.0	UNRESOLVED_NO_OUTCOME_SIGNAL	NO_TWO_STAGE_BAYES_EVIDENCE	NO_TWO_STAGE_BAYES_EVIDENCE	NO_TWO_STAGE_FREQUENTIST_EVIDENCE	NOT_SELECTED_BY_EBH
mismatch_high_to_moderate	no_second_stage	19	22560923	0.9	0.6	4000	1000	3	10	bd39c66663ca3d7b993ad4964f89344cff765be17d351df0153875c91cbbe193	1.0	5.0	7.0	0.0	0.610436	-0.237144	0.374071	-1.386873	-1.032687	-0.854433	0.0	0.0	0.0	UNRESOLVED_NO_OUTCOME_SIGNAL	NO_TWO_STAGE_BAYES_EVIDENCE	NO_TWO_STAGE_BAYES_EVIDENCE	NO_TWO_STAGE_FREQUENTIST_EVIDENCE	NOT_SELECTED_BY_EBH
mismatch_high_to_moderate	no_second_stage	20	22560924	0.9	0.6	4000	1000	3	10	bd39c66663ca3d7b993ad4964f89344cff765be17d351df0153875c91cbbe193	1.0	6.0	10.0	0.0	0.762596	0.052881	0.662672	-1.567931	-1.617361	-2.330616	0.0	0.0	0.0	UNRESOLVED_NO_OUTCOME_SIGNAL	NO_TWO_STAGE_BAYES_EVIDENCE	NO_TWO_STAGE_BAYES_EVIDENCE	NO_TWO_STAGE_FREQUENTIST_EVIDENCE	NOT_SELECTED_BY_EBH
mismatch_high_to_moderate	no_second_stage	21	22560925	0.9	0.6	4000	1000	3	10	bd39c66663ca3d7b993ad4964f89344cff765be17d351df0153875c91cbbe193	1.0	6.0	9.0	0.0	0.52129	-0.090302	0.915058	-1.386143	-1.712688	-2.516194	0.0	0.0	0.0	UNRESOLVED_NO_OUTCOME_SIGNAL	NO_TWO_STAGE_BAYES_EVIDENCE	NO_TWO_STAGE_BAYES_EVIDENCE	NO_TWO_STAGE_FREQUENTIST_EVIDENCE	NOT_SELECTED_BY_EBH
mismatch_high_to_moderate	no_second_stage	22	22560926	0.9	0.6	4000	1000	3	10	bd39c66663ca3d7b993ad4964f89344cff765be17d351df0153875c91cbbe193	1.0	6.0	3.0	0.0	0.747219	nan	0.760884	-0.863283	-1.502902	-0.603762	0.0	0.0	0.0	UNRESOLVED_NO_OUTCOME_SIGNAL	NO_TWO_STAGE_BAYES_EVIDENCE	NO_TWO_STAGE_BAYES_EVIDENCE	NO_TWO_STAGE_FREQUENTIST_EVIDENCE	NOT_SELECTED_BY_EBH
mismatch_high_to_moderate	no_second_stage	23	22560927	0.9	0.6	4000	1000	3	10	bd39c66663ca3d7b993ad4964f89344cff765be17d351df0153875c91cbbe193	1.0	6.0	7.0	0.0	0.727966	-0.305078	0.05061	-1.441277	0.852003	-1.74065	0.0	0.0	0.0	UNRESOLVED_NO_OUTCOME_SIGNAL	NO_TWO_STAGE_BAYES_EVIDENCE	NO_TWO_STAGE_BAYES_EVIDENCE	NO_TWO_STAGE_FREQUENTIST_EVIDENCE	NOT_SELECTED_BY_EBH
mismatch_high_to_moderate	no_second_stage	24	22560928	0.9	0.6	4000	1000	3	10	bd39c66663ca3d7b993ad4964f89344cff765be17d351df0153875c91cbbe193	1.0	6.0	9.0	0.0	0.893235	-0.085643	0.486666	-1.708466	-1.404762	-2.29891	0.0	0.0	0.0	UNRESOLVED_NO_OUTCOME_SIGNAL	NO_TWO_STAGE_BAYES_EVIDENCE	NO_TWO_STAGE_BAYES_EVIDENCE	NO_TWO_STAGE_FREQUENTIST_EVIDENCE	NOT_SELECTED_BY_EBH
mismatch_high_to_moderate	no_second_stage	25	22560929	0.9	0.6	4000	1000	3	10	bd39c66663ca3d7b993ad4964f89344cff765be17d351df0153875c91cbbe193	1.0	6.0	9.0	0.0	0.728236	0.07904	0.392593	-1.663196	-1.231675	-2.61618	0.0	0.0	0.0	UNRESOLVED_NO_OUTCOME_SIGNAL	NO_TWO_STAGE_BAYES_EVIDENCE	NO_TWO_STAGE_BAYES_EVIDENCE	NO_TWO_STAGE_FREQUENTIST_EVIDENCE	NOT_SELECTED_BY_EBH
mismatch_high_to_moderate	no_second_stage	26	22560930	0.9	0.6	4000	1000	3	10	bd39c66663ca3d7b993ad4964f89344cff765be17d351df0153875c91cbbe193	1.0	6.0	7.0	0.0	0.634824	nan	0.488644	-1.082788	-1.37589	-1.308681	0.0	0.0	0.0	UNRESOLVED_NO_OUTCOME_SIGNAL	NO_TWO_STAGE_BAYES_EVIDENCE	NO_TWO_STAGE_BAYES_EVIDENCE	NO_TWO_STAGE_FREQUENTIST_EVIDENCE	NOT_SELECTED_BY_EBH
mismatch_high_to_moderate	no_second_stage	27	22560931	0.9	0.6	4000	1000	3	10	bd39c66663ca3d7b993ad4964f89344cff765be17d351df0153875c91cbbe193	1.0	6.0	8.0	0.0	0.509049	-0.197208	0.824346	-0.218431	-1.683429	-2.543746	0.0	0.0	0.0	UNRESOLVED_NO_OUTCOME_SIGNAL	NO_TWO_STAGE_BAYES_EVIDENCE	NO_TWO_STAGE_BAYES_EVIDENCE	NO_TWO_STAGE_FREQUENTIST_EVIDENCE	NOT_SELECTED_BY_EBH
mismatch_high_to_moderate	no_second_stage	28	22560932	0.9	0.6	4000	1000	3	10	bd39c66663ca3d7b993ad4964f89344cff765be17d351df0153875c91cbbe193	0.9999999999999999	6.0	6.0	0.0	0.577721	-0.135392	0.340688	-0.861484	-1.009953	-2.226013	0.0	0.0	0.0	UNRESOLVED_NO_OUTCOME_SIGNAL	NO_TWO_STAGE_BAYES_EVIDENCE	NO_TWO_STAGE_BAYES_EVIDENCE	NO_TWO_STAGE_FREQUENTIST_EVIDENCE	NOT_SELECTED_BY_EBH
mismatch_high_to_moderate	no_second_stage	29	22560933	0.9	0.6	4000	1000	3	10	bd39c66663ca3d7b993ad4964f89344cff765be17d351df0153875c91cbbe193	1.0	6.0	4.0	0.0	0.807741	0.093574	0.71395	-1.224743	-1.549907	-1.511083	0.0	0.0	0.0	UNRESOLVED_NO_OUTCOME_SIGNAL	NO_TWO_STAGE_BAYES_EVIDENCE	NO_TWO_STAGE_BAYES_EVIDENCE	NO_TWO_STAGE_FREQUENTIST_EVIDENCE	NOT_SELECTED_BY_EBH
mismatch_high_to_moderate	no_second_stage	30	22560934	0.9	0.6	4000	1000	3	10	bd39c66663ca3d7b993ad4964f89344cff765be17d351df0153875c91cbbe193	1.0	6.0	8.0	0.0	0.745078	-0.131838	0.33364	-1.518055	-1.06768	-2.286215	0.0	0.0	0.0	UNRESOLVED_NO_OUTCOME_SIGNAL	NO_TWO_STAGE_BAYES_EVIDENCE	NO_TWO_STAGE_BAYES_EVIDENCE	NO_TWO_STAGE_FREQUENTIST_EVIDENCE	NOT_SELECTED_BY_EBH
mismatch_high_to_moderate	no_second_stage	31	22560935	0.9	0.6	4000	1000	3	10	bd39c66663ca3d7b993ad4964f89344cff765be17d351df0153875c91cbbe193	1.0	6.0	7.0	0.0	0.574873	-0.09005	0.465145	-0.741789	-1.335614	-2.373258	0.0	0.0	0.0	UNRESOLVED_NO_OUTCOME_SIGNAL	NO_TWO_STAGE_BAYES_EVIDENCE	NO_TWO_STAGE_BAYES_EVIDENCE	NO_TWO_STAGE_FREQUENTIST_EVIDENCE	NOT_SELECTED_BY_EBH
mismatch_high_to_moderate	no_second_stage	32	22560936	0.9	0.6	4000	1000	3	10	bd39c66663ca3d7b993ad4964f89344cff765be17d351df0153875c91cbbe193	1.0	6.0	9.0	0.0	nan	0.024083	0.826882	-1.611998	-1.711081	-2.559098	0.0	0.0	0.0	UNRESOLVED_NO_OUTCOME_SIGNAL	NO_TWO_STAGE_BAYES_EVIDENCE	NO_TWO_STAGE_BAYES_EVIDENCE	NO_TWO_STAGE_FREQUENTIST_EVIDENCE	NOT_SELECTED_BY_EBH
mismatch_high_to_moderate	no_second_stage	33	22560937	0.9	0.6	4000	1000	3	10	bd39c66663ca3d7b993ad4964f89344cff765be17d351df0153875c91cbbe193	1.0	6.0	8.0	0.0	0.771616	nan	0.949429	-1.412527	-1.736281	-1.607513	0.0	0.0	0.0	UNRESOLVED_NO_OUTCOME_SIGNAL	NO_TWO_STAGE_BAYES_EVIDENCE	NO_TWO_STAGE_BAYES_EVIDENCE	NO_TWO_STAGE_FREQUENTIST_EVIDENCE	NOT_SELECTED_BY_EBH
mismatch_high_to_moderate	no_second_stage	34	22560938	0.9	0.6	4000	1000	3	10	bd39c66663ca3d7b993ad4964f89344cff765be17d351df0153875c91cbbe193	0.9999999999999999	6.0	7.0	0.0	0.746227	-0.126221	0.376923	-1.309771	-1.15111	-2.242262	0.0	0.0	0.0	UNRESOLVED_NO_OUTCOME_SIGNAL	NO_TWO_STAGE_BAYES_EVIDENCE	NO_TWO_STAGE_BAYES_EVIDENCE	NO_TWO_STAGE_FREQUENTIST_EVIDENCE	NOT_SELECTED_BY_EBH
mismatch_high_to_moderate	no_second_stage	35	22560939	0.9	0.6	4000	1000	3	10	bd39c66663ca3d7b993ad4964f89344cff765be17d351df0153875c91cbbe193	1.0	6.0	6.0	0.0	0.934762	nan	0.940865	-1.08512	-1.717218	-1.028404	0.0	0.0	0.0	UNRESOLVED_NO_OUTCOME_SIGNAL	NO_TWO_STAGE_BAYES_EVIDENCE	NO_TWO_STAGE_BAYES_EVIDENCE	NO_TWO_STAGE_FREQUENTIST_EVIDENCE	NOT_SELECTED_BY_EBH
mismatch_high_to_moderate	no_second_stage	36	22560940	0.9	0.6	4000	1000	3	10	bd39c66663ca3d7b993ad4964f89344cff765be17d351df0153875c91cbbe193	1.0	5.0	8.0	0.0	0.505006	nan	0.747324	-0.834701	-1.619229	1.773156	0.0	0.0	0.0	UNRESOLVED_NO_OUTCOME_SIGNAL	NO_TWO_STAGE_BAYES_EVIDENCE	NO_TWO_STAGE_BAYES_EVIDENCE	NO_TWO_STAGE_FREQUENTIST_EVIDENCE	NOT_SELECTED_BY_EBH
mismatch_high_to_moderate	no_second_stage	37	22560941	0.9	0.6	4000	1000	3	10	bd39c66663ca3d7b993ad4964f89344cff765be17d351df0153875c91cbbe193	1.0	6.0	9.0	0.0	0.613906	-0.267132	0.418446	-0.968533	-1.209701	-2.145114	0.0	0.0	0.0	UNRESOLVED_NO_OUTCOME_SIGNAL	NO_TWO_STAGE_BAYES_EVIDENCE	NO_TWO_STAGE_BAYES_EVIDENCE	NO_TWO_STAGE_FREQUENTIST_EVIDENCE	NOT_SELECTED_BY_EBH
mismatch_high_to_moderate	no_second_stage	38	22560942	0.9	0.6	4000	1000	3	10	bd39c66663ca3d7b993ad4964f89344cff765be17d351df0153875c91cbbe193	1.0	6.0	10.0	0.0	0.599429	nan	0.593088	-1.201568	-1.551552	-1.531412	0.0	0.0	0.0	UNRESOLVED_NO_OUTCOME_SIGNAL	NO_TWO_STAGE_BAYES_EVIDENCE	NO_TWO_STAGE_BAYES_EVIDENCE	NO_TWO_STAGE_FREQUENTIST_EVIDENCE	NOT_SELECTED_BY_EBH
mismatch_high_to_moderate	no_second_stage	39	22560943	0.9	0.6	4000	1000	3	10	bd39c66663ca3d7b993ad4964f89344cff765be17d351df0153875c91cbbe193	1.0	6.0	7.0	0.0	0.552573	-0.015523	0.724568	-1.349879	-1.64013	-2.446813	0.0	0.0	0.0	UNRESOLVED_NO_OUTCOME_SIGNAL	NO_TWO_STAGE_BAYES_EVIDENCE	NO_TWO_STAGE_BAYES_EVIDENCE	NO_TWO_STAGE_FREQUENTIST_EVIDENCE	NOT_SELECTED_BY_EBH
mismatch_high_to_moderate	no_second_stage	40	22560944	0.9	0.6	4000	1000	3	10	bd39c66663ca3d7b993ad4964f89344cff765be17d351df0153875c91cbbe193	1.0	6.0	7.0	0.0	0.725755	-0.027857	0.869692	-1.509119	-1.711977	-1.841478	0.0	0.0	0.0	UNRESOLVED_NO_OUTCOME_SIGNAL	NO_TWO_STAGE_BAYES_EVIDENCE	NO_TWO_STAGE_BAYES_EVIDENCE	NO_TWO_STAGE_FREQUENTIST_EVIDENCE	NOT_SELECTED_BY_EBH
mismatch_high_to_moderate	no_second_stage	41	22560945	0.9	0.6	4000	1000	3	10	bd39c66663ca3d7b993ad4964f89344cff765be17d351df0153875c91cbbe193	1.0	6.0	9.0	0.0	0.595021	0.064995	0.636311	-1.80656	-1.548097	-2.514765	0.0	0.0	0.0	UNRESOLVED_NO_OUTCOME_SIGNAL	NO_TWO_STAGE_BAYES_EVIDENCE	NO_TWO_STAGE_BAYES_EVIDENCE	NO_TWO_STAGE_FREQUENTIST_EVIDENCE	NOT_SELECTED_BY_EBH
mismatch_high_to_moderate	no_second_stage	42	22560946	0.9	0.6	4000	1000	3	10	bd39c66663ca3d7b993ad4964f89344cff765be17d351df0153875c91cbbe193	1.0	6.0	6.0	0.0	0.643607	0.191906	0.131543	-1.51357	0.016093	-2.191605	0.0	0.0	0.0	UNRESOLVED_NO_OUTCOME_SIGNAL	NO_TWO_STAGE_BAYES_EVIDENCE	NO_TWO_STAGE_BAYES_EVIDENCE	NO_TWO_STAGE_FREQUENTIST_EVIDENCE	NOT_SELECTED_BY_EBH
mismatch_high_to_moderate	no_second_stage	43	22560947	0.9	0.6	4000	1000	3	10	bd39c66663ca3d7b993ad4964f89344cff765be17d351df0153875c91cbbe193	1.0	6.0	6.0	0.0	0.846525	-0.069898	0.261051	-1.532745	-0.731318	-2.349843	0.0	0.0	0.0	UNRESOLVED_NO_OUTCOME_SIGNAL	NO_TWO_STAGE_BAYES_EVIDENCE	NO_TWO_STAGE_BAYES_EVIDENCE	NO_TWO_STAGE_FREQUENTIST_EVIDENCE	NOT_SELECTED_BY_EBH
mismatch_high_to_moderate	no_second_stage	44	22560948	0.9	0.6	4000	1000	3	10	bd39c66663ca3d7b993ad4964f89344cff765be17d351df0153875c91cbbe193	1.0	6.0	6.0	0.0	0.928889	0.289624	0.173684	-1.341205	-0.285301	-1.728034	0.0	0.0	0.0	UNRESOLVED_NO_OUTCOME_SIGNAL	NO_TWO_STAGE_BAYES_EVIDENCE	NO_TWO_STAGE_BAYES_EVIDENCE	NO_TWO_STAGE_FREQUENTIST_EVIDENCE	NOT_SELECTED_BY_EBH
mismatch_high_to_moderate	no_second_stage	45	22560949	0.9	0.6	4000	1000	3	10	bd39c66663ca3d7b993ad4964f89344cff765be17d351df0153875c91cbbe193	1.0	6.0	8.0	0.0	0.583492	0.093723	0.729353	-1.433851	-1.653397	-1.824906	0.0	0.0	0.0	UNRESOLVED_NO_OUTCOME_SIGNAL	NO_TWO_STAGE_BAYES_EVIDENCE	NO_TWO_STAGE_BAYES_EVIDENCE	NO_TWO_STAGE_FREQUENTIST_EVIDENCE	NOT_SELECTED_BY_EBH
mismatch_high_to_moderate	no_second_stage	46	22560950	0.9	0.6	4000	1000	3	10	bd39c66663ca3d7b993ad4964f89344cff765be17d351df0153875c91cbbe193	1.0	6.0	7.0	0.0	0.779404	-0.043573	0.713301	-0.385848	-1.632102	-2.001463	0.0	0.0	0.0	UNRESOLVED_NO_OUTCOME_SIGNAL	NO_TWO_STAGE_BAYES_EVIDENCE	NO_TWO_STAGE_BAYES_EVIDENCE	NO_TWO_STAGE_FREQUENTIST_EVIDENCE	NOT_SELECTED_BY_EBH
mismatch_high_to_moderate	no_second_stage	47	22560951	0.9	0.6	4000	1000	3	10	bd39c66663ca3d7b993ad4964f89344cff765be17d351df0153875c91cbbe193	1.0	6.0	6.0	0.0	nan	0.346271	0.389604	-1.033622	-1.142234	1.895514	0.0	0.0	0.0	UNRESOLVED_NO_OUTCOME_SIGNAL	NO_TWO_STAGE_BAYES_EVIDENCE	NO_TWO_STAGE_BAYES_EVIDENCE	NO_TWO_STAGE_FREQUENTIST_EVIDENCE	NOT_SELECTED_BY_EBH
mismatch_high_to_moderate	no_second_stage	48	22560952	0.9	0.6	4000	1000	3	10	bd39c66663ca3d7b993ad4964f89344cff765be17d351df0153875c91cbbe193	1.0	6.0	7.0	0.0	0.834795	0.004157	0.987452	-1.377091	-1.731632	-2.364026	0.0	0.0	0.0	UNRESOLVED_NO_OUTCOME_SIGNAL	NO_TWO_STAGE_BAYES_EVIDENCE	NO_TWO_STAGE_BAYES_EVIDENCE	NO_TWO_STAGE_FREQUENTIST_EVIDENCE	NOT_SELECTED_BY_EBH
mismatch_high_to_moderate	no_second_stage	49	22560953	0.9	0.6	4000	1000	3	10	bd39c66663ca3d7b993ad4964f89344cff765be17d351df0153875c91cbbe193	1.0	6.0	6.0	0.0	nan	nan	0.889012	-1.305945	-1.706438	-1.299531	0.0	0.0	0.0	UNRESOLVED_NO_OUTCOME_SIGNAL	NO_TWO_STAGE_BAYES_EVIDENCE	NO_TWO_STAGE_BAYES_EVIDENCE	NO_TWO_STAGE_FREQUENTIST_EVIDENCE	NOT_SELECTED_BY_EBH
mismatch_high_to_moderate	no_second_stage	50	22560954	0.9	0.6	4000	1000	3	10	bd39c66663ca3d7b993ad4964f89344cff765be17d351df0153875c91cbbe193	1.0	6.0	9.0	0.0	0.591946	-0.070659	0.626921	-0.927976	-1.56261	-2.439348	0.0	0.0	0.0	UNRESOLVED_NO_OUTCOME_SIGNAL	NO_TWO_STAGE_BAYES_EVIDENCE	NO_TWO_STAGE_BAYES_EVIDENCE	NO_TWO_STAGE_FREQUENTIST_EVIDENCE	NOT_SELECTED_BY_EBH
mismatch_high_to_moderate	no_second_stage	51	22560955	0.9	0.6	4000	1000	3	10	bd39c66663ca3d7b993ad4964f89344cff765be17d351df0153875c91cbbe193	1.0	6.0	8.0	0.0	0.666424	0.06949	0.714662	1.812953	-1.643381	-2.261059	0.0	0.0	0.0	UNRESOLVED_NO_OUTCOME_SIGNAL	NO_TWO_STAGE_BAYES_EVIDENCE	NO_TWO_STAGE_BAYES_EVIDENCE	NO_TWO_STAGE_FREQUENTIST_EVIDENCE	NOT_SELECTED_BY_EBH
mismatch_high_to_moderate	no_second_stage	52	22560956	0.9	0.6	4000	1000	3	10	bd39c66663ca3d7b993ad4964f89344cff765be17d351df0153875c91cbbe193	1.0	6.0	7.0	0.0	0.702924	-0.129368	0.506326	-1.564816	-1.377437	-2.304847	0.0	0.0	0.0	UNRESOLVED_NO_OUTCOME_SIGNAL	NO_TWO_STAGE_BAYES_EVIDENCE	NO_TWO_STAGE_BAYES_EVIDENCE	NO_TWO_STAGE_FREQUENTIST_EVIDENCE	NOT_SELECTED_BY_EBH
mismatch_high_to_moderate	no_second_stage	53	22560957	0.9	0.6	4000	1000	3	10	bd39c66663ca3d7b993ad4964f89344cff765be17d351df0153875c91cbbe193	1.0	6.0	7.0	0.0	0.522369	-0.004284	0.927758	-0.724727	-1.725757	-2.260731	0.0	0.0	0.0	UNRESOLVED_NO_OUTCOME_SIGNAL	NO_TWO_STAGE_BAYES_EVIDENCE	NO_TWO_STAGE_BAYES_EVIDENCE	NO_TWO_STAGE_FREQUENTIST_EVIDENCE	NOT_SELECTED_BY_EBH
mismatch_high_to_moderate	no_second_stage	54	22560958	0.9	0.6	4000	1000	3	10	bd39c66663ca3d7b993ad4964f89344cff765be17d351df0153875c91cbbe193	1.0	6.0	6.0	0.0	nan	-0.033009	0.791081	-1.579311	-1.667257	-2.124133	0.0	0.0	0.0	UNRESOLVED_NO_OUTCOME_SIGNAL	NO_TWO_STAGE_BAYES_EVIDENCE	NO_TWO_STAGE_BAYES_EVIDENCE	NO_TWO_STAGE_FREQUENTIST_EVIDENCE	NOT_SELECTED_BY_EBH
mismatch_high_to_moderate	no_second_stage	55	22560959	0.9	0.6	4000	1000	3	10	bd39c66663ca3d7b993ad4964f89344cff765be17d351df0153875c91cbbe193	1.0	6.0	6.0	0.0	0.621119	0.023497	0.738807	-0.721807	-1.635496	-1.996028	0.0	0.0	0.0	UNRESOLVED_NO_OUTCOME_SIGNAL	NO_TWO_STAGE_BAYES_EVIDENCE	NO_TWO_STAGE_BAYES_EVIDENCE	NO_TWO_STAGE_FREQUENTIST_EVIDENCE	NOT_SELECTED_BY_EBH
mismatch_high_to_moderate	no_second_stage	56	22560960	0.9	0.6	4000	1000	3	10	bd39c66663ca3d7b993ad4964f89344cff765be17d351df0153875c91cbbe193	1.0	6.0	8.0	0.0	0.728083	-0.064427	0.591978	-1.625732	-1.532989	-2.474263	0.0	0.0	0.0	UNRESOLVED_NO_OUTCOME_SIGNAL	NO_TWO_STAGE_BAYES_EVIDENCE	NO_TWO_STAGE_BAYES_EVIDENCE	NO_TWO_STAGE_FREQUENTIST_EVIDENCE	NOT_SELECTED_BY_EBH
mismatch_high_to_moderate	no_second_stage	57	22560961	0.9	0.6	4000	1000	3	10	bd39c66663ca3d7b993ad4964f89344cff765be17d351df0153875c91cbbe193	1.0	5.0	7.0	0.0	nan	0.051769	0.965248	-1.63895	-1.704439	-2.098725	0.0	0.0	0.0	UNRESOLVED_NO_OUTCOME_SIGNAL	NO_TWO_STAGE_BAYES_EVIDENCE	NO_TWO_STAGE_BAYES_EVIDENCE	NO_TWO_STAGE_FREQUENTIST_EVIDENCE	NOT_SELECTED_BY_EBH
mismatch_high_to_moderate	no_second_stage	58	22560962	0.9	0.6	4000	1000	3	10	bd39c66663ca3d7b993ad4964f89344cff765be17d351df0153875c91cbbe193	1.0	6.0	7.0	0.0	0.605251	-0.143437	0.520922	-0.751511	-1.426186	-1.218297	0.0	0.0	0.0	UNRESOLVED_NO_OUTCOME_SIGNAL	NO_TWO_STAGE_BAYES_EVIDENCE	NO_TWO_STAGE_BAYES_EVIDENCE	NO_TWO_STAGE_FREQUENTIST_EVIDENCE	NOT_SELECTED_BY_EBH
mismatch_high_to_moderate	no_second_stage	59	22560963	0.9	0.6	4000	1000	3	10	bd39c66663ca3d7b993ad4964f89344cff765be17d351df0153875c91cbbe193	1.0	6.0	8.0	0.0	0.830371	0.048168	0.689834	-1.448571	-1.625003	-2.408599	0.0	0.0	0.0	UNRESOLVED_NO_OUTCOME_SIGNAL	NO_TWO_STAGE_BAYES_EVIDENCE	NO_TWO_STAGE_BAYES_EVIDENCE	NO_TWO_STAGE_FREQUENTIST_EVIDENCE	NOT_SELECTED_BY_EBH
mismatch_high_to_moderate	no_second_stage	60	22560964	0.9	0.6	4000	1000	3	10	bd39c66663ca3d7b993ad4964f89344cff765be17d351df0153875c91cbbe193	1.0	6.0	12.0	0.0	0.628417	0.29385	0.857603	-1.445497	-1.696619	-2.297111	0.0	0.0	0.0	UNRESOLVED_NO_OUTCOME_SIGNAL	NO_TWO_STAGE_BAYES_EVIDENCE	NO_TWO_STAGE_BAYES_EVIDENCE	NO_TWO_STAGE_FREQUENTIST_EVIDENCE	NOT_SELECTED_BY_EBH
mismatch_high_to_moderate	no_second_stage	61	22560965	0.9	0.6	4000	1000	3	10	bd39c66663ca3d7b993ad4964f89344cff765be17d351df0153875c91cbbe193	1.0	6.0	8.0	0.0	0.685443	-0.00389	0.891864	-0.522766	-1.725936	-2.505638	0.0	0.0	0.0	UNRESOLVED_NO_OUTCOME_SIGNAL	NO_TWO_STAGE_BAYES_EVIDENCE	NO_TWO_STAGE_BAYES_EVIDENCE	NO_TWO_STAGE_FREQUENTIST_EVIDENCE	NOT_SELECTED_BY_EBH
mismatch_high_to_moderate	no_second_stage	62	22560966	0.9	0.6	4000	1000	3	10	bd39c66663ca3d7b993ad4964f89344cff765be17d351df0153875c91cbbe193	1.0	5.0	5.0	0.0	0.639003	0.115549	0.69659	-1.212904	-1.578687	-1.253556	0.0	0.0	0.0	UNRESOLVED_NO_OUTCOME_SIGNAL	NO_TWO_STAGE_BAYES_EVIDENCE	NO_TWO_STAGE_BAYES_EVIDENCE	NO_TWO_STAGE_FREQUENTIST_EVIDENCE	NOT_SELECTED_BY_EBH
mismatch_high_to_moderate	no_second_stage	63	22560967	0.9	0.6	4000	1000	3	10	bd39c66663ca3d7b993ad4964f89344cff765be17d351df0153875c91cbbe193	1.0	6.0	8.0	0.0	0.72411	0.405828	0.147482	-1.382913	-0.106849	-1.676533	0.0	0.0	0.0	UNRESOLVED_NO_OUTCOME_SIGNAL	NO_TWO_STAGE_BAYES_EVIDENCE	NO_TWO_STAGE_BAYES_EVIDENCE	NO_TWO_STAGE_FREQUENTIST_EVIDENCE	NOT_SELECTED_BY_EBH
mismatch_high_to_moderate	no_second_stage	64	22560968	0.9	0.6	4000	1000	3	10	bd39c66663ca3d7b993ad4964f89344cff765be17d351df0153875c91cbbe193	1.0	6.0	6.0	0.0	0.962688	-0.05188	0.678432	-1.486787	-1.588348	-2.229872	0.0	0.0	0.0	UNRESOLVED_NO_OUTCOME_SIGNAL	NO_TWO_STAGE_BAYES_EVIDENCE	NO_TWO_STAGE_BAYES_EVIDENCE	NO_TWO_STAGE_FREQUENTIST_EVIDENCE	NOT_SELECTED_BY_EBH
mismatch_high_to_moderate	no_second_stage	65	22560969	0.9	0.6	4000	1000	3	10	bd39c66663ca3d7b993ad4964f89344cff765be17d351df0153875c91cbbe193	1.0	6.0	10.0	0.0	nan	-0.049926	0.905289	-1.734962	-1.710543	-2.604839	0.0	0.0	0.0	UNRESOLVED_NO_OUTCOME_SIGNAL	NO_TWO_STAGE_BAYES_EVIDENCE	NO_TWO_STAGE_BAYES_EVIDENCE	NO_TWO_STAGE_FREQUENTIST_EVIDENCE	NOT_SELECTED_BY_EBH
mismatch_high_to_moderate	no_second_stage	66	22560970	0.9	0.6	4000	1000	3	10	bd39c66663ca3d7b993ad4964f89344cff765be17d351df0153875c91cbbe193	1.0	6.0	8.0	0.0	0.636891	-0.046971	0.762084	-1.344221	-1.650627	-2.35959	0.0	0.0	0.0	UNRESOLVED_NO_OUTCOME_SIGNAL	NO_TWO_STAGE_BAYES_EVIDENCE	NO_TWO_STAGE_BAYES_EVIDENCE	NO_TWO_STAGE_FREQUENTIST_EVIDENCE	NOT_SELECTED_BY_EBH
mismatch_high_to_moderate	no_second_stage	67	22560971	0.9	0.6	4000	1000	3	10	bd39c66663ca3d7b993ad4964f89344cff765be17d351df0153875c91cbbe193	1.0	6.0	7.0	0.0	0.70057	0.073215	0.278298	-1.517361	-0.858319	-2.508853	0.0	0.0	0.0	UNRESOLVED_NO_OUTCOME_SIGNAL	NO_TWO_STAGE_BAYES_EVIDENCE	NO_TWO_STAGE_BAYES_EVIDENCE	NO_TWO_STAGE_FREQUENTIST_EVIDENCE	NOT_SELECTED_BY_EBH
mismatch_high_to_moderate	no_second_stage	68	22560972	0.9	0.6	4000	1000	3	10	bd39c66663ca3d7b993ad4964f89344cff765be17d351df0153875c91cbbe193	1.0	6.0	5.0	0.0	0.619492	-0.042923	0.432112	-1.49978	-1.182135	-2.197537	0.0	0.0	0.0	UNRESOLVED_NO_OUTCOME_SIGNAL	NO_TWO_STAGE_BAYES_EVIDENCE	NO_TWO_STAGE_BAYES_EVIDENCE	NO_TWO_STAGE_FREQUENTIST_EVIDENCE	NOT_SELECTED_BY_EBH
mismatch_high_to_moderate	no_second_stage	69	22560973	0.9	0.6	4000	1000	3	10	bd39c66663ca3d7b993ad4964f89344cff765be17d351df0153875c91cbbe193	1.0	5.0	8.0	0.0	nan	0.127478	0.288939	-1.53468	-0.932566	-2.336605	0.0	0.0	0.0	UNRESOLVED_NO_OUTCOME_SIGNAL	NO_TWO_STAGE_BAYES_EVIDENCE	NO_TWO_STAGE_BAYES_EVIDENCE	NO_TWO_STAGE_FREQUENTIST_EVIDENCE	NOT_SELECTED_BY_EBH
mismatch_high_to_moderate	no_second_stage	70	22560974	0.9	0.6	4000	1000	3	10	bd39c66663ca3d7b993ad4964f89344cff765be17d351df0153875c91cbbe193	1.0	6.0	5.0	0.0	nan	0.114466	0.985004	-1.228718	-1.721189	-1.67701	0.0	0.0	0.0	UNRESOLVED_NO_OUTCOME_SIGNAL	NO_TWO_STAGE_BAYES_EVIDENCE	NO_TWO_STAGE_BAYES_EVIDENCE	NO_TWO_STAGE_FREQUENTIST_EVIDENCE	NOT_SELECTED_BY_EBH
mismatch_high_to_moderate	no_second_stage	71	22560975	0.9	0.6	4000	1000	3	10	bd39c66663ca3d7b993ad4964f89344cff765be17d351df0153875c91cbbe193	1.0	6.0	5.0	0.0	0.65276	0.252132	0.608393	-1.300981	-1.517736	-1.54227	0.0	0.0	0.0	UNRESOLVED_NO_OUTCOME_SIGNAL	NO_TWO_STAGE_BAYES_EVIDENCE	NO_TWO_STAGE_BAYES_EVIDENCE	NO_TWO_STAGE_FREQUENTIST_EVIDENCE	NOT_SELECTED_BY_EBH
mismatch_high_to_moderate	no_second_stage	72	22560976	0.9	0.6	4000	1000	3	10	bd39c66663ca3d7b993ad4964f89344cff765be17d351df0153875c91cbbe193	1.0	6.0	9.0	0.0	0.767863	-0.041132	0.57441	0.190147	-1.523174	-2.392171	0.0	0.0	0.0	UNRESOLVED_NO_OUTCOME_SIGNAL	NO_TWO_STAGE_BAYES_EVIDENCE	NO_TWO_STAGE_BAYES_EVIDENCE	NO_TWO_STAGE_FREQUENTIST_EVIDENCE	NOT_SELECTED_BY_EBH
mismatch_high_to_moderate	no_second_stage	73	22560977	0.9	0.6	4000	1000	3	10	bd39c66663ca3d7b993ad4964f89344cff765be17d351df0153875c91cbbe193	1.0	6.0	7.0	0.0	0.590961	0.168173	0.373444	-1.160107	-1.101199	-1.850907	0.0	0.0	0.0	UNRESOLVED_NO_OUTCOME_SIGNAL	NO_TWO_STAGE_BAYES_EVIDENCE	NO_TWO_STAGE_BAYES_EVIDENCE	NO_TWO_STAGE_FREQUENTIST_EVIDENCE	NOT_SELECTED_BY_EBH
mismatch_high_to_moderate	no_second_stage	74	22560978	0.9	0.6	4000	1000	3	10	bd39c66663ca3d7b993ad4964f89344cff765be17d351df0153875c91cbbe193	1.0	6.0	6.0	0.0	0.753525	-0.01123	0.910125	-1.477992	-1.711634	-2.093076	0.0	0.0	0.0	UNRESOLVED_NO_OUTCOME_SIGNAL	NO_TWO_STAGE_BAYES_EVIDENCE	NO_TWO_STAGE_BAYES_EVIDENCE	NO_TWO_STAGE_FREQUENTIST_EVIDENCE	NOT_SELECTED_BY_EBH
mismatch_high_to_moderate	no_second_stage	75	22560979	0.9	0.6	4000	1000	3	10	bd39c66663ca3d7b993ad4964f89344cff765be17d351df0153875c91cbbe193	1.0	6.0	8.0	0.0	0.825543	nan	0.94392	0.618527	-1.735619	0.031717	0.0	0.0	0.0	UNRESOLVED_NO_OUTCOME_SIGNAL	NO_TWO_STAGE_BAYES_EVIDENCE	NO_TWO_STAGE_BAYES_EVIDENCE	NO_TWO_STAGE_FREQUENTIST_EVIDENCE	NOT_SELECTED_BY_EBH
mismatch_high_to_moderate	no_second_stage	76	22560980	0.9	0.6	4000	1000	3	10	bd39c66663ca3d7b993ad4964f89344cff765be17d351df0153875c91cbbe193	1.0	6.0	8.0	0.0	0.642368	0.055115	0.739239	-0.751412	-1.65979	-1.878945	0.0	0.0	0.0	UNRESOLVED_NO_OUTCOME_SIGNAL	NO_TWO_STAGE_BAYES_EVIDENCE	NO_TWO_STAGE_BAYES_EVIDENCE	NO_TWO_STAGE_FREQUENTIST_EVIDENCE	NOT_SELECTED_BY_EBH
mismatch_high_to_moderate	no_second_stage	77	22560981	0.9	0.6	4000	1000	3	10	bd39c66663ca3d7b993ad4964f89344cff765be17d351df0153875c91cbbe193	1.0	6.0	5.0	0.0	0.581754	0.323543	0.295231	-1.181592	-0.86225	-0.68933	0.0	0.0	0.0	UNRESOLVED_NO_OUTCOME_SIGNAL	NO_TWO_STAGE_BAYES_EVIDENCE	NO_TWO_STAGE_BAYES_EVIDENCE	NO_TWO_STAGE_FREQUENTIST_EVIDENCE	NOT_SELECTED_BY_EBH
mismatch_high_to_moderate	no_second_stage	78	22560982	0.9	0.6	4000	1000	3	10	bd39c66663ca3d7b993ad4964f89344cff765be17d351df0153875c91cbbe193	1.0	6.0	8.0	0.0	0.605588	-0.005271	0.93848	-1.657564	-1.734898	-2.570218	0.0	0.0	0.0	UNRESOLVED_NO_OUTCOME_SIGNAL	NO_TWO_STAGE_BAYES_EVIDENCE	NO_TWO_STAGE_BAYES_EVIDENCE	NO_TWO_STAGE_FREQUENTIST_EVIDENCE	NOT_SELECTED_BY_EBH
mismatch_high_to_moderate	no_second_stage	79	22560983	0.9	0.6	4000	1000	3	10	bd39c66663ca3d7b993ad4964f89344cff765be17d351df0153875c91cbbe193	1.0	6.0	7.0	0.0	0.874509	0.136062	0.25165	-0.169044	-0.756521	-2.366656	0.0	0.0	0.0	UNRESOLVED_NO_OUTCOME_SIGNAL	NO_TWO_STAGE_BAYES_EVIDENCE	NO_TWO_STAGE_BAYES_EVIDENCE	NO_TWO_STAGE_FREQUENTIST_EVIDENCE	NOT_SELECTED_BY_EBH
mismatch_high_to_moderate	no_second_stage	80	22560984	0.9	0.6	4000	1000	3	10	bd39c66663ca3d7b993ad4964f89344cff765be17d351df0153875c91cbbe193	1.0	6.0	8.0	0.0	0.618921	0.1279	0.507959	-1.572517	-1.424278	-1.726679	0.0	0.0	0.0	UNRESOLVED_NO_OUTCOME_SIGNAL	NO_TWO_STAGE_BAYES_EVIDENCE	NO_TWO_STAGE_BAYES_EVIDENCE	NO_TWO_STAGE_FREQUENTIST_EVIDENCE	NOT_SELECTED_BY_EBH
mismatch_high_to_moderate	no_second_stage	81	22560985	0.9	0.6	4000	1000	3	10	bd39c66663ca3d7b993ad4964f89344cff765be17d351df0153875c91cbbe193	1.0	6.0	9.0	0.0	0.761754	0.006714	0.98053	-1.135888	-1.744197	-1.994916	0.0	0.0	0.0	UNRESOLVED_NO_OUTCOME_SIGNAL	NO_TWO_STAGE_BAYES_EVIDENCE	NO_TWO_STAGE_BAYES_EVIDENCE	NO_TWO_STAGE_FREQUENTIST_EVIDENCE	NOT_SELECTED_BY_EBH
mismatch_high_to_moderate	no_second_stage	82	22560986	0.9	0.6	4000	1000	3	10	bd39c66663ca3d7b993ad4964f89344cff765be17d351df0153875c91cbbe193	1.0	6.0	6.0	0.0	0.60819	-0.078594	0.356568	-1.189329	-1.055614	-2.27922	0.0	0.0	0.0	UNRESOLVED_NO_OUTCOME_SIGNAL	NO_TWO_STAGE_BAYES_EVIDENCE	NO_TWO_STAGE_BAYES_EVIDENCE	NO_TWO_STAGE_FREQUENTIST_EVIDENCE	NOT_SELECTED_BY_EBH
mismatch_high_to_moderate	no_second_stage	83	22560987	0.9	0.6	4000	1000	3	10	bd39c66663ca3d7b993ad4964f89344cff765be17d351df0153875c91cbbe193	1.0	6.0	10.0	0.0	nan	0.163092	0.245622	-1.74929	-0.828146	-2.208085	0.0	0.0	0.0	UNRESOLVED_NO_OUTCOME_SIGNAL	NO_TWO_STAGE_BAYES_EVIDENCE	NO_TWO_STAGE_BAYES_EVIDENCE	NO_TWO_STAGE_FREQUENTIST_EVIDENCE	NOT_SELECTED_BY_EBH
mismatch_high_to_moderate	no_second_stage	84	22560988	0.9	0.6	4000	1000	3	10	bd39c66663ca3d7b993ad4964f89344cff765be17d351df0153875c91cbbe193	1.0	6.0	9.0	0.0	0.604879	-0.037756	0.722375	-1.720924	-1.656064	-2.545574	0.0	0.0	0.0	UNRESOLVED_NO_OUTCOME_SIGNAL	NO_TWO_STAGE_BAYES_EVIDENCE	NO_TWO_STAGE_BAYES_EVIDENCE	NO_TWO_STAGE_FREQUENTIST_EVIDENCE	NOT_SELECTED_BY_EBH
mismatch_high_to_moderate	no_second_stage	85	22560989	0.9	0.6	4000	1000	3	10	bd39c66663ca3d7b993ad4964f89344cff765be17d351df0153875c91cbbe193	1.0	6.0	9.0	0.0	0.882394	-0.10557	0.56462	-1.448308	-1.511641	-2.081661	0.0	0.0	0.0	UNRESOLVED_NO_OUTCOME_SIGNAL	NO_TWO_STAGE_BAYES_EVIDENCE	NO_TWO_STAGE_BAYES_EVIDENCE	NO_TWO_STAGE_FREQUENTIST_EVIDENCE	NOT_SELECTED_BY_EBH
mismatch_high_to_moderate	no_second_stage	86	22560990	0.9	0.6	4000	1000	3	10	bd39c66663ca3d7b993ad4964f89344cff765be17d351df0153875c91cbbe193	1.0	6.0	7.0	0.0	0.612002	-0.07488	0.371483	-1.536325	-1.137703	-2.468522	0.0	0.0	0.0	UNRESOLVED_NO_OUTCOME_SIGNAL	NO_TWO_STAGE_BAYES_EVIDENCE	NO_TWO_STAGE_BAYES_EVIDENCE	NO_TWO_STAGE_FREQUENTIST_EVIDENCE	NOT_SELECTED_BY_EBH
mismatch_high_to_moderate	no_second_stage	87	22560991	0.9	0.6	4000	1000	3	10	bd39c66663ca3d7b993ad4964f89344cff765be17d351df0153875c91cbbe193	1.0	5.0	8.0	0.0	0.651843	-0.277853	0.138043	-1.243841	0.124178	-2.451369	0.0	0.0	0.0	UNRESOLVED_NO_OUTCOME_SIGNAL	NO_TWO_STAGE_BAYES_EVIDENCE	NO_TWO_STAGE_BAYES_EVIDENCE	NO_TWO_STAGE_FREQUENTIST_EVIDENCE	NOT_SELECTED_BY_EBH
mismatch_high_to_moderate	no_second_stage	88	22560992	0.9	0.6	4000	1000	3	10	bd39c66663ca3d7b993ad4964f89344cff765be17d351df0153875c91cbbe193	1.0	6.0	9.0	0.0	0.608445	0.124009	0.442722	-1.713984	-1.261314	-2.376155	0.0	0.0	0.0	UNRESOLVED_NO_OUTCOME_SIGNAL	NO_TWO_STAGE_BAYES_EVIDENCE	NO_TWO_STAGE_BAYES_EVIDENCE	NO_TWO_STAGE_FREQUENTIST_EVIDENCE	NOT_SELECTED_BY_EBH
mismatch_high_to_moderate	no_second_stage	89	22560993	0.9	0.6	4000	1000	3	10	bd39c66663ca3d7b993ad4964f89344cff765be17d351df0153875c91cbbe193	1.0	6.0	7.0	0.0	0.707794	0.244298	0.201093	-1.492547	-0.525073	-1.28714	0.0	0.0	0.0	UNRESOLVED_NO_OUTCOME_SIGNAL	NO_TWO_STAGE_BAYES_EVIDENCE	NO_TWO_STAGE_BAYES_EVIDENCE	NO_TWO_STAGE_FREQUENTIST_EVIDENCE	NOT_SELECTED_BY_EBH
mismatch_high_to_moderate	no_second_stage	90	22560994	0.9	0.6	4000	1000	3	10	bd39c66663ca3d7b993ad4964f89344cff765be17d351df0153875c91cbbe193	1.0	6.0	7.0	0.0	nan	0.091852	0.837065	-0.9899	-1.688818	-1.939279	0.0	0.0	0.0	UNRESOLVED_NO_OUTCOME_SIGNAL	NO_TWO_STAGE_BAYES_EVIDENCE	NO_TWO_STAGE_BAYES_EVIDENCE	NO_TWO_STAGE_FREQUENTIST_EVIDENCE	NOT_SELECTED_BY_EBH
mismatch_high_to_moderate	no_second_stage	91	22560995	0.9	0.6	4000	1000	3	10	bd39c66663ca3d7b993ad4964f89344cff765be17d351df0153875c91cbbe193	0.9999999999999999	6.0	8.0	0.0	0.722625	0.01224	0.921618	-1.565996	-1.732233	-2.481415	0.0	0.0	0.0	UNRESOLVED_NO_OUTCOME_SIGNAL	NO_TWO_STAGE_BAYES_EVIDENCE	NO_TWO_STAGE_BAYES_EVIDENCE	NO_TWO_STAGE_FREQUENTIST_EVIDENCE	NOT_SELECTED_BY_EBH
mismatch_high_to_moderate	no_second_stage	92	22560996	0.9	0.6	4000	1000	3	10	bd39c66663ca3d7b993ad4964f89344cff765be17d351df0153875c91cbbe193	1.0	6.0	7.0	0.0	nan	-0.094859	0.667447	-1.395962	-1.578465	-2.126021	0.0	0.0	0.0	UNRESOLVED_NO_OUTCOME_SIGNAL	NO_TWO_STAGE_BAYES_EVIDENCE	NO_TWO_STAGE_BAYES_EVIDENCE	NO_TWO_STAGE_FREQUENTIST_EVIDENCE	NOT_SELECTED_BY_EBH
mismatch_high_to_moderate	no_second_stage	93	22560997	0.9	0.6	4000	1000	3	10	bd39c66663ca3d7b993ad4964f89344cff765be17d351df0153875c91cbbe193	1.0	6.0	7.0	0.0	0.526537	-0.120886	0.375802	-1.027812	-1.107341	-2.205728	0.0	0.0	0.0	UNRESOLVED_NO_OUTCOME_SIGNAL	NO_TWO_STAGE_BAYES_EVIDENCE	NO_TWO_STAGE_BAYES_EVIDENCE	NO_TWO_STAGE_FREQUENTIST_EVIDENCE	NOT_SELECTED_BY_EBH
mismatch_high_to_moderate	no_second_stage	94	22560998	0.9	0.6	4000	1000	3	10	bd39c66663ca3d7b993ad4964f89344cff765be17d351df0153875c91cbbe193	1.0	6.0	5.0	0.0	0.680477	0.546556	0.10066	-0.630201	0.460165	-0.387635	0.0	0.0	0.0	UNRESOLVED_NO_OUTCOME_SIGNAL	NO_TWO_STAGE_BAYES_EVIDENCE	NO_TWO_STAGE_BAYES_EVIDENCE	NO_TWO_STAGE_FREQUENTIST_EVIDENCE	NOT_SELECTED_BY_EBH
mismatch_high_to_moderate	no_second_stage	95	22560999	0.9	0.6	4000	1000	3	10	bd39c66663ca3d7b993ad4964f89344cff765be17d351df0153875c91cbbe193	1.0	6.0	6.0	0.0	0.814272	nan	0.537179	-1.397062	-1.4252	-1.08206	0.0	0.0	0.0	UNRESOLVED_NO_OUTCOME_SIGNAL	NO_TWO_STAGE_BAYES_EVIDENCE	NO_TWO_STAGE_BAYES_EVIDENCE	NO_TWO_STAGE_FREQUENTIST_EVIDENCE	NOT_SELECTED_BY_EBH
mismatch_high_to_moderate	no_second_stage	96	22561000	0.9	0.6	4000	1000	3	10	bd39c66663ca3d7b993ad4964f89344cff765be17d351df0153875c91cbbe193	1.0	6.0	6.0	0.0	0.67604	0.189748	0.514063	-1.288104	-1.389896	-2.193274	0.0	0.0	0.0	UNRESOLVED_NO_OUTCOME_SIGNAL	NO_TWO_STAGE_BAYES_EVIDENCE	NO_TWO_STAGE_BAYES_EVIDENCE	NO_TWO_STAGE_FREQUENTIST_EVIDENCE	NOT_SELECTED_BY_EBH
mismatch_high_to_moderate	no_second_stage	97	22561001	0.9	0.6	4000	1000	3	10	bd39c66663ca3d7b993ad4964f89344cff765be17d351df0153875c91cbbe193	1.0	6.0	7.0	0.0	0.535236	-0.089789	0.450126	-1.074412	-1.308109	-2.204716	0.0	0.0	0.0	UNRESOLVED_NO_OUTCOME_SIGNAL	NO_TWO_STAGE_BAYES_EVIDENCE	NO_TWO_STAGE_BAYES_EVIDENCE	NO_TWO_STAGE_FREQUENTIST_EVIDENCE	NOT_SELECTED_BY_EBH
mismatch_high_to_moderate	no_second_stage	98	22561002	0.9	0.6	4000	1000	3	10	bd39c66663ca3d7b993ad4964f89344cff765be17d351df0153875c91cbbe193	1.0	6.0	8.0	0.0	nan	-0.158971	0.429706	-0.214149	-1.290833	-2.155072	0.0	0.0	0.0	UNRESOLVED_NO_OUTCOME_SIGNAL	NO_TWO_STAGE_BAYES_EVIDENCE	NO_TWO_STAGE_BAYES_EVIDENCE	NO_TWO_STAGE_FREQUENTIST_EVIDENCE	NOT_SELECTED_BY_EBH
mismatch_high_to_moderate	no_second_stage	99	22561003	0.9	0.6	4000	1000	3	10	bd39c66663ca3d7b993ad4964f89344cff765be17d351df0153875c91cbbe193	1.0	6.0	8.0	0.0	0.912247	-0.031159	0.871923	-1.14436	-1.720561	-2.157385	0.0	0.0	0.0	UNRESOLVED_NO_OUTCOME_SIGNAL	NO_TWO_STAGE_BAYES_EVIDENCE	NO_TWO_STAGE_BAYES_EVIDENCE	NO_TWO_STAGE_FREQUENTIST_EVIDENCE	NOT_SELECTED_BY_EBH
mismatch_high_to_moderate	no_second_stage	100	22561004	0.9	0.6	4000	1000	3	10	bd39c66663ca3d7b993ad4964f89344cff765be17d351df0153875c91cbbe193	1.0	6.0	9.0	0.0	0.748952	-0.025934	0.501026	-1.794894	-1.426621	-2.71162	0.0	0.0	0.0	UNRESOLVED_NO_OUTCOME_SIGNAL	NO_TWO_STAGE_BAYES_EVIDENCE	NO_TWO_STAGE_BAYES_EVIDENCE	NO_TWO_STAGE_FREQUENTIST_EVIDENCE	NOT_SELECTED_BY_EBH
mismatch_high_to_moderate	same_variant_pleiotropy	1	22460905	0.9	0.6	4000	1000	3	10	bd39c66663ca3d7b993ad4964f89344cff765be17d351df0153875c91cbbe193	0.9999999999999999	6.0	5.0	0.0	0.680314	0.45447	0.367219	2.052634	-1.012813	-1.313441	0.903629	0.0198	1.0	UNRESOLVED_SINGLE_SHARED_SIGNAL	NO_TWO_STAGE_BAYES_EVIDENCE	NO_TWO_STAGE_BAYES_EVIDENCE	NO_TWO_STAGE_FREQUENTIST_EVIDENCE	NOT_SELECTED_BY_EBH
mismatch_high_to_moderate	same_variant_pleiotropy	2	22460906	0.9	0.6	4000	1000	3	10	bd39c66663ca3d7b993ad4964f89344cff765be17d351df0153875c91cbbe193	1.0	6.0	10.0	0.0	0.744453	0.65709	0.122704	2.731795	0.089864	-2.237409	0.999973	2.4e-05	2.0	OVERIDENTIFIED_SHARED_SIGNALS_ASSUMPTION_CONDITIONAL	TWO_STAGE_EVIDENCE	SUPPORTED_EXCLUSION_RESTRICTION_CONDITIONAL	NO_TWO_STAGE_FREQUENTIST_EVIDENCE	NOT_SELECTED_BY_EBH
mismatch_high_to_moderate	same_variant_pleiotropy	3	22460907	0.9	0.6	4000	1000	3	10	bd39c66663ca3d7b993ad4964f89344cff765be17d351df0153875c91cbbe193	1.0	6.0	9.0	0.0	0.838997	0.418374	0.076565	2.737276	0.567638	-2.372568	0.640866	0.00325	0.0	LD_CONFIGURATION_AMBIGUOUS	TWO_STAGE_EVIDENCE	UNRESOLVED_REGIONAL_CONFIGURATION	NO_TWO_STAGE_FREQUENTIST_EVIDENCE	NOT_SELECTED_BY_EBH
mismatch_high_to_moderate	same_variant_pleiotropy	4	22460908	0.9	0.6	4000	1000	3	10	bd39c66663ca3d7b993ad4964f89344cff765be17d351df0153875c91cbbe193	1.0	6.0	4.0	0.0	0.559161	0.543047	0.313272	1.675846	-0.924128	-1.564285	0.0	0.510884	0.0	LD_CONFIGURATION_AMBIGUOUS	NO_TWO_STAGE_BAYES_EVIDENCE	NO_TWO_STAGE_BAYES_EVIDENCE	NO_TWO_STAGE_FREQUENTIST_EVIDENCE	NOT_SELECTED_BY_EBH
mismatch_high_to_moderate	same_variant_pleiotropy	5	22460909	0.9	0.6	4000	1000	3	10	bd39c66663ca3d7b993ad4964f89344cff765be17d351df0153875c91cbbe193	1.0	6.0	6.0	0.0	nan	0.637141	0.387591	2.270512	-1.137255	-1.715035	0.999958	3.9e-05	1.0	UNRESOLVED_SINGLE_SHARED_SIGNAL	NO_TWO_STAGE_BAYES_EVIDENCE	NO_TWO_STAGE_BAYES_EVIDENCE	NO_TWO_STAGE_FREQUENTIST_EVIDENCE	NOT_SELECTED_BY_EBH
mismatch_high_to_moderate	same_variant_pleiotropy	6	22460910	0.9	0.6	4000	1000	3	10	bd39c66663ca3d7b993ad4964f89344cff765be17d351df0153875c91cbbe193	1.0	6.0	8.0	0.0	0.690629	0.276368	0.3078	1.98058	-0.992552	-1.527959	0.0	0.0	0.0	UNRESOLVED_NO_OUTCOME_SIGNAL	NO_TWO_STAGE_BAYES_EVIDENCE	NO_TWO_STAGE_BAYES_EVIDENCE	NO_TWO_STAGE_FREQUENTIST_EVIDENCE	NOT_SELECTED_BY_EBH
mismatch_high_to_moderate	same_variant_pleiotropy	7	22460911	0.9	0.6	4000	1000	3	10	bd39c66663ca3d7b993ad4964f89344cff765be17d351df0153875c91cbbe193	1.0	6.0	7.0	0.0	0.422553	0.266114	0.722296	0.952369	-1.623764	-1.488224	0.058401	0.416691	0.0	LD_CONFIGURATION_AMBIGUOUS	NO_TWO_STAGE_BAYES_EVIDENCE	NO_TWO_STAGE_BAYES_EVIDENCE	NO_TWO_STAGE_FREQUENTIST_EVIDENCE	NOT_SELECTED_BY_EBH
mismatch_high_to_moderate	same_variant_pleiotropy	8	22460912	0.9	0.6	4000	1000	3	10	bd39c66663ca3d7b993ad4964f89344cff765be17d351df0153875c91cbbe193	1.0	6.0	7.0	0.0	0.690227	0.646771	0.119697	2.378975	0.013045	-1.698397	0.851206	0.146539	2.0	OVERIDENTIFIED_SHARED_SIGNALS_ASSUMPTION_CONDITIONAL	TWO_STAGE_EVIDENCE	SUPPORTED_EXCLUSION_RESTRICTION_CONDITIONAL	NO_TWO_STAGE_FREQUENTIST_EVIDENCE	NOT_SELECTED_BY_EBH
mismatch_high_to_moderate	same_variant_pleiotropy	9	22460913	0.9	0.6	4000	1000	3	10	bd39c66663ca3d7b993ad4964f89344cff765be17d351df0153875c91cbbe193	1.0	6.0	5.0	0.0	0.599662	0.216932	0.124293	1.096654	0.076281	-1.480032	0.020217	0.726873	0.0	LD_CONFIGURATION_AMBIGUOUS	NO_TWO_STAGE_BAYES_EVIDENCE	NO_TWO_STAGE_BAYES_EVIDENCE	NO_TWO_STAGE_FREQUENTIST_EVIDENCE	NOT_SELECTED_BY_EBH
mismatch_high_to_moderate	same_variant_pleiotropy	10	22460914	0.9	0.6	4000	1000	3	10	bd39c66663ca3d7b993ad4964f89344cff765be17d351df0153875c91cbbe193	1.0	6.0	7.0	0.0	0.832684	0.9864	0.040838	2.643889	1.19127	-1.23212	0.997418	0.000148	2.0	OVERIDENTIFIED_SHARED_SIGNALS_ASSUMPTION_CONDITIONAL	TWO_STAGE_EVIDENCE	SUPPORTED_EXCLUSION_RESTRICTION_CONDITIONAL	SUPPORTED_SCALAR_DISPERSION_EXCLUSION_CONDITIONAL	NOT_SELECTED_BY_EBH
mismatch_high_to_moderate	same_variant_pleiotropy	11	22460915	0.9	0.6	4000	1000	3	10	bd39c66663ca3d7b993ad4964f89344cff765be17d351df0153875c91cbbe193	1.0	6.0	5.0	0.0	0.551316	0.837306	0.422215	1.595252	-1.218009	-0.679312	0.988644	0.000941	1.0	UNRESOLVED_SINGLE_SHARED_SIGNAL	NO_TWO_STAGE_BAYES_EVIDENCE	NO_TWO_STAGE_BAYES_EVIDENCE	NO_TWO_STAGE_FREQUENTIST_EVIDENCE	NOT_SELECTED_BY_EBH
mismatch_high_to_moderate	same_variant_pleiotropy	12	22460916	0.9	0.6	4000	1000	3	10	bd39c66663ca3d7b993ad4964f89344cff765be17d351df0153875c91cbbe193	1.0	6.0	9.0	0.0	0.603398	0.853153	0.27767	1.751501	-0.797381	-1.495976	0.992334	0.007564	1.0	UNRESOLVED_SINGLE_SHARED_SIGNAL	NO_TWO_STAGE_BAYES_EVIDENCE	NO_TWO_STAGE_BAYES_EVIDENCE	NO_TWO_STAGE_FREQUENTIST_EVIDENCE	NOT_SELECTED_BY_EBH
mismatch_high_to_moderate	same_variant_pleiotropy	13	22460917	0.9	0.6	4000	1000	3	10	bd39c66663ca3d7b993ad4964f89344cff765be17d351df0153875c91cbbe193	1.0	6.0	6.0	0.0	0.770926	0.885395	0.336877	2.363527	-0.998574	-1.72784	0.999959	2.4e-05	3.0	OVERIDENTIFIED_SHARED_SIGNALS_ASSUMPTION_CONDITIONAL	TWO_STAGE_EVIDENCE	SUPPORTED_EXCLUSION_RESTRICTION_CONDITIONAL	NO_TWO_STAGE_FREQUENTIST_EVIDENCE	NOT_SELECTED_BY_EBH
mismatch_high_to_moderate	same_variant_pleiotropy	14	22460918	0.9	0.6	4000	1000	3	10	bd39c66663ca3d7b993ad4964f89344cff765be17d351df0153875c91cbbe193	1.0	6.0	9.0	0.0	0.774299	0.674481	0.156551	2.408	-0.171672	-1.827425	1.0	0.0	2.0	OVERIDENTIFIED_SHARED_SIGNALS_ASSUMPTION_CONDITIONAL	TWO_STAGE_EVIDENCE	SUPPORTED_EXCLUSION_RESTRICTION_CONDITIONAL	NO_TWO_STAGE_FREQUENTIST_EVIDENCE	NOT_SELECTED_BY_EBH
mismatch_high_to_moderate	same_variant_pleiotropy	15	22460919	0.9	0.6	4000	1000	3	10	bd39c66663ca3d7b993ad4964f89344cff765be17d351df0153875c91cbbe193	1.0	6.0	9.0	0.0	0.458399	0.816445	0.898318	0.988618	-1.708866	-1.526005	0.999658	7.7e-05	2.0	OVERIDENTIFIED_SHARED_SIGNALS_ASSUMPTION_CONDITIONAL	NO_TWO_STAGE_BAYES_EVIDENCE	NO_TWO_STAGE_BAYES_EVIDENCE	NO_TWO_STAGE_FREQUENTIST_EVIDENCE	NOT_SELECTED_BY_EBH
mismatch_high_to_moderate	same_variant_pleiotropy	16	22460920	0.9	0.6	4000	1000	3	10	bd39c66663ca3d7b993ad4964f89344cff765be17d351df0153875c91cbbe193	1.0	6.0	6.0	0.0	0.567622	0.816902	0.718473	1.400014	-1.620926	-1.933007	0.999005	0.000676	2.0	OVERIDENTIFIED_SHARED_SIGNALS_ASSUMPTION_CONDITIONAL	NO_TWO_STAGE_BAYES_EVIDENCE	NO_TWO_STAGE_BAYES_EVIDENCE	NO_TWO_STAGE_FREQUENTIST_EVIDENCE	NOT_SELECTED_BY_EBH
mismatch_high_to_moderate	same_variant_pleiotropy	17	22460921	0.9	0.6	4000	1000	3	10	bd39c66663ca3d7b993ad4964f89344cff765be17d351df0153875c91cbbe193	1.0	6.0	7.0	0.0	0.640405	0.657213	0.204671	2.165038	-0.465899	-2.19037	0.999953	4.3e-05	2.0	OVERIDENTIFIED_SHARED_SIGNALS_ASSUMPTION_CONDITIONAL	NO_TWO_STAGE_BAYES_EVIDENCE	NO_TWO_STAGE_BAYES_EVIDENCE	NO_TWO_STAGE_FREQUENTIST_EVIDENCE	NOT_SELECTED_BY_EBH
mismatch_high_to_moderate	same_variant_pleiotropy	18	22460922	0.9	0.6	4000	1000	3	10	bd39c66663ca3d7b993ad4964f89344cff765be17d351df0153875c91cbbe193	1.0	6.0	9.0	0.0	0.54461	0.596159	0.066045	1.992724	0.711425	-2.189762	0.99967	0.000286	2.0	OVERIDENTIFIED_SHARED_SIGNALS_ASSUMPTION_CONDITIONAL	NO_TWO_STAGE_BAYES_EVIDENCE	NO_TWO_STAGE_BAYES_EVIDENCE	NO_TWO_STAGE_FREQUENTIST_EVIDENCE	NOT_SELECTED_BY_EBH
mismatch_high_to_moderate	same_variant_pleiotropy	19	22460923	0.9	0.6	4000	1000	3	10	bd39c66663ca3d7b993ad4964f89344cff765be17d351df0153875c91cbbe193	1.0	6.0	7.0	0.0	0.479013	0.724731	0.149634	1.617945	-0.122547	-1.342145	0.999749	9.4e-05	1.0	UNRESOLVED_SINGLE_SHARED_SIGNAL	NO_TWO_STAGE_BAYES_EVIDENCE	NO_TWO_STAGE_BAYES_EVIDENCE	NO_TWO_STAGE_FREQUENTIST_EVIDENCE	NOT_SELECTED_BY_EBH
mismatch_high_to_moderate	same_variant_pleiotropy	20	22460924	0.9	0.6	4000	1000	3	10	bd39c66663ca3d7b993ad4964f89344cff765be17d351df0153875c91cbbe193	1.0	6.0	6.0	0.0	0.622754	0.659381	0.088888	2.162951	0.420403	-2.021009	0.978826	0.007774	1.0	UNRESOLVED_SINGLE_SHARED_SIGNAL	NO_TWO_STAGE_BAYES_EVIDENCE	NO_TWO_STAGE_BAYES_EVIDENCE	NO_TWO_STAGE_FREQUENTIST_EVIDENCE	NOT_SELECTED_BY_EBH
mismatch_high_to_moderate	same_variant_pleiotropy	21	22460925	0.9	0.6	4000	1000	3	10	bd39c66663ca3d7b993ad4964f89344cff765be17d351df0153875c91cbbe193	1.0	6.0	9.0	0.0	0.631464	0.518612	0.153629	2.594342	-0.151166	-2.569018	0.238228	0.097302	0.0	LD_CONFIGURATION_AMBIGUOUS	TWO_STAGE_EVIDENCE	UNRESOLVED_REGIONAL_CONFIGURATION	NO_TWO_STAGE_FREQUENTIST_EVIDENCE	NOT_SELECTED_BY_EBH
mismatch_high_to_moderate	same_variant_pleiotropy	22	22460926	0.9	0.6	4000	1000	3	10	bd39c66663ca3d7b993ad4964f89344cff765be17d351df0153875c91cbbe193	1.0	5.0	6.0	0.0	0.455254	0.730312	0.748677	0.825713	-1.620192	-1.76642	0.993322	0.001509	1.0	UNRESOLVED_SINGLE_SHARED_SIGNAL	NO_TWO_STAGE_BAYES_EVIDENCE	NO_TWO_STAGE_BAYES_EVIDENCE	NO_TWO_STAGE_FREQUENTIST_EVIDENCE	NOT_SELECTED_BY_EBH
mismatch_high_to_moderate	same_variant_pleiotropy	23	22460927	0.9	0.6	4000	1000	3	10	bd39c66663ca3d7b993ad4964f89344cff765be17d351df0153875c91cbbe193	1.0	6.0	9.0	0.0	0.708457	0.49886	0.034792	3.234978	1.053777	-2.229642	0.0	0.906911	0.0	LD_DISTINCT_SUPPORTED	TWO_STAGE_EVIDENCE	REJECTED_DISTINCT_REGIONAL_SIGNALS	REJECTED_DISTINCT_REGIONAL_SIGNALS	NOT_SELECTED_BY_EBH
mismatch_high_to_moderate	same_variant_pleiotropy	24	22460928	0.9	0.6	4000	1000	3	10	bd39c66663ca3d7b993ad4964f89344cff765be17d351df0153875c91cbbe193	1.0	6.0	8.0	0.0	0.82536	0.566301	0.468397	1.598499	-1.3113	-2.456227	0.0	0.0	0.0	UNRESOLVED_NO_OUTCOME_SIGNAL	NO_TWO_STAGE_BAYES_EVIDENCE	NO_TWO_STAGE_BAYES_EVIDENCE	NO_TWO_STAGE_FREQUENTIST_EVIDENCE	NOT_SELECTED_BY_EBH
mismatch_high_to_moderate	same_variant_pleiotropy	25	22460929	0.9	0.6	4000	1000	3	10	bd39c66663ca3d7b993ad4964f89344cff765be17d351df0153875c91cbbe193	1.0	6.0	7.0	0.0	0.730504	0.681015	0.280422	2.024582	-0.807868	-1.82693	0.996147	0.000584	1.0	UNRESOLVED_SINGLE_SHARED_SIGNAL	NO_TWO_STAGE_BAYES_EVIDENCE	NO_TWO_STAGE_BAYES_EVIDENCE	NO_TWO_STAGE_FREQUENTIST_EVIDENCE	NOT_SELECTED_BY_EBH
mismatch_high_to_moderate	same_variant_pleiotropy	26	22460930	0.9	0.6	4000	1000	3	10	bd39c66663ca3d7b993ad4964f89344cff765be17d351df0153875c91cbbe193	1.0	5.0	9.0	0.0	0.693572	0.685819	0.562573	1.696129	-1.423638	-2.326272	0.999828	9.2e-05	1.0	UNRESOLVED_SINGLE_SHARED_SIGNAL	NO_TWO_STAGE_BAYES_EVIDENCE	NO_TWO_STAGE_BAYES_EVIDENCE	NO_TWO_STAGE_FREQUENTIST_EVIDENCE	NOT_SELECTED_BY_EBH
mismatch_high_to_moderate	same_variant_pleiotropy	27	22460931	0.9	0.6	4000	1000	3	10	bd39c66663ca3d7b993ad4964f89344cff765be17d351df0153875c91cbbe193	1.0	6.0	8.0	0.0	0.519729	0.532697	0.736009	1.644059	-1.633568	-2.212652	0.991193	0.008541	1.0	UNRESOLVED_SINGLE_SHARED_SIGNAL	NO_TWO_STAGE_BAYES_EVIDENCE	NO_TWO_STAGE_BAYES_EVIDENCE	NO_TWO_STAGE_FREQUENTIST_EVIDENCE	NOT_SELECTED_BY_EBH
mismatch_high_to_moderate	same_variant_pleiotropy	28	22460932	0.9	0.6	4000	1000	3	10	bd39c66663ca3d7b993ad4964f89344cff765be17d351df0153875c91cbbe193	1.0	6.0	8.0	0.0	0.671239	0.68309	0.097916	2.434378	0.323204	-2.194604	0.999973	0.0	2.0	OVERIDENTIFIED_SHARED_SIGNALS_ASSUMPTION_CONDITIONAL	TWO_STAGE_EVIDENCE	SUPPORTED_EXCLUSION_RESTRICTION_CONDITIONAL	NO_TWO_STAGE_FREQUENTIST_EVIDENCE	NOT_SELECTED_BY_EBH
mismatch_high_to_moderate	same_variant_pleiotropy	29	22460933	0.9	0.6	4000	1000	3	10	bd39c66663ca3d7b993ad4964f89344cff765be17d351df0153875c91cbbe193	1.0	6.0	6.0	0.0	0.623728	0.542468	0.25252	1.704745	-0.695477	-2.239602	0.081246	0.32468	0.0	LD_CONFIGURATION_AMBIGUOUS	NO_TWO_STAGE_BAYES_EVIDENCE	NO_TWO_STAGE_BAYES_EVIDENCE	NO_TWO_STAGE_FREQUENTIST_EVIDENCE	NOT_SELECTED_BY_EBH
mismatch_high_to_moderate	same_variant_pleiotropy	30	22460934	0.9	0.6	4000	1000	3	10	bd39c66663ca3d7b993ad4964f89344cff765be17d351df0153875c91cbbe193	1.0	6.0	6.0	0.0	0.903783	nan	0.315232	2.086646	-0.930581	-0.289017	0.999849	8.7e-05	1.0	UNRESOLVED_SINGLE_SHARED_SIGNAL	NO_TWO_STAGE_BAYES_EVIDENCE	NO_TWO_STAGE_BAYES_EVIDENCE	NO_TWO_STAGE_FREQUENTIST_EVIDENCE	NOT_SELECTED_BY_EBH
mismatch_high_to_moderate	same_variant_pleiotropy	31	22460935	0.9	0.6	4000	1000	3	10	bd39c66663ca3d7b993ad4964f89344cff765be17d351df0153875c91cbbe193	1.0	6.0	7.0	0.0	0.752087	0.808595	0.033327	2.704509	1.412084	-1.741238	0.999982	1e-05	3.0	OVERIDENTIFIED_SHARED_SIGNALS_ASSUMPTION_CONDITIONAL	TWO_STAGE_EVIDENCE	SUPPORTED_EXCLUSION_RESTRICTION_CONDITIONAL	SUPPORTED_SCALAR_DISPERSION_EXCLUSION_CONDITIONAL	NOT_SELECTED_BY_EBH
mismatch_high_to_moderate	same_variant_pleiotropy	32	22460936	0.9	0.6	4000	1000	3	10	bd39c66663ca3d7b993ad4964f89344cff765be17d351df0153875c91cbbe193	1.0	5.0	6.0	0.0	0.639656	0.602155	0.253508	2.303144	-0.589565	-2.026378	0.005868	0.522851	0.0	LD_CONFIGURATION_AMBIGUOUS	TWO_STAGE_EVIDENCE	UNRESOLVED_REGIONAL_CONFIGURATION	NO_TWO_STAGE_FREQUENTIST_EVIDENCE	NOT_SELECTED_BY_EBH
mismatch_high_to_moderate	same_variant_pleiotropy	33	22460937	0.9	0.6	4000	1000	3	10	bd39c66663ca3d7b993ad4964f89344cff765be17d351df0153875c91cbbe193	1.0	6.0	6.0	0.0	0.648873	0.457459	0.03449	2.230874	1.373853	-1.930107	0.958241	0.007122	1.0	UNRESOLVED_SINGLE_SHARED_SIGNAL	NO_TWO_STAGE_BAYES_EVIDENCE	NO_TWO_STAGE_BAYES_EVIDENCE	UNRESOLVED_SINGLE_SHARED_SIGNAL	NOT_SELECTED_BY_EBH
mismatch_high_to_moderate	same_variant_pleiotropy	34	22460938	0.9	0.6	4000	1000	3	10	bd39c66663ca3d7b993ad4964f89344cff765be17d351df0153875c91cbbe193	1.0	6.0	4.0	0.0	0.757642	0.81562	0.312088	2.255936	-0.920208	-1.499567	0.998584	0.001413	1.0	UNRESOLVED_SINGLE_SHARED_SIGNAL	NO_TWO_STAGE_BAYES_EVIDENCE	NO_TWO_STAGE_BAYES_EVIDENCE	NO_TWO_STAGE_FREQUENTIST_EVIDENCE	NOT_SELECTED_BY_EBH
mismatch_high_to_moderate	same_variant_pleiotropy	35	22460939	0.9	0.6	4000	1000	3	10	bd39c66663ca3d7b993ad4964f89344cff765be17d351df0153875c91cbbe193	1.0	6.0	10.0	0.0	0.667505	0.763419	0.277531	2.167269	-0.796847	-1.592383	0.001071	0.552826	0.0	LD_CONFIGURATION_AMBIGUOUS	NO_TWO_STAGE_BAYES_EVIDENCE	NO_TWO_STAGE_BAYES_EVIDENCE	NO_TWO_STAGE_FREQUENTIST_EVIDENCE	NOT_SELECTED_BY_EBH
mismatch_high_to_moderate	same_variant_pleiotropy	36	22460940	0.9	0.6	4000	1000	3	10	bd39c66663ca3d7b993ad4964f89344cff765be17d351df0153875c91cbbe193	1.0	6.0	8.0	0.0	0.731572	0.518405	0.059889	2.766319	0.806461	-2.187749	0.943404	0.007758	1.0	UNRESOLVED_SINGLE_SHARED_SIGNAL	TWO_STAGE_EVIDENCE	UNRESOLVED_SINGLE_SHARED_SIGNAL	NO_TWO_STAGE_FREQUENTIST_EVIDENCE	NOT_SELECTED_BY_EBH
mismatch_high_to_moderate	same_variant_pleiotropy	37	22460941	0.9	0.6	4000	1000	3	10	bd39c66663ca3d7b993ad4964f89344cff765be17d351df0153875c91cbbe193	1.0	5.0	5.0	0.0	0.814346	0.660401	0.206545	2.344594	-0.344813	-1.792854	0.955838	0.003312	1.0	UNRESOLVED_SINGLE_SHARED_SIGNAL	TWO_STAGE_EVIDENCE	UNRESOLVED_SINGLE_SHARED_SIGNAL	NO_TWO_STAGE_FREQUENTIST_EVIDENCE	NOT_SELECTED_BY_EBH
mismatch_high_to_moderate	same_variant_pleiotropy	38	22460942	0.9	0.6	4000	1000	3	10	bd39c66663ca3d7b993ad4964f89344cff765be17d351df0153875c91cbbe193	1.0	6.0	10.0	0.0	0.849731	0.64076	0.147827	2.115551	-0.109377	-2.255292	0.927546	0.005288	1.0	UNRESOLVED_SINGLE_SHARED_SIGNAL	NO_TWO_STAGE_BAYES_EVIDENCE	NO_TWO_STAGE_BAYES_EVIDENCE	NO_TWO_STAGE_FREQUENTIST_EVIDENCE	NOT_SELECTED_BY_EBH
mismatch_high_to_moderate	same_variant_pleiotropy	39	22460943	0.9	0.6	4000	1000	3	10	bd39c66663ca3d7b993ad4964f89344cff765be17d351df0153875c91cbbe193	1.0	6.0	9.0	0.0	0.883209	0.47183	0.363442	2.003151	-1.074533	-2.195173	0.999978	2.1e-05	3.0	OVERIDENTIFIED_SHARED_SIGNALS_ASSUMPTION_CONDITIONAL	NO_TWO_STAGE_BAYES_EVIDENCE	NO_TWO_STAGE_BAYES_EVIDENCE	NO_TWO_STAGE_FREQUENTIST_EVIDENCE	NOT_SELECTED_BY_EBH
mismatch_high_to_moderate	same_variant_pleiotropy	40	22460944	0.9	0.6	4000	1000	3	10	bd39c66663ca3d7b993ad4964f89344cff765be17d351df0153875c91cbbe193	1.0	6.0	8.0	0.0	nan	0.458652	0.711278	1.100122	-1.615459	-2.054465	0.000188	0.96221	0.0	LD_DISTINCT_SUPPORTED	NO_TWO_STAGE_BAYES_EVIDENCE	NO_TWO_STAGE_BAYES_EVIDENCE	NO_TWO_STAGE_FREQUENTIST_EVIDENCE	NOT_SELECTED_BY_EBH
mismatch_high_to_moderate	same_variant_pleiotropy	41	22460945	0.9	0.6	4000	1000	3	10	bd39c66663ca3d7b993ad4964f89344cff765be17d351df0153875c91cbbe193	1.0	6.0	9.0	0.0	0.690104	0.64074	0.040666	2.218509	1.19572	-1.938993	0.775231	0.188887	1.0	UNRESOLVED_SINGLE_SHARED_SIGNAL	NO_TWO_STAGE_BAYES_EVIDENCE	NO_TWO_STAGE_BAYES_EVIDENCE	UNRESOLVED_SINGLE_SHARED_SIGNAL	NOT_SELECTED_BY_EBH
mismatch_high_to_moderate	same_variant_pleiotropy	42	22460946	0.9	0.6	4000	1000	3	10	bd39c66663ca3d7b993ad4964f89344cff765be17d351df0153875c91cbbe193	1.0	6.0	7.0	0.0	0.842507	0.688554	0.078962	2.83973	0.53745	-1.74838	0.997672	0.000557	1.0	UNRESOLVED_SINGLE_SHARED_SIGNAL	TWO_STAGE_EVIDENCE	UNRESOLVED_SINGLE_SHARED_SIGNAL	NO_TWO_STAGE_FREQUENTIST_EVIDENCE	NOT_SELECTED_BY_EBH
mismatch_high_to_moderate	same_variant_pleiotropy	43	22460947	0.9	0.6	4000	1000	3	10	bd39c66663ca3d7b993ad4964f89344cff765be17d351df0153875c91cbbe193	1.0	5.0	8.0	0.0	0.6244	0.504978	0.410749	1.740996	-1.130805	-1.502405	0.999929	6.9e-05	2.0	OVERIDENTIFIED_SHARED_SIGNALS_ASSUMPTION_CONDITIONAL	NO_TWO_STAGE_BAYES_EVIDENCE	NO_TWO_STAGE_BAYES_EVIDENCE	NO_TWO_STAGE_FREQUENTIST_EVIDENCE	NOT_SELECTED_BY_EBH
mismatch_high_to_moderate	same_variant_pleiotropy	44	22460948	0.9	0.6	4000	1000	3	10	bd39c66663ca3d7b993ad4964f89344cff765be17d351df0153875c91cbbe193	1.0	6.0	5.0	0.0	0.708845	0.968973	0.031109	2.40488	1.489916	-1.364037	0.996946	0.002003	1.0	UNRESOLVED_SINGLE_SHARED_SIGNAL	TWO_STAGE_EVIDENCE	UNRESOLVED_SINGLE_SHARED_SIGNAL	UNRESOLVED_SINGLE_SHARED_SIGNAL	NOT_SELECTED_BY_EBH
mismatch_high_to_moderate	same_variant_pleiotropy	45	22460949	0.9	0.6	4000	1000	3	10	bd39c66663ca3d7b993ad4964f89344cff765be17d351df0153875c91cbbe193	1.0	6.0	7.0	0.0	0.570724	0.467158	0.581322	1.226418	-1.48525	-0.687901	0.96485	0.033355	2.0	OVERIDENTIFIED_SHARED_SIGNALS_ASSUMPTION_CONDITIONAL	NO_TWO_STAGE_BAYES_EVIDENCE	NO_TWO_STAGE_BAYES_EVIDENCE	NO_TWO_STAGE_FREQUENTIST_EVIDENCE	NOT_SELECTED_BY_EBH
mismatch_high_to_moderate	same_variant_pleiotropy	46	22460950	0.9	0.6	4000	1000	3	10	bd39c66663ca3d7b993ad4964f89344cff765be17d351df0153875c91cbbe193	1.0	6.0	8.0	0.0	nan	0.622742	0.722535	1.580675	-1.62394	-1.665344	0.01385	0.540447	0.0	LD_CONFIGURATION_AMBIGUOUS	NO_TWO_STAGE_BAYES_EVIDENCE	NO_TWO_STAGE_BAYES_EVIDENCE	NO_TWO_STAGE_FREQUENTIST_EVIDENCE	NOT_SELECTED_BY_EBH
mismatch_high_to_moderate	same_variant_pleiotropy	47	22460951	0.9	0.6	4000	1000	3	10	bd39c66663ca3d7b993ad4964f89344cff765be17d351df0153875c91cbbe193	1.0	5.0	7.0	0.0	0.548052	0.519203	0.338348	1.916286	-0.923058	-1.926613	0.94508	0.035913	2.0	OVERIDENTIFIED_SHARED_SIGNALS_ASSUMPTION_CONDITIONAL	NO_TWO_STAGE_BAYES_EVIDENCE	NO_TWO_STAGE_BAYES_EVIDENCE	NO_TWO_STAGE_FREQUENTIST_EVIDENCE	NOT_SELECTED_BY_EBH
mismatch_high_to_moderate	same_variant_pleiotropy	48	22460952	0.9	0.6	4000	1000	3	10	bd39c66663ca3d7b993ad4964f89344cff765be17d351df0153875c91cbbe193	1.0	6.0	7.0	0.0	0.740673	0.463198	0.092919	2.520718	0.376032	-2.026782	0.996808	0.000144	1.0	UNRESOLVED_SINGLE_SHARED_SIGNAL	TWO_STAGE_EVIDENCE	UNRESOLVED_SINGLE_SHARED_SIGNAL	NO_TWO_STAGE_FREQUENTIST_EVIDENCE	NOT_SELECTED_BY_EBH
mismatch_high_to_moderate	same_variant_pleiotropy	49	22460953	0.9	0.6	4000	1000	3	10	bd39c66663ca3d7b993ad4964f89344cff765be17d351df0153875c91cbbe193	1.0	6.0	6.0	0.0	0.726798	0.650837	0.296263	1.945459	-0.865918	-1.893616	0.999801	2.1e-05	1.0	UNRESOLVED_SINGLE_SHARED_SIGNAL	NO_TWO_STAGE_BAYES_EVIDENCE	NO_TWO_STAGE_BAYES_EVIDENCE	NO_TWO_STAGE_FREQUENTIST_EVIDENCE	NOT_SELECTED_BY_EBH
mismatch_high_to_moderate	same_variant_pleiotropy	50	22460954	0.9	0.6	4000	1000	3	10	bd39c66663ca3d7b993ad4964f89344cff765be17d351df0153875c91cbbe193	1.0	6.0	10.0	0.0	0.926805	0.359838	0.091084	2.777221	0.11636	-1.946169	0.0	0.938609	0.0	LD_DISTINCT_SUPPORTED	TWO_STAGE_EVIDENCE	REJECTED_DISTINCT_REGIONAL_SIGNALS	NO_TWO_STAGE_FREQUENTIST_EVIDENCE	NOT_SELECTED_BY_EBH
mismatch_high_to_moderate	same_variant_pleiotropy	51	22460955	0.9	0.6	4000	1000	3	10	bd39c66663ca3d7b993ad4964f89344cff765be17d351df0153875c91cbbe193	1.0	6.0	8.0	0.0	0.698754	0.516744	0.215026	1.98413	-0.520145	-2.136412	0.990047	0.008347	1.0	UNRESOLVED_SINGLE_SHARED_SIGNAL	NO_TWO_STAGE_BAYES_EVIDENCE	NO_TWO_STAGE_BAYES_EVIDENCE	NO_TWO_STAGE_FREQUENTIST_EVIDENCE	NOT_SELECTED_BY_EBH
mismatch_high_to_moderate	same_variant_pleiotropy	52	22460956	0.9	0.6	4000	1000	3	10	bd39c66663ca3d7b993ad4964f89344cff765be17d351df0153875c91cbbe193	1.0	6.0	8.0	0.0	0.742373	0.553459	0.017267	2.677968	2.174694	-2.226879	0.034449	0.501772	0.0	LD_CONFIGURATION_AMBIGUOUS	TWO_STAGE_EVIDENCE	UNRESOLVED_REGIONAL_CONFIGURATION	UNRESOLVED_REGIONAL_CONFIGURATION	NOT_SELECTED_BY_EBH
mismatch_high_to_moderate	same_variant_pleiotropy	53	22460957	0.9	0.6	4000	1000	3	10	bd39c66663ca3d7b993ad4964f89344cff765be17d351df0153875c91cbbe193	1.0	6.0	5.0	0.0	0.604075	0.591587	0.417033	1.750278	-1.206556	-1.887783	0.0	0.980951	0.0	LD_DISTINCT_SUPPORTED	NO_TWO_STAGE_BAYES_EVIDENCE	NO_TWO_STAGE_BAYES_EVIDENCE	NO_TWO_STAGE_FREQUENTIST_EVIDENCE	NOT_SELECTED_BY_EBH
mismatch_high_to_moderate	same_variant_pleiotropy	54	22460958	0.9	0.6	4000	1000	3	10	bd39c66663ca3d7b993ad4964f89344cff765be17d351df0153875c91cbbe193	1.0	6.0	8.0	0.0	0.65023	nan	0.339468	2.327442	-1.006328	-0.091247	0.999902	1.8e-05	1.0	UNRESOLVED_SINGLE_SHARED_SIGNAL	TWO_STAGE_EVIDENCE	UNRESOLVED_SINGLE_SHARED_SIGNAL	NO_TWO_STAGE_FREQUENTIST_EVIDENCE	NOT_SELECTED_BY_EBH
mismatch_high_to_moderate	same_variant_pleiotropy	55	22460959	0.9	0.6	4000	1000	3	10	bd39c66663ca3d7b993ad4964f89344cff765be17d351df0153875c91cbbe193	1.0	6.0	8.0	0.0	0.66407	0.524116	0.027347	1.892116	1.639008	-2.048711	0.880147	0.052463	1.0	UNRESOLVED_SINGLE_SHARED_SIGNAL	NO_TWO_STAGE_BAYES_EVIDENCE	NO_TWO_STAGE_BAYES_EVIDENCE	UNRESOLVED_SINGLE_SHARED_SIGNAL	NOT_SELECTED_BY_EBH
mismatch_high_to_moderate	same_variant_pleiotropy	56	22460960	0.9	0.6	4000	1000	3	10	bd39c66663ca3d7b993ad4964f89344cff765be17d351df0153875c91cbbe193	1.0	6.0	10.0	0.0	0.657662	0.522359	0.011336	3.014818	2.604262	-2.259628	0.98774	0.011725	2.0	OVERIDENTIFIED_SHARED_SIGNALS_ASSUMPTION_CONDITIONAL	TWO_STAGE_EVIDENCE	SUPPORTED_EXCLUSION_RESTRICTION_CONDITIONAL	SUPPORTED_SCALAR_DISPERSION_EXCLUSION_CONDITIONAL	NOT_SELECTED_BY_EBH
mismatch_high_to_moderate	same_variant_pleiotropy	57	22460961	0.9	0.6	4000	1000	3	10	bd39c66663ca3d7b993ad4964f89344cff765be17d351df0153875c91cbbe193	1.0	6.0	6.0	0.0	0.47032	0.997679	0.239264	2.338567	-0.636964	-1.491671	0.999954	4.4e-05	3.0	OVERIDENTIFIED_SHARED_SIGNALS_ASSUMPTION_CONDITIONAL	TWO_STAGE_EVIDENCE	SUPPORTED_EXCLUSION_RESTRICTION_CONDITIONAL	NO_TWO_STAGE_FREQUENTIST_EVIDENCE	NOT_SELECTED_BY_EBH
mismatch_high_to_moderate	same_variant_pleiotropy	58	22460962	0.9	0.6	4000	1000	3	10	bd39c66663ca3d7b993ad4964f89344cff765be17d351df0153875c91cbbe193	1.0	6.0	6.0	0.0	0.646253	nan	0.429311	1.500808	-1.233353	-0.055369	0.997392	0.000245	1.0	UNRESOLVED_SINGLE_SHARED_SIGNAL	NO_TWO_STAGE_BAYES_EVIDENCE	NO_TWO_STAGE_BAYES_EVIDENCE	NO_TWO_STAGE_FREQUENTIST_EVIDENCE	NOT_SELECTED_BY_EBH
mismatch_high_to_moderate	same_variant_pleiotropy	59	22460963	0.9	0.6	4000	1000	3	10	bd39c66663ca3d7b993ad4964f89344cff765be17d351df0153875c91cbbe193	1.0	6.0	8.0	0.0	0.693543	0.63584	0.103811	2.327292	0.263656	-2.295149	0.997497	0.000346	2.0	OVERIDENTIFIED_SHARED_SIGNALS_ASSUMPTION_CONDITIONAL	TWO_STAGE_EVIDENCE	SUPPORTED_EXCLUSION_RESTRICTION_CONDITIONAL	NO_TWO_STAGE_FREQUENTIST_EVIDENCE	NOT_SELECTED_BY_EBH
mismatch_high_to_moderate	same_variant_pleiotropy	60	22460964	0.9	0.6	4000	1000	3	10	bd39c66663ca3d7b993ad4964f89344cff765be17d351df0153875c91cbbe193	1.0	6.0	8.0	0.0	0.661702	0.472214	0.938606	1.180386	-1.716887	-2.341439	0.912108	0.084012	1.0	UNRESOLVED_SINGLE_SHARED_SIGNAL	NO_TWO_STAGE_BAYES_EVIDENCE	NO_TWO_STAGE_BAYES_EVIDENCE	NO_TWO_STAGE_FREQUENTIST_EVIDENCE	NOT_SELECTED_BY_EBH
mismatch_high_to_moderate	same_variant_pleiotropy	61	22460965	0.9	0.6	4000	1000	3	10	bd39c66663ca3d7b993ad4964f89344cff765be17d351df0153875c91cbbe193	1.0	6.0	11.0	0.0	nan	0.548071	0.629666	0.729442	-1.541148	-2.001877	0.999916	2.5e-05	1.0	UNRESOLVED_SINGLE_SHARED_SIGNAL	NO_TWO_STAGE_BAYES_EVIDENCE	NO_TWO_STAGE_BAYES_EVIDENCE	NO_TWO_STAGE_FREQUENTIST_EVIDENCE	NOT_SELECTED_BY_EBH
mismatch_high_to_moderate	same_variant_pleiotropy	62	22460966	0.9	0.6	4000	1000	3	10	bd39c66663ca3d7b993ad4964f89344cff765be17d351df0153875c91cbbe193	1.0	6.0	6.0	0.0	0.749128	0.857897	0.194011	2.655679	-0.407034	-1.939539	0.999993	6e-06	2.0	OVERIDENTIFIED_SHARED_SIGNALS_ASSUMPTION_CONDITIONAL	TWO_STAGE_EVIDENCE	SUPPORTED_EXCLUSION_RESTRICTION_CONDITIONAL	NO_TWO_STAGE_FREQUENTIST_EVIDENCE	NOT_SELECTED_BY_EBH
mismatch_high_to_moderate	same_variant_pleiotropy	63	22460967	0.9	0.6	4000	1000	3	10	bd39c66663ca3d7b993ad4964f89344cff765be17d351df0153875c91cbbe193	1.0	6.0	7.0	0.0	0.659462	0.503795	0.062174	2.437752	0.656699	-2.070826	0.0	0.0	0.0	UNRESOLVED_NO_OUTCOME_SIGNAL	TWO_STAGE_EVIDENCE	UNRESOLVED_REGIONAL_CONFIGURATION	NO_TWO_STAGE_FREQUENTIST_EVIDENCE	NOT_SELECTED_BY_EBH
mismatch_high_to_moderate	same_variant_pleiotropy	64	22460968	0.9	0.6	4000	1000	3	10	bd39c66663ca3d7b993ad4964f89344cff765be17d351df0153875c91cbbe193	1.0	5.0	7.0	0.0	0.74028	0.520262	0.42096	1.794994	-1.155836	-2.034104	0.999023	0.00047	2.0	OVERIDENTIFIED_SHARED_SIGNALS_ASSUMPTION_CONDITIONAL	NO_TWO_STAGE_BAYES_EVIDENCE	NO_TWO_STAGE_BAYES_EVIDENCE	NO_TWO_STAGE_FREQUENTIST_EVIDENCE	NOT_SELECTED_BY_EBH
mismatch_high_to_moderate	same_variant_pleiotropy	65	22460969	0.9	0.6	4000	1000	3	10	bd39c66663ca3d7b993ad4964f89344cff765be17d351df0153875c91cbbe193	1.0	6.0	7.0	0.0	0.632074	0.696483	0.108139	1.722208	0.221671	-1.720824	0.998963	0.000768	2.0	OVERIDENTIFIED_SHARED_SIGNALS_ASSUMPTION_CONDITIONAL	NO_TWO_STAGE_BAYES_EVIDENCE	NO_TWO_STAGE_BAYES_EVIDENCE	NO_TWO_STAGE_FREQUENTIST_EVIDENCE	NOT_SELECTED_BY_EBH
mismatch_high_to_moderate	same_variant_pleiotropy	66	22460970	0.9	0.6	4000	1000	3	10	bd39c66663ca3d7b993ad4964f89344cff765be17d351df0153875c91cbbe193	1.0	6.0	8.0	0.0	1.062061	0.560176	0.020304	2.905659	1.989736	-2.404346	0.917893	0.013488	1.0	UNRESOLVED_SINGLE_SHARED_SIGNAL	TWO_STAGE_EVIDENCE	UNRESOLVED_SINGLE_SHARED_SIGNAL	UNRESOLVED_SINGLE_SHARED_SIGNAL	NOT_SELECTED_BY_EBH
mismatch_high_to_moderate	same_variant_pleiotropy	67	22460971	0.9	0.6	4000	1000	3	10	bd39c66663ca3d7b993ad4964f89344cff765be17d351df0153875c91cbbe193	1.0	6.0	9.0	0.0	nan	0.587294	0.364552	2.15136	-1.07754	-2.425619	0.0	0.0	0.0	UNRESOLVED_NO_OUTCOME_SIGNAL	NO_TWO_STAGE_BAYES_EVIDENCE	NO_TWO_STAGE_BAYES_EVIDENCE	NO_TWO_STAGE_FREQUENTIST_EVIDENCE	NOT_SELECTED_BY_EBH
mismatch_high_to_moderate	same_variant_pleiotropy	68	22460972	0.9	0.6	4000	1000	3	10	bd39c66663ca3d7b993ad4964f89344cff765be17d351df0153875c91cbbe193	1.0	6.0	9.0	0.0	nan	0.564651	0.902617	1.677195	-1.709915	-2.205119	0.814028	0.026138	1.0	UNRESOLVED_SINGLE_SHARED_SIGNAL	NO_TWO_STAGE_BAYES_EVIDENCE	NO_TWO_STAGE_BAYES_EVIDENCE	NO_TWO_STAGE_FREQUENTIST_EVIDENCE	NOT_SELECTED_BY_EBH
mismatch_high_to_moderate	same_variant_pleiotropy	69	22460973	0.9	0.6	4000	1000	3	10	bd39c66663ca3d7b993ad4964f89344cff765be17d351df0153875c91cbbe193	0.9999999999999999	6.0	6.0	0.0	0.74033	0.690801	0.060871	2.474559	0.790624	-1.953436	0.999952	4.6e-05	2.0	OVERIDENTIFIED_SHARED_SIGNALS_ASSUMPTION_CONDITIONAL	TWO_STAGE_EVIDENCE	SUPPORTED_EXCLUSION_RESTRICTION_CONDITIONAL	NO_TWO_STAGE_FREQUENTIST_EVIDENCE	NOT_SELECTED_BY_EBH
mismatch_high_to_moderate	same_variant_pleiotropy	70	22460974	0.9	0.6	4000	1000	3	10	bd39c66663ca3d7b993ad4964f89344cff765be17d351df0153875c91cbbe193	1.0	6.0	9.0	0.0	nan	0.524723	0.464521	0.582597	-1.304039	-2.226076	0.969613	0.006786	1.0	UNRESOLVED_SINGLE_SHARED_SIGNAL	NO_TWO_STAGE_BAYES_EVIDENCE	NO_TWO_STAGE_BAYES_EVIDENCE	NO_TWO_STAGE_FREQUENTIST_EVIDENCE	NOT_SELECTED_BY_EBH
mismatch_high_to_moderate	same_variant_pleiotropy	71	22460975	0.9	0.6	4000	1000	3	10	bd39c66663ca3d7b993ad4964f89344cff765be17d351df0153875c91cbbe193	1.0	6.0	8.0	0.0	0.524724	0.80459	0.471897	1.613776	-1.317774	-2.205231	0.999997	2e-06	1.0	UNRESOLVED_SINGLE_SHARED_SIGNAL	NO_TWO_STAGE_BAYES_EVIDENCE	NO_TWO_STAGE_BAYES_EVIDENCE	NO_TWO_STAGE_FREQUENTIST_EVIDENCE	NOT_SELECTED_BY_EBH
mismatch_high_to_moderate	same_variant_pleiotropy	72	22460976	0.9	0.6	4000	1000	3	10	bd39c66663ca3d7b993ad4964f89344cff765be17d351df0153875c91cbbe193	1.0	6.0	9.0	0.0	0.465451	0.672619	0.896089	0.93386	-1.708305	-2.424785	0.997948	0.00166	2.0	OVERIDENTIFIED_SHARED_SIGNALS_ASSUMPTION_CONDITIONAL	NO_TWO_STAGE_BAYES_EVIDENCE	NO_TWO_STAGE_BAYES_EVIDENCE	NO_TWO_STAGE_FREQUENTIST_EVIDENCE	NOT_SELECTED_BY_EBH
mismatch_high_to_moderate	same_variant_pleiotropy	73	22460977	0.9	0.6	4000	1000	3	10	bd39c66663ca3d7b993ad4964f89344cff765be17d351df0153875c91cbbe193	1.0	6.0	8.0	0.0	nan	0.744042	0.592299	0.950742	-1.4988	-1.9616	0.974397	0.001278	2.0	OVERIDENTIFIED_SHARED_SIGNALS_ASSUMPTION_CONDITIONAL	NO_TWO_STAGE_BAYES_EVIDENCE	NO_TWO_STAGE_BAYES_EVIDENCE	NO_TWO_STAGE_FREQUENTIST_EVIDENCE	NOT_SELECTED_BY_EBH
mismatch_high_to_moderate	same_variant_pleiotropy	74	22460978	0.9	0.6	4000	1000	3	10	bd39c66663ca3d7b993ad4964f89344cff765be17d351df0153875c91cbbe193	1.0	6.0	8.0	0.0	0.553354	nan	0.131775	1.474836	-0.152163	-0.808175	0.994843	0.003145	1.0	UNRESOLVED_SINGLE_SHARED_SIGNAL	NO_TWO_STAGE_BAYES_EVIDENCE	NO_TWO_STAGE_BAYES_EVIDENCE	NO_TWO_STAGE_FREQUENTIST_EVIDENCE	NOT_SELECTED_BY_EBH
mismatch_high_to_moderate	same_variant_pleiotropy	75	22460979	0.9	0.6	4000	1000	3	10	bd39c66663ca3d7b993ad4964f89344cff765be17d351df0153875c91cbbe193	1.0	6.0	6.0	0.0	0.553251	nan	0.569907	1.778163	-1.470595	-0.692462	0.998493	0.000889	2.0	OVERIDENTIFIED_SHARED_SIGNALS_ASSUMPTION_CONDITIONAL	NO_TWO_STAGE_BAYES_EVIDENCE	NO_TWO_STAGE_BAYES_EVIDENCE	NO_TWO_STAGE_FREQUENTIST_EVIDENCE	NOT_SELECTED_BY_EBH
mismatch_high_to_moderate	same_variant_pleiotropy	76	22460980	0.9	0.6	4000	1000	3	10	bd39c66663ca3d7b993ad4964f89344cff765be17d351df0153875c91cbbe193	1.0	6.0	7.0	0.0	0.744737	nan	0.393039	2.306467	-1.150645	-1.319295	0.985765	0.009088	1.0	UNRESOLVED_SINGLE_SHARED_SIGNAL	TWO_STAGE_EVIDENCE	UNRESOLVED_SINGLE_SHARED_SIGNAL	NO_TWO_STAGE_FREQUENTIST_EVIDENCE	NOT_SELECTED_BY_EBH
mismatch_high_to_moderate	same_variant_pleiotropy	77	22460981	0.9	0.6	4000	1000	3	10	bd39c66663ca3d7b993ad4964f89344cff765be17d351df0153875c91cbbe193	1.0	6.0	9.0	0.0	0.664027	0.542625	0.272838	1.944745	-0.778663	-2.583104	0.92969	0.002248	1.0	UNRESOLVED_SINGLE_SHARED_SIGNAL	NO_TWO_STAGE_BAYES_EVIDENCE	NO_TWO_STAGE_BAYES_EVIDENCE	NO_TWO_STAGE_FREQUENTIST_EVIDENCE	NOT_SELECTED_BY_EBH
mismatch_high_to_moderate	same_variant_pleiotropy	78	22460982	0.9	0.6	4000	1000	3	10	bd39c66663ca3d7b993ad4964f89344cff765be17d351df0153875c91cbbe193	1.0	6.0	8.0	0.0	0.675255	0.439589	0.479113	1.741195	-1.330875	-1.988177	0.031088	0.69259	0.0	LD_CONFIGURATION_AMBIGUOUS	NO_TWO_STAGE_BAYES_EVIDENCE	NO_TWO_STAGE_BAYES_EVIDENCE	NO_TWO_STAGE_FREQUENTIST_EVIDENCE	NOT_SELECTED_BY_EBH
mismatch_high_to_moderate	same_variant_pleiotropy	79	22460983	0.9	0.6	4000	1000	3	10	bd39c66663ca3d7b993ad4964f89344cff765be17d351df0153875c91cbbe193	1.0	6.0	7.0	0.0	0.86249	0.686579	0.054073	2.879597	0.789213	-1.337029	0.999915	3.9e-05	2.0	OVERIDENTIFIED_SHARED_SIGNALS_ASSUMPTION_CONDITIONAL	TWO_STAGE_EVIDENCE	SUPPORTED_EXCLUSION_RESTRICTION_CONDITIONAL	NO_TWO_STAGE_FREQUENTIST_EVIDENCE	NOT_SELECTED_BY_EBH
mismatch_high_to_moderate	same_variant_pleiotropy	80	22460984	0.9	0.6	4000	1000	3	10	bd39c66663ca3d7b993ad4964f89344cff765be17d351df0153875c91cbbe193	1.0	6.0	6.0	0.0	0.726135	0.570027	0.105613	3.073797	0.246002	-1.568342	0.985456	0.008812	1.0	UNRESOLVED_SINGLE_SHARED_SIGNAL	TWO_STAGE_EVIDENCE	UNRESOLVED_SINGLE_SHARED_SIGNAL	NO_TWO_STAGE_FREQUENTIST_EVIDENCE	NOT_SELECTED_BY_EBH
mismatch_high_to_moderate	same_variant_pleiotropy	81	22460985	0.9	0.6	4000	1000	3	10	bd39c66663ca3d7b993ad4964f89344cff765be17d351df0153875c91cbbe193	1.0	6.0	6.0	0.0	nan	0.653628	0.240481	2.509657	-0.642485	-1.393373	0.998317	0.000328	1.0	UNRESOLVED_SINGLE_SHARED_SIGNAL	TWO_STAGE_EVIDENCE	UNRESOLVED_SINGLE_SHARED_SIGNAL	NO_TWO_STAGE_FREQUENTIST_EVIDENCE	NOT_SELECTED_BY_EBH
mismatch_high_to_moderate	same_variant_pleiotropy	82	22460986	0.9	0.6	4000	1000	3	10	bd39c66663ca3d7b993ad4964f89344cff765be17d351df0153875c91cbbe193	1.0	6.0	7.0	0.0	nan	0.589851	0.291197	0.759318	-0.847773	-2.025991	0.96495	0.025738	1.0	UNRESOLVED_SINGLE_SHARED_SIGNAL	NO_TWO_STAGE_BAYES_EVIDENCE	NO_TWO_STAGE_BAYES_EVIDENCE	NO_TWO_STAGE_FREQUENTIST_EVIDENCE	NOT_SELECTED_BY_EBH
mismatch_high_to_moderate	same_variant_pleiotropy	83	22460987	0.9	0.6	4000	1000	3	10	bd39c66663ca3d7b993ad4964f89344cff765be17d351df0153875c91cbbe193	1.0	6.0	10.0	0.0	0.781209	0.619539	0.048175	2.95959	1.02131	-2.630697	0.996045	0.000853	2.0	OVERIDENTIFIED_SHARED_SIGNALS_ASSUMPTION_CONDITIONAL	TWO_STAGE_EVIDENCE	SUPPORTED_EXCLUSION_RESTRICTION_CONDITIONAL	SUPPORTED_SCALAR_DISPERSION_EXCLUSION_CONDITIONAL	NOT_SELECTED_BY_EBH
mismatch_high_to_moderate	same_variant_pleiotropy	84	22460988	0.9	0.6	4000	1000	3	10	bd39c66663ca3d7b993ad4964f89344cff765be17d351df0153875c91cbbe193	1.0	6.0	7.0	0.0	nan	0.623054	0.765361	0.87078	-1.652628	-1.620747	0.860237	0.019927	2.0	OVERIDENTIFIED_SHARED_SIGNALS_ASSUMPTION_CONDITIONAL	NO_TWO_STAGE_BAYES_EVIDENCE	NO_TWO_STAGE_BAYES_EVIDENCE	NO_TWO_STAGE_FREQUENTIST_EVIDENCE	NOT_SELECTED_BY_EBH
mismatch_high_to_moderate	same_variant_pleiotropy	85	22460989	0.9	0.6	4000	1000	3	10	bd39c66663ca3d7b993ad4964f89344cff765be17d351df0153875c91cbbe193	1.0	6.0	7.0	0.0	nan	0.472931	0.997047	1.084845	-1.721451	-2.326253	0.932853	0.029993	1.0	UNRESOLVED_SINGLE_SHARED_SIGNAL	NO_TWO_STAGE_BAYES_EVIDENCE	NO_TWO_STAGE_BAYES_EVIDENCE	NO_TWO_STAGE_FREQUENTIST_EVIDENCE	NOT_SELECTED_BY_EBH
mismatch_high_to_moderate	same_variant_pleiotropy	86	22460990	0.9	0.6	4000	1000	3	10	bd39c66663ca3d7b993ad4964f89344cff765be17d351df0153875c91cbbe193	1.0	6.0	9.0	0.0	0.761774	0.62734	0.148574	2.843963	-0.114839	-2.262435	0.003523	0.763606	0.0	LD_CONFIGURATION_AMBIGUOUS	TWO_STAGE_EVIDENCE	UNRESOLVED_REGIONAL_CONFIGURATION	NO_TWO_STAGE_FREQUENTIST_EVIDENCE	NOT_SELECTED_BY_EBH
mismatch_high_to_moderate	same_variant_pleiotropy	87	22460991	0.9	0.6	4000	1000	3	10	bd39c66663ca3d7b993ad4964f89344cff765be17d351df0153875c91cbbe193	1.0	6.0	7.0	0.0	0.797392	0.491115	0.240193	2.361739	-0.641183	-1.994431	0.997251	0.001514	2.0	OVERIDENTIFIED_SHARED_SIGNALS_ASSUMPTION_CONDITIONAL	TWO_STAGE_EVIDENCE	SUPPORTED_EXCLUSION_RESTRICTION_CONDITIONAL	NO_TWO_STAGE_FREQUENTIST_EVIDENCE	NOT_SELECTED_BY_EBH
mismatch_high_to_moderate	same_variant_pleiotropy	88	22460992	0.9	0.6	4000	1000	3	10	bd39c66663ca3d7b993ad4964f89344cff765be17d351df0153875c91cbbe193	1.0	6.0	8.0	0.0	0.736547	0.511331	0.079645	2.605596	0.528992	-2.382027	0.951796	0.002158	2.0	OVERIDENTIFIED_SHARED_SIGNALS_ASSUMPTION_CONDITIONAL	TWO_STAGE_EVIDENCE	SUPPORTED_EXCLUSION_RESTRICTION_CONDITIONAL	NO_TWO_STAGE_FREQUENTIST_EVIDENCE	NOT_SELECTED_BY_EBH
mismatch_high_to_moderate	same_variant_pleiotropy	89	22460993	0.9	0.6	4000	1000	3	10	bd39c66663ca3d7b993ad4964f89344cff765be17d351df0153875c91cbbe193	1.0	6.0	8.0	0.0	0.699218	0.595487	0.283727	2.339394	-0.820302	-1.251034	0.999566	0.000398	1.0	UNRESOLVED_SINGLE_SHARED_SIGNAL	TWO_STAGE_EVIDENCE	UNRESOLVED_SINGLE_SHARED_SIGNAL	NO_TWO_STAGE_FREQUENTIST_EVIDENCE	NOT_SELECTED_BY_EBH
mismatch_high_to_moderate	same_variant_pleiotropy	90	22460994	0.9	0.6	4000	1000	3	10	bd39c66663ca3d7b993ad4964f89344cff765be17d351df0153875c91cbbe193	0.9999999999999999	6.0	7.0	0.0	nan	0.597935	0.575279	1.838738	-1.477564	-1.914076	0.999981	1.7e-05	1.0	UNRESOLVED_SINGLE_SHARED_SIGNAL	NO_TWO_STAGE_BAYES_EVIDENCE	NO_TWO_STAGE_BAYES_EVIDENCE	NO_TWO_STAGE_FREQUENTIST_EVIDENCE	NOT_SELECTED_BY_EBH
mismatch_high_to_moderate	same_variant_pleiotropy	91	22460995	0.9	0.6	4000	1000	3	10	bd39c66663ca3d7b993ad4964f89344cff765be17d351df0153875c91cbbe193	1.0	6.0	9.0	0.0	0.571761	0.609913	0.126763	1.868702	0.055451	-1.629994	0.999277	0.000139	2.0	OVERIDENTIFIED_SHARED_SIGNALS_ASSUMPTION_CONDITIONAL	NO_TWO_STAGE_BAYES_EVIDENCE	NO_TWO_STAGE_BAYES_EVIDENCE	NO_TWO_STAGE_FREQUENTIST_EVIDENCE	NOT_SELECTED_BY_EBH
mismatch_high_to_moderate	same_variant_pleiotropy	92	22460996	0.9	0.6	4000	1000	3	10	bd39c66663ca3d7b993ad4964f89344cff765be17d351df0153875c91cbbe193	1.0	6.0	9.0	0.0	nan	0.597996	0.952521	1.594281	-1.718728	-1.040098	0.999606	0.000391	1.0	UNRESOLVED_SINGLE_SHARED_SIGNAL	NO_TWO_STAGE_BAYES_EVIDENCE	NO_TWO_STAGE_BAYES_EVIDENCE	NO_TWO_STAGE_FREQUENTIST_EVIDENCE	NOT_SELECTED_BY_EBH
mismatch_high_to_moderate	same_variant_pleiotropy	93	22460997	0.9	0.6	4000	1000	3	10	bd39c66663ca3d7b993ad4964f89344cff765be17d351df0153875c91cbbe193	1.0	6.0	7.0	0.0	0.693119	0.497276	0.188793	2.288104	-0.37702	-2.216227	0.980396	0.007754	1.0	UNRESOLVED_SINGLE_SHARED_SIGNAL	NO_TWO_STAGE_BAYES_EVIDENCE	NO_TWO_STAGE_BAYES_EVIDENCE	NO_TWO_STAGE_FREQUENTIST_EVIDENCE	NOT_SELECTED_BY_EBH
mismatch_high_to_moderate	same_variant_pleiotropy	94	22460998	0.9	0.6	4000	1000	3	10	bd39c66663ca3d7b993ad4964f89344cff765be17d351df0153875c91cbbe193	1.0	6.0	6.0	0.0	0.635452	0.915937	0.009263	1.815015	2.793885	-1.42799	0.999834	2.9e-05	2.0	OVERIDENTIFIED_SHARED_SIGNALS_ASSUMPTION_CONDITIONAL	NO_TWO_STAGE_BAYES_EVIDENCE	NO_TWO_STAGE_BAYES_EVIDENCE	SUPPORTED_SCALAR_DISPERSION_EXCLUSION_CONDITIONAL	NOT_SELECTED_BY_EBH
mismatch_high_to_moderate	same_variant_pleiotropy	95	22460999	0.9	0.6	4000	1000	3	10	bd39c66663ca3d7b993ad4964f89344cff765be17d351df0153875c91cbbe193	1.0	6.0	6.0	0.0	0.613559	nan	0.999421	1.189179	-1.721461	2.156055	0.992755	0.007245	1.0	UNRESOLVED_SINGLE_SHARED_SIGNAL	NO_TWO_STAGE_BAYES_EVIDENCE	NO_TWO_STAGE_BAYES_EVIDENCE	NO_TWO_STAGE_FREQUENTIST_EVIDENCE	NOT_SELECTED_BY_EBH
mismatch_high_to_moderate	same_variant_pleiotropy	96	22461000	0.9	0.6	4000	1000	3	10	bd39c66663ca3d7b993ad4964f89344cff765be17d351df0153875c91cbbe193	1.0	6.0	7.0	0.0	nan	nan	0.424194	2.271301	-1.222327	-0.739451	0.999963	3.7e-05	1.0	UNRESOLVED_SINGLE_SHARED_SIGNAL	NO_TWO_STAGE_BAYES_EVIDENCE	NO_TWO_STAGE_BAYES_EVIDENCE	NO_TWO_STAGE_FREQUENTIST_EVIDENCE	NOT_SELECTED_BY_EBH
mismatch_high_to_moderate	same_variant_pleiotropy	97	22461001	0.9	0.6	4000	1000	3	10	bd39c66663ca3d7b993ad4964f89344cff765be17d351df0153875c91cbbe193	1.0	6.0	8.0	0.0	0.65007	0.551681	0.03083	2.378957	1.235681	-1.923699	0.863649	0.12324	2.0	OVERIDENTIFIED_SHARED_SIGNALS_ASSUMPTION_CONDITIONAL	TWO_STAGE_EVIDENCE	SUPPORTED_EXCLUSION_RESTRICTION_CONDITIONAL	SUPPORTED_SCALAR_DISPERSION_EXCLUSION_CONDITIONAL	NOT_SELECTED_BY_EBH
mismatch_high_to_moderate	same_variant_pleiotropy	98	22461002	0.9	0.6	4000	1000	3	10	bd39c66663ca3d7b993ad4964f89344cff765be17d351df0153875c91cbbe193	1.0	6.0	7.0	0.0	0.693519	0.794753	0.569052	1.582328	-1.469473	-1.333849	0.926237	0.067961	1.0	UNRESOLVED_SINGLE_SHARED_SIGNAL	NO_TWO_STAGE_BAYES_EVIDENCE	NO_TWO_STAGE_BAYES_EVIDENCE	NO_TWO_STAGE_FREQUENTIST_EVIDENCE	NOT_SELECTED_BY_EBH
mismatch_high_to_moderate	same_variant_pleiotropy	99	22461003	0.9	0.6	4000	1000	3	10	bd39c66663ca3d7b993ad4964f89344cff765be17d351df0153875c91cbbe193	1.0	6.0	9.0	0.0	0.592193	0.723764	0.572972	1.803742	-1.474587	-2.332985	0.995533	0.000108	2.0	OVERIDENTIFIED_SHARED_SIGNALS_ASSUMPTION_CONDITIONAL	NO_TWO_STAGE_BAYES_EVIDENCE	NO_TWO_STAGE_BAYES_EVIDENCE	NO_TWO_STAGE_FREQUENTIST_EVIDENCE	NOT_SELECTED_BY_EBH
mismatch_high_to_moderate	same_variant_pleiotropy	100	22461004	0.9	0.6	4000	1000	3	10	bd39c66663ca3d7b993ad4964f89344cff765be17d351df0153875c91cbbe193	1.0	6.0	6.0	0.0	0.817372	0.853415	0.198374	1.99795	-0.431512	-1.190549	0.959442	0.013792	2.0	OVERIDENTIFIED_SHARED_SIGNALS_ASSUMPTION_CONDITIONAL	NO_TWO_STAGE_BAYES_EVIDENCE	NO_TWO_STAGE_BAYES_EVIDENCE	NO_TWO_STAGE_FREQUENTIST_EVIDENCE	NOT_SELECTED_BY_EBH
mismatch_high_to_moderate	shared_mediation	1	22260905	0.9	0.6	4000	1000	3	10	bd39c66663ca3d7b993ad4964f89344cff765be17d351df0153875c91cbbe193	1.0	6.0	7.0	0.0	0.689321	0.577684	0.47558	1.554609	-1.324501	-2.112049	0.967994	0.005138	1.0	UNRESOLVED_SINGLE_SHARED_SIGNAL	NO_TWO_STAGE_BAYES_EVIDENCE	NO_TWO_STAGE_BAYES_EVIDENCE	NO_TWO_STAGE_FREQUENTIST_EVIDENCE	NOT_SELECTED_BY_EBH
mismatch_high_to_moderate	shared_mediation	2	22260906	0.9	0.6	4000	1000	3	10	bd39c66663ca3d7b993ad4964f89344cff765be17d351df0153875c91cbbe193	1.0	6.0	7.0	0.0	0.604561	0.547255	0.068843	1.715291	0.671148	-2.209552	0.970731	0.000745	1.0	UNRESOLVED_SINGLE_SHARED_SIGNAL	NO_TWO_STAGE_BAYES_EVIDENCE	NO_TWO_STAGE_BAYES_EVIDENCE	NO_TWO_STAGE_FREQUENTIST_EVIDENCE	NOT_SELECTED_BY_EBH
mismatch_high_to_moderate	shared_mediation	3	22260907	0.9	0.6	4000	1000	3	10	bd39c66663ca3d7b993ad4964f89344cff765be17d351df0153875c91cbbe193	1.0	6.0	10.0	0.0	0.75843	0.500471	0.067449	1.736461	0.397189	-1.572114	0.999816	4e-06	1.0	UNRESOLVED_SINGLE_SHARED_SIGNAL	NO_TWO_STAGE_BAYES_EVIDENCE	NO_TWO_STAGE_BAYES_EVIDENCE	NO_TWO_STAGE_FREQUENTIST_EVIDENCE	NOT_SELECTED_BY_EBH
mismatch_high_to_moderate	shared_mediation	4	22260908	0.9	0.6	4000	1000	3	10	bd39c66663ca3d7b993ad4964f89344cff765be17d351df0153875c91cbbe193	1.0	6.0	4.0	0.0	0.753844	0.70105	0.079425	2.364362	1.061361	-1.544536	0.99432	0.000865	2.0	OVERIDENTIFIED_SHARED_SIGNALS_ASSUMPTION_CONDITIONAL	TWO_STAGE_EVIDENCE	SUPPORTED_EXCLUSION_RESTRICTION_CONDITIONAL	NO_TWO_STAGE_FREQUENTIST_EVIDENCE	NOT_SELECTED_BY_EBH
mismatch_high_to_moderate	shared_mediation	5	22260909	0.9	0.6	4000	1000	3	10	bd39c66663ca3d7b993ad4964f89344cff765be17d351df0153875c91cbbe193	1.0	6.0	8.0	0.0	0.738517	0.805159	0.117178	2.473075	0.138267	-2.13891	0.999838	9.6e-05	3.0	OVERIDENTIFIED_SHARED_SIGNALS_ASSUMPTION_CONDITIONAL	TWO_STAGE_EVIDENCE	SUPPORTED_EXCLUSION_RESTRICTION_CONDITIONAL	NO_TWO_STAGE_FREQUENTIST_EVIDENCE	NOT_SELECTED_BY_EBH
mismatch_high_to_moderate	shared_mediation	6	22260910	0.9	0.6	4000	1000	3	10	bd39c66663ca3d7b993ad4964f89344cff765be17d351df0153875c91cbbe193	1.0	6.0	7.0	0.0	0.602955	0.454306	0.232358	1.774085	-0.605038	-1.900449	0.943578	0.043065	1.0	UNRESOLVED_SINGLE_SHARED_SIGNAL	NO_TWO_STAGE_BAYES_EVIDENCE	NO_TWO_STAGE_BAYES_EVIDENCE	NO_TWO_STAGE_FREQUENTIST_EVIDENCE	NOT_SELECTED_BY_EBH
mismatch_high_to_moderate	shared_mediation	7	22260911	0.9	0.6	4000	1000	3	10	bd39c66663ca3d7b993ad4964f89344cff765be17d351df0153875c91cbbe193	1.0	6.0	7.0	0.0	0.472756	0.712163	0.903105	1.192811	-1.71003	-1.834917	0.913466	0.062424	2.0	OVERIDENTIFIED_SHARED_SIGNALS_ASSUMPTION_CONDITIONAL	NO_TWO_STAGE_BAYES_EVIDENCE	NO_TWO_STAGE_BAYES_EVIDENCE	NO_TWO_STAGE_FREQUENTIST_EVIDENCE	NOT_SELECTED_BY_EBH
mismatch_high_to_moderate	shared_mediation	8	22260912	0.9	0.6	4000	1000	3	10	bd39c66663ca3d7b993ad4964f89344cff765be17d351df0153875c91cbbe193	1.0	6.0	9.0	0.0	0.756031	0.670259	0.047533	3.091452	1.03483	-1.828003	1.0	0.0	1.0	UNRESOLVED_SINGLE_SHARED_SIGNAL	TWO_STAGE_EVIDENCE	UNRESOLVED_SINGLE_SHARED_SIGNAL	UNRESOLVED_SINGLE_SHARED_SIGNAL	NOT_SELECTED_BY_EBH
mismatch_high_to_moderate	shared_mediation	9	22260913	0.9	0.6	4000	1000	3	10	bd39c66663ca3d7b993ad4964f89344cff765be17d351df0153875c91cbbe193	0.9999999999999999	5.0	8.0	0.0	0.84973	0.461914	0.183992	2.263075	-0.207081	-2.335599	0.923294	0.010144	1.0	UNRESOLVED_SINGLE_SHARED_SIGNAL	NO_TWO_STAGE_BAYES_EVIDENCE	NO_TWO_STAGE_BAYES_EVIDENCE	NO_TWO_STAGE_FREQUENTIST_EVIDENCE	NOT_SELECTED_BY_EBH
mismatch_high_to_moderate	shared_mediation	10	22260914	0.9	0.6	4000	1000	3	10	bd39c66663ca3d7b993ad4964f89344cff765be17d351df0153875c91cbbe193	1.0	6.0	5.0	0.0	0.72679	0.805327	0.133694	2.486204	-0.001225	-1.390771	0.993754	0.004674	1.0	UNRESOLVED_SINGLE_SHARED_SIGNAL	TWO_STAGE_EVIDENCE	UNRESOLVED_SINGLE_SHARED_SIGNAL	NO_TWO_STAGE_FREQUENTIST_EVIDENCE	NOT_SELECTED_BY_EBH
mismatch_high_to_moderate	shared_mediation	11	22260915	0.9	0.6	4000	1000	3	10	bd39c66663ca3d7b993ad4964f89344cff765be17d351df0153875c91cbbe193	1.0	6.0	9.0	0.0	0.539781	0.589171	0.282802	1.271664	-0.816839	-2.445734	0.998173	0.001248	2.0	OVERIDENTIFIED_SHARED_SIGNALS_ASSUMPTION_CONDITIONAL	NO_TWO_STAGE_BAYES_EVIDENCE	NO_TWO_STAGE_BAYES_EVIDENCE	NO_TWO_STAGE_FREQUENTIST_EVIDENCE	NOT_SELECTED_BY_EBH
mismatch_high_to_moderate	shared_mediation	12	22260916	0.9	0.6	4000	1000	3	10	bd39c66663ca3d7b993ad4964f89344cff765be17d351df0153875c91cbbe193	1.0	6.0	6.0	0.0	0.648834	0.564656	0.468189	1.839535	-1.310914	-1.664623	0.996295	0.000514	1.0	UNRESOLVED_SINGLE_SHARED_SIGNAL	NO_TWO_STAGE_BAYES_EVIDENCE	NO_TWO_STAGE_BAYES_EVIDENCE	NO_TWO_STAGE_FREQUENTIST_EVIDENCE	NOT_SELECTED_BY_EBH
mismatch_high_to_moderate	shared_mediation	13	22260917	0.9	0.6	4000	1000	3	10	bd39c66663ca3d7b993ad4964f89344cff765be17d351df0153875c91cbbe193	1.0	6.0	7.0	0.0	0.905741	0.516952	0.0688	2.518296	0.671765	-1.835112	0.998878	0.001092	2.0	OVERIDENTIFIED_SHARED_SIGNALS_ASSUMPTION_CONDITIONAL	TWO_STAGE_EVIDENCE	SUPPORTED_EXCLUSION_RESTRICTION_CONDITIONAL	NO_TWO_STAGE_FREQUENTIST_EVIDENCE	NOT_SELECTED_BY_EBH
mismatch_high_to_moderate	shared_mediation	14	22260918	0.9	0.6	4000	1000	3	10	bd39c66663ca3d7b993ad4964f89344cff765be17d351df0153875c91cbbe193	1.0	6.0	8.0	0.0	0.532653	0.711475	0.482035	0.789009	-1.336088	-1.751888	0.982871	0.00201	1.0	UNRESOLVED_SINGLE_SHARED_SIGNAL	NO_TWO_STAGE_BAYES_EVIDENCE	NO_TWO_STAGE_BAYES_EVIDENCE	NO_TWO_STAGE_FREQUENTIST_EVIDENCE	NOT_SELECTED_BY_EBH
mismatch_high_to_moderate	shared_mediation	15	22260919	0.9	0.6	4000	1000	3	10	bd39c66663ca3d7b993ad4964f89344cff765be17d351df0153875c91cbbe193	1.0	6.0	7.0	0.0	0.771435	0.889563	0.06538	2.947304	0.721237	-1.486557	0.9934	0.00089	3.0	OVERIDENTIFIED_SHARED_SIGNALS_ASSUMPTION_CONDITIONAL	TWO_STAGE_EVIDENCE	SUPPORTED_EXCLUSION_RESTRICTION_CONDITIONAL	NO_TWO_STAGE_FREQUENTIST_EVIDENCE	NOT_SELECTED_BY_EBH
mismatch_high_to_moderate	shared_mediation	16	22260920	0.9	0.6	4000	1000	3	10	bd39c66663ca3d7b993ad4964f89344cff765be17d351df0153875c91cbbe193	1.0	6.0	5.0	0.0	0.493995	0.61001	0.75888	0.724241	-1.64864	-1.140447	0.977352	0.013323	1.0	UNRESOLVED_SINGLE_SHARED_SIGNAL	NO_TWO_STAGE_BAYES_EVIDENCE	NO_TWO_STAGE_BAYES_EVIDENCE	NO_TWO_STAGE_FREQUENTIST_EVIDENCE	NOT_SELECTED_BY_EBH
mismatch_high_to_moderate	shared_mediation	17	22260921	0.9	0.6	4000	1000	3	10	bd39c66663ca3d7b993ad4964f89344cff765be17d351df0153875c91cbbe193	1.0	6.0	9.0	0.0	nan	0.756979	0.734409	0.919449	-1.632454	-1.302903	0.999749	0.000199	1.0	UNRESOLVED_SINGLE_SHARED_SIGNAL	NO_TWO_STAGE_BAYES_EVIDENCE	NO_TWO_STAGE_BAYES_EVIDENCE	NO_TWO_STAGE_FREQUENTIST_EVIDENCE	NOT_SELECTED_BY_EBH
mismatch_high_to_moderate	shared_mediation	18	22260922	0.9	0.6	4000	1000	3	10	bd39c66663ca3d7b993ad4964f89344cff765be17d351df0153875c91cbbe193	1.0	6.0	7.0	0.0	0.645219	0.680759	0.320634	1.48755	-0.948104	-2.034895	0.98846	0.002913	1.0	UNRESOLVED_SINGLE_SHARED_SIGNAL	NO_TWO_STAGE_BAYES_EVIDENCE	NO_TWO_STAGE_BAYES_EVIDENCE	NO_TWO_STAGE_FREQUENTIST_EVIDENCE	NOT_SELECTED_BY_EBH
mismatch_high_to_moderate	shared_mediation	19	22260923	0.9	0.6	4000	1000	3	10	bd39c66663ca3d7b993ad4964f89344cff765be17d351df0153875c91cbbe193	1.0	6.0	9.0	0.0	0.506815	0.475617	0.787144	1.45634	-1.66514	-1.73964	0.999197	0.000568	3.0	OVERIDENTIFIED_SHARED_SIGNALS_ASSUMPTION_CONDITIONAL	NO_TWO_STAGE_BAYES_EVIDENCE	NO_TWO_STAGE_BAYES_EVIDENCE	NO_TWO_STAGE_FREQUENTIST_EVIDENCE	NOT_SELECTED_BY_EBH
mismatch_high_to_moderate	shared_mediation	20	22260924	0.9	0.6	4000	1000	3	10	bd39c66663ca3d7b993ad4964f89344cff765be17d351df0153875c91cbbe193	1.0	6.0	9.0	0.0	0.60757	0.557677	0.885365	1.120259	-1.705427	-2.238553	0.416094	0.380642	0.0	LD_CONFIGURATION_AMBIGUOUS	NO_TWO_STAGE_BAYES_EVIDENCE	NO_TWO_STAGE_BAYES_EVIDENCE	NO_TWO_STAGE_FREQUENTIST_EVIDENCE	NOT_SELECTED_BY_EBH
mismatch_high_to_moderate	shared_mediation	21	22260925	0.9	0.6	4000	1000	3	10	bd39c66663ca3d7b993ad4964f89344cff765be17d351df0153875c91cbbe193	1.0	6.0	8.0	0.0	0.742018	0.715136	0.091417	2.351468	0.392374	-1.51214	0.999973	2.7e-05	2.0	OVERIDENTIFIED_SHARED_SIGNALS_ASSUMPTION_CONDITIONAL	TWO_STAGE_EVIDENCE	SUPPORTED_EXCLUSION_RESTRICTION_CONDITIONAL	NO_TWO_STAGE_FREQUENTIST_EVIDENCE	NOT_SELECTED_BY_EBH
mismatch_high_to_moderate	shared_mediation	22	22260926	0.9	0.6	4000	1000	3	10	bd39c66663ca3d7b993ad4964f89344cff765be17d351df0153875c91cbbe193	1.0	6.0	5.0	0.0	0.616187	0.73571	0.465094	1.389098	-1.305119	-1.012674	0.996865	0.003004	2.0	OVERIDENTIFIED_SHARED_SIGNALS_ASSUMPTION_CONDITIONAL	NO_TWO_STAGE_BAYES_EVIDENCE	NO_TWO_STAGE_BAYES_EVIDENCE	NO_TWO_STAGE_FREQUENTIST_EVIDENCE	NOT_SELECTED_BY_EBH
mismatch_high_to_moderate	shared_mediation	23	22260927	0.9	0.6	4000	1000	3	10	bd39c66663ca3d7b993ad4964f89344cff765be17d351df0153875c91cbbe193	1.0	6.0	6.0	0.0	nan	0.527556	0.481154	0.68253	-1.334522	-1.672697	0.0	0.859556	0.0	LD_DISTINCT_SUPPORTED	NO_TWO_STAGE_BAYES_EVIDENCE	NO_TWO_STAGE_BAYES_EVIDENCE	NO_TWO_STAGE_FREQUENTIST_EVIDENCE	NOT_SELECTED_BY_EBH
mismatch_high_to_moderate	shared_mediation	24	22260928	0.9	0.6	4000	1000	3	10	bd39c66663ca3d7b993ad4964f89344cff765be17d351df0153875c91cbbe193	1.0	6.0	7.0	0.0	0.597245	0.482781	0.672176	1.34288	-1.582771	-1.607963	0.0	0.0	0.0	UNRESOLVED_NO_OUTCOME_SIGNAL	NO_TWO_STAGE_BAYES_EVIDENCE	NO_TWO_STAGE_BAYES_EVIDENCE	NO_TWO_STAGE_FREQUENTIST_EVIDENCE	NOT_SELECTED_BY_EBH
mismatch_high_to_moderate	shared_mediation	25	22260929	0.9	0.6	4000	1000	3	10	bd39c66663ca3d7b993ad4964f89344cff765be17d351df0153875c91cbbe193	1.0	6.0	7.0	0.0	0.792427	0.591432	0.003846	3.027797	3.744974	-2.312925	0.994638	0.003547	1.0	UNRESOLVED_SINGLE_SHARED_SIGNAL	TWO_STAGE_EVIDENCE	UNRESOLVED_SINGLE_SHARED_SIGNAL	UNRESOLVED_SINGLE_SHARED_SIGNAL	UNRESOLVED_SINGLE_SHARED_SIGNAL
mismatch_high_to_moderate	shared_mediation	26	22260930	0.9	0.6	4000	1000	3	10	bd39c66663ca3d7b993ad4964f89344cff765be17d351df0153875c91cbbe193	1.0	6.0	8.0	0.0	nan	0.725254	0.943102	1.223308	-1.717534	-2.120264	0.996509	0.002945	3.0	OVERIDENTIFIED_SHARED_SIGNALS_ASSUMPTION_CONDITIONAL	NO_TWO_STAGE_BAYES_EVIDENCE	NO_TWO_STAGE_BAYES_EVIDENCE	NO_TWO_STAGE_FREQUENTIST_EVIDENCE	NOT_SELECTED_BY_EBH
mismatch_high_to_moderate	shared_mediation	27	22260931	0.9	0.6	4000	1000	3	10	bd39c66663ca3d7b993ad4964f89344cff765be17d351df0153875c91cbbe193	1.0	6.0	9.0	0.0	0.670341	0.72906	0.018938	2.322217	2.070244	-2.033576	0.999899	0.0001	1.0	UNRESOLVED_SINGLE_SHARED_SIGNAL	TWO_STAGE_EVIDENCE	UNRESOLVED_SINGLE_SHARED_SIGNAL	UNRESOLVED_SINGLE_SHARED_SIGNAL	NOT_SELECTED_BY_EBH
mismatch_high_to_moderate	shared_mediation	28	22260932	0.9	0.6	4000	1000	3	10	bd39c66663ca3d7b993ad4964f89344cff765be17d351df0153875c91cbbe193	1.0	6.0	7.0	0.0	0.824359	0.502655	0.059669	2.757419	0.695779	-1.881907	0.044655	0.654723	0.0	LD_CONFIGURATION_AMBIGUOUS	TWO_STAGE_EVIDENCE	UNRESOLVED_REGIONAL_CONFIGURATION	NO_TWO_STAGE_FREQUENTIST_EVIDENCE	NOT_SELECTED_BY_EBH
mismatch_high_to_moderate	shared_mediation	29	22260933	0.9	0.6	4000	1000	3	10	bd39c66663ca3d7b993ad4964f89344cff765be17d351df0153875c91cbbe193	0.9999999999999999	6.0	9.0	0.0	0.682917	0.802431	0.965848	1.323927	-1.720048	-1.808291	0.0	0.994143	0.0	LD_DISTINCT_SUPPORTED	NO_TWO_STAGE_BAYES_EVIDENCE	NO_TWO_STAGE_BAYES_EVIDENCE	NO_TWO_STAGE_FREQUENTIST_EVIDENCE	NOT_SELECTED_BY_EBH
mismatch_high_to_moderate	shared_mediation	30	22260934	0.9	0.6	4000	1000	3	10	bd39c66663ca3d7b993ad4964f89344cff765be17d351df0153875c91cbbe193	1.0	6.0	5.0	0.0	0.618497	0.859431	0.672254	0.849415	-1.582841	-0.544337	0.999986	1e-05	1.0	UNRESOLVED_SINGLE_SHARED_SIGNAL	NO_TWO_STAGE_BAYES_EVIDENCE	NO_TWO_STAGE_BAYES_EVIDENCE	NO_TWO_STAGE_FREQUENTIST_EVIDENCE	NOT_SELECTED_BY_EBH
mismatch_high_to_moderate	shared_mediation	31	22260935	0.9	0.6	4000	1000	3	10	bd39c66663ca3d7b993ad4964f89344cff765be17d351df0153875c91cbbe193	1.0	6.0	8.0	0.0	nan	0.387628	0.622713	1.239838	-1.533694	-2.294133	0.981193	0.00545	1.0	UNRESOLVED_SINGLE_SHARED_SIGNAL	NO_TWO_STAGE_BAYES_EVIDENCE	NO_TWO_STAGE_BAYES_EVIDENCE	NO_TWO_STAGE_FREQUENTIST_EVIDENCE	NOT_SELECTED_BY_EBH
mismatch_high_to_moderate	shared_mediation	32	22260936	0.9	0.6	4000	1000	3	10	bd39c66663ca3d7b993ad4964f89344cff765be17d351df0153875c91cbbe193	0.9999999999999999	6.0	7.0	0.0	0.777963	nan	0.086332	3.158274	0.340144	-0.155447	0.998895	0.001104	1.0	UNRESOLVED_SINGLE_SHARED_SIGNAL	TWO_STAGE_EVIDENCE	UNRESOLVED_SINGLE_SHARED_SIGNAL	NO_TWO_STAGE_FREQUENTIST_EVIDENCE	NOT_SELECTED_BY_EBH
mismatch_high_to_moderate	shared_mediation	33	22260937	0.9	0.6	4000	1000	3	10	bd39c66663ca3d7b993ad4964f89344cff765be17d351df0153875c91cbbe193	1.0	6.0	6.0	0.0	0.829732	0.505715	0.234864	2.415	-0.616742	-2.166921	0.98127	0.002793	1.0	UNRESOLVED_SINGLE_SHARED_SIGNAL	TWO_STAGE_EVIDENCE	UNRESOLVED_SINGLE_SHARED_SIGNAL	NO_TWO_STAGE_FREQUENTIST_EVIDENCE	NOT_SELECTED_BY_EBH
mismatch_high_to_moderate	shared_mediation	34	22260938	0.9	0.6	4000	1000	3	10	bd39c66663ca3d7b993ad4964f89344cff765be17d351df0153875c91cbbe193	1.0	6.0	7.0	0.0	0.613344	0.883051	0.41344	1.959214	-1.198491	-0.807962	0.998867	0.000844	1.0	UNRESOLVED_SINGLE_SHARED_SIGNAL	NO_TWO_STAGE_BAYES_EVIDENCE	NO_TWO_STAGE_BAYES_EVIDENCE	NO_TWO_STAGE_FREQUENTIST_EVIDENCE	NOT_SELECTED_BY_EBH
mismatch_high_to_moderate	shared_mediation	35	22260939	0.9	0.6	4000	1000	3	10	bd39c66663ca3d7b993ad4964f89344cff765be17d351df0153875c91cbbe193	1.0	6.0	10.0	0.0	0.891688	0.616528	0.258471	2.358621	-0.720619	-2.046057	0.962386	0.003531	1.0	UNRESOLVED_SINGLE_SHARED_SIGNAL	TWO_STAGE_EVIDENCE	UNRESOLVED_SINGLE_SHARED_SIGNAL	NO_TWO_STAGE_FREQUENTIST_EVIDENCE	NOT_SELECTED_BY_EBH
mismatch_high_to_moderate	shared_mediation	36	22260940	0.9	0.6	4000	1000	3	10	bd39c66663ca3d7b993ad4964f89344cff765be17d351df0153875c91cbbe193	1.0	6.0	6.0	0.0	0.58565	0.715458	0.449145	1.423856	-1.274243	-1.929809	0.99987	3.6e-05	1.0	UNRESOLVED_SINGLE_SHARED_SIGNAL	NO_TWO_STAGE_BAYES_EVIDENCE	NO_TWO_STAGE_BAYES_EVIDENCE	NO_TWO_STAGE_FREQUENTIST_EVIDENCE	NOT_SELECTED_BY_EBH
mismatch_high_to_moderate	shared_mediation	37	22260941	0.9	0.6	4000	1000	3	10	bd39c66663ca3d7b993ad4964f89344cff765be17d351df0153875c91cbbe193	1.0	6.0	9.0	0.0	nan	0.48496	0.800052	0.68363	-1.671919	-2.351228	0.998441	0.001551	1.0	UNRESOLVED_SINGLE_SHARED_SIGNAL	NO_TWO_STAGE_BAYES_EVIDENCE	NO_TWO_STAGE_BAYES_EVIDENCE	NO_TWO_STAGE_FREQUENTIST_EVIDENCE	NOT_SELECTED_BY_EBH
mismatch_high_to_moderate	shared_mediation	38	22260942	0.9	0.6	4000	1000	3	10	bd39c66663ca3d7b993ad4964f89344cff765be17d351df0153875c91cbbe193	1.0	6.0	9.0	0.0	0.907851	0.647507	0.059206	2.976172	0.81763	-2.338712	0.947371	0.011564	1.0	UNRESOLVED_SINGLE_SHARED_SIGNAL	TWO_STAGE_EVIDENCE	UNRESOLVED_SINGLE_SHARED_SIGNAL	NO_TWO_STAGE_FREQUENTIST_EVIDENCE	NOT_SELECTED_BY_EBH
mismatch_high_to_moderate	shared_mediation	39	22260943	0.9	0.6	4000	1000	3	10	bd39c66663ca3d7b993ad4964f89344cff765be17d351df0153875c91cbbe193	1.0	6.0	7.0	0.0	0.759728	0.778972	0.031916	3.154974	1.460802	-1.993338	0.847467	0.023567	1.0	UNRESOLVED_SINGLE_SHARED_SIGNAL	TWO_STAGE_EVIDENCE	UNRESOLVED_SINGLE_SHARED_SIGNAL	UNRESOLVED_SINGLE_SHARED_SIGNAL	NOT_SELECTED_BY_EBH
mismatch_high_to_moderate	shared_mediation	40	22260944	0.9	0.6	4000	1000	3	10	bd39c66663ca3d7b993ad4964f89344cff765be17d351df0153875c91cbbe193	1.0	6.0	6.0	0.0	nan	0.706772	0.317096	0.918154	-0.936669	-1.245918	0.999992	3e-06	1.0	UNRESOLVED_SINGLE_SHARED_SIGNAL	NO_TWO_STAGE_BAYES_EVIDENCE	NO_TWO_STAGE_BAYES_EVIDENCE	NO_TWO_STAGE_FREQUENTIST_EVIDENCE	NOT_SELECTED_BY_EBH
mismatch_high_to_moderate	shared_mediation	41	22260945	0.9	0.6	4000	1000	3	10	bd39c66663ca3d7b993ad4964f89344cff765be17d351df0153875c91cbbe193	1.0	6.0	7.0	0.0	0.746758	nan	0.085337	3.199004	0.351515	-0.589156	0.947719	0.014085	1.0	UNRESOLVED_SINGLE_SHARED_SIGNAL	TWO_STAGE_EVIDENCE	UNRESOLVED_SINGLE_SHARED_SIGNAL	NO_TWO_STAGE_FREQUENTIST_EVIDENCE	NOT_SELECTED_BY_EBH
mismatch_high_to_moderate	shared_mediation	42	22260946	0.9	0.6	4000	1000	3	10	bd39c66663ca3d7b993ad4964f89344cff765be17d351df0153875c91cbbe193	1.0	6.0	9.0	0.0	0.904972	0.463744	0.039211	3.062135	0.943395	-2.021006	0.000202	0.573809	0.0	LD_CONFIGURATION_AMBIGUOUS	TWO_STAGE_EVIDENCE	UNRESOLVED_REGIONAL_CONFIGURATION	UNRESOLVED_REGIONAL_CONFIGURATION	NOT_SELECTED_BY_EBH
mismatch_high_to_moderate	shared_mediation	43	22260947	0.9	0.6	4000	1000	3	10	bd39c66663ca3d7b993ad4964f89344cff765be17d351df0153875c91cbbe193	1.0	6.0	7.0	0.0	0.731599	0.72069	0.006912	2.774947	3.092143	-2.136219	0.998643	0.001328	2.0	OVERIDENTIFIED_SHARED_SIGNALS_ASSUMPTION_CONDITIONAL	TWO_STAGE_EVIDENCE	SUPPORTED_EXCLUSION_RESTRICTION_CONDITIONAL	SUPPORTED_SCALAR_DISPERSION_EXCLUSION_CONDITIONAL	SUPPORTED_EXCLUSION_RESTRICTION_CONDITIONAL
mismatch_high_to_moderate	shared_mediation	44	22260948	0.9	0.6	4000	1000	3	10	bd39c66663ca3d7b993ad4964f89344cff765be17d351df0153875c91cbbe193	1.0	6.0	7.0	0.0	0.508983	0.577635	0.735805	1.821915	-1.633426	-2.182094	0.961011	0.006399	2.0	OVERIDENTIFIED_SHARED_SIGNALS_ASSUMPTION_CONDITIONAL	NO_TWO_STAGE_BAYES_EVIDENCE	NO_TWO_STAGE_BAYES_EVIDENCE	NO_TWO_STAGE_FREQUENTIST_EVIDENCE	NOT_SELECTED_BY_EBH
mismatch_high_to_moderate	shared_mediation	45	22260949	0.9	0.6	4000	1000	3	10	bd39c66663ca3d7b993ad4964f89344cff765be17d351df0153875c91cbbe193	1.0	6.0	5.0	0.0	nan	0.649144	0.319291	0.569645	-0.943782	-1.81758	0.999996	2e-06	2.0	OVERIDENTIFIED_SHARED_SIGNALS_ASSUMPTION_CONDITIONAL	NO_TWO_STAGE_BAYES_EVIDENCE	NO_TWO_STAGE_BAYES_EVIDENCE	NO_TWO_STAGE_FREQUENTIST_EVIDENCE	NOT_SELECTED_BY_EBH
mismatch_high_to_moderate	shared_mediation	46	22260950	0.9	0.6	4000	1000	3	10	bd39c66663ca3d7b993ad4964f89344cff765be17d351df0153875c91cbbe193	1.0	6.0	6.0	0.0	0.725293	0.667278	0.401945	1.78763	-1.171969	-1.819392	0.998421	0.001017	3.0	OVERIDENTIFIED_SHARED_SIGNALS_ASSUMPTION_CONDITIONAL	NO_TWO_STAGE_BAYES_EVIDENCE	NO_TWO_STAGE_BAYES_EVIDENCE	NO_TWO_STAGE_FREQUENTIST_EVIDENCE	NOT_SELECTED_BY_EBH
mismatch_high_to_moderate	shared_mediation	47	22260951	0.9	0.6	4000	1000	3	10	bd39c66663ca3d7b993ad4964f89344cff765be17d351df0153875c91cbbe193	1.0	6.0	6.0	0.0	0.737448	0.453115	0.188446	2.142648	-0.374997	-1.947904	0.75547	0.013362	0.0	LD_CONFIGURATION_AMBIGUOUS	NO_TWO_STAGE_BAYES_EVIDENCE	NO_TWO_STAGE_BAYES_EVIDENCE	NO_TWO_STAGE_FREQUENTIST_EVIDENCE	NOT_SELECTED_BY_EBH
mismatch_high_to_moderate	shared_mediation	48	22260952	0.9	0.6	4000	1000	3	10	bd39c66663ca3d7b993ad4964f89344cff765be17d351df0153875c91cbbe193	1.0	6.0	9.0	0.0	0.85496	0.735611	0.136937	2.258849	-0.026887	-2.019715	0.998641	0.001341	3.0	OVERIDENTIFIED_SHARED_SIGNALS_ASSUMPTION_CONDITIONAL	NO_TWO_STAGE_BAYES_EVIDENCE	NO_TWO_STAGE_BAYES_EVIDENCE	NO_TWO_STAGE_FREQUENTIST_EVIDENCE	NOT_SELECTED_BY_EBH
mismatch_high_to_moderate	shared_mediation	49	22260953	0.9	0.6	4000	1000	3	10	bd39c66663ca3d7b993ad4964f89344cff765be17d351df0153875c91cbbe193	1.0	6.0	6.0	0.0	0.582769	0.457547	0.684834	1.170426	-1.593916	-0.728518	0.996688	0.002914	1.0	UNRESOLVED_SINGLE_SHARED_SIGNAL	NO_TWO_STAGE_BAYES_EVIDENCE	NO_TWO_STAGE_BAYES_EVIDENCE	NO_TWO_STAGE_FREQUENTIST_EVIDENCE	NOT_SELECTED_BY_EBH
mismatch_high_to_moderate	shared_mediation	50	22260954	0.9	0.6	4000	1000	3	10	bd39c66663ca3d7b993ad4964f89344cff765be17d351df0153875c91cbbe193	1.0	6.0	6.0	0.0	0.545017	0.416449	0.51357	1.141208	-1.389112	-0.667935	0.993991	0.001147	1.0	UNRESOLVED_SINGLE_SHARED_SIGNAL	NO_TWO_STAGE_BAYES_EVIDENCE	NO_TWO_STAGE_BAYES_EVIDENCE	NO_TWO_STAGE_FREQUENTIST_EVIDENCE	NOT_SELECTED_BY_EBH
mismatch_high_to_moderate	shared_mediation	51	22260955	0.9	0.6	4000	1000	3	10	bd39c66663ca3d7b993ad4964f89344cff765be17d351df0153875c91cbbe193	1.0	6.0	7.0	0.0	nan	0.904855	0.056789	0.603478	0.74273	-1.318998	0.994686	0.004976	2.0	OVERIDENTIFIED_SHARED_SIGNALS_ASSUMPTION_CONDITIONAL	NO_TWO_STAGE_BAYES_EVIDENCE	NO_TWO_STAGE_BAYES_EVIDENCE	NO_TWO_STAGE_FREQUENTIST_EVIDENCE	NOT_SELECTED_BY_EBH
mismatch_high_to_moderate	shared_mediation	52	22260956	0.9	0.6	4000	1000	3	10	bd39c66663ca3d7b993ad4964f89344cff765be17d351df0153875c91cbbe193	1.0	6.0	7.0	0.0	0.793571	0.373528	0.054226	2.843874	0.78654	-2.025058	0.0	0.0	0.0	UNRESOLVED_NO_OUTCOME_SIGNAL	TWO_STAGE_EVIDENCE	UNRESOLVED_REGIONAL_CONFIGURATION	NO_TWO_STAGE_FREQUENTIST_EVIDENCE	NOT_SELECTED_BY_EBH
mismatch_high_to_moderate	shared_mediation	53	22260957	0.9	0.6	4000	1000	3	10	bd39c66663ca3d7b993ad4964f89344cff765be17d351df0153875c91cbbe193	1.0	6.0	6.0	0.0	0.751023	0.520846	0.115789	2.493259	0.150733	-2.074076	0.0	0.0	0.0	UNRESOLVED_NO_OUTCOME_SIGNAL	TWO_STAGE_EVIDENCE	UNRESOLVED_REGIONAL_CONFIGURATION	NO_TWO_STAGE_FREQUENTIST_EVIDENCE	NOT_SELECTED_BY_EBH
mismatch_high_to_moderate	shared_mediation	54	22260958	0.9	0.6	4000	1000	3	10	bd39c66663ca3d7b993ad4964f89344cff765be17d351df0153875c91cbbe193	1.0	6.0	6.0	0.0	0.993637	0.650049	0.061139	3.247484	0.78635	-1.798103	0.003333	0.929496	0.0	LD_DISTINCT_SUPPORTED	TWO_STAGE_EVIDENCE	REJECTED_DISTINCT_REGIONAL_SIGNALS	NO_TWO_STAGE_FREQUENTIST_EVIDENCE	NOT_SELECTED_BY_EBH
mismatch_high_to_moderate	shared_mediation	55	22260959	0.9	0.6	4000	1000	3	10	bd39c66663ca3d7b993ad4964f89344cff765be17d351df0153875c91cbbe193	1.0	6.0	8.0	0.0	nan	0.411681	0.76117	1.092316	-1.650063	0.978323	0.996578	0.000609	1.0	UNRESOLVED_SINGLE_SHARED_SIGNAL	NO_TWO_STAGE_BAYES_EVIDENCE	NO_TWO_STAGE_BAYES_EVIDENCE	NO_TWO_STAGE_FREQUENTIST_EVIDENCE	NOT_SELECTED_BY_EBH
mismatch_high_to_moderate	shared_mediation	56	22260960	0.9	0.6	4000	1000	3	10	bd39c66663ca3d7b993ad4964f89344cff765be17d351df0153875c91cbbe193	1.0	6.0	6.0	0.0	0.826856	0.813212	0.080855	2.849983	0.514179	-1.635906	0.994599	0.000203	3.0	OVERIDENTIFIED_SHARED_SIGNALS_ASSUMPTION_CONDITIONAL	TWO_STAGE_EVIDENCE	SUPPORTED_EXCLUSION_RESTRICTION_CONDITIONAL	NO_TWO_STAGE_FREQUENTIST_EVIDENCE	NOT_SELECTED_BY_EBH
mismatch_high_to_moderate	shared_mediation	57	22260961	0.9	0.6	4000	1000	3	10	bd39c66663ca3d7b993ad4964f89344cff765be17d351df0153875c91cbbe193	1.0	6.0	10.0	0.0	nan	0.419853	0.653028	0.887468	-1.564842	0.520593	0.887159	0.046461	1.0	UNRESOLVED_SINGLE_SHARED_SIGNAL	NO_TWO_STAGE_BAYES_EVIDENCE	NO_TWO_STAGE_BAYES_EVIDENCE	NO_TWO_STAGE_FREQUENTIST_EVIDENCE	NOT_SELECTED_BY_EBH
mismatch_high_to_moderate	shared_mediation	58	22260962	0.9	0.6	4000	1000	3	10	bd39c66663ca3d7b993ad4964f89344cff765be17d351df0153875c91cbbe193	1.0	6.0	8.0	0.0	0.524446	0.563428	0.739359	1.393659	-1.635874	-2.234858	0.43044	0.119139	0.0	LD_CONFIGURATION_AMBIGUOUS	NO_TWO_STAGE_BAYES_EVIDENCE	NO_TWO_STAGE_BAYES_EVIDENCE	NO_TWO_STAGE_FREQUENTIST_EVIDENCE	NOT_SELECTED_BY_EBH
mismatch_high_to_moderate	shared_mediation	59	22260963	0.9	0.6	4000	1000	3	10	bd39c66663ca3d7b993ad4964f89344cff765be17d351df0153875c91cbbe193	1.0	6.0	4.0	0.0	0.844165	0.493143	0.097228	2.001016	0.330335	-1.470777	0.999954	4.5e-05	2.0	OVERIDENTIFIED_SHARED_SIGNALS_ASSUMPTION_CONDITIONAL	NO_TWO_STAGE_BAYES_EVIDENCE	NO_TWO_STAGE_BAYES_EVIDENCE	NO_TWO_STAGE_FREQUENTIST_EVIDENCE	NOT_SELECTED_BY_EBH
mismatch_high_to_moderate	shared_mediation	60	22260964	0.9	0.6	4000	1000	3	10	bd39c66663ca3d7b993ad4964f89344cff765be17d351df0153875c91cbbe193	1.0	6.0	8.0	0.0	0.658326	nan	0.218003	1.979243	-0.535234	-0.967054	0.995637	0.004346	1.0	UNRESOLVED_SINGLE_SHARED_SIGNAL	NO_TWO_STAGE_BAYES_EVIDENCE	NO_TWO_STAGE_BAYES_EVIDENCE	NO_TWO_STAGE_FREQUENTIST_EVIDENCE	NOT_SELECTED_BY_EBH
mismatch_high_to_moderate	shared_mediation	61	22260965	0.9	0.6	4000	1000	3	10	bd39c66663ca3d7b993ad4964f89344cff765be17d351df0153875c91cbbe193	1.0	6.0	8.0	0.0	0.496319	0.8725	0.920567	1.261038	-1.713793	-1.83753	0.999798	0.00014	2.0	OVERIDENTIFIED_SHARED_SIGNALS_ASSUMPTION_CONDITIONAL	NO_TWO_STAGE_BAYES_EVIDENCE	NO_TWO_STAGE_BAYES_EVIDENCE	NO_TWO_STAGE_FREQUENTIST_EVIDENCE	NOT_SELECTED_BY_EBH
mismatch_high_to_moderate	shared_mediation	62	22260966	0.9	0.6	4000	1000	3	10	bd39c66663ca3d7b993ad4964f89344cff765be17d351df0153875c91cbbe193	1.0	6.0	7.0	0.0	0.552739	0.735151	0.585478	1.367286	-1.490442	-2.07689	0.999974	5e-06	2.0	OVERIDENTIFIED_SHARED_SIGNALS_ASSUMPTION_CONDITIONAL	NO_TWO_STAGE_BAYES_EVIDENCE	NO_TWO_STAGE_BAYES_EVIDENCE	NO_TWO_STAGE_FREQUENTIST_EVIDENCE	NOT_SELECTED_BY_EBH
mismatch_high_to_moderate	shared_mediation	63	22260967	0.9	0.6	4000	1000	3	10	bd39c66663ca3d7b993ad4964f89344cff765be17d351df0153875c91cbbe193	1.0	6.0	6.0	0.0	0.909798	0.850681	0.130761	2.796557	0.022448	0.491561	0.0	0.999803	0.0	LD_DISTINCT_SUPPORTED	TWO_STAGE_EVIDENCE	REJECTED_DISTINCT_REGIONAL_SIGNALS	NO_TWO_STAGE_FREQUENTIST_EVIDENCE	NOT_SELECTED_BY_EBH
mismatch_high_to_moderate	shared_mediation	64	22260968	0.9	0.6	4000	1000	3	10	bd39c66663ca3d7b993ad4964f89344cff765be17d351df0153875c91cbbe193	1.0	6.0	6.0	0.0	0.550789	0.769183	0.769066	1.323374	-1.654852	-1.759186	0.987954	0.004125	1.0	UNRESOLVED_SINGLE_SHARED_SIGNAL	NO_TWO_STAGE_BAYES_EVIDENCE	NO_TWO_STAGE_BAYES_EVIDENCE	NO_TWO_STAGE_FREQUENTIST_EVIDENCE	NOT_SELECTED_BY_EBH
mismatch_high_to_moderate	shared_mediation	65	22260969	0.9	0.6	4000	1000	3	10	bd39c66663ca3d7b993ad4964f89344cff765be17d351df0153875c91cbbe193	1.0	6.0	6.0	0.0	nan	0.580532	0.926015	1.583413	-1.714812	-1.88522	0.985672	0.014312	1.0	UNRESOLVED_SINGLE_SHARED_SIGNAL	NO_TWO_STAGE_BAYES_EVIDENCE	NO_TWO_STAGE_BAYES_EVIDENCE	NO_TWO_STAGE_FREQUENTIST_EVIDENCE	NOT_SELECTED_BY_EBH
mismatch_high_to_moderate	shared_mediation	66	22260970	0.9	0.6	4000	1000	3	10	bd39c66663ca3d7b993ad4964f89344cff765be17d351df0153875c91cbbe193	1.0	6.0	10.0	0.0	0.739995	0.699372	0.259039	2.166366	-0.722984	-0.626568	0.994343	0.000414	2.0	OVERIDENTIFIED_SHARED_SIGNALS_ASSUMPTION_CONDITIONAL	NO_TWO_STAGE_BAYES_EVIDENCE	NO_TWO_STAGE_BAYES_EVIDENCE	NO_TWO_STAGE_FREQUENTIST_EVIDENCE	NOT_SELECTED_BY_EBH
mismatch_high_to_moderate	shared_mediation	67	22260971	0.9	0.6	4000	1000	3	10	bd39c66663ca3d7b993ad4964f89344cff765be17d351df0153875c91cbbe193	1.0	6.0	8.0	0.0	0.814581	0.521797	0.32605	2.125851	-0.965292	-2.302463	0.0	0.0	0.0	UNRESOLVED_NO_OUTCOME_SIGNAL	NO_TWO_STAGE_BAYES_EVIDENCE	NO_TWO_STAGE_BAYES_EVIDENCE	NO_TWO_STAGE_FREQUENTIST_EVIDENCE	NOT_SELECTED_BY_EBH
mismatch_high_to_moderate	shared_mediation	68	22260972	0.9	0.6	4000	1000	3	10	bd39c66663ca3d7b993ad4964f89344cff765be17d351df0153875c91cbbe193	1.0	6.0	8.0	0.0	0.652621	0.594146	0.011323	2.579891	2.269597	-1.892082	0.540951	0.133704	0.0	LD_CONFIGURATION_AMBIGUOUS	TWO_STAGE_EVIDENCE	UNRESOLVED_REGIONAL_CONFIGURATION	UNRESOLVED_REGIONAL_CONFIGURATION	NOT_SELECTED_BY_EBH
mismatch_high_to_moderate	shared_mediation	69	22260973	0.9	0.6	4000	1000	3	10	bd39c66663ca3d7b993ad4964f89344cff765be17d351df0153875c91cbbe193	1.0	6.0	5.0	0.0	0.459377	0.886186	0.856569	1.171254	-1.696253	-1.57312	0.99948	0.000513	2.0	OVERIDENTIFIED_SHARED_SIGNALS_ASSUMPTION_CONDITIONAL	NO_TWO_STAGE_BAYES_EVIDENCE	NO_TWO_STAGE_BAYES_EVIDENCE	NO_TWO_STAGE_FREQUENTIST_EVIDENCE	NOT_SELECTED_BY_EBH
mismatch_high_to_moderate	shared_mediation	70	22260974	0.9	0.6	4000	1000	3	10	bd39c66663ca3d7b993ad4964f89344cff765be17d351df0153875c91cbbe193	1.0	6.0	11.0	0.0	0.725459	0.773129	0.38324	2.004168	-1.126368	-2.128481	0.999993	2e-06	1.0	UNRESOLVED_SINGLE_SHARED_SIGNAL	NO_TWO_STAGE_BAYES_EVIDENCE	NO_TWO_STAGE_BAYES_EVIDENCE	NO_TWO_STAGE_FREQUENTIST_EVIDENCE	NOT_SELECTED_BY_EBH
mismatch_high_to_moderate	shared_mediation	71	22260975	0.9	0.6	4000	1000	3	10	bd39c66663ca3d7b993ad4964f89344cff765be17d351df0153875c91cbbe193	1.0	6.0	7.0	0.0	0.732693	0.558993	0.29376	1.47045	-0.856997	-2.124962	0.494693	0.057009	0.0	LD_CONFIGURATION_AMBIGUOUS	NO_TWO_STAGE_BAYES_EVIDENCE	NO_TWO_STAGE_BAYES_EVIDENCE	NO_TWO_STAGE_FREQUENTIST_EVIDENCE	NOT_SELECTED_BY_EBH
mismatch_high_to_moderate	shared_mediation	72	22260976	0.9	0.6	4000	1000	3	10	bd39c66663ca3d7b993ad4964f89344cff765be17d351df0153875c91cbbe193	1.0	6.0	9.0	0.0	0.676899	0.631846	0.320041	2.30482	-0.946198	-2.262045	0.0	0.920351	0.0	LD_DISTINCT_SUPPORTED	TWO_STAGE_EVIDENCE	REJECTED_DISTINCT_REGIONAL_SIGNALS	NO_TWO_STAGE_FREQUENTIST_EVIDENCE	NOT_SELECTED_BY_EBH
mismatch_high_to_moderate	shared_mediation	73	22260977	0.9	0.6	4000	1000	3	10	bd39c66663ca3d7b993ad4964f89344cff765be17d351df0153875c91cbbe193	1.0	6.0	8.0	0.0	0.725656	0.764499	0.190799	2.199833	-0.388656	-1.992066	0.951599	0.000222	1.0	UNRESOLVED_SINGLE_SHARED_SIGNAL	NO_TWO_STAGE_BAYES_EVIDENCE	NO_TWO_STAGE_BAYES_EVIDENCE	NO_TWO_STAGE_FREQUENTIST_EVIDENCE	NOT_SELECTED_BY_EBH
mismatch_high_to_moderate	shared_mediation	74	22260978	0.9	0.6	4000	1000	3	10	bd39c66663ca3d7b993ad4964f89344cff765be17d351df0153875c91cbbe193	1.0	6.0	6.0	0.0	0.976134	0.767219	0.144817	2.556394	-0.087125	-1.521384	0.999883	6.6e-05	3.0	OVERIDENTIFIED_SHARED_SIGNALS_ASSUMPTION_CONDITIONAL	TWO_STAGE_EVIDENCE	SUPPORTED_EXCLUSION_RESTRICTION_CONDITIONAL	NO_TWO_STAGE_FREQUENTIST_EVIDENCE	NOT_SELECTED_BY_EBH
mismatch_high_to_moderate	shared_mediation	75	22260979	0.9	0.6	4000	1000	3	10	bd39c66663ca3d7b993ad4964f89344cff765be17d351df0153875c91cbbe193	1.0	6.0	5.0	0.0	nan	0.740875	0.32573	2.273985	-0.964286	-1.890551	0.998819	2.2e-05	3.0	OVERIDENTIFIED_SHARED_SIGNALS_ASSUMPTION_CONDITIONAL	NO_TWO_STAGE_BAYES_EVIDENCE	NO_TWO_STAGE_BAYES_EVIDENCE	NO_TWO_STAGE_FREQUENTIST_EVIDENCE	NOT_SELECTED_BY_EBH
mismatch_high_to_moderate	shared_mediation	76	22260980	0.9	0.6	4000	1000	3	10	bd39c66663ca3d7b993ad4964f89344cff765be17d351df0153875c91cbbe193	1.0	6.0	9.0	0.0	0.579242	0.443504	0.271054	1.653972	-0.771654	-2.491213	0.0	0.0	0.0	UNRESOLVED_NO_OUTCOME_SIGNAL	NO_TWO_STAGE_BAYES_EVIDENCE	NO_TWO_STAGE_BAYES_EVIDENCE	NO_TWO_STAGE_FREQUENTIST_EVIDENCE	NOT_SELECTED_BY_EBH
mismatch_high_to_moderate	shared_mediation	77	22260981	0.9	0.6	4000	1000	3	10	bd39c66663ca3d7b993ad4964f89344cff765be17d351df0153875c91cbbe193	1.0	6.0	9.0	0.0	0.625186	0.797746	0.034441	2.220164	1.375435	-1.789068	0.999306	0.000694	2.0	OVERIDENTIFIED_SHARED_SIGNALS_ASSUMPTION_CONDITIONAL	NO_TWO_STAGE_BAYES_EVIDENCE	NO_TWO_STAGE_BAYES_EVIDENCE	SUPPORTED_SCALAR_DISPERSION_EXCLUSION_CONDITIONAL	NOT_SELECTED_BY_EBH
mismatch_high_to_moderate	shared_mediation	78	22260982	0.9	0.6	4000	1000	3	10	bd39c66663ca3d7b993ad4964f89344cff765be17d351df0153875c91cbbe193	1.0	5.0	7.0	0.0	0.719859	0.559614	0.062614	2.332839	0.649987	-1.48669	0.99828	0.000896	1.0	UNRESOLVED_SINGLE_SHARED_SIGNAL	TWO_STAGE_EVIDENCE	UNRESOLVED_SINGLE_SHARED_SIGNAL	NO_TWO_STAGE_FREQUENTIST_EVIDENCE	NOT_SELECTED_BY_EBH
mismatch_high_to_moderate	shared_mediation	79	22260983	0.9	0.6	4000	1000	3	10	bd39c66663ca3d7b993ad4964f89344cff765be17d351df0153875c91cbbe193	1.0	6.0	8.0	0.0	0.65536	0.610019	0.063611	2.773828	0.747865	-2.003321	0.999826	0.000174	1.0	UNRESOLVED_SINGLE_SHARED_SIGNAL	TWO_STAGE_EVIDENCE	UNRESOLVED_SINGLE_SHARED_SIGNAL	NO_TWO_STAGE_FREQUENTIST_EVIDENCE	NOT_SELECTED_BY_EBH
mismatch_high_to_moderate	shared_mediation	80	22260984	0.9	0.6	4000	1000	3	10	bd39c66663ca3d7b993ad4964f89344cff765be17d351df0153875c91cbbe193	1.0	6.0	5.0	0.0	nan	0.797159	0.87351	1.510589	-1.701908	-1.664944	0.998911	0.000176	2.0	OVERIDENTIFIED_SHARED_SIGNALS_ASSUMPTION_CONDITIONAL	NO_TWO_STAGE_BAYES_EVIDENCE	NO_TWO_STAGE_BAYES_EVIDENCE	NO_TWO_STAGE_FREQUENTIST_EVIDENCE	NOT_SELECTED_BY_EBH
mismatch_high_to_moderate	shared_mediation	81	22260985	0.9	0.6	4000	1000	3	10	bd39c66663ca3d7b993ad4964f89344cff765be17d351df0153875c91cbbe193	1.0	6.0	7.0	0.0	0.741485	0.400777	0.209526	1.833323	-0.491678	-2.107042	5e-06	0.993909	0.0	LD_DISTINCT_SUPPORTED	NO_TWO_STAGE_BAYES_EVIDENCE	NO_TWO_STAGE_BAYES_EVIDENCE	NO_TWO_STAGE_FREQUENTIST_EVIDENCE	NOT_SELECTED_BY_EBH
mismatch_high_to_moderate	shared_mediation	82	22260986	0.9	0.6	4000	1000	3	10	bd39c66663ca3d7b993ad4964f89344cff765be17d351df0153875c91cbbe193	1.0	6.0	7.0	0.0	0.544816	0.782691	0.732206	1.517885	-1.630907	-1.570963	1.0	0.0	2.0	OVERIDENTIFIED_SHARED_SIGNALS_ASSUMPTION_CONDITIONAL	NO_TWO_STAGE_BAYES_EVIDENCE	NO_TWO_STAGE_BAYES_EVIDENCE	NO_TWO_STAGE_FREQUENTIST_EVIDENCE	NOT_SELECTED_BY_EBH
mismatch_high_to_moderate	shared_mediation	83	22260987	0.9	0.6	4000	1000	3	10	bd39c66663ca3d7b993ad4964f89344cff765be17d351df0153875c91cbbe193	1.0	6.0	6.0	0.0	0.836517	0.660839	0.025038	3.062717	1.742792	-2.013496	0.999989	3e-06	1.0	UNRESOLVED_SINGLE_SHARED_SIGNAL	TWO_STAGE_EVIDENCE	UNRESOLVED_SINGLE_SHARED_SIGNAL	UNRESOLVED_SINGLE_SHARED_SIGNAL	NOT_SELECTED_BY_EBH
mismatch_high_to_moderate	shared_mediation	84	22260988	0.9	0.6	4000	1000	3	10	bd39c66663ca3d7b993ad4964f89344cff765be17d351df0153875c91cbbe193	1.0	6.0	9.0	0.0	0.517463	0.690233	0.714345	1.327054	-1.617809	-2.370902	0.999436	4e-05	1.0	UNRESOLVED_SINGLE_SHARED_SIGNAL	NO_TWO_STAGE_BAYES_EVIDENCE	NO_TWO_STAGE_BAYES_EVIDENCE	NO_TWO_STAGE_FREQUENTIST_EVIDENCE	NOT_SELECTED_BY_EBH
mismatch_high_to_moderate	shared_mediation	85	22260989	0.9	0.6	4000	1000	3	10	bd39c66663ca3d7b993ad4964f89344cff765be17d351df0153875c91cbbe193	1.0	6.0	7.0	0.0	0.81325	0.378658	0.099464	2.739915	0.199993	-1.837117	0.576227	0.081763	0.0	LD_CONFIGURATION_AMBIGUOUS	TWO_STAGE_EVIDENCE	UNRESOLVED_REGIONAL_CONFIGURATION	NO_TWO_STAGE_FREQUENTIST_EVIDENCE	NOT_SELECTED_BY_EBH
mismatch_high_to_moderate	shared_mediation	86	22260990	0.9	0.6	4000	1000	3	10	bd39c66663ca3d7b993ad4964f89344cff765be17d351df0153875c91cbbe193	1.0	6.0	8.0	0.0	0.830823	0.691548	0.108088	2.947012	0.222162	-1.893293	0.999891	6e-06	2.0	OVERIDENTIFIED_SHARED_SIGNALS_ASSUMPTION_CONDITIONAL	TWO_STAGE_EVIDENCE	SUPPORTED_EXCLUSION_RESTRICTION_CONDITIONAL	NO_TWO_STAGE_FREQUENTIST_EVIDENCE	NOT_SELECTED_BY_EBH
mismatch_high_to_moderate	shared_mediation	87	22260991	0.9	0.6	4000	1000	3	10	bd39c66663ca3d7b993ad4964f89344cff765be17d351df0153875c91cbbe193	1.0	6.0	8.0	0.0	0.789588	0.281401	0.070939	2.458817	0.452224	-2.045881	0.007969	0.373404	0.0	LD_CONFIGURATION_AMBIGUOUS	TWO_STAGE_EVIDENCE	UNRESOLVED_REGIONAL_CONFIGURATION	NO_TWO_STAGE_FREQUENTIST_EVIDENCE	NOT_SELECTED_BY_EBH
mismatch_high_to_moderate	shared_mediation	88	22260992	0.9	0.6	4000	1000	3	10	bd39c66663ca3d7b993ad4964f89344cff765be17d351df0153875c91cbbe193	1.0	6.0	6.0	0.0	0.6431	0.601477	0.39047	1.198847	-1.144365	-2.164194	0.0	0.541216	0.0	LD_CONFIGURATION_AMBIGUOUS	NO_TWO_STAGE_BAYES_EVIDENCE	NO_TWO_STAGE_BAYES_EVIDENCE	NO_TWO_STAGE_FREQUENTIST_EVIDENCE	NOT_SELECTED_BY_EBH
mismatch_high_to_moderate	shared_mediation	89	22260993	0.9	0.6	4000	1000	3	10	bd39c66663ca3d7b993ad4964f89344cff765be17d351df0153875c91cbbe193	1.0	6.0	8.0	0.0	0.738882	0.434159	0.143555	2.240616	-0.077674	-1.859953	0.999585	7.5e-05	1.0	UNRESOLVED_SINGLE_SHARED_SIGNAL	NO_TWO_STAGE_BAYES_EVIDENCE	NO_TWO_STAGE_BAYES_EVIDENCE	NO_TWO_STAGE_FREQUENTIST_EVIDENCE	NOT_SELECTED_BY_EBH
mismatch_high_to_moderate	shared_mediation	90	22260994	0.9	0.6	4000	1000	3	10	bd39c66663ca3d7b993ad4964f89344cff765be17d351df0153875c91cbbe193	1.0	6.0	7.0	0.0	0.635549	0.86803	0.59717	1.371345	-1.504645	-0.856783	0.999901	2e-05	1.0	UNRESOLVED_SINGLE_SHARED_SIGNAL	NO_TWO_STAGE_BAYES_EVIDENCE	NO_TWO_STAGE_BAYES_EVIDENCE	NO_TWO_STAGE_FREQUENTIST_EVIDENCE	NOT_SELECTED_BY_EBH
mismatch_high_to_moderate	shared_mediation	91	22260995	0.9	0.6	4000	1000	3	10	bd39c66663ca3d7b993ad4964f89344cff765be17d351df0153875c91cbbe193	1.0	6.0	4.0	0.0	0.699394	0.880598	0.276308	1.915293	-0.792143	-1.259248	0.999795	0.000133	2.0	OVERIDENTIFIED_SHARED_SIGNALS_ASSUMPTION_CONDITIONAL	NO_TWO_STAGE_BAYES_EVIDENCE	NO_TWO_STAGE_BAYES_EVIDENCE	NO_TWO_STAGE_FREQUENTIST_EVIDENCE	NOT_SELECTED_BY_EBH
mismatch_high_to_moderate	shared_mediation	92	22260996	0.9	0.6	4000	1000	3	10	bd39c66663ca3d7b993ad4964f89344cff765be17d351df0153875c91cbbe193	1.0	6.0	6.0	0.0	0.56269	nan	0.608372	1.636486	-1.517712	-0.132906	0.995091	0.004895	2.0	OVERIDENTIFIED_SHARED_SIGNALS_ASSUMPTION_CONDITIONAL	NO_TWO_STAGE_BAYES_EVIDENCE	NO_TWO_STAGE_BAYES_EVIDENCE	NO_TWO_STAGE_FREQUENTIST_EVIDENCE	NOT_SELECTED_BY_EBH
mismatch_high_to_moderate	shared_mediation	93	22260997	0.9	0.6	4000	1000	3	10	bd39c66663ca3d7b993ad4964f89344cff765be17d351df0153875c91cbbe193	1.0	6.0	8.0	0.0	0.706465	0.346372	0.392019	1.55521	-1.148159	-2.178525	0.30997	0.016221	0.0	LD_CONFIGURATION_AMBIGUOUS	NO_TWO_STAGE_BAYES_EVIDENCE	NO_TWO_STAGE_BAYES_EVIDENCE	NO_TWO_STAGE_FREQUENTIST_EVIDENCE	NOT_SELECTED_BY_EBH
mismatch_high_to_moderate	shared_mediation	94	22260998	0.9	0.6	4000	1000	3	10	bd39c66663ca3d7b993ad4964f89344cff765be17d351df0153875c91cbbe193	1.0	6.0	10.0	0.0	nan	0.515331	0.24992	2.512174	-0.684274	-2.142732	0.996316	0.001941	2.0	OVERIDENTIFIED_SHARED_SIGNALS_ASSUMPTION_CONDITIONAL	TWO_STAGE_EVIDENCE	UNRESOLVED_EFFECT_ESTIMATION	NO_TWO_STAGE_FREQUENTIST_EVIDENCE	NOT_SELECTED_BY_EBH
mismatch_high_to_moderate	shared_mediation	95	22260999	0.9	0.6	4000	1000	3	10	bd39c66663ca3d7b993ad4964f89344cff765be17d351df0153875c91cbbe193	1.0	6.0	9.0	0.0	0.728326	0.868942	0.154113	2.63441	-0.154589	-2.209581	0.959125	0.039576	2.0	OVERIDENTIFIED_SHARED_SIGNALS_ASSUMPTION_CONDITIONAL	TWO_STAGE_EVIDENCE	SUPPORTED_EXCLUSION_RESTRICTION_CONDITIONAL	NO_TWO_STAGE_FREQUENTIST_EVIDENCE	NOT_SELECTED_BY_EBH
mismatch_high_to_moderate	shared_mediation	96	22261000	0.9	0.6	4000	1000	3	10	bd39c66663ca3d7b993ad4964f89344cff765be17d351df0153875c91cbbe193	1.0	6.0	8.0	0.0	0.633958	0.681379	0.418572	1.891552	-1.209981	-2.018303	0.999663	0.000324	2.0	OVERIDENTIFIED_SHARED_SIGNALS_ASSUMPTION_CONDITIONAL	NO_TWO_STAGE_BAYES_EVIDENCE	NO_TWO_STAGE_BAYES_EVIDENCE	NO_TWO_STAGE_FREQUENTIST_EVIDENCE	NOT_SELECTED_BY_EBH
mismatch_high_to_moderate	shared_mediation	97	22261001	0.9	0.6	4000	1000	3	10	bd39c66663ca3d7b993ad4964f89344cff765be17d351df0153875c91cbbe193	1.0	6.0	9.0	0.0	0.631921	0.481872	0.167015	2.256624	-0.242366	-2.478348	0.943933	0.023251	1.0	UNRESOLVED_SINGLE_SHARED_SIGNAL	NO_TWO_STAGE_BAYES_EVIDENCE	NO_TWO_STAGE_BAYES_EVIDENCE	NO_TWO_STAGE_FREQUENTIST_EVIDENCE	NOT_SELECTED_BY_EBH
mismatch_high_to_moderate	shared_mediation	98	22261002	0.9	0.6	4000	1000	3	10	bd39c66663ca3d7b993ad4964f89344cff765be17d351df0153875c91cbbe193	1.0	6.0	7.0	0.0	0.676885	0.512731	0.383946	2.112301	-1.128145	-2.213846	0.935736	0.003729	1.0	UNRESOLVED_SINGLE_SHARED_SIGNAL	NO_TWO_STAGE_BAYES_EVIDENCE	NO_TWO_STAGE_BAYES_EVIDENCE	NO_TWO_STAGE_FREQUENTIST_EVIDENCE	NOT_SELECTED_BY_EBH
mismatch_high_to_moderate	shared_mediation	99	22261003	0.9	0.6	4000	1000	3	10	bd39c66663ca3d7b993ad4964f89344cff765be17d351df0153875c91cbbe193	1.0	6.0	4.0	0.0	0.776889	0.335259	0.223586	1.014683	-0.186867	-1.10721	0.967566	0.001144	1.0	UNRESOLVED_SINGLE_SHARED_SIGNAL	NO_TWO_STAGE_BAYES_EVIDENCE	NO_TWO_STAGE_BAYES_EVIDENCE	NO_TWO_STAGE_FREQUENTIST_EVIDENCE	NOT_SELECTED_BY_EBH
mismatch_high_to_moderate	shared_mediation	100	22261004	0.9	0.6	4000	1000	3	10	bd39c66663ca3d7b993ad4964f89344cff765be17d351df0153875c91cbbe193	1.0	6.0	4.0	0.0	0.692223	0.3845	0.260475	1.623214	-0.728937	-1.603695	0.0	0.672688	0.0	LD_CONFIGURATION_AMBIGUOUS	NO_TWO_STAGE_BAYES_EVIDENCE	NO_TWO_STAGE_BAYES_EVIDENCE	NO_TWO_STAGE_FREQUENTIST_EVIDENCE	NOT_SELECTED_BY_EBH
